frame,frameMs,presentMs
1,5.149500000,0.702600000
2,16.176000000,0.686500000
3,18.315700000,1.642200000
4,15.261900000,0.690600000
5,17.090700000,0.351100000
6,16.622400000,0.752100000
7,16.004100000,0.528100000
8,16.720300000,0.389600000
9,19.527100000,0.578100000
10,13.866200000,0.436400000
11,17.483800000,0.914600000
12,16.009900000,0.322400000
13,16.739600000,0.356800000
14,15.996900000,0.518800000
15,19.030700000,2.651600000
16,14.775500000,0.330700000
17,16.709900000,0.353100000
18,17.914600000,0.916200000
19,15.362000000,0.702600000
20,17.132300000,0.482800000
21,16.056700000,0.601600000
22,16.873500000,0.459400000
23,17.146900000,0.525600000
24,16.280700000,0.678200000
25,17.764600000,1.221800000
26,14.948400000,0.440100000
27,17.096900000,0.688000000
28,17.087500000,0.672400000
29,15.687000000,0.347400000
30,17.458800000,0.635900000
31,17.156300000,0.393300000
32,16.150000000,0.646300000
33,17.933300000,1.275000000
34,15.291100000,0.879200000
35,16.937000000,0.514600000
36,16.740100000,0.753100000
37,16.329700000,0.838000000
38,16.981300000,0.553600000
39,16.820300000,1.114600000
40,16.685900000,0.668200000
41,16.065600000,0.686900000
42,17.188600000,0.444300000
43,16.716100000,1.190100000
44,17.550000000,1.170300000
45,16.491700000,1.148400000
46,23.441700000,4.362500000
47,9.788000000,1.103600000
48,15.390600000,0.420900000
49,16.658300000,0.350000000
50,16.814600000,0.465100000
51,17.002600000,0.580700000
52,15.772900000,0.379600000
53,17.406800000,0.935900000
54,17.127100000,0.600000000
55,15.914100000,0.392200000
56,16.872400000,0.435900000
57,16.698400000,0.330200000
58,16.786500000,0.437000000
59,15.853100000,0.491700000
60,17.551500000,0.821400000
61,15.838100000,0.439100000
62,19.174400000,2.079200000
63,16.407300000,2.024500000
64,14.697900000,0.341100000
65,17.676100000,0.810400000
66,16.538500000,0.586400000
67,16.105800000,0.597900000
68,16.572900000,0.275000000
69,16.874500000,0.496900000
70,16.509900000,1.098900000
71,17.128600000,0.485400000
72,15.988500000,0.466100000
73,17.769800000,1.441100000
74,17.393300000,1.485400000
75,14.719800000,0.358300000
76,16.894200000,0.321300000
77,17.062500000,0.414100000
78,16.052600000,0.367700000
79,16.766700000,0.435900000
80,18.323400000,1.771900000
81,15.488100000,0.972400000
82,16.055700000,0.484400000
83,17.029100000,0.588000000
84,16.844300000,0.425500000
85,17.512500000,2.021900000
86,16.001600000,0.579700000
87,16.426500000,0.804600000
88,16.913600000,0.528700000
89,15.964600000,0.427600000
90,17.228100000,0.517100000
91,15.639100000,0.274500000
92,17.138000000,0.747900000
93,17.568200000,1.167700000
94,15.714100000,0.382300000
95,19.917200000,3.411400000
96,14.010400000,0.566600000
97,17.000000000,1.549400000
98,16.093700000,0.500500000
99,16.727100000,0.378100000
100,16.654200000,0.327100000
101,17.333300000,0.540600000
102,16.817700000,0.991700000
103,17.050000000,1.557300000
104,15.019300000,0.493200000
105,16.890100000,0.407800000
106,17.526000000,1.047900000
107,15.680200000,0.376600000
108,16.715700000,0.424000000
109,17.032300000,0.626100000
110,17.094200000,0.735900000
111,16.684900000,1.147900000
112,15.738600000,0.374500000
113,17.394800000,0.470400000
114,16.562500000,0.517200000
115,15.913500000,0.572400000
116,17.423400000,1.075600000
117,15.878200000,0.423000000
118,16.817700000,0.453200000
119,17.007300000,0.594300000
120,17.020300000,0.543200000
121,15.814000000,0.404200000
122,17.459900000,1.097900000
123,16.463600000,0.721400000
124,17.438500000,0.941700000
125,15.868800000,0.554200000
126,16.970300000,0.497900000
127,15.633300000,0.317700000
128,17.763600000,1.225000000
129,16.683300000,1.154700000
130,16.975000000,1.622400000
131,15.880200000,0.513500000
132,17.384400000,0.451000000
133,16.900000000,1.336500000
134,15.781700000,0.350600000
135,16.726100000,0.359900000
136,16.619300000,0.303700000
137,19.610900000,1.120900000
138,13.646900000,0.317700000
139,16.619800000,0.282800000
140,17.014500000,0.540100000
141,15.687000000,0.276500000
142,17.634400000,0.895900000
143,15.908800000,0.430200000
144,17.477700000,0.767700000
145,15.906200000,0.450000000
146,16.755700000,0.406200000
147,16.789100000,0.405200000
148,17.702600000,1.324000000
149,16.078600000,0.457800000
150,17.120900000,0.577600000
151,15.977600000,0.581800000
152,16.745800000,0.423400000
153,16.850000000,0.424000000
154,16.028100000,0.627000000
155,16.825000000,0.439500000
156,16.956300000,0.494800000
157,17.000000000,0.544200000
158,17.300500000,1.071900000
159,18.116200000,0.442700000
160,13.842100000,0.423400000
161,17.054200000,0.595300000
162,16.943200000,0.475500000
163,15.959400000,0.556200000
164,16.859400000,0.428100000
165,21.281200000,0.986400000
166,11.719800000,0.385400000
167,17.003200000,0.735400000
168,17.591100000,1.164100000
169,17.126600000,0.424500000
170,15.776000000,0.421900000
171,17.368200000,1.582300000
172,16.894800000,1.291100000
173,14.882800000,0.356800000
174,17.361000000,0.688600000
175,16.885400000,0.484400000
176,16.172400000,0.743200000
177,17.539600000,1.041100000
178,19.458800000,0.880700000
179,13.762000000,0.836500000
180,15.599500000,0.284900000
181,17.402600000,1.098500000
182,15.668200000,0.342700000
183,16.888000000,0.440700000
184,16.900000000,0.490100000
185,17.070400000,0.511400000
186,17.348400000,0.848500000
187,15.629200000,0.304700000
188,17.438500000,1.013000000
189,16.117700000,0.620400000
190,17.111500000,0.782800000
191,15.783300000,0.417200000
192,17.232300000,0.735400000
193,17.873900000,1.090600000
194,14.912500000,0.472400000
195,17.138100000,0.503200000
196,17.990100000,1.281700000
197,14.763000000,0.457300000
198,17.091100000,0.414000000
199,16.894800000,0.385400000
200,17.097900000,0.516600000
201,15.701600000,0.403600000
202,16.728100000,0.378600000
203,17.112500000,0.620300000
204,18.975600000,2.020300000
205,13.813500000,0.392700000
206,16.702100000,0.365100000
207,17.368200000,0.856300000
208,16.050000000,0.474000000
209,16.991700000,0.535500000
210,16.832300000,0.485400000
211,16.622400000,0.302100000
212,16.777000000,0.432300000
213,16.288100000,0.588000000
214,17.411400000,0.984400000
215,16.149000000,0.687000000
216,17.110400000,0.705200000
217,15.505700000,0.238600000
218,18.227100000,1.204200000
219,17.337500000,1.917200000
220,14.784400000,0.388000000
221,17.879200000,1.429100000
222,16.289000000,0.736500000
223,15.879200000,0.433400000
224,16.815100000,0.429200000
225,17.086400000,0.549500000
226,16.133400000,0.429200000
227,16.889600000,0.428600000
228,18.003100000,1.458400000
229,15.044300000,0.614600000
230,16.693200000,0.360400000
231,16.641100000,0.319300000
232,16.776100000,0.400000000
233,17.537000000,0.533300000
234,16.070800000,0.512000000
235,17.287500000,0.731200000
236,17.051000000,1.217200000
237,16.243300000,0.759400000
238,15.876500000,0.439100000
239,17.363000000,0.529700000
240,15.963600000,0.503700000
241,16.614600000,0.276100000
242,17.096800000,0.785900000
243,15.848500000,0.341200000
244,16.948900000,0.428100000
245,16.991700000,0.557300000
246,16.881300000,0.462000000
247,15.965600000,0.607800000
248,16.740100000,0.346400000
249,17.318700000,0.874500000
250,15.983900000,0.484300000
251,17.022400000,0.473500000
252,16.602100000,0.299000000
253,16.964000000,0.460900000
254,15.964600000,0.483900000
255,16.977100000,0.430700000
256,18.332300000,1.785400000
257,15.137500000,0.733900000
258,16.899500000,0.447400000
259,17.212500000,0.415100000
260,15.886900000,0.488500000
261,17.419300000,0.746300000
262,15.792700000,0.381700000
263,17.368800000,0.904700000
264,15.972900000,0.475600000
265,16.836500000,0.409800000
266,17.335400000,0.993800000
267,15.859300000,0.515600000
268,16.848500000,0.434400000
269,17.300000000,0.673400000
270,16.115600000,0.516700000
271,16.975500000,0.696300000
272,15.764100000,0.382800000
273,17.703100000,1.236400000
274,15.769800000,0.389000000
275,17.022900000,0.730700000
276,16.744300000,0.373400000
277,17.144800000,0.713500000
278,15.843200000,0.411900000
279,17.079700000,0.601600000
280,17.015100000,0.573400000
281,16.147900000,0.663500000
282,16.694800000,0.344800000
283,16.863600000,0.416100000
284,16.117700000,0.687500000
285,16.915100000,0.527600000
286,16.621800000,0.317700000
287,17.431800000,0.849000000
288,15.799500000,0.358800000
289,16.933300000,0.498400000
290,17.232300000,0.800500000
291,16.222900000,0.766600000
292,17.254200000,0.793200000
293,16.078100000,0.564100000
294,17.818300000,1.385400000
295,14.783800000,0.395300000
296,16.694800000,0.378600000
297,17.237000000,0.500000000
298,17.103600000,0.715600000
299,15.993800000,0.550500000
300,17.186400000,0.752600000
301,15.827600000,0.350000000
302,16.680200000,0.350000000
303,17.674000000,0.533400000
304,15.637000000,0.316200000
305,17.513500000,0.735400000
306,16.245300000,0.374500000
307,16.812000000,0.410900000
308,17.030700000,0.541100000
309,16.010500000,0.381800000
310,16.702600000,0.365100000
311,16.600500000,0.314600000
312,17.806800000,1.385400000
313,15.739500000,0.380700000
314,16.917800000,0.467100000
315,17.776500000,0.947400000
316,14.919300000,0.551100000
317,17.238000000,0.523500000
318,17.022900000,0.623400000
319,15.977600000,0.594800000
320,16.878700000,0.471800000
321,17.017200000,0.510400000
322,15.855200000,0.471900000
323,17.106700000,0.620800000
324,16.998000000,0.507800000
325,15.872900000,0.437000000
326,19.151000000,2.753100000
327,14.927100000,0.481300000
328,15.637500000,0.326000000
329,17.370800000,0.926000000
330,17.123500000,0.580200000
331,16.279100000,0.456200000
332,17.525600000,1.005800000
333,16.545300000,1.020900000
334,15.697900000,0.351600000
335,17.812500000,0.399400000
336,15.693700000,0.366100000
337,17.472400000,0.663000000
338,15.694800000,0.366100000
339,16.866200000,0.368300000
340,17.477600000,1.070300000
341,15.745800000,0.413000000
342,17.071400000,0.507800000
343,16.030700000,0.623500000
344,17.069800000,0.621400000
345,17.010400000,0.547400000
346,16.446400000,0.993200000
347,16.845300000,1.171900000
348,15.948400000,0.365100000
349,16.808900000,0.423500000
350,16.825500000,0.350500000
351,16.624500000,0.322900000
352,16.833300000,0.441700000
353,17.037000000,0.537000000
354,17.104700000,1.184400000
355,15.865100000,0.447400000
356,21.353600000,0.463600000
357,12.307300000,0.814600000
358,15.905700000,0.472900000
359,17.077600000,0.438000000
360,16.736000000,0.365100000
361,16.947400000,0.601000000
362,15.879700000,0.451000000
363,17.198400000,0.703200000
364,17.326600000,0.906700000
365,16.033300000,0.508800000
366,17.819800000,0.503700000
367,14.825500000,0.426600000
368,16.896400000,0.598900000
369,16.783300000,0.328100000
370,16.875000000,0.530200000
371,17.265100000,0.696300000
372,15.877600000,0.314100000
373,16.996900000,0.536400000
374,17.435400000,0.960500000
375,16.623900000,1.141700000
376,15.707900000,0.342700000
377,16.989000000,0.405700000
378,16.371900000,0.511400000
379,16.631800000,0.293200000
380,16.681200000,0.391100000
381,19.062000000,1.554200000
382,15.196900000,1.552000000
383,16.595800000,0.385900000
384,15.666700000,0.313100000
385,16.779700000,0.387000000
386,16.797900000,0.405200000
387,16.855200000,0.420800000
388,15.700500000,0.352600000
389,17.126000000,0.718200000
390,17.082900000,0.580700000
391,16.976500000,0.555700000
392,15.805700000,0.413500000
393,17.076100000,0.615700000
394,17.649500000,1.156300000
395,15.751500000,0.378600000
396,18.907300000,1.955700000
397,14.154200000,0.693200000
398,16.946900000,0.436500000
399,17.006700000,0.443200000
400,16.016200000,0.496900000
401,17.465600000,0.981800000
402,15.826000000,0.395300000
403,16.826100000,0.526000000
404,16.732800000,0.372900000
405,17.067200000,0.613600000
406,16.625000000,0.606300000
407,17.015600000,1.591100000
408,15.664100000,0.340100000
409,16.682300000,0.345800000
410,16.789600000,0.526600000
411,16.876500000,0.478100000
412,18.195300000,1.716100000
413,14.964100000,0.583300000
414,17.092200000,0.636500000
415,15.956700000,0.653100000
416,16.786500000,0.382800000
417,17.200000000,0.805200000
418,18.124000000,1.570300000
419,15.004100000,0.616700000
420,16.686500000,0.349500000
421,16.852600000,0.418700000
422,17.343200000,0.695300000
423,15.891700000,0.445800000
424,17.506200000,1.119200000
425,15.857300000,0.423400000
426,17.467700000,1.046900000
427,16.216700000,0.515100000
428,15.840100000,0.420800000
429,16.710400000,0.360400000
430,16.843800000,0.449000000
431,16.949500000,0.545900000
432,16.734300000,0.395800000
433,16.032800000,0.501600000
434,16.906800000,0.441700000
435,17.019300000,0.588500000
436,17.571900000,0.726000000
437,16.082800000,0.632800000
438,15.952100000,0.533300000
439,17.017100000,0.576500000
440,17.230300000,0.633300000
441,16.050000000,0.595800000
442,17.145800000,0.756300000
443,19.352600000,2.970300000
444,13.651600000,0.597900000
445,15.898900000,0.543700000
446,17.252100000,0.389100000
447,16.786500000,0.416100000
448,16.831700000,0.474500000
449,16.373500000,0.573400000
450,16.916600000,0.484400000
451,16.073500000,0.624000000
452,17.750500000,1.388600000
453,15.846900000,0.442200000
454,17.082300000,0.655700000
455,15.895300000,0.495900000
456,17.331700000,0.502100000
457,15.949500000,0.557800000
458,16.839600000,0.434400000
459,17.448400000,0.942700000
460,15.819300000,0.426600000
461,17.073400000,0.605700000
462,16.871400000,0.451600000
463,15.733300000,0.388000000
464,16.808900000,0.377100000
465,16.987000000,0.420800000
466,17.344800000,0.959400000
467,16.053600000,0.620300000
468,17.027100000,0.545400000
469,16.058800000,0.556800000
470,17.173500000,0.556200000
471,20.105700000,2.959900000
472,13.039100000,0.459300000
473,17.697400000,1.221400000
474,15.733800000,0.364000000
475,16.822900000,0.476100000
476,16.862500000,0.439600000
477,16.416700000,0.512000000
478,17.107300000,0.509900000
479,15.918200000,0.515100000
480,16.903100000,0.575000000
481,16.753700000,0.442700000
482,17.225000000,0.880200000
483,16.677100000,0.713000000
484,15.610900000,0.303600000
485,16.896900000,0.459400000
486,17.140600000,0.599000000
487,16.780700000,1.188000000
488,16.124500000,0.440100000
489,16.828700000,0.429100000
490,18.080700000,1.647400000
491,14.899000000,0.531200000
492,16.891100000,0.519800000
493,16.866100000,0.404600000
494,18.093800000,1.592700000
495,14.918700000,0.418700000
496,16.730800000,0.387500000
497,16.745800000,0.367200000
498,16.796900000,0.455200000
499,17.026000000,0.633300000
500,15.970900000,0.461400000
501,17.103600000,0.671400000
502,16.497900000,1.060400000
503,17.174500000,0.622400000
504,15.800500000,0.317700000
505,16.636500000,0.344300000
506,16.867200000,0.366700000
507,16.919200000,0.390700000
508,17.084400000,0.698900000
509,16.055700000,0.485400000
510,16.960500000,0.475500000
511,16.290100000,0.714100000
512,16.984900000,0.585900000
513,17.118700000,0.606200000
514,16.046400000,0.611900000
515,17.582800000,1.069800000
516,16.106200000,0.594300000
517,15.811000000,0.387500000
518,17.166100000,0.489600000
519,16.851100000,0.425500000
520,17.161400000,0.788600000
521,15.993800000,0.555700000
522,17.163500000,0.766700000
523,17.275500000,1.342200000
524,15.856800000,0.444800000
525,16.045300000,0.421900000
526,16.717200000,0.433800000
527,16.860900000,0.445800000
528,16.802600000,0.423900000
529,17.271400000,0.761900000
530,15.845300000,0.409900000
531,16.982800000,0.541700000
532,17.189600000,0.545400000
533,16.522900000,1.109900000
534,16.282300000,0.457300000
535,16.693800000,0.373000000
536,17.023900000,0.618800000
537,16.723500000,1.230700000
538,15.852000000,0.425000000
539,17.223500000,0.776500000
540,15.844200000,0.336500000
541,17.039600000,0.488600000
542,17.358400000,0.634400000
543,17.280700000,1.304100000
544,15.877100000,0.469300000
545,15.857300000,0.456700000
546,16.747400000,0.420400000
547,17.115600000,0.454700000
548,16.968700000,0.604700000
549,16.248500000,0.508900000
550,17.662000000,1.199500000
551,16.014000000,0.491700000
552,16.130700000,0.483800000
553,17.163100000,0.730700000
554,15.881700000,0.501600000
555,17.657300000,0.661900000
556,16.074500000,0.478700000
557,17.167700000,0.707300000
558,16.045800000,0.411900000
559,16.697400000,0.335900000
560,16.920900000,0.457300000
561,16.945300000,0.488500000
562,16.456800000,0.465600000
563,17.048400000,0.518300000
564,16.521400000,0.750000000
565,16.575000000,0.792700000
566,15.711900000,0.394800000
567,17.233400000,0.401100000
568,16.748900000,0.365600000
569,17.915100000,1.411000000
570,15.667200000,0.625500000
571,16.383300000,0.877600000
572,16.866700000,0.435400000
573,17.013000000,0.544800000
574,15.982300000,0.452600000
575,17.316200000,0.751500000
576,16.744200000,0.776600000
577,16.746900000,1.326000000
578,16.355700000,0.924500000
579,16.262500000,0.528600000
580,17.326600000,0.875000000
581,15.983900000,0.403200000
582,17.214500000,0.414500000
583,16.021400000,0.616200000
584,17.008900000,0.594300000
585,16.983800000,0.580200000
586,15.639100000,0.310900000
587,16.938000000,0.471400000
588,16.844800000,0.421900000
589,17.382300000,0.757300000
590,16.115600000,0.521900000
591,16.870800000,0.442200000
592,15.929700000,0.571900000
593,17.009900000,0.622900000
594,16.586000000,0.286500000
595,17.144200000,0.439100000
596,18.175000000,1.346400000
597,14.633900000,0.307800000
598,16.551500000,0.276100000
599,17.148500000,0.789600000
600,16.966600000,0.603100000
601,15.775000000,0.415100000
602,16.804700000,0.367200000
603,17.348500000,0.944300000
604,15.809300000,0.390600000
605,17.618800000,0.922900000
606,16.050000000,0.543800000
607,16.610900000,0.287000000
608,16.716700000,0.383300000
609,17.034900000,0.562000000
610,17.072900000,0.582300000
611,16.021900000,0.603100000
612,16.813000000,0.458900000
613,17.876600000,0.933400000
614,14.777100000,0.368800000
615,17.152000000,0.534300000
616,16.737000000,0.363500000
617,16.739100000,0.366100000
618,16.556800000,0.271900000
619,16.898400000,0.438600000
620,17.525000000,1.011900000
621,15.647900000,0.325500000
622,16.835900000,0.434400000
623,17.073500000,0.583900000
624,17.160900000,0.945800000
625,16.154200000,0.359400000
626,15.875000000,0.481800000
627,17.435900000,0.639600000
628,15.711500000,0.350500000
629,17.080700000,0.718200000
630,16.668200000,0.327100000
631,17.471900000,0.638600000
632,15.764600000,0.393700000
633,16.903100000,0.465600000
634,17.335400000,0.848900000
635,16.421900000,0.809400000
636,15.846900000,0.412000000
637,16.642200000,0.289100000
638,16.853600000,0.423400000
639,17.600000000,0.545300000
640,15.924500000,0.445900000
641,17.143800000,0.709300000
642,16.140600000,0.426600000
643,16.817200000,0.561000000
644,16.942700000,0.468800000
645,16.057300000,0.530700000
646,16.879700000,0.430200000
647,17.220300000,0.526000000
648,16.275000000,0.633300000
649,15.952600000,0.497400000
650,16.945800000,0.496400000
651,18.338000000,1.963500000
652,14.726100000,0.379200000
653,16.904700000,0.543200000
654,16.984300000,0.406200000
655,17.605800000,1.114600000
656,16.034300000,0.443200000
657,16.230200000,0.581300000
658,16.617200000,0.305200000
659,16.946400000,0.528700000
660,16.732800000,0.371400000
661,15.823400000,0.421800000
662,17.851100000,1.370800000
663,16.026500000,0.428600000
664,16.722400000,0.351000000
665,17.371400000,1.002100000
666,15.945800000,0.423400000
667,17.132800000,0.469300000
668,18.386500000,0.501100000
669,15.908300000,0.965100000
670,14.661500000,0.302600000
671,16.671900000,0.371400000
672,17.666600000,0.454200000
673,15.858900000,0.442700000
674,17.882300000,1.464500000
675,15.973900000,0.519800000
676,17.626600000,1.024000000
677,16.002600000,0.504200000
678,16.819800000,0.694800000
679,16.138500000,0.424500000
680,17.266700000,0.827100000
681,16.476000000,0.953100000
682,15.734900000,0.307300000
683,17.593300000,1.142200000
684,16.379600000,0.539100000
685,17.002700000,0.516700000
686,22.957800000,1.366700000
687,10.846800000,0.847400000
688,16.726600000,1.299500000
689,15.811500000,0.326600000
690,17.052000000,0.603100000
691,16.134400000,0.384400000
692,16.687000000,0.338000000
693,17.759400000,0.696900000
694,15.846300000,0.460400000
695,15.657800000,0.322400000
696,16.843300000,0.321400000
697,17.176500000,0.702600000
698,16.917200000,0.445800000
699,16.154200000,0.504200000
700,17.358800000,0.690600000
701,17.611000000,0.492700000
702,15.365100000,0.700000000
703,16.800000000,0.436500000
704,17.058300000,0.640100000
705,15.683300000,0.374500000
706,17.903200000,0.837500000
707,15.846300000,0.540100000
708,16.809400000,0.400500000
709,16.903600000,0.500000000
710,15.855300000,0.435900000
711,16.891600000,0.566100000
712,17.466200000,1.002100000
713,15.957800000,0.546900000
714,16.988500000,0.573400000
715,16.929200000,1.339100000
716,15.891700000,0.453600000
717,16.953600000,0.495900000
718,17.589100000,0.623500000
719,16.348400000,0.737000000
720,16.439100000,0.449500000
721,15.974400000,0.432800000
722,16.803200000,0.402600000
723,16.741100000,0.330700000
724,16.910400000,0.541100000
725,19.128200000,1.328600000
726,14.243700000,0.481800000
727,19.603100000,2.675500000
728,14.130800000,0.372400000
729,15.689000000,0.352100000
730,16.962500000,0.600000000
731,17.432300000,0.732200000
732,16.539100000,0.885900000
733,16.022900000,0.437000000
734,17.287500000,0.876100000
735,15.847400000,0.439000000
736,16.908300000,0.503100000
737,16.782800000,0.420300000
738,17.125000000,0.577600000
739,17.074500000,1.236000000
740,15.905200000,0.488000000
741,17.082300000,0.654700000
742,16.420800000,0.579100000
743,16.111500000,0.440600000
744,16.653100000,0.344700000
745,17.050000000,0.484400000
746,16.913600000,0.604700000
747,15.850500000,0.325500000
748,17.254700000,0.917700000
749,16.726000000,0.313500000
750,17.506800000,0.455200000
751,15.747900000,0.356300000
752,16.770800000,0.407300000
753,16.142200000,0.653100000
754,16.942200000,0.417200000
755,17.086500000,0.517700000
756,16.342200000,0.413600000
757,17.138000000,0.544300000
758,16.578100000,0.434300000
759,15.816700000,0.376600000
760,18.143200000,1.655300000
761,16.248400000,0.702100000
762,16.953200000,1.161500000
763,16.398900000,0.527600000
764,16.046900000,0.404200000
765,16.643200000,0.329100000
766,16.925000000,0.490100000
767,17.068300000,1.318200000
768,16.534300000,1.053600000
769,15.902100000,0.379100000
770,16.733300000,0.384300000
771,16.774000000,0.390100000
772,17.075500000,0.609900000
773,15.907300000,0.506200000
774,21.404700000,0.724500000
775,11.839100000,0.484400000
776,17.635400000,1.259900000
777,15.951000000,0.468200000
778,16.794800000,0.359300000
779,17.079200000,0.535400000
780,17.538000000,0.891200000
781,15.323400000,0.891700000
782,16.906800000,0.446400000
783,16.903700000,0.504700000
784,16.186900000,0.440100000
785,16.747400000,0.377100000
786,16.773000000,0.402600000
787,16.960900000,0.476600000
788,16.175500000,0.779700000
789,16.911500000,0.455200000
790,17.181700000,0.775500000
791,16.132900000,0.605700000
792,16.738000000,0.387000000
793,17.028100000,0.468800000
794,15.870300000,0.424000000
795,17.885900000,1.441200000
796,16.043300000,0.675000000
797,15.805200000,0.427600000
798,17.130200000,0.401100000
799,16.937500000,0.464100000
800,16.903100000,0.447400000
801,16.181800000,0.654100000
802,17.300500000,0.885400000
803,16.208900000,0.759900000
804,16.953100000,0.428700000
805,15.657300000,0.350500000
806,16.742200000,0.392200000
807,16.961400000,0.304200000
808,16.852100000,0.443700000
809,19.378700000,1.752600000
810,14.352600000,0.733400000
811,15.823900000,0.538500000
812,16.784400000,0.404200000
813,17.203100000,0.559400000
814,17.244800000,0.784900000
815,15.903100000,0.533300000
816,17.131300000,0.700500000
817,16.223400000,0.637500000
818,16.857800000,0.448400000
819,17.105800000,0.619800000
820,16.365600000,0.593800000
821,15.748900000,0.379100000
822,18.626100000,0.695300000
823,15.973400000,1.042100000
824,15.680200000,0.341200000
825,16.593300000,0.298500000
826,17.098400000,0.687000000
827,16.670300000,0.325500000
828,16.877100000,0.445900000
829,15.889600000,0.422400000
830,17.728600000,1.122400000
831,16.366700000,0.596900000
832,16.084400000,0.385400000
833,16.911400000,0.569200000
834,16.693300000,0.349500000
835,16.891100000,0.392700000
836,16.982800000,0.527600000
837,17.756300000,1.641600000
838,14.607300000,0.313000000
839,17.357800000,0.997400000
840,16.332300000,0.705700000
841,16.982300000,0.620300000
842,16.965600000,0.504700000
843,15.945800000,0.512500000
844,17.553700000,1.129200000
845,15.928100000,0.533800000
846,17.055200000,0.704700000
847,15.838500000,0.432300000
848,16.766700000,0.417200000
849,16.797900000,0.360900000
850,16.839600000,0.487000000
851,17.159400000,0.793300000
852,16.081200000,0.382800000
853,16.912500000,0.492200000
854,16.817200000,0.434900000
855,16.703700000,0.398500000
856,15.868700000,0.472400000
857,17.495800000,0.379100000
858,16.869300000,0.894800000
859,15.816700000,0.411500000
860,17.139600000,0.574400000
861,16.614000000,0.304100000
862,17.404200000,1.009900000
863,17.726000000,2.155200000
864,16.293800000,0.725500000
865,14.937500000,0.600500000
866,16.885900000,0.463000000
867,17.146400000,0.662000000
868,15.739000000,0.370300000
869,16.889600000,0.490600000
870,17.779200000,0.458900000
871,16.065600000,0.431300000
872,15.892700000,0.575000000
873,16.928100000,0.388000000
874,17.022400000,0.531800000
875,16.846900000,0.344800000
876,16.095300000,0.547400000
877,16.756300000,0.316700000
878,16.855200000,0.504200000
879,16.881800000,0.537500000
880,17.481200000,0.531800000
881,16.107800000,0.539100000
882,16.617200000,0.769800000
883,16.084400000,0.739600000
884,16.777100000,0.418700000
885,17.058300000,0.586900000
886,16.302600000,0.891700000
887,17.155700000,0.487500000
888,16.376100000,0.435400000
889,16.728600000,0.388000000
890,16.951100000,0.515600000
891,16.381700000,0.528700000
892,16.933900000,0.508900000
893,17.325000000,1.004100000
894,16.038500000,0.397900000
895,15.980200000,0.330800000
896,16.615700000,0.310500000
897,16.928100000,0.479700000
898,16.779700000,0.386500000
899,16.957300000,0.468800000
900,18.642700000,0.726000000
901,13.868700000,0.422400000
902,16.683400000,0.371400000
903,16.856200000,0.461000000
904,16.896400000,0.531300000
905,17.165100000,0.693700000
906,15.905700000,0.409400000
907,17.269300000,0.646400000
908,15.900500000,0.437500000
909,17.148400000,0.496400000
910,17.457800000,1.019300000
911,15.889100000,0.404700000
912,17.184400000,0.453100000
913,15.808800000,0.342700000
914,17.633900000,1.233800000
915,15.787000000,0.355800000
916,17.119200000,0.524500000
917,15.865700000,0.445300000
918,17.344200000,0.712500000
919,16.956800000,0.457300000
920,15.968700000,0.554200000
921,17.607900000,1.093200000
922,15.759300000,0.398900000
923,17.019800000,0.393200000
924,17.537500000,0.517700000
925,16.523500000,1.108300000
926,15.919800000,0.472400000
927,17.133300000,0.515600000
928,18.118700000,1.272400000
929,14.991700000,0.648400000
930,15.844300000,0.402100000
931,16.947900000,0.600000000
932,16.694300000,0.361900000
933,16.803600000,0.426000000
934,16.605200000,0.286000000
935,16.928700000,0.571400000
936,16.939000000,0.499000000
937,15.817200000,0.407300000
938,18.814100000,1.091100000
939,15.007300000,0.368200000
940,16.595800000,0.292700000
941,16.777100000,0.425500000
942,17.788000000,1.302100000
943,15.852100000,1.350500000
944,16.008300000,0.431800000
945,17.067700000,0.712000000
946,16.724500000,0.387500000
947,15.773400000,0.412000000
948,17.692200000,0.795300000
949,16.141200000,0.596400000
950,17.022900000,0.611500000
951,16.217700000,0.542200000
952,16.964600000,0.512500000
953,16.896300000,0.432300000
954,17.071900000,0.589600000
955,16.274000000,0.502600000
956,17.328600000,1.714100000
957,16.034400000,0.515700000
958,18.149500000,0.515600000
959,14.866100000,0.378100000
960,17.479200000,0.834300000
961,15.845300000,0.474500000
962,17.076600000,0.623400000
963,16.279700000,0.718200000
964,18.285900000,0.805200000
965,14.705700000,0.404700000
966,16.954700000,0.433300000
967,16.859900000,0.439100000
968,16.824500000,0.416200000
969,15.944800000,0.334400000
970,16.947400000,0.581200000
971,16.886400000,0.417200000
972,16.852600000,0.393800000
973,16.111000000,0.595800000
974,18.001500000,1.506200000
975,16.048500000,0.382200000
976,15.832800000,0.368200000
977,17.172900000,0.807300000
978,17.061500000,0.526000000
979,15.829100000,0.426500000
980,17.812000000,0.455700000
981,15.888500000,0.472400000
982,19.290700000,1.749500000
983,14.011900000,0.522400000
984,17.537500000,0.731200000
985,16.649000000,0.794300000
986,15.684400000,0.290100000
987,16.650000000,0.339100000
988,16.769800000,0.394800000
989,16.821800000,0.423900000
990,16.940700000,0.477600000
991,16.159300000,0.706200000
992,19.005800000,0.972400000
993,16.483300000,2.669800000
994,15.212000000,0.392700000
995,16.169300000,0.387500000
996,16.781700000,0.412000000
997,15.947900000,0.616600000
998,17.608900000,0.729200000
999,16.009900000,0.486500000
1000,18.305700000,1.914100000
1001,15.013000000,0.551600000
1002,16.739600000,0.342200000
1003,17.003700000,0.445800000
1004,17.003100000,0.491700000
1005,16.203100000,0.814100000
1006,17.132800000,0.541100000
1007,19.466700000,2.741100000
1008,13.219800000,0.619800000
1009,16.605700000,0.319300000
1010,16.921900000,0.424000000
1011,16.856800000,0.478100000
1012,16.151000000,0.712500000
1013,16.889100000,0.479700000
1014,16.895300000,0.511000000
1015,17.382300000,0.434900000
1016,15.869300000,0.466100000
1017,16.682200000,0.349400000
1018,17.145900000,1.183900000
1019,16.169800000,0.715100000
1020,16.991600000,0.525000000
1021,16.751600000,1.320300000
1022,16.434900000,0.860900000
1023,16.260400000,0.288500000
1024,17.015600000,0.489600000
1025,16.238100000,0.594300000
1026,17.500500000,0.727100000
1027,16.102100000,0.421300000
1028,16.009300000,0.415100000
1029,17.196400000,0.447900000
1030,17.130700000,0.568800000
1031,16.122400000,0.612000000
1032,17.651600000,1.106800000
1033,16.211400000,0.767700000
1034,15.882800000,0.410900000
1035,18.695900000,1.492200000
1036,15.154700000,0.788500000
1037,16.820800000,0.388000000
1038,16.431300000,0.445300000
1039,16.914500000,0.418200000
1040,16.523500000,1.105700000
1041,16.807800000,0.488000000
1042,15.837000000,0.450600000
1043,16.873400000,0.475000000
1044,18.283900000,1.771900000
1045,15.049400000,0.609900000
1046,16.936000000,0.561500000
1047,17.363000000,0.643300000
1048,15.787000000,0.376600000
1049,17.183800000,0.779700000
1050,15.878700000,0.348400000
1051,17.311400000,0.640600000
1052,17.039600000,0.557300000
1053,15.797400000,0.429700000
1054,16.833300000,0.510900000
1055,17.058400000,0.378700000
1056,16.588500000,0.252600000
1057,16.922400000,0.369800000
1058,15.635400000,0.319800000
1059,17.477600000,0.486400000
1060,16.759400000,0.425500000
1061,16.282300000,0.913000000
1062,16.929200000,0.484400000
1063,17.078600000,0.583300000
1064,16.067700000,0.437000000
1065,16.863000000,0.454100000
1066,17.502100000,0.444200000
1067,17.058400000,0.777600000
1068,15.995800000,1.289100000
1069,16.020300000,0.424500000
1070,17.753700000,1.262000000
1071,15.980700000,0.515600000
1072,16.079100000,0.538500000
1073,17.216200000,0.682300000
1074,16.684400000,0.475500000
1075,23.006700000,5.725000000
1076,9.824500000,0.427100000
1077,18.258400000,1.068200000
1078,15.184800000,0.511900000
1079,16.814600000,0.427600000
1080,21.070900000,0.538600000
1081,12.549400000,0.601000000
1082,16.118300000,0.808900000
1083,16.981200000,0.481800000
1084,16.019800000,0.480200000
1085,17.186500000,0.771300000
1086,16.857800000,0.415100000
1087,16.301000000,0.549000000
1088,16.717200000,0.391100000
1089,17.365600000,0.932800000
1090,15.911500000,0.489100000
1091,16.805700000,0.360900000
1092,16.965700000,0.525500000
1093,16.588000000,1.097400000
1094,15.776500000,0.404700000
1095,17.908400000,0.714000000
1096,16.933300000,1.516100000
1097,16.475000000,0.292800000
1098,16.159400000,0.567200000
1099,16.769800000,1.338000000
1100,15.743200000,0.377600000
1101,19.149500000,2.454200000
1102,14.915100000,0.470400000
1103,17.266100000,0.593200000
1104,15.943800000,0.451100000
1105,17.221300000,0.466700000
1106,15.846400000,0.428100000
1107,16.950000000,0.495900000
1108,17.118700000,0.691100000
1109,17.140700000,1.647400000
1110,17.568200000,1.479700000
1111,15.601600000,0.583300000
1112,15.606200000,0.298400000
1113,16.983300000,0.680700000
1114,16.781300000,0.437500000
1115,17.176500000,0.411900000
1116,15.993800000,0.544300000
1117,17.084400000,0.668200000
1118,15.948400000,0.489100000
1119,16.857800000,0.416100000
1120,16.846900000,0.417700000
1121,17.910400000,1.106700000
1122,15.394300000,0.733800000
1123,17.409400000,1.067200000
1124,15.991600000,0.605200000
1125,16.796400000,0.407300000
1126,15.943200000,0.507300000
1127,16.979200000,0.521400000
1128,16.955700000,0.509900000
1129,17.267700000,0.490600000
1130,15.924000000,0.420900000
1131,16.997900000,0.688500000
1132,16.384900000,0.563600000
1133,17.006200000,0.462500000
1134,16.237000000,0.488600000
1135,17.171400000,0.682300000
1136,16.189600000,0.781200000
1137,17.166600000,0.653700000
1138,16.327100000,0.800000000
1139,17.505200000,0.394300000
1140,16.304700000,0.881300000
1141,15.706800000,0.390600000
1142,16.673400000,0.353600000
1143,16.806300000,0.450600000
1144,17.367700000,0.848900000
1145,16.557800000,0.962500000
1146,16.497900000,0.452100000
1147,17.336500000,0.979700000
1148,15.941100000,0.495300000
1149,16.721400000,0.365600000
1150,16.956700000,0.514600000
1151,15.943800000,0.525500000
1152,17.343700000,0.918800000
1153,17.258400000,1.640600000
1154,19.722900000,4.417100000
1155,13.166600000,0.861900000
1156,15.650600000,0.311000000
1157,16.789500000,0.420800000
1158,17.669800000,1.133900000
1159,15.969300000,0.471400000
1160,16.846400000,0.426500000
1161,17.073900000,0.628100000
1162,15.904200000,0.424000000
1163,16.994300000,0.430300000
1164,17.153100000,0.583900000
1165,15.754100000,0.381700000
1166,16.560500000,0.270300000
1167,21.356200000,3.680700000
1168,12.071900000,0.433900000
1169,17.234900000,0.803600000
1170,16.091700000,0.484900000
1171,16.922300000,0.451500000
1172,16.767800000,0.324500000
1173,16.783300000,0.401600000
1174,16.228100000,0.477100000
1175,17.291200000,0.704200000
1176,16.555200000,0.616600000
1177,16.342200000,0.877100000
1178,17.029100000,0.589600000
1179,15.770900000,0.359400000
1180,16.589500000,0.298500000
1181,17.469800000,1.039600000
1182,17.061000000,0.472400000
1183,15.739600000,0.371400000
1184,16.982800000,0.552100000
1185,16.802600000,0.434400000
1186,17.057800000,0.563600000
1187,15.991100000,0.526600000
1188,16.977600000,0.441100000
1189,16.714600000,0.391100000
1190,16.576100000,0.277600000
1191,16.944200000,0.431800000
1192,16.003200000,0.509800000
1193,16.932800000,0.496300000
1194,16.910400000,0.464600000
1195,16.835900000,0.417200000
1196,16.056300000,0.529100000
1197,17.013500000,0.500500000
1198,17.181300000,0.767800000
1199,15.747900000,0.305200000
1200,16.754700000,0.463500000
1201,17.105200000,0.675000000
1202,17.156700000,0.570800000
1203,15.958400000,0.462000000
1204,16.944800000,0.461000000
1205,15.828600000,0.419800000
1206,17.157300000,0.420300000
1207,16.789600000,0.411500000
1208,16.923400000,0.589000000
1209,15.902600000,0.366100000
1210,16.578200000,0.295400000
1211,16.870800000,0.480200000
1212,17.026600000,0.490600000
1213,17.074400000,0.440600000
1214,15.918800000,0.477600000
1215,17.106800000,0.522400000
1216,17.281200000,0.586000000
1217,15.635400000,0.334400000
1218,16.717700000,0.385900000
1219,16.629200000,0.320300000
1220,17.382800000,0.915600000
1221,16.205200000,0.525000000
1222,18.470300000,2.094800000
1223,14.870900000,0.370400000
1224,16.735900000,0.392200000
1225,16.972400000,0.587500000
1226,15.987000000,0.582800000
1227,18.555200000,2.045400000
1228,14.941100000,0.437000000
1229,16.847900000,0.386500000
1230,16.958900000,0.550000000
1231,15.929200000,0.470800000
1232,16.960400000,0.529700000
1233,16.867700000,0.524500000
1234,16.925500000,0.509400000
1235,15.814600000,0.440600000
1236,17.027100000,0.425500000
1237,17.080700000,0.502100000
1238,16.829200000,0.512500000
1239,16.363000000,0.726000000
1240,16.655200000,0.324000000
1241,16.616700000,0.284400000
1242,17.120800000,0.782900000
1243,16.075000000,0.613100000
1244,17.120800000,0.709400000
1245,16.209400000,0.452600000
1246,17.122900000,0.586500000
1247,16.524500000,0.779200000
1248,17.165600000,0.464600000
1249,15.964100000,0.455200000
1250,16.904700000,0.358900000
1251,15.970300000,0.476100000
1252,17.304700000,0.917200000
1253,16.888500000,0.404700000
1254,16.393300000,0.628100000
1255,16.984300000,0.520800000
1256,16.088600000,0.425500000
1257,16.792200000,0.440600000
1258,17.089000000,0.603200000
1259,16.963000000,0.614600000
1260,16.175600000,0.557800000
1261,17.884900000,0.503100000
1262,15.267100000,0.872400000
1263,16.604200000,0.310400000
1264,17.182300000,0.558800000
1265,15.678100000,0.355700000
1266,17.114600000,0.476100000
1267,16.844300000,0.428700000
1268,18.014600000,1.586500000
1269,15.074400000,0.422900000
1270,16.590700000,0.317200000
1271,16.685400000,0.350000000
1272,16.936400000,0.479100000
1273,16.851100000,0.418200000
1274,15.988500000,0.598400000
1275,16.868800000,0.427100000
1276,16.977600000,0.499000000
1277,16.810400000,0.411500000
1278,16.200000000,0.740700000
1279,16.929200000,0.454200000
1280,16.926500000,0.454200000
1281,16.003700000,0.330800000
1282,16.897900000,0.449500000
1283,16.946300000,0.483800000
1284,17.711500000,1.149500000
1285,16.143800000,0.490600000
1286,15.980200000,0.390100000
1287,16.645300000,0.345300000
1288,17.341100000,1.022400000
1289,15.862000000,0.515600000
1290,17.093700000,0.515100000
1291,15.747400000,0.394200000
1292,19.297400000,0.553100000
1293,14.670900000,0.344800000
1294,18.505700000,2.113600000
1295,15.407800000,0.734400000
1296,16.050000000,0.519800000
1297,16.895300000,0.441700000
1298,17.268300000,0.531200000
1299,16.439000000,0.484900000
1300,15.683400000,0.357300000
1301,17.254100000,0.346800000
1302,16.703700000,0.324000000
1303,16.793700000,0.373900000
1304,15.821400000,0.427000000
1305,19.857800000,0.412500000
1306,14.546300000,0.688500000
1307,15.986000000,0.542200000
1308,16.821300000,0.423900000
1309,17.075500000,0.535400000
1310,15.645400000,0.329700000
1311,17.516100000,0.368700000
1312,16.143200000,0.443700000
1313,16.977600000,0.552600000
1314,17.195900000,0.718200000
1315,15.976000000,0.431800000
1316,16.724000000,0.399500000
1317,16.663000000,0.329700000
1318,16.716100000,0.417800000
1319,17.008900000,0.438000000
1320,16.430700000,0.625500000
1321,17.814600000,0.569300000
1322,14.783900000,0.404700000
1323,16.908300000,0.366100000
1324,17.016100000,0.674500000
1325,16.971400000,0.367200000
1326,16.523400000,0.872400000
1327,16.784900000,0.394200000
1328,16.074500000,0.645300000
1329,17.188500000,0.496300000
1330,17.100600000,0.627100000
1331,15.966600000,0.466700000
1332,17.508400000,0.573400000
1333,16.248400000,0.817700000
1334,16.000500000,0.656800000
1335,16.704200000,0.382800000
1336,16.613000000,0.307800000
1337,17.287500000,0.822900000
1338,16.163600000,0.492700000
1339,16.683300000,0.316700000
1340,16.709900000,0.360900000
1341,17.048900000,0.541100000
1342,17.125600000,0.523900000
1343,15.829100000,0.442200000
1344,20.095300000,1.315100000
1345,13.446900000,0.841100000
1346,17.611000000,0.626000000
1347,15.874400000,0.332300000
1348,18.408400000,2.010500000
1349,15.109300000,0.779700000
1350,16.259400000,0.370300000
1351,16.613600000,0.330300000
1352,17.526000000,1.116100000
1353,15.738500000,0.374400000
1354,16.890700000,0.509900000
1355,17.030700000,0.533300000
1356,16.439600000,0.632800000
1357,16.692200000,0.356300000
1358,17.247400000,0.482800000
1359,15.941100000,0.392700000
1360,16.659400000,0.312500000
1361,16.797900000,0.400000000
1362,16.645300000,0.328600000
1363,16.717700000,0.383300000
1364,15.846900000,0.446900000
1365,17.595800000,0.766600000
1366,15.878700000,0.492200000
1367,16.505200000,0.248400000
1368,17.088500000,0.593700000
1369,17.041700000,0.370800000
1370,16.679700000,0.326100000
1371,16.847400000,0.440700000
1372,15.779100000,0.385900000
1373,21.473500000,5.038600000
1374,12.497900000,0.553700000
1375,16.923400000,0.443700000
1376,16.256800000,0.716100000
1377,16.739600000,0.355200000
1378,16.898400000,0.497400000
1379,17.221400000,0.374000000
1380,16.220300000,0.503100000
1381,16.872400000,1.446800000
1382,15.828100000,0.409300000
1383,17.940600000,1.569300000
1384,16.145900000,0.658300000
1385,17.444800000,0.483800000
1386,15.871300000,0.899000000
1387,16.511500000,0.625000000
1388,16.084900000,0.480700000
1389,16.806700000,0.434900000
1390,17.101600000,0.621900000
1391,16.245800000,0.551600000
1392,16.929700000,0.483400000
1393,16.882800000,0.394800000
1394,16.745900000,1.397400000
1395,15.850500000,0.316700000
1396,16.835400000,0.447900000
1397,17.138000000,0.613000000
1398,16.245900000,0.511900000
1399,16.740600000,0.387000000
1400,17.090600000,0.583300000
1401,16.870300000,0.620300000
1402,15.776100000,0.429700000
1403,17.188000000,0.755200000
1404,16.998400000,0.522900000
1405,16.018800000,0.548400000
1406,16.769200000,0.396900000
1407,17.128700000,0.450000000
1408,16.083800000,0.630200000
1409,17.124000000,0.657300000
1410,16.355200000,0.551600000
1411,17.579700000,1.161500000
1412,15.956300000,0.496800000
1413,16.594700000,0.292200000
1414,17.125600000,0.831300000
1415,16.722400000,1.220300000
1416,16.146300000,0.545900000
1417,17.604200000,0.731700000
1418,15.752600000,0.427100000
1419,16.682800000,0.364600000
1420,17.479200000,1.131700000
1421,15.854700000,0.471300000
1422,16.693200000,0.348500000
1423,16.667200000,0.334400000
1424,16.991600000,0.509400000
1425,18.390700000,0.475000000
1426,13.855700000,0.470300000
1427,17.359900000,0.442100000
1428,17.385900000,0.899500000
1429,15.985400000,0.605200000
1430,17.346400000,0.940700000
1431,15.850500000,0.446400000
1432,16.597900000,0.292100000
1433,17.003700000,0.529700000
1434,16.541100000,0.627600000
1435,17.216700000,0.785900000
1436,15.840100000,0.424000000
1437,19.192700000,1.049400000
1438,13.955700000,0.496900000
1439,17.088600000,0.754700000
1440,16.794800000,0.407300000
1441,16.316100000,0.943700000
1442,16.614100000,0.321900000
1443,16.681700000,0.355200000
1444,16.751600000,0.389100000
1445,16.886500000,0.435400000
1446,16.838000000,0.447900000
1447,16.031200000,0.506800000
1448,16.889100000,0.548900000
1449,17.466700000,0.999400000
1450,15.645300000,0.336500000
1451,18.892700000,0.487000000
1452,14.957300000,0.482800000
1453,15.984900000,0.357300000
1454,16.606200000,0.306700000
1455,17.149500000,0.486500000
1456,16.861500000,0.434300000
1457,17.781700000,0.654700000
1458,15.294800000,0.550000000
1459,18.481300000,2.028100000
1460,14.627600000,0.284900000
1461,17.060900000,0.583300000
1462,16.971900000,0.538000000
1463,15.860900000,0.515600000
1464,17.029700000,0.407300000
1465,16.777100000,0.365600000
1466,17.924000000,1.443800000
1467,15.773400000,0.550000000
1468,16.221300000,0.680200000
1469,17.681800000,1.190700000
1470,15.934900000,0.489600000
1471,15.921900000,0.478700000
1472,17.157300000,0.886500000
1473,17.138000000,0.688000000
1474,15.908900000,0.465600000
1475,17.254100000,0.880200000
1476,17.150500000,1.260900000
1477,16.201100000,0.421400000
1478,15.945300000,0.516200000
1479,21.049500000,0.440200000
1480,12.630200000,0.328100000
1481,16.667200000,0.330200000
1482,18.381700000,0.446900000
1483,17.173000000,0.996900000
1484,14.672400000,0.313600000
1485,16.868200000,0.503100000
1486,15.780700000,0.417200000
1487,17.179700000,0.732300000
1488,16.715100000,0.354700000
1489,17.267700000,0.580800000
1490,15.650500000,0.353700000
1491,16.610500000,0.317700000
1492,17.977000000,1.602600000
1493,16.115700000,0.557300000
1494,16.316100000,0.338000000
1495,16.997900000,0.490600000
1496,15.675500000,0.323000000
1497,17.448000000,0.594300000
1498,17.028600000,0.589600000
1499,16.180200000,0.491200000
1500,16.893200000,0.470800000
1501,16.656300000,0.354700000
1502,16.673400000,0.328600000
1503,16.820900000,0.437500000
1504,15.843200000,0.486000000
1505,17.035400000,0.655200000
1506,16.954200000,0.492200000
1507,16.796300000,0.415600000
1508,15.642200000,0.316600000
1509,17.615600000,0.478600000
1510,15.898500000,0.475000000
1511,16.988500000,0.579200000
1512,16.909400000,0.481300000
1513,16.786500000,0.378200000
1514,16.962500000,0.444200000
1515,16.744700000,1.099000000
1516,15.893800000,0.457300000
1517,18.523400000,1.275500000
1518,15.316700000,0.533900000
1519,16.503600000,0.802600000
1520,16.867200000,0.456200000
1521,20.041200000,0.467700000
1522,12.739000000,0.393200000
1523,16.773000000,0.408900000
1524,17.198400000,0.513000000
1525,16.715600000,0.752600000
1526,15.935400000,0.445300000
1527,17.491700000,0.826100000
1528,15.963500000,0.479700000
1529,16.991700000,0.410400000
1530,17.249000000,0.742700000
1531,16.431700000,0.400000000
1532,15.870900000,0.439100000
1533,16.893700000,0.382300000
1534,16.645900000,0.317700000
1535,17.543200000,0.575000000
1536,15.934900000,0.480800000
1537,16.839600000,0.451500000
1538,18.054700000,0.583300000
1539,14.942100000,0.507800000
1540,17.000600000,0.417700000
1541,16.589000000,0.835400000
1542,16.654200000,0.340700000
1543,16.813500000,0.461500000
1544,17.318300000,1.770300000
1545,16.178600000,0.507800000
1546,15.924500000,0.382800000
1547,17.768200000,1.045800000
1548,15.903700000,0.473900000
1549,18.189000000,1.819800000
1550,14.906800000,0.429700000
1551,19.450500000,0.450000000
1552,14.094300000,0.540700000
1553,16.925500000,0.454700000
1554,17.660400000,1.692700000
1555,15.348500000,0.479700000
1556,17.171800000,0.736000000
1557,15.848000000,0.348500000
1558,16.830200000,0.442100000
1559,17.771300000,1.305300000
1560,16.056800000,0.554600000
1561,15.916700000,0.465600000
1562,17.158800000,0.789100000
1563,16.720300000,0.395300000
1564,16.892700000,0.573400000
1565,15.841700000,0.457300000
1566,17.329700000,0.416200000
1567,17.122400000,0.685900000
1568,15.809900000,0.411500000
1569,16.714000000,0.395300000
1570,16.727100000,0.391100000
1571,17.234900000,0.799500000
1572,16.232300000,0.573000000
1573,17.563000000,0.757300000
1574,16.478700000,0.512500000
1575,15.983800000,0.330700000
1576,16.918300000,0.537000000
1577,15.723900000,0.383300000
1578,17.192700000,0.408900000
1579,17.273500000,0.822900000
1580,15.993200000,0.564600000
1581,16.824000000,0.420300000
1582,17.055700000,0.614600000
1583,16.880200000,1.259900000
1584,16.747400000,0.869800000
1585,16.308800000,0.416700000
1586,15.741700000,0.376100000
1587,17.165600000,0.494800000
1588,17.170900000,0.567200000
1589,16.781700000,0.907300000
1590,16.138600000,0.341200000
1591,16.768200000,0.363000000
1592,16.767200000,0.385400000
1593,16.737500000,0.382800000
1594,16.740100000,0.339000000
1595,15.887000000,0.484400000
1596,17.152100000,0.503700000
1597,16.850000000,0.455800000
1598,16.795300000,0.407800000
1599,17.501000000,1.660900000
1600,16.251100000,0.621800000
1601,16.038500000,0.719300000
1602,16.776000000,0.395800000
1603,17.190100000,0.868700000
1604,17.236000000,0.459900000
1605,15.766600000,0.763500000
1606,15.642800000,0.322900000
1607,17.151500000,0.644300000
1608,17.075500000,0.572900000
1609,19.719300000,0.696400000
1610,14.077600000,0.489000000
1611,15.806300000,0.362500000
1612,16.628100000,0.313500000
1613,17.026600000,0.485900000
1614,17.144200000,0.533400000
1615,15.927100000,0.517200000
1616,17.139600000,0.699000000
1617,15.977100000,0.322400000
1618,16.802600000,0.371900000
1619,18.230200000,1.710500000
1620,15.092200000,0.457800000
1621,17.347900000,1.040600000
1622,15.768700000,0.394800000
1623,17.141700000,0.648400000
1624,25.491200000,0.434900000
1625,9.396300000,0.528700000
1626,15.574000000,1.013100000
1627,16.664000000,1.176600000
1628,15.748500000,0.339100000
1629,19.130200000,0.447400000
1630,15.016600000,0.599400000
1631,17.651600000,2.105300000
1632,14.900500000,0.416700000
1633,17.147400000,0.346800000
1634,16.695300000,0.387500000
1635,17.043300000,0.478700000
1636,15.619800000,0.318800000
1637,17.052000000,0.561400000
1638,16.764100000,0.376500000
1639,16.868700000,0.490600000
1640,16.719800000,0.371400000
1641,15.921400000,0.363000000
1642,16.842700000,0.469800000
1643,16.754700000,0.441700000
1644,16.975000000,0.624000000
1645,16.781200000,0.404200000
1646,16.851600000,0.395300000
1647,15.853600000,0.401100000
1648,16.930300000,0.364100000
1649,16.844700000,0.518300000
1650,16.713100000,0.340100000
1651,16.753100000,0.446900000
1652,16.650500000,0.323400000
1653,16.808900000,0.342700000
1654,15.615100000,0.316200000
1655,17.638000000,0.308800000
1656,16.616100000,0.302600000
1657,16.706800000,0.366100000
1658,17.349000000,0.527100000
1659,15.717200000,0.378600000
1660,16.586400000,0.281200000
1661,16.890600000,0.467200000
1662,17.474500000,0.441200000
1663,16.899000000,0.541200000
1664,15.958800000,0.528100000
1665,16.204200000,0.526000000
1666,19.929700000,3.066200000
1667,13.955200000,0.387000000
1668,16.065600000,0.377600000
1669,16.992200000,0.449000000
1670,16.819300000,0.415700000
1671,16.410400000,0.362500000
1672,16.947400000,0.599500000
1673,15.782300000,0.403100000
1674,17.639000000,0.540100000
1675,16.617800000,1.191700000
1676,15.976000000,0.454100000
1677,16.925500000,0.442200000
1678,16.988000000,0.539500000
1679,17.017700000,0.635900000
1680,16.095400000,0.460400000
1681,17.219700000,0.878600000
1682,16.044800000,0.428100000
1683,18.269800000,0.971400000
1684,14.889600000,0.475500000
1685,17.371900000,0.675500000
1686,16.421900000,0.706200000
1687,15.911900000,0.452600000
1688,16.725000000,0.384900000
1689,17.287500000,0.467700000
1690,16.464100000,0.490100000
1691,16.927100000,0.448000000
1692,17.219300000,0.427600000
1693,16.757800000,1.066200000
1694,16.056200000,0.614100000
1695,17.699500000,0.659900000
1696,14.940600000,0.481800000
1697,17.425000000,1.006300000
1698,16.852600000,0.453100000
1699,15.856300000,0.440100000
1700,17.293700000,0.919800000
1701,15.831800000,0.350500000
1702,16.803600000,0.420300000
1703,17.506800000,0.442200000
1704,16.147400000,0.539600000
1705,17.036500000,0.699000000
1706,15.835900000,0.310400000
1707,17.116700000,0.680800000
1708,17.065100000,0.585500000
1709,16.325000000,0.747900000
1710,17.081200000,0.638000000
1711,16.211500000,0.571900000
1712,16.681200000,0.343800000
1713,17.390700000,0.882300000
1714,18.344800000,1.296900000
1715,14.144200000,0.446800000
1716,16.655800000,0.326100000
1717,16.905700000,0.360400000
1718,16.925500000,0.496400000
1719,16.633900000,0.449400000
1720,16.466100000,1.163000000
1721,17.325500000,0.818200000
1722,18.180200000,2.537500000
1723,14.445300000,0.345900000
1724,16.705800000,0.355700000
1725,16.857800000,0.442700000
1726,16.179200000,0.428200000
1727,17.083800000,0.664100000
1728,16.482300000,0.828700000
1729,17.521400000,0.983800000
1730,16.271800000,0.810900000
1731,15.913100000,0.419700000
1732,16.913500000,0.417100000
1733,16.874000000,0.417100000
1734,16.454600000,0.562000000
1735,17.398000000,0.692200000
1736,16.039000000,0.641700000
1737,16.673500000,0.309900000
1738,17.804600000,0.838500000
1739,14.883400000,0.559400000
1740,16.945800000,0.388600000
1741,17.622400000,1.127100000
1742,15.845800000,0.500000000
1743,17.493300000,0.502600000
1744,15.735400000,0.357800000
1745,17.101500000,0.427600000
1746,16.492200000,0.569800000
1747,17.052600000,0.398900000
1748,15.948500000,0.629700000
1749,17.741100000,1.378600000
1750,15.757800000,0.387500000
1751,16.978700000,0.477600000
1752,17.071300000,0.529700000
1753,16.467700000,0.772400000
1754,15.879700000,0.464100000
1755,16.933900000,0.440100000
1756,17.199500000,0.840100000
1757,15.742700000,0.392700000
1758,17.140600000,0.569800000
1759,16.935400000,0.345800000
1760,15.806800000,0.479700000
1761,17.030700000,0.408300000
1762,16.747400000,0.379100000
1763,17.329200000,0.669300000
1764,16.416100000,0.415100000
1765,15.822900000,0.517800000
1766,16.542200000,0.269200000
1767,16.940100000,0.411900000
1768,16.873500000,0.461400000
1769,18.341100000,1.834400000
1770,16.354200000,1.013600000
1771,15.955200000,0.449000000
1772,15.771900000,0.484900000
1773,17.479100000,0.419800000
1774,15.547400000,0.270900000
1775,17.680800000,0.396900000
1776,16.101500000,0.413500000
1777,17.982300000,1.024000000
1778,15.869800000,0.466700000
1779,17.752600000,0.911500000
1780,15.220800000,0.505200000
1781,17.508400000,0.436900000
1782,16.049500000,0.508300000
1783,18.180200000,0.865100000
1784,16.090100000,1.311500000
1785,16.135400000,0.683400000
1786,16.325000000,0.540600000
1787,17.538000000,1.120800000
1788,16.404700000,0.509400000
1789,15.966100000,0.485500000
1790,16.750600000,0.389600000
1791,24.009900000,5.970300000
1792,8.595800000,0.292200000
1793,18.784900000,2.204200000
1794,15.485900000,0.810400000
1795,17.451600000,2.023000000
1796,15.682800000,0.342200000
1797,17.032300000,0.428700000
1798,17.652600000,1.836900000
1799,16.040100000,1.601100000
1800,15.975000000,0.477100000
1801,16.968200000,0.437000000
1802,15.816700000,0.404200000
1803,19.021900000,0.514500000
1804,14.782300000,0.316200000
1805,17.370300000,0.783400000
1806,16.104100000,0.366200000
1807,16.906800000,0.378600000
1808,15.985900000,0.473400000
1809,16.891200000,0.453200000
1810,16.615600000,0.302600000
1811,17.140100000,0.354700000
1812,18.301100000,2.749000000
1813,14.803100000,0.312500000
1814,16.583300000,0.288100000
1815,18.983900000,1.907300000
1816,13.705200000,0.349500000
1817,17.048900000,0.590700000
1818,16.980800000,0.507300000
1819,17.569200000,1.194800000
1820,15.586000000,0.290100000
1821,17.707800000,0.988600000
1822,16.047400000,0.590700000
1823,17.743200000,2.301100000
1824,16.439600000,1.875500000
1825,15.764100000,1.413500000
1826,16.313500000,1.020800000
1827,16.901600000,0.507800000
1828,16.133300000,0.619800000
1829,18.062000000,0.503700000
1830,17.945800000,0.938600000
1831,14.390600000,0.996800000
1832,16.612000000,0.294300000
1833,17.600500000,0.739600000
1834,15.864100000,0.469800000
1835,17.447400000,0.679200000
1836,17.268200000,1.047400000
1837,15.161500000,0.760400000
1838,16.729700000,0.350000000
1839,19.591100000,1.023500000
1840,14.953700000,1.279200000
1841,15.575500000,1.243800000
1842,16.522400000,1.053700000
1843,17.375500000,1.038500000
1844,15.957300000,0.559900000
1845,17.422900000,0.934400000
1846,15.718200000,0.350500000
1847,17.087000000,0.649500000
1848,16.494800000,0.376600000
1849,24.363000000,3.926100000
1850,8.797900000,0.425000000
1851,16.675000000,0.333400000
1852,16.533900000,0.265600000
1853,17.017700000,0.504700000
1854,17.178100000,0.721900000
1855,16.503200000,0.616100000
1856,16.103600000,0.827600000
1857,17.051000000,0.678600000
1858,15.927600000,0.477100000
1859,17.055800000,0.618800000
1860,16.970800000,0.497900000
1861,16.466700000,1.046400000
1862,16.887500000,0.565700000
1863,16.306700000,0.413000000
1864,17.035500000,0.584900000
1865,15.590600000,0.296300000
1866,17.867200000,0.556800000
1867,16.415600000,0.488000000
1868,16.131300000,0.685400000
1869,16.835900000,0.519800000
1870,16.885900000,0.520300000
1871,17.018800000,0.598000000
1872,16.395300000,0.548400000
1873,19.798900000,3.115600000
1874,13.113100000,0.571300000
1875,18.130700000,1.659900000
1876,16.171900000,0.634800000
1877,15.798400000,0.431800000
1878,17.403100000,1.028600000
1879,15.704700000,0.392100000
1880,16.836000000,0.425600000
1881,16.986900000,0.502100000
1882,17.178700000,0.759900000
1883,16.033300000,0.647400000
1884,16.824500000,0.418300000
1885,17.980700000,1.505200000
1886,15.279200000,0.825000000
1887,16.886500000,0.440100000
1888,15.854100000,0.504200000
1889,19.025000000,2.591200000
1890,16.008400000,0.648500000
1891,16.353600000,0.902600000
1892,19.356200000,2.476000000
1893,12.918300000,0.465600000
1894,16.804700000,0.410500000
1895,17.619200000,1.100000000
1896,16.240700000,0.758300000
1897,15.748400000,0.357800000
1898,17.514600000,0.998500000
1899,16.081800000,0.400000000
1900,17.223400000,0.860400000
1901,15.693200000,0.357800000
1902,17.544800000,0.926100000
1903,16.679200000,1.269800000
1904,16.076500000,0.441100000
1905,16.886500000,0.463000000
1906,16.940100000,0.425000000
1907,15.959400000,0.518300000
1908,17.163500000,0.533300000
1909,16.889100000,0.426100000
1910,18.092200000,1.201500000
1911,14.708800000,0.369800000
1912,16.813000000,0.473500000
1913,17.006300000,0.438000000
1914,16.877600000,0.433900000
1915,16.020300000,0.572900000
1916,18.181300000,0.486400000
1917,15.109300000,0.516100000
1918,17.390700000,0.846300000
1919,15.791100000,0.377100000
1920,17.262500000,0.545900000
1921,16.814600000,0.435500000
1922,15.708300000,0.312000000
1923,16.781800000,0.326000000
1924,17.421900000,1.017100000
1925,17.114000000,0.547900000
1926,16.006300000,0.510900000
1927,16.939000000,0.573400000
1928,17.284400000,1.251100000
1929,15.794300000,0.458900000
1930,17.009900000,0.694300000
1931,16.178100000,0.752600000
1932,16.815600000,0.417700000
1933,17.525000000,1.056200000
1934,16.244800000,0.584900000
1935,15.901600000,0.365600000
1936,17.579700000,1.181300000
1937,16.113000000,0.660900000
1938,17.359900000,0.864500000
1939,17.781200000,1.721400000
1940,16.017800000,1.623400000
1941,16.055700000,0.504700000
1942,15.830700000,0.431800000
1943,17.052100000,0.455200000
1944,16.901000000,0.400500000
1945,16.896900000,1.447400000
1946,15.853100000,0.414600000
1947,16.879200000,0.465100000
1948,17.795300000,0.960400000
1949,17.295800000,1.101600000
1950,15.041700000,0.559900000
1951,16.770800000,0.407800000
1952,17.689600000,1.174500000
1953,14.844800000,0.565100000
1954,17.648500000,1.096900000
1955,15.769800000,0.403100000
1956,17.972300000,1.284400000
1957,15.880300000,0.462500000
1958,16.914500000,0.467200000
1959,16.464600000,0.664000000
1960,17.146400000,0.532300000
1961,21.943700000,6.664000000
1962,11.985400000,1.518300000
1963,15.970400000,0.601500000
1964,15.716600000,0.365100000
1965,17.278700000,0.523400000
1966,17.729100000,1.285400000
1967,16.000000000,0.515600000
1968,16.156300000,0.448900000
1969,16.679200000,0.361400000
1970,17.893200000,1.581300000
1971,15.001500000,0.428600000
1972,17.096400000,0.376500000
1973,17.201600000,0.692200000
1974,15.750000000,0.316700000
1975,16.572400000,0.280800000
1976,16.593200000,0.290600000
1977,17.285400000,0.529700000
1978,16.928100000,0.500500000
1979,15.745300000,0.387500000
1980,18.476100000,1.881800000
1981,16.214000000,0.656800000
1982,16.149000000,0.434400000
1983,16.361500000,0.429200000
1984,17.236400000,0.875000000
1985,15.809400000,0.390100000
1986,17.091100000,0.620300000
1987,20.530200000,3.649500000
1988,12.838600000,0.394800000
1989,17.325500000,0.816100000
1990,15.822900000,0.430700000
1991,16.903700000,0.416700000
1992,17.634300000,1.264600000
1993,15.880300000,0.370400000
1994,15.953600000,0.579700000
1995,17.240600000,0.838000000
1996,16.927100000,0.507300000
1997,16.156300000,0.693700000
1998,16.862500000,0.392200000
1999,16.823400000,0.416700000
2000,15.905700000,0.346800000
2001,17.914600000,1.245300000
2002,15.768800000,0.392700000
2003,19.604100000,3.132800000
2004,13.870300000,0.510900000
2005,16.798000000,0.432800000
2006,17.002000000,0.454700000
2007,15.991200000,0.420400000
2008,17.892200000,1.336400000
2009,15.809300000,0.388500000
2010,17.913600000,0.806700000
2011,15.774500000,1.117200000
2012,15.898900000,0.465100000
2013,17.349500000,0.367200000
2014,16.140100000,0.716100000
2015,17.303700000,0.931200000
2016,15.858800000,0.389100000
2017,17.483900000,0.445400000
2018,16.132300000,0.461500000
2019,16.984900000,0.574500000
2020,15.648400000,0.335900000
2021,16.716700000,0.381300000
2022,17.617700000,0.962000000
2023,16.003600000,0.518300000
2024,18.263600000,1.717200000
2025,16.562500000,1.559900000
2026,16.484300000,1.109900000
2027,15.821400000,0.433400000
2028,16.855700000,0.466700000
2029,16.183900000,0.778600000
2030,16.928100000,0.520300000
2031,16.842200000,0.442700000
2032,17.600500000,0.455800000
2033,14.944300000,0.507800000
2034,17.209300000,0.693300000
2035,16.929200000,0.486500000
2036,16.999500000,1.533900000
2037,16.217200000,0.563100000
2038,18.426500000,1.384300000
2039,15.066700000,0.610900000
2040,16.133300000,0.404200000
2041,16.777100000,0.375500000
2042,16.697400000,0.329200000
2043,17.455700000,0.535400000
2044,16.538100000,1.123500000
2045,15.866600000,0.542800000
2046,17.128200000,0.687500000
2047,16.341100000,0.853700000
2048,16.963000000,0.559900000
2049,16.477600000,0.933300000
2050,17.221400000,0.783900000
2051,16.497400000,1.089100000
2052,17.553600000,1.800500000
2053,14.914600000,0.430700000
2054,16.779200000,0.394800000
2055,16.973900000,0.537000000
2056,18.477600000,0.584900000
2057,15.573000000,1.095900000
2058,15.700500000,0.374500000
2059,16.645300000,0.345300000
2060,16.555200000,0.268700000
2061,17.089600000,0.652600000
2062,17.823900000,1.354700000
2063,16.224500000,0.790100000
2064,16.377600000,0.927600000
2065,15.833400000,0.425000000
2066,16.630700000,0.315600000
2067,16.858800000,0.442200000
2068,17.523500000,1.097400000
2069,16.981700000,1.451600000
2070,16.617200000,1.021300000
2071,16.286000000,0.826500000
2072,17.487000000,2.015600000
2073,15.015100000,0.429700000
2074,16.696300000,0.350000000
2075,17.078700000,0.637500000
2076,16.976000000,0.567800000
2077,15.820800000,0.454700000
2078,16.774500000,0.470800000
2079,17.012500000,0.654200000
2080,16.729200000,0.373400000
2081,17.030200000,0.395900000
2082,15.925000000,0.462000000
2083,16.874500000,0.463600000
2084,16.656700000,0.351600000
2085,16.950000000,0.572900000
2086,15.890700000,0.458300000
2087,17.119200000,0.602100000
2088,16.643300000,0.320300000
2089,16.653600000,0.375000000
2090,17.052600000,0.622400000
2091,16.006800000,0.453100000
2092,16.864000000,0.523400000
2093,17.217800000,0.877600000
2094,16.063500000,0.566100000
2095,16.770300000,0.382300000
2096,16.731800000,0.389600000
2097,17.035400000,0.696900000
2098,15.658300000,0.332800000
2099,16.812000000,0.497400000
2100,16.959400000,0.415100000
2101,17.616600000,1.113500000
2102,15.927700000,0.480700000
2103,16.850000000,0.438600000
2104,17.598900000,1.226000000
2105,15.653700000,0.310400000
2106,17.209900000,0.878100000
2107,15.806200000,0.437000000
2108,17.107800000,0.575600000
2109,16.348500000,0.408400000
2110,16.852000000,0.440600000
2111,16.900000000,0.399500000
2112,16.238600000,0.380200000
2113,17.441600000,0.776000000
2114,15.858900000,0.429200000
2115,16.868700000,0.457800000
2116,16.950600000,0.516700000
2117,16.076500000,0.568700000
2118,16.888100000,0.361900000
2119,17.188500000,0.622300000
2120,16.061500000,0.635400000
2121,17.030200000,0.538000000
2122,16.956700000,0.533300000
2123,16.004700000,0.482300000
2124,16.762500000,0.401000000
2125,21.084400000,4.645300000
2126,11.934900000,0.458900000
2127,16.958800000,0.562500000
2128,16.720400000,0.380800000
2129,16.903600000,0.430700000
2130,17.177600000,0.451600000
2131,15.643800000,0.319800000
2132,16.921800000,0.483300000
2133,17.519300000,0.889100000
2134,16.071400000,0.671300000
2135,17.235900000,0.503100000
2136,15.590100000,0.293700000
2137,16.956200000,0.504700000
2138,17.015700000,0.500000000
2139,16.346800000,0.539500000
2140,16.861000000,0.448500000
2141,16.147900000,0.579100000
2142,16.683300000,0.320400000
2143,16.795900000,0.403200000
2144,17.260400000,0.863600000
2145,15.857800000,0.392700000
2146,16.691700000,0.351600000
2147,16.882300000,0.542200000
2148,16.986400000,0.619300000
2149,16.774500000,0.389600000
2150,17.467200000,0.883900000
2151,18.233800000,0.314600000
2152,13.536000000,0.270800000
2153,16.654100000,0.344800000
2154,17.076100000,0.330700000
2155,17.352100000,0.995300000
2156,15.593200000,0.287000000
2157,16.927600000,0.464600000
2158,17.375000000,0.942200000
2159,17.162500000,1.521400000
2160,15.897900000,0.453700000
2161,17.318800000,0.418800000
2162,16.188000000,0.764100000
2163,16.439600000,0.526500000
2164,17.401500000,0.904200000
2165,16.281300000,0.778100000
2166,16.563000000,0.479700000
2167,16.364600000,1.002100000
2168,16.767700000,0.342700000
2169,16.820800000,0.515600000
2170,17.937500000,1.841600000
2171,14.730200000,0.400000000
2172,16.564100000,0.292200000
2173,16.763000000,0.402600000
2174,16.856800000,0.434400000
2175,16.928600000,0.513000000
2176,17.175000000,0.738000000
2177,16.878200000,1.449400000
2178,15.939000000,0.443700000
2179,16.541700000,0.260900000
2180,16.760900000,0.405700000
2181,17.418800000,0.558300000
2182,15.957300000,0.434900000
2183,17.219200000,0.720300000
2184,16.721900000,1.255700000
2185,15.831800000,0.431300000
2186,16.996900000,0.567700000
2187,16.256700000,0.616100000
2188,16.831800000,0.433400000
2189,17.165100000,0.524000000
2190,17.263500000,0.725500000
2191,15.921900000,0.433300000
2192,15.855800000,0.449400000
2193,17.247900000,0.665100000
2194,16.803100000,0.429700000
2195,15.925000000,0.472400000
2196,16.866700000,0.404100000
2197,17.210400000,0.663000000
2198,15.965100000,0.504700000
2199,17.437000000,0.420800000
2200,15.670800000,0.352600000
2201,17.789600000,0.483300000
2202,16.240600000,0.401100000
2203,16.987500000,0.524000000
2204,16.289600000,0.864100000
2205,16.897900000,0.457300000
2206,16.825500000,0.480700000
2207,15.635400000,0.340700000
2208,17.169800000,0.441600000
2209,16.996900000,0.466200000
2210,16.966700000,0.571800000
2211,16.256700000,0.712000000
2212,16.730800000,0.361000000
2213,16.694200000,0.344200000
2214,16.798000000,0.425000000
2215,16.203600000,0.663600000
2216,17.052600000,0.453600000
2217,16.680700000,0.351600000
2218,17.071900000,0.744800000
2219,15.688000000,0.376600000
2220,16.699000000,0.368200000
2221,16.708300000,0.388500000
2222,16.957300000,0.476600000
2223,17.138000000,0.558800000
2224,16.009400000,0.413500000
2225,17.335400000,0.791100000
2226,15.994300000,0.410400000
2227,17.056300000,0.491100000
2228,18.779600000,1.918200000
2229,14.028200000,0.352000000
2230,17.358300000,1.039100000
2231,15.768700000,0.411400000
2232,17.271900000,0.591200000
2233,16.937500000,0.502100000
2234,15.900000000,0.405700000
2235,17.053700000,0.462500000
2236,17.188500000,0.663000000
2237,16.103700000,0.712500000
2238,17.091600000,0.565100000
2239,15.931300000,0.530700000
2240,16.724500000,0.368700000
2241,17.184800000,0.457800000
2242,18.233400000,1.841200000
2243,15.294300000,0.517200000
2244,17.098900000,0.459900000
2245,15.697400000,0.355200000
2246,17.077600000,0.701600000
2247,17.183900000,0.498900000
2248,25.492200000,9.125000000
2249,14.745300000,6.790100000
2250,12.616600000,0.972900000
2251,12.810400000,0.305200000
2252,16.917200000,0.418200000
2253,16.568800000,0.319800000
2254,17.417200000,0.817700000
2255,16.417700000,1.037500000
2256,19.602100000,0.587500000
2257,13.013500000,0.703600000
2258,16.707800000,0.355700000
2259,18.032800000,1.094800000
2260,15.990100000,0.668800000
2261,16.324000000,1.017700000
2262,16.807800000,0.388500000
2263,18.162000000,2.679600000
2264,14.883800000,0.432300000
2265,18.277600000,0.835400000
2266,14.739600000,0.342700000
2267,17.158900000,0.736000000
2268,16.706200000,0.355200000
2269,16.968800000,0.522900000
2270,15.920300000,0.451100000
2271,17.121300000,0.444200000
2272,16.881800000,0.500500000
2273,15.953700000,0.522900000
2274,16.825500000,0.459900000
2275,17.035400000,0.674500000
2276,17.143800000,0.414600000
2277,16.968700000,0.445300000
2278,15.720300000,0.370800000
2279,16.975000000,0.421900000
2280,15.859900000,0.333300000
2281,17.115100000,0.739600000
2282,16.827100000,0.407800000
2283,17.715100000,1.197900000
2284,16.239600000,0.587500000
2285,16.011400000,0.503600000
2286,17.066200000,0.548000000
2287,16.501600000,0.784300000
2288,16.361900000,0.949500000
2289,16.966200000,0.523000000
2290,16.261400000,0.524500000
2291,16.918800000,0.445300000
2292,16.681800000,0.348500000
2293,16.690100000,0.352600000
2294,15.853100000,0.476600000
2295,17.575000000,0.882800000
2296,16.066700000,0.470800000
2297,17.413000000,0.589000000
2298,16.018200000,0.338500000
2299,16.788000000,0.366600000
2300,16.627100000,0.271300000
2301,16.996400000,0.384300000
2302,16.140600000,0.600500000
2303,20.440600000,2.171300000
2304,13.049500000,0.486500000
2305,16.976000000,0.464600000
2306,17.549000000,0.803200000
2307,16.042700000,0.441700000
2308,15.982300000,0.622400000
2309,17.555700000,1.266200000
2310,15.890100000,0.396300000
2311,17.046900000,0.497400000
2312,17.054700000,1.543300000
2313,15.915600000,0.522400000
2314,16.708900000,0.362000000
2315,16.845300000,0.348400000
2316,18.687500000,2.257300000
2317,15.031200000,0.536500000
2318,16.332300000,0.859400000
2319,19.158900000,2.724400000
2320,13.702100000,0.353100000
2321,16.863000000,0.468300000
2322,16.723400000,0.319200000
2323,17.473500000,0.870800000
2324,16.012500000,0.544200000
2325,16.886400000,0.454200000
2326,15.890100000,0.470800000
2327,17.794800000,1.242200000
2328,16.051600000,0.418200000
2329,20.056200000,2.912500000
2330,12.739100000,0.449500000
2331,16.622400000,0.302100000
2332,16.870300000,0.439100000
2333,17.148900000,0.489100000
2334,16.865700000,0.450000000
2335,15.927100000,0.465700000
2336,16.734900000,0.358300000
2337,17.253100000,0.732900000
2338,16.098400000,0.428100000
2339,16.613600000,0.319800000
2340,18.041100000,0.807800000
2341,15.783900000,0.419300000
2342,17.219700000,0.588100000
2343,15.904200000,0.426600000
2344,17.470300000,1.036500000
2345,15.729700000,0.367800000
2346,16.807300000,0.407300000
2347,16.972900000,0.420300000
2348,16.222900000,0.783300000
2349,18.837500000,2.304700000
2350,14.641200000,0.316700000
2351,17.280200000,0.699500000
2352,16.031200000,0.465100000
2353,17.413100000,0.826500000
2354,15.726000000,0.359400000
2355,16.820800000,0.459900000
2356,17.052100000,0.596900000
2357,15.998500000,0.487500000
2358,17.637500000,1.040600000
2359,19.522900000,3.222900000
2360,12.996300000,0.469800000
2361,16.734900000,0.369800000
2362,16.653700000,0.327600000
2363,16.619800000,0.327600000
2364,16.752000000,0.402100000
2365,18.816200000,1.619300000
2366,15.365100000,0.897400000
2367,15.939100000,0.496300000
2368,16.758800000,0.382300000
2369,17.701100000,1.047400000
2370,15.990600000,0.483400000
2371,16.210400000,0.500000000
2372,17.606200000,0.660400000
2373,16.246900000,0.702700000
2374,15.827100000,0.399500000
2375,17.656800000,1.162000000
2376,16.348900000,0.659400000
2377,15.813600000,0.394800000
2378,16.716100000,0.366100000
2379,17.338000000,0.767700000
2380,16.908900000,0.465100000
2381,15.890600000,0.497900000
2382,17.021900000,0.394300000
2383,16.927600000,0.421400000
2384,15.982300000,0.516700000
2385,18.405200000,1.289100000
2386,15.473400000,0.690700000
2387,16.699500000,0.359300000
2388,16.732300000,0.380700000
2389,19.429200000,2.458300000
2390,13.729700000,0.372900000
2391,16.955700000,0.493200000
2392,15.654700000,0.318200000
2393,17.264600000,0.717700000
2394,16.722900000,0.334400000
2395,16.926500000,0.617200000
2396,15.655800000,0.327600000
2397,17.317200000,0.453200000
2398,17.500500000,1.018200000
2399,17.240100000,0.782300000
2400,15.666600000,0.613000000
2401,16.970900000,0.602100000
2402,16.059400000,0.559400000
2403,16.909900000,0.504700000
2404,15.777000000,0.376500000
2405,16.731800000,0.427100000
2406,17.333300000,0.344300000
2407,17.018300000,0.657800000
2408,16.105200000,0.333300000
2409,16.827600000,0.429700000
2410,17.420300000,0.946900000
2411,16.192700000,0.624500000
2412,16.022900000,0.383800000
2413,16.792200000,0.394300000
2414,17.280200000,0.609900000
2415,16.857800000,0.986000000
2416,16.419300000,0.502600000
2417,16.052100000,0.442200000
2418,16.844800000,0.372400000
2419,17.439600000,0.825600000
2420,16.054100000,0.438500000
2421,17.227100000,0.825000000
2422,15.567200000,0.277600000
2423,16.651600000,0.334400000
2424,17.226000000,0.480200000
2425,16.832800000,0.437000000
2426,15.980200000,0.478100000
2427,17.337500000,0.768300000
2428,17.252100000,0.772400000
2429,15.707800000,0.381800000
2430,17.151100000,0.650000000
2431,15.800500000,0.438500000
2432,16.760400000,0.372400000
2433,17.228600000,0.518300000
2434,17.493800000,1.085900000
2435,16.592700000,0.931300000
2436,16.049000000,0.545800000
2437,16.366600000,0.982800000
2438,16.933900000,0.475500000
2439,17.639000000,1.199500000
2440,15.991200000,0.603700000
2441,16.673900000,1.169300000
2442,16.307300000,0.688500000
2443,16.800000000,0.401100000
2444,16.658900000,0.611900000
2445,16.337000000,0.766600000
2446,16.778100000,0.301600000
2447,17.096300000,0.627100000
2448,16.913600000,1.410400000
2449,16.613000000,0.949500000
2450,15.831800000,0.400500000
2451,17.055700000,0.613600000
2452,16.394300000,0.457300000
2453,17.460900000,0.819800000
2454,19.161500000,1.139600000
2455,13.511400000,0.981300000
2456,17.312000000,0.858300000
2457,16.583900000,1.087500000
2458,16.182800000,0.357900000
2459,15.625000000,0.253100000
2460,18.303100000,0.818300000
2461,15.953700000,0.496800000
2462,16.823400000,0.427600000
2463,18.920300000,2.260500000
2464,13.767700000,0.373400000
2465,16.754700000,0.464000000
2466,17.002600000,0.408300000
2467,17.223400000,0.757300000
2468,16.229200000,0.829700000
2469,17.614100000,0.928600000
2470,16.581700000,0.514000000
2471,15.652600000,0.318300000
2472,20.538600000,1.859400000
2473,12.656200000,0.332800000
2474,16.998500000,0.556800000
2475,16.683800000,0.344700000
2476,16.904200000,0.561500000
2477,16.353600000,0.895300000
2478,17.894300000,0.405700000
2479,18.825000000,4.563000000
2480,12.587000000,0.325500000
2481,16.963000000,0.444300000
2482,16.835900000,0.424000000
2483,16.974500000,0.360400000
2484,17.096400000,0.663000000
2485,16.052600000,0.485400000
2486,17.051000000,0.494300000
2487,16.099000000,0.456800000
2488,17.748400000,1.010900000
2489,15.990600000,0.462500000
2490,17.308400000,0.618300000
2491,16.293700000,0.793800000
2492,16.315100000,0.857300000
2493,16.664600000,0.329200000
2494,16.938600000,0.531700000
2495,16.086400000,0.608900000
2496,16.898500000,0.440600000
2497,16.881700000,0.438500000
2498,16.781800000,1.459900000
2499,15.826000000,0.367700000
2500,17.147400000,0.741100000
2501,16.875000000,0.428100000
2502,16.892700000,0.570800000
2503,15.640100000,0.317700000
2504,17.783400000,1.099400000
2505,16.432300000,0.917700000
2506,16.081700000,0.364600000
2507,17.114600000,0.605200000
2508,17.199500000,0.864600000
2509,15.694800000,0.372400000
2510,17.118200000,0.720900000
2511,16.693300000,0.344800000
2512,16.046800000,0.673400000
2513,16.847900000,0.543200000
2514,17.233400000,0.768300000
2515,15.850500000,0.440600000
2516,17.092200000,0.467200000
2517,16.976000000,0.491100000
2518,16.044800000,0.402100000
2519,17.321900000,0.863500000
2520,16.501000000,0.396300000
2521,18.299000000,1.579200000
2522,15.279700000,0.856800000
2523,15.912000000,0.352000000
2524,16.925500000,0.471400000
2525,17.061400000,0.523900000
2526,18.078200000,1.427600000
2527,14.868200000,0.467700000
2528,16.793700000,0.400000000
2529,17.111500000,0.441700000
2530,16.098400000,0.427600000
2531,17.924500000,0.344800000
2532,15.894300000,0.496300000
2533,15.930200000,0.555700000
2534,16.741100000,0.391600000
2535,16.752700000,0.380200000
2536,16.865100000,0.509300000
2537,16.770800000,0.358900000
2538,17.265100000,0.723400000
2539,15.937500000,0.457800000
2540,18.607300000,0.802600000
2541,15.116100000,0.730200000
2542,16.792700000,1.412000000
2543,17.563600000,2.032800000
2544,15.143200000,0.455700000
2545,16.813600000,0.355700000
2546,16.846800000,0.355200000
2547,18.003200000,1.688000000
2548,15.043700000,0.614600000
2549,17.062500000,0.486400000
2550,16.967200000,0.664600000
2551,15.698900000,0.327100000
2552,17.225600000,0.658300000
2553,17.445300000,0.590600000
2554,16.164600000,0.722400000
2555,15.510400000,0.254100000
2556,17.051500000,0.402600000
2557,16.964100000,0.563000000
2558,17.277600000,0.927100000
2559,15.686500000,0.304200000
2560,16.934900000,0.466700000
2561,17.361400000,0.821400000
2562,17.087000000,0.697400000
2563,15.799500000,0.449000000
2564,17.389600000,0.777100000
2565,16.198400000,0.526100000
2566,15.962000000,0.424000000
2567,16.858800000,0.538500000
2568,17.420300000,1.078600000
2569,19.047400000,0.869800000
2570,13.965100000,0.502600000
2571,18.684900000,0.400000000
2572,14.779200000,1.114600000
2573,15.964600000,0.443800000
2574,16.709400000,0.357800000
2575,17.601500000,1.023400000
2576,15.863100000,0.452000000
2577,16.636400000,0.316600000
2578,16.765100000,0.375000000
2579,18.601600000,1.085900000
2580,16.896300000,1.046900000
2581,14.801600000,0.478100000
2582,19.038500000,3.121300000
2583,13.661500000,0.339600000
2584,16.743700000,0.328200000
2585,16.720400000,0.379200000
2586,17.344700000,0.853600000
2587,15.866700000,0.423400000
2588,16.818200000,0.410900000
2589,17.923500000,1.472400000
2590,16.075000000,0.583400000
2591,16.039600000,0.677000000
2592,17.006200000,0.462000000
2593,16.876100000,0.443200000
2594,17.010400000,1.561400000
2595,15.851500000,0.522900000
2596,17.323500000,0.897900000
2597,16.083800000,0.598900000
2598,18.549000000,0.524000000
2599,14.959400000,0.433900000
2600,16.818200000,0.422900000
2601,16.770800000,1.052600000
2602,16.172900000,0.742700000
2603,17.352600000,0.674000000
2604,15.900600000,0.420900000
2605,16.952000000,0.419700000
2606,16.922400000,0.423900000
2607,16.308900000,0.601600000
2608,17.302600000,0.517700000
2609,15.602100000,0.310900000
2610,17.394800000,0.724500000
2611,15.859400000,0.427100000
2612,17.159800000,0.439000000
2613,16.985500000,0.485900000
2614,16.114500000,0.406200000
2615,17.092200000,0.482800000
2616,16.461500000,0.631700000
2617,17.008300000,0.639600000
2618,15.920300000,0.464600000
2619,17.462500000,0.379700000
2620,15.823000000,0.375000000
2621,16.554600000,0.265100000
2622,17.118300000,0.496300000
2623,16.810900000,0.430200000
2624,16.315600000,0.675500000
2625,16.866700000,0.432800000
2626,16.847400000,0.421400000
2627,16.903600000,0.348900000
2628,16.304700000,0.422400000
2629,16.647400000,0.328100000
2630,16.595300000,0.306800000
2631,16.829700000,0.522400000
2632,21.606300000,2.345400000
2633,11.971300000,0.581800000
2634,15.843300000,0.356800000
2635,16.983300000,0.657300000
2636,16.674500000,0.365100000
2637,17.118200000,0.502100000
2638,16.417200000,0.712500000
2639,16.943700000,0.429700000
2640,16.494300000,0.426000000
2641,17.229700000,0.765100000
2642,15.687500000,0.353100000
2643,16.616700000,0.309900000
2644,16.621800000,0.325600000
2645,17.020900000,0.711500000
2646,16.997400000,0.514000000
2647,16.118200000,0.495900000
2648,17.121400000,0.681200000
2649,17.343200000,0.988000000
2650,15.720300000,0.338000000
2651,17.654200000,0.347900000
2652,16.244800000,0.748900000
2653,15.692100000,0.338500000
2654,16.650600000,0.369300000
2655,17.382800000,0.592100000
2656,17.006200000,0.614100000
2657,15.920900000,0.504100000
2658,16.872900000,0.379700000
2659,16.809300000,0.479600000
2660,16.756300000,0.344300000
2661,16.781200000,0.424400000
2662,16.177700000,0.436400000
2663,16.848900000,0.343700000
2664,17.614600000,1.123900000
2665,15.900500000,0.460400000
2666,17.357300000,0.995300000
2667,15.844800000,0.449500000
2668,17.827600000,1.303100000
2669,14.737000000,0.366700000
2670,17.946300000,0.527600000
2671,15.859900000,0.454700000
2672,16.773500000,0.391100000
2673,17.422400000,0.942100000
2674,15.862500000,0.440600000
2675,16.795300000,0.387500000
2676,17.004100000,0.483300000
2677,16.041700000,0.438500000
2678,16.893200000,0.463500000
2679,16.592200000,0.299400000
2680,17.701100000,1.269700000
2681,15.941100000,0.440100000
2682,17.167700000,0.458400000
2683,16.673500000,0.739600000
2684,15.876500000,0.451000000
2685,16.702100000,0.363500000
2686,16.921900000,0.491200000
2687,18.007800000,0.700000000
2688,15.228100000,0.331200000
2689,17.473500000,1.142200000
2690,15.999400000,0.535400000
2691,16.712000000,0.388000000
2692,16.606300000,0.352600000
2693,16.887500000,0.488000000
2694,18.829700000,1.371400000
2695,13.905700000,0.453700000
2696,16.895800000,0.275000000
2697,16.617700000,0.298400000
2698,17.157300000,0.668800000
2699,16.617700000,0.754700000
2700,16.513000000,0.428600000
2701,16.237500000,0.876100000
2702,16.794800000,0.404200000
2703,17.518300000,1.168200000
2704,19.208300000,2.623000000
2705,12.687000000,0.349000000
2706,17.435400000,0.514500000
2707,16.930200000,0.468800000
2708,16.645300000,1.139100000
2709,15.904700000,0.452100000
2710,17.807300000,0.838100000
2711,16.239100000,0.439600000
2712,17.160400000,1.229700000
2713,15.910900000,0.467700000
2714,16.990600000,0.553200000
2715,16.611500000,0.908300000
2716,15.964100000,0.476500000
2717,17.045800000,0.502100000
2718,17.122900000,0.695400000
2719,15.857800000,0.525500000
2720,16.915100000,0.448900000
2721,16.999000000,0.504200000
2722,16.520800000,0.513000000
2723,16.782300000,0.398400000
2724,16.662500000,0.407800000
2725,16.623400000,0.321300000
2726,16.802600000,0.456700000
2727,16.214100000,0.376000000
2728,16.769800000,0.345300000
2729,17.446900000,0.854700000
2730,18.062000000,1.871400000
2731,14.836400000,0.433800000
2732,16.179700000,0.777100000
2733,16.795800000,0.453100000
2734,17.327100000,0.494300000
2735,16.064600000,0.711500000
2736,17.113000000,0.750500000
2737,16.486000000,0.960900000
2738,16.017700000,0.551000000
2739,21.635900000,0.416100000
2740,11.788500000,0.402600000
2741,17.315200000,0.675500000
2742,15.985400000,0.386500000
2743,17.426500000,0.631800000
2744,15.818300000,0.413500000
2745,17.082800000,0.675000000
2746,16.815600000,0.471400000
2747,16.975500000,0.416700000
2748,22.563000000,6.775000000
2749,10.434900000,0.514600000
2750,17.066200000,0.488000000
2751,15.694300000,0.310400000
2752,16.822300000,0.338100000
2753,17.428200000,0.879700000
2754,16.442200000,0.685400000
2755,15.968200000,0.461000000
2756,16.896900000,0.443200000
2757,18.288000000,1.275000000
2758,14.959400000,0.322400000
2759,17.001000000,0.325000000
2760,16.912500000,0.546400000
2761,15.845800000,0.444800000
2762,17.006300000,0.530200000
2763,16.841100000,0.439000000
2764,17.740700000,1.279200000
2765,17.066100000,0.843700000
2766,14.842200000,0.339100000
2767,17.163000000,0.325500000
2768,16.707300000,0.389600000
2769,16.725000000,0.420300000
2770,17.069800000,0.601000000
2771,16.347400000,0.939600000
2772,16.681800000,0.772900000
2773,16.215600000,0.707300000
2774,17.725000000,1.304700000
2775,15.691100000,0.313000000
2776,16.990700000,0.563000000
2777,15.886400000,0.385900000
2778,18.632300000,1.140100000
2779,15.639100000,1.029100000
2780,17.109300000,0.707800000
2781,16.334400000,0.471900000
2782,15.646400000,0.335400000
2783,17.196800000,0.372400000
2784,16.908900000,0.495900000
2785,16.101600000,0.647400000
2786,16.757800000,0.387000000
2787,17.982800000,1.011000000
2788,16.550500000,1.234400000
2789,16.676600000,1.067100000
2790,16.297900000,0.388600000
2791,16.257300000,0.321400000
2792,15.882300000,0.562000000
2793,16.977600000,0.393300000
2794,16.859900000,0.480200000
2795,16.833300000,0.430700000
2796,16.684400000,0.363000000
2797,16.800000000,0.419800000
2798,17.742200000,0.477100000
2799,17.325000000,0.605200000
2800,15.204700000,0.911000000
2801,16.046800000,0.328100000
2802,16.796400000,0.426500000
2803,16.782300000,0.405800000
2804,17.804700000,0.905200000
2805,15.249400000,0.575500000
2806,18.030800000,1.631800000
2807,16.990100000,2.566600000
2808,14.932800000,0.595300000
2809,17.393200000,0.942700000
2810,15.874500000,0.439600000
2811,17.364100000,0.417200000
2812,16.267700000,0.898900000
2813,19.403100000,2.442700000
2814,15.985400000,2.637500000
2815,14.670800000,0.364100000
2816,16.881300000,0.392700000
2817,18.825500000,0.761000000
2818,13.966700000,0.495300000
2819,17.130700000,0.406800000
2820,19.051100000,2.979100000
2821,14.314000000,0.392700000
2822,15.728700000,0.388600000
2823,18.895300000,0.555200000
2824,16.561400000,2.130200000
2825,14.796900000,0.418200000
2826,19.413000000,2.471400000
2827,14.070900000,0.624400000
2828,17.814000000,1.440100000
2829,16.202100000,0.788000000
2830,15.822900000,0.419200000
2831,19.607800000,3.214100000
2832,13.710500000,0.375500000
2833,17.391100000,0.323900000
2834,16.705200000,1.347400000
2835,17.362000000,1.646900000
2836,16.059900000,0.734900000
2837,16.150000000,0.772900000
2838,19.543200000,2.679700000
2839,15.717700000,1.556800000
2840,14.714600000,0.353600000
2841,17.069800000,0.621900000
2842,15.796300000,0.326000000
2843,16.965200000,0.546300000
2844,17.018200000,0.584900000
2845,16.827100000,0.420400000
2846,15.829100000,0.405200000
2847,18.221400000,0.843700000
2848,17.091100000,1.530700000
2849,14.924500000,0.544800000
2850,17.952600000,0.593700000
2851,16.499000000,0.424400000
2852,15.945800000,0.298900000
2853,16.705200000,0.333300000
2854,16.646400000,0.309400000
2855,16.914000000,0.547900000
2856,16.025600000,0.430200000
2857,17.385900000,0.380700000
2858,16.095300000,0.571900000
2859,16.910400000,0.478100000
2860,16.627600000,0.307300000
2861,17.164600000,0.650000000
2862,16.549000000,0.656800000
2863,15.746800000,0.393300000
2864,16.901600000,0.484400000
2865,16.822400000,0.414100000
2866,16.822400000,0.408300000
2867,16.919800000,0.413100000
2868,16.231800000,0.521300000
2869,17.297400000,0.744200000
2870,15.951000000,0.455200000
2871,17.990600000,1.633900000
2872,15.892200000,0.493800000
2873,16.775000000,1.070300000
2874,16.165600000,0.496900000
2875,17.027600000,0.672400000
2876,16.000600000,0.629700000
2877,16.848900000,0.429200000
2878,16.915600000,0.455700000
2879,16.758900000,0.392700000
2880,17.011500000,0.538000000
2881,18.064500000,1.812500000
2882,14.769300000,0.387000000
2883,17.089600000,0.514600000
2884,15.807800000,0.308900000
2885,17.137000000,0.667200000
2886,16.744800000,0.376600000
2887,17.468200000,1.127600000
2888,15.820800000,0.335400000
2889,17.299000000,0.678200000
2890,15.966700000,0.597400000
2891,17.007800000,0.413000000
2892,16.170800000,0.525000000
2893,17.589600000,1.124400000
2894,16.265100000,0.661000000
2895,16.314600000,0.478700000
2896,17.783300000,1.459400000
2897,16.588000000,0.683300000
2898,16.137000000,0.473500000
2899,16.225500000,0.664600000
2900,16.769300000,0.378600000
2901,16.884900000,0.418200000
2902,15.981800000,0.483400000
2903,16.927600000,0.511000000
2904,17.289000000,0.832300000
2905,15.921900000,0.506800000
2906,16.855200000,0.425000000
2907,16.984900000,0.633300000
2908,15.982300000,0.520800000
2909,16.699500000,0.366700000
2910,17.318700000,0.492700000
2911,16.168300000,0.759300000
2912,16.977600000,0.528600000
2913,16.971800000,0.509900000
2914,15.706300000,0.350500000
2915,16.948400000,0.406700000
2916,16.930200000,0.505200000
2917,16.863100000,0.451600000
2918,16.128600000,0.709900000
2919,17.319800000,0.817700000
2920,15.977600000,0.522400000
2921,17.289100000,0.469200000
2922,16.373400000,0.469300000
2923,17.037000000,0.670900000
2924,15.811400000,0.431700000
2925,17.304200000,0.731300000
2926,18.155200000,1.653700000
2927,15.852100000,1.439100000
2928,16.138500000,0.521300000
2929,15.915700000,0.445300000
2930,16.935400000,0.534300000
2931,17.062000000,0.549500000
2932,16.571800000,1.038500000
2933,16.823000000,0.444700000
2934,16.633300000,0.461400000
2935,15.927600000,0.473500000
2936,20.403600000,3.801600000
2937,12.707800000,0.323500000
2938,16.800600000,0.428700000
2939,18.365100000,1.884400000
2940,16.188500000,0.675000000
2941,17.542700000,1.828100000
2942,14.965600000,0.587000000
2943,16.727100000,0.330200000
2944,16.837000000,0.418200000
2945,17.109400000,0.498500000
2946,16.981800000,1.130200000
2947,16.047400000,0.536500000
2948,17.225000000,0.737500000
2949,18.069700000,0.342100000
2950,15.181800000,0.525000000
2951,15.959900000,0.573400000
2952,18.318800000,0.734400000
2953,16.424400000,2.031800000
2954,14.972400000,0.515600000
2955,16.716200000,0.368800000
2956,16.869300000,0.457800000
2957,16.909800000,0.443800000
2958,16.924500000,0.494800000
2959,16.065100000,0.470300000
2960,17.099000000,0.667200000
2961,16.160400000,0.456800000
2962,16.717700000,0.338500000
2963,17.151100000,0.655300000
2964,16.319200000,0.491100000
2965,16.953700000,0.490700000
2966,15.838500000,0.432300000
2967,18.059900000,1.218200000
2968,16.260400000,0.853100000
2969,15.620300000,0.309400000
2970,17.811500000,1.092200000
2971,15.921400000,0.529200000
2972,16.931200000,0.486500000
2973,16.983300000,0.502600000
2974,16.038600000,0.617700000
2975,16.922900000,0.531800000
2976,17.327600000,0.754700000
2977,16.067700000,0.474000000
2978,17.170800000,0.813500000
2979,15.761500000,0.365600000
2980,17.332800000,0.817200000
2981,16.202600000,0.804700000
2982,17.365600000,0.545300000
2983,16.221900000,0.733800000
2984,16.922900000,0.493200000
2985,15.924500000,0.394200000
2986,16.962500000,0.443200000
2987,16.858900000,0.428700000
2988,17.251000000,0.807800000
2989,16.776000000,1.007800000
2990,15.982300000,0.489600000
2991,18.192700000,0.334400000
2992,14.695400000,0.367800000
2993,16.757800000,0.436500000
2994,16.933300000,0.442700000
2995,17.324500000,0.752600000
2996,16.067200000,0.497400000
2997,17.088000000,0.460400000
2998,15.885400000,0.462500000
2999,17.209400000,0.418200000
3000,16.717700000,0.993200000
3001,15.840100000,0.426000000
3002,17.542200000,1.117100000
3003,16.031200000,0.350000000
3004,17.004200000,0.544300000
3005,17.060900000,0.306800000
3006,16.134400000,0.522900000
3007,16.986000000,0.441600000
3008,16.933800000,0.504200000
3009,16.187500000,0.691700000
3010,17.513000000,0.810400000
3011,15.932300000,0.371400000
3012,16.976100000,0.395800000
3013,16.000500000,0.495900000
3014,16.800500000,0.397400000
3015,16.833300000,0.361900000
3016,17.252100000,0.796900000
3017,16.061500000,0.591100000
3018,17.007800000,0.532200000
3019,15.977100000,0.485400000
3020,16.870300000,0.422400000
3021,16.945300000,0.549000000
3022,17.852100000,0.503700000
3023,14.984400000,0.595900000
3024,16.753100000,0.382900000
3025,18.313000000,1.648000000
3026,15.178600000,0.677100000
3027,16.812500000,0.448400000
3028,17.003200000,0.602000000
3029,15.649500000,0.348500000
3030,17.601000000,0.997400000
3031,16.024500000,0.614100000
3032,17.021300000,0.275000000
3033,16.696900000,0.361500000
3034,16.917700000,0.515600000
3035,16.016200000,0.587500000
3036,16.782800000,0.394200000
3037,17.628100000,1.040600000
3038,15.904200000,0.503100000
3039,16.822400000,0.381300000
3040,17.042100000,0.530700000
3041,15.963600000,0.455200000
3042,17.011400000,0.546900000
3043,16.952600000,0.490100000
3044,16.034900000,0.608900000
3045,16.346900000,0.363000000
3046,17.115100000,0.761000000
3047,16.806300000,0.403700000
3048,17.005200000,0.514100000
3049,16.083800000,0.531300000
3050,16.920900000,0.475500000
3051,16.907300000,0.563000000
3052,16.163000000,0.620800000
3053,17.077100000,0.502100000
3054,16.602000000,0.567200000
3055,17.059900000,0.414600000
3056,16.917800000,1.484400000
3057,15.785900000,0.407300000
3058,17.448400000,0.894800000
3059,15.821400000,0.381300000
3060,16.851500000,0.406200000
3061,16.944800000,0.484900000
3062,15.851100000,0.407300000
3063,17.207800000,0.543200000
3064,17.359400000,0.827600000
3065,16.104700000,0.800000000
3066,16.455200000,0.538500000
3067,16.773400000,0.399500000
3068,16.585900000,0.296400000
3069,16.687500000,0.362500000
3070,17.204700000,0.796300000
3071,15.900500000,0.500000000
3072,17.379200000,0.892700000
3073,15.840100000,0.523400000
3074,16.613000000,0.289600000
3075,19.489600000,0.349400000
3076,14.258900000,0.683400000
3077,16.628600000,0.284300000
3078,17.127100000,0.411000000
3079,16.260900000,0.765200000
3080,16.990100000,0.506200000
3081,15.980800000,0.373500000
3082,17.514000000,0.609900000
3083,15.961500000,0.518300000
3084,17.027600000,0.545800000
3085,17.044800000,0.638100000
3086,16.147900000,0.707300000
3087,18.125000000,0.792200000
3088,15.053700000,0.451500000
3089,16.990100000,0.460900000
3090,16.164500000,0.545800000
3091,16.934900000,0.528600000
3092,16.844800000,0.433900000
3093,17.953200000,1.511000000
3094,14.854100000,0.419800000
3095,16.813600000,0.455200000
3096,16.968700000,0.358900000
3097,16.683300000,0.294200000
3098,16.948500000,0.502600000
3099,16.578600000,0.753100000
3100,16.677600000,1.262500000
3101,15.733400000,0.427600000
3102,19.448400000,0.394300000
3103,14.826000000,0.443200000
3104,15.947400000,0.534400000
3105,17.083900000,0.526600000
3106,16.809900000,0.423500000
3107,17.031800000,0.600600000
3108,17.747900000,1.938000000
3109,14.950500000,0.487000000
3110,16.894800000,0.545300000
3111,16.902100000,0.457800000
3112,16.245800000,0.458900000
3113,16.796900000,0.364100000
3114,17.333800000,0.865100000
3115,15.624500000,0.304700000
3116,17.017200000,0.439600000
3117,16.818800000,0.437500000
3118,16.893700000,0.496900000
3119,15.759900000,0.359900000
3120,17.093200000,0.404100000
3121,17.319300000,0.787000000
3122,17.524000000,2.181200000
3123,15.110400000,0.388500000
3124,16.749500000,0.325000000
3125,16.923400000,0.484400000
3126,16.110400000,0.372400000
3127,16.995300000,0.391700000
3128,16.966700000,0.600000000
3129,16.071900000,0.454200000
3130,16.992700000,0.571300000
3131,16.774400000,0.369200000
3132,16.850000000,0.439000000
3133,17.762000000,0.404100000
3134,15.084400000,0.534300000
3135,17.977600000,1.561000000
3136,15.915100000,0.484900000
3137,15.569300000,0.275000000
3138,16.866600000,0.368700000
3139,17.924500000,0.932800000
3140,15.877100000,0.443800000
3141,16.862500000,0.410400000
3142,17.797400000,1.400000000
3143,14.707800000,0.384400000
3144,17.091700000,0.527600000
3145,17.016100000,0.416600000
3146,16.854700000,0.511500000
3147,15.964600000,0.416600000
3148,16.638000000,0.320800000
3149,17.122900000,0.713000000
3150,17.095400000,0.678600000
3151,15.884800000,0.499500000
3152,17.088100000,0.659900000
3153,17.042700000,0.546800000
3154,16.262000000,0.639000000
3155,16.806700000,0.385900000
3156,17.336500000,0.726500000
3157,15.841100000,0.402100000
3158,16.900600000,0.431200000
3159,16.629600000,0.545300000
3160,16.282300000,0.757800000
3161,16.649500000,0.347400000
3162,16.971400000,0.517100000
3163,17.196300000,0.714100000
3164,16.133400000,0.410400000
3165,16.801500000,0.402600000
3166,16.163000000,0.416100000
3167,17.028200000,0.663500000
3168,17.190100000,0.659400000
3169,16.269200000,0.788000000
3170,16.443800000,1.025500000
3171,16.799500000,0.412500000
3172,16.980700000,0.475000000
3173,15.658300000,0.316100000
3174,17.188000000,0.502100000
3175,17.176600000,0.499500000
3176,16.124500000,0.454200000
3177,17.030700000,0.605700000
3178,16.333400000,0.603600000
3179,17.090100000,0.448500000
3180,15.979600000,0.415600000
3181,16.997400000,0.409400000
3182,17.690700000,1.094300000
3183,16.367700000,0.749000000
3184,16.296800000,0.852100000
3185,15.831800000,0.469300000
3186,17.412000000,1.088500000
3187,16.101000000,0.596800000
3188,17.015700000,0.592200000
3189,17.031200000,0.687500000
3190,15.841700000,0.448500000
3191,17.010400000,0.637000000
3192,17.519800000,0.642200000
3193,15.817700000,0.447900000
3194,16.881200000,0.478100000
3195,16.224500000,0.558300000
3196,17.247400000,0.783300000
3197,16.400000000,0.932300000
3198,17.112000000,0.704700000
3199,15.897400000,0.468200000
3200,16.609900000,0.310400000
3201,16.660900000,0.352600000
3202,16.758900000,0.425500000
3203,17.043200000,0.670300000
3204,17.116700000,0.506200000
3205,16.791100000,0.996800000
3206,16.361500000,0.542200000
3207,17.557800000,1.912500000
3208,14.591100000,0.285500000
3209,17.522400000,0.634400000
3210,17.301600000,0.558400000
3211,15.975500000,0.452600000
3212,16.870300000,0.439100000
3213,15.905800000,0.345400000
3214,16.746800000,0.301600000
3215,17.674000000,1.195900000
3216,16.038000000,0.549000000
3217,16.957800000,0.481800000
3218,15.741200000,0.371400000
3219,17.308800000,0.588000000
3220,17.418300000,0.934900000
3221,17.619800000,1.384900000
3222,14.991600000,0.467200000
3223,17.003100000,0.495800000
3224,15.522400000,0.256800000
3225,18.056300000,0.630800000
3226,16.602100000,0.971300000
3227,15.919200000,0.523900000
3228,17.186500000,0.501100000
3229,15.837500000,0.530200000
3230,16.768800000,0.361900000
3231,17.291100000,0.381800000
3232,16.771900000,0.419800000
3233,16.085900000,0.670800000
3234,17.515100000,1.025000000
3235,16.157800000,0.749000000
3236,16.954200000,0.492100000
3237,16.683300000,0.533400000
3238,16.287500000,0.503600000
3239,16.986500000,0.438600000
3240,15.953100000,0.506800000
3241,18.249500000,0.421400000
3242,18.029700000,1.224400000
3243,14.513500000,0.848400000
3244,15.804700000,0.408900000
3245,17.204200000,0.840600000
3246,16.696300000,0.295300000
3247,17.078700000,0.513000000
3248,15.935400000,0.488600000
3249,17.690600000,0.403600000
3250,15.851600000,0.436500000
3251,17.192700000,0.396900000
3252,15.963000000,0.488000000
3253,17.595300000,0.612500000
3254,16.049000000,0.544200000
3255,17.996300000,1.298500000
3256,16.004700000,1.269300000
3257,15.781300000,0.433400000
3258,16.938000000,0.491200000
3259,16.911400000,0.522900000
3260,15.664100000,0.339600000
3261,17.311500000,0.760500000
3262,17.033800000,0.571900000
3263,16.094300000,0.606200000
3264,16.963000000,0.515100000
3265,16.934400000,0.483900000
3266,15.868700000,0.442200000
3267,18.488600000,1.923000000
3268,15.044800000,0.507800000
3269,16.871300000,0.415100000
3270,17.038000000,0.549000000
3271,16.102700000,0.494300000
3272,16.731200000,0.357300000
3273,16.866100000,0.416100000
3274,16.952100000,0.539600000
3275,16.758900000,1.356200000
3276,16.757300000,1.109900000
3277,16.492700000,0.402600000
3278,16.804200000,1.371300000
3279,15.773400000,0.329200000
3280,16.589600000,0.298400000
3281,16.900500000,0.528700000
3282,16.820300000,0.392200000
3283,16.757300000,0.396400000
3284,17.067700000,0.588000000
3285,19.056300000,0.415100000
3286,13.707800000,0.363100000
3287,16.774400000,0.446300000
3288,16.659900000,0.337000000
3289,16.934400000,0.333800000
3290,15.725500000,0.389600000
3291,16.988100000,0.336500000
3292,17.046800000,0.594300000
3293,17.229700000,0.475000000
3294,16.129700000,0.465700000
3295,16.703100000,0.356300000
3296,17.106300000,0.666100000
3297,16.492700000,0.896400000
3298,15.539100000,0.266200000
3299,17.935900000,0.402100000
3300,16.335400000,0.526600000
3301,16.821400000,0.332800000
3302,15.884300000,0.453200000
3303,18.178200000,1.091700000
3304,16.193700000,0.807300000
3305,20.914600000,1.370800000
3306,12.430700000,0.419300000
3307,16.447400000,1.122400000
3308,15.690100000,0.340600000
3309,17.330800000,0.549500000
3310,17.068200000,0.581700000
3311,15.977100000,0.569700000
3312,17.275500000,0.760400000
3313,15.773400000,0.407800000
3314,17.019800000,0.540200000
3315,17.683400000,0.478100000
3316,16.767700000,1.332300000
3317,16.156200000,0.757300000
3318,16.086500000,0.313100000
3319,16.653100000,0.337500000
3320,16.750500000,0.376000000
3321,17.213600000,0.508800000
3322,16.093200000,0.447900000
3323,17.399500000,0.726500000
3324,15.856200000,0.459400000
3325,17.580700000,0.955200000
3326,15.681800000,0.347900000
3327,17.463600000,0.823400000
3328,15.843700000,0.452100000
3329,17.863500000,1.441100000
3330,15.941700000,0.494800000
3331,17.097400000,0.686000000
3332,15.854200000,0.433900000
3333,16.787500000,0.412500000
3334,17.107300000,0.504700000
3335,15.914600000,0.508300000
3336,17.292700000,0.559400000
3337,17.416100000,0.954200000
3338,15.894300000,0.459400000
3339,16.876000000,0.443300000
3340,16.023500000,0.599500000
3341,16.742100000,0.388000000
3342,17.043800000,0.542100000
3343,17.028100000,0.648000000
3344,17.863600000,1.998500000
3345,15.500000000,0.508800000
3346,15.798400000,0.399500000
3347,17.310900000,0.919300000
3348,16.330800000,0.493800000
3349,18.461400000,2.041700000
3350,15.197900000,0.848400000
3351,15.875600000,0.367700000
3352,16.776000000,0.400500000
3353,17.219800000,0.909900000
3354,16.346300000,0.571800000
3355,17.064600000,0.451600000
3356,16.491200000,0.446400000
3357,16.673400000,0.362500000
3358,17.112500000,0.487500000
3359,15.838600000,0.514100000
3360,18.108300000,1.526500000
3361,15.905700000,0.467200000
3362,15.783400000,0.395300000
3363,16.932800000,0.424000000
3364,16.701500000,0.353600000
3365,19.778700000,0.411000000
3366,13.902600000,0.493300000
3367,16.677600000,0.367200000
3368,15.620800000,0.305700000
3369,17.887500000,0.499000000
3370,15.741200000,0.391600000
3371,17.484300000,0.443200000
3372,16.321900000,0.517200000
3373,17.411500000,0.532800000
3374,15.579100000,0.293300000
3375,17.534900000,1.017200000
3376,15.682300000,0.309300000
3377,24.819800000,5.390600000
3378,22.287500000,8.963500000
3379,4.517700000,2.144300000
3380,16.031800000,0.581800000
3381,15.795800000,0.325500000
3382,16.628200000,0.308400000
3383,16.864500000,0.461900000
3384,17.192200000,0.365600000
3385,15.914600000,0.478700000
3386,16.757300000,0.389600000
3387,17.128100000,0.687500000
3388,17.582300000,1.001000000
3389,15.976100000,0.474500000
3390,16.358800000,0.530700000
3391,16.975000000,0.542200000
3392,15.883900000,0.455700000
3393,17.090600000,0.426100000
3394,17.622400000,1.111500000
3395,15.895800000,0.443200000
3396,16.972400000,0.512000000
3397,16.827600000,1.416200000
3398,15.753700000,0.385500000
3399,16.863000000,0.440100000
3400,16.729200000,0.390600000
3401,16.755200000,0.356300000
3402,17.074400000,0.602600000
3403,16.682300000,0.402600000
3404,16.757800000,1.233900000
3405,16.029200000,0.480200000
3406,16.653100000,0.326100000
3407,16.950000000,0.460900000
3408,16.948500000,0.502100000
3409,16.779700000,0.420900000
3410,16.128600000,0.702600000
3411,19.153700000,0.409800000
3412,13.805700000,0.417200000
3413,16.894300000,0.488000000
3414,17.109300000,0.640600000
3415,15.859900000,0.411500000
3416,16.613000000,0.316200000
3417,16.942200000,0.433300000
3418,16.896400000,0.451100000
3419,17.508800000,0.525500000
3420,15.751100000,0.340100000
3421,17.177600000,0.710900000
3422,15.667700000,0.342700000
3423,17.569300000,0.834300000
3424,15.584300000,0.285900000
3425,18.105200000,1.409900000
3426,15.832900000,0.439000000
3427,17.443200000,1.005200000
3428,15.680200000,0.337500000
3429,16.740600000,0.314000000
3430,16.920900000,0.449500000
3431,17.114500000,0.415600000
3432,16.666700000,0.603100000
3433,16.316700000,0.466600000
3434,16.797400000,0.441600000
3435,16.801000000,0.401100000
3436,15.752100000,0.374000000
3437,17.041100000,0.630700000
3438,16.910500000,0.455800000
3439,17.046800000,0.419800000
3440,15.567200000,0.276000000
3441,17.034400000,0.368200000
3442,16.761500000,0.405200000
3443,17.835900000,0.438600000
3444,16.123400000,0.637000000
3445,16.309900000,0.494300000
3446,16.869300000,0.463600000
3447,17.165100000,0.929700000
3448,15.888000000,0.467200000
3449,18.140600000,0.784900000
3450,15.773000000,0.496800000
3451,16.454600000,0.722400000
3452,16.020400000,0.510400000
3453,16.843700000,0.433300000
3454,16.634400000,0.327100000
3455,16.786400000,0.379100000
3456,16.832300000,0.430200000
3457,18.365700000,0.426100000
3458,15.139000000,0.428100000
3459,16.349500000,0.459400000
3460,16.756300000,0.408800000
3461,16.991600000,0.356200000
3462,16.309900000,0.441200000
3463,16.926600000,0.473000000
3464,15.921300000,0.478600000
3465,17.360400000,0.676000000
3466,16.049500000,0.425500000
3467,17.672900000,1.240600000
3468,15.974500000,0.522400000
3469,16.747400000,0.336400000
3470,16.923500000,0.467200000
3471,17.070800000,0.465700000
3472,15.809400000,0.374500000
3473,16.863000000,0.420900000
3474,17.502100000,0.459900000
3475,15.942700000,0.382300000
3476,17.512500000,0.688600000
3477,17.242700000,1.743800000
3478,14.854700000,0.475000000
3479,16.787000000,0.418300000
3480,16.841600000,0.418200000
3481,17.083900000,0.710900000
3482,15.811400000,0.416100000
3483,17.061500000,0.561500000
3484,16.731200000,0.364000000
3485,16.887500000,0.394800000
3486,17.803200000,1.137000000
3487,15.673900000,0.737500000
3488,15.655200000,0.335900000
3489,18.755800000,1.552600000
3490,14.757300000,0.401500000
3491,17.005700000,0.557300000
3492,17.956200000,0.830200000
3493,15.309900000,0.356700000
3494,16.737500000,0.437500000
3495,20.811000000,0.782800000
3496,13.013500000,0.529200000
3497,17.523400000,0.456800000
3498,15.436000000,0.485900000
3499,17.654700000,0.374500000
3500,16.294200000,0.995300000
3501,16.470400000,0.984800000
3502,15.788000000,0.412500000
3503,17.756700000,0.439000000
3504,16.093300000,0.619800000
3505,16.969200000,0.571300000
3506,15.679700000,0.352100000
3507,17.309400000,0.454700000
3508,17.076000000,0.562000000
3509,16.555800000,1.135900000
3510,16.083300000,0.306200000
3511,16.848400000,0.501500000
3512,16.950600000,0.443800000
3513,16.801000000,0.424500000
3514,16.157800000,0.505700000
3515,16.884400000,0.376600000
3516,16.810400000,0.420900000
3517,15.597900000,0.305200000
3518,17.813100000,0.431800000
3519,16.233800000,0.560500000
3520,17.557300000,0.881300000
3521,16.005200000,0.339600000
3522,17.659400000,1.161500000
3523,15.796300000,0.438500000
3524,15.811000000,0.405800000
3525,17.540600000,0.449500000
3526,16.413500000,0.549000000
3527,17.284900000,0.738500000
3528,16.541200000,0.955700000
3529,16.774500000,0.369800000
3530,15.798900000,0.424500000
3531,16.917200000,0.396400000
3532,16.600000000,0.296800000
3533,16.748400000,0.359900000
3534,16.843800000,0.406300000
3535,17.860900000,1.317200000
3536,14.873500000,0.378700000
3537,17.543700000,0.437000000
3538,16.191700000,0.872900000
3539,17.089600000,0.370300000
3540,16.087500000,0.439000000
3541,16.990100000,0.381200000
3542,16.741100000,0.369300000
3543,17.055200000,0.434400000
3544,15.851100000,0.426500000
3545,17.100500000,0.619700000
3546,16.676600000,0.506300000
3547,15.589500000,0.266600000
3548,17.538600000,0.497900000
3549,16.967700000,0.508900000
3550,15.817200000,0.414600000
3551,16.920300000,0.503200000
3552,16.855200000,0.374000000
3553,16.795800000,0.412500000
3554,16.896900000,0.434900000
3555,16.262500000,0.443800000
3556,16.768800000,0.429100000
3557,16.838500000,0.434900000
3558,16.833800000,0.422400000
3559,17.127100000,1.185500000
3560,16.105200000,0.687000000
3561,18.661500000,0.542200000
3562,15.173400000,0.762500000
3563,16.829200000,1.485400000
3564,16.154700000,0.443800000
3565,16.173400000,0.889000000
3566,16.649500000,0.332800000
3567,17.059900000,0.463000000
3568,15.927100000,0.482900000
3569,17.303100000,0.748500000
3570,17.065100000,0.589600000
3571,16.517200000,0.762000000
3572,17.484900000,1.922400000
3573,16.739600000,0.995800000
3574,15.044800000,0.469800000
3575,17.462500000,1.006300000
3576,16.234900000,0.394800000
3577,16.768700000,0.390100000
3578,16.688600000,0.289100000
3579,17.181200000,0.420300000
3580,15.867700000,0.463500000
3581,18.365600000,0.475000000
3582,15.678200000,0.435400000
3583,16.057300000,0.783900000
3584,17.076500000,0.730700000
3585,18.787000000,3.165600000
3586,13.965100000,0.447900000
3587,17.174500000,0.414600000
3588,16.321900000,0.397400000
3589,17.415600000,0.772900000
3590,15.784400000,0.401100000
3591,18.102000000,0.500600000
3592,15.009900000,0.407300000
3593,17.459900000,1.094800000
3594,16.158400000,0.505200000
3595,17.424400000,0.869200000
3596,15.709900000,0.354600000
3597,17.612000000,1.126600000
3598,15.745900000,0.382300000
3599,19.602600000,3.038000000
3600,14.485900000,0.940100000
3601,17.445300000,0.419300000
