frame,frameMs,presentMs
1,8.054200000,0.576600000
2,16.890100000,0.539600000
3,16.171900000,0.445400000
4,17.877600000,0.975000000
5,17.717100000,1.912500000
6,14.686000000,0.397400000
7,17.042200000,0.455200000
8,15.658800000,0.333800000
9,18.244800000,1.918200000
10,16.202100000,0.478700000
11,16.113000000,0.732300000
12,16.836500000,0.421300000
13,18.857300000,0.886400000
14,14.068200000,0.465100000
15,18.339600000,0.740700000
16,14.769300000,0.479200000
17,17.142700000,0.337500000
18,18.166100000,0.301000000
19,14.841200000,0.467200000
20,17.265100000,0.768800000
21,16.186400000,0.841200000
22,17.257300000,0.853700000
23,16.583900000,1.183800000
24,15.782300000,0.385400000
25,17.602600000,1.197400000
26,15.696300000,0.350000000
27,16.860400000,0.453100000
28,17.019300000,0.509900000
29,20.106300000,1.372300000
30,13.305700000,0.772400000
31,16.851000000,0.356200000
32,15.646400000,0.336000000
33,16.846900000,0.475500000
34,16.959300000,0.377100000
35,18.491200000,1.993700000
36,15.060900000,0.628700000
37,18.503700000,1.901500000
38,14.831200000,0.426000000
39,17.046900000,0.379200000
40,16.248900000,0.718700000
41,17.755800000,1.025000000
42,16.032800000,0.651100000
43,16.426500000,1.007300000
44,16.980300000,0.598900000
45,15.869200000,0.551500000
46,17.191200000,0.791600000
47,16.954100000,0.602600000
48,15.963600000,0.472900000
49,17.221300000,0.425000000
50,15.704200000,0.363500000
51,16.709400000,0.418200000
52,17.847900000,1.076600000
53,18.318200000,2.753600000
54,14.868200000,0.446900000
55,15.790200000,0.364600000
56,17.061400000,0.605200000
57,19.031300000,0.559900000
58,13.928600000,0.592700000
59,17.253700000,0.640600000
60,17.036900000,0.570300000
61,15.751100000,0.379700000
62,16.701500000,0.375000000
63,16.814100000,0.450500000
64,16.799500000,0.449000000
65,17.006200000,0.644300000
66,15.793800000,0.411500000
67,17.034400000,0.563600000
68,19.083300000,0.335500000
69,14.756200000,0.391200000
70,15.574000000,0.275500000
71,18.381800000,0.940100000
72,16.588000000,0.717200000
73,15.919800000,0.476000000
74,16.785400000,0.382300000
75,18.230200000,0.896900000
76,14.805700000,0.385400000
77,16.792200000,0.389600000
78,17.897400000,1.080800000
79,17.716700000,2.382800000
80,14.041600000,0.433800000
81,19.753700000,0.434300000
82,13.616100000,0.286500000
83,17.278700000,0.966700000
84,16.030200000,0.693800000
85,18.916100000,2.333300000
86,15.974000000,1.522400000
87,18.339100000,1.835400000
88,14.196800000,0.492700000
89,21.966700000,1.443800000
90,11.515600000,0.471400000
91,16.448500000,1.031200000
92,15.683800000,0.329700000
93,18.005200000,1.578700000
94,16.030800000,0.505300000
95,18.406700000,0.451000000
96,14.792200000,0.346300000
97,17.632800000,1.212500000
98,17.243300000,0.460900000
99,15.343200000,0.457900000
100,17.303100000,0.981200000
101,15.927100000,0.342200000
102,17.224500000,0.863500000
103,16.099500000,0.581800000
104,16.885400000,0.496400000
105,15.995300000,0.506300000
106,17.094300000,0.591100000
107,17.872900000,1.526600000
108,15.877600000,0.450500000
109,18.063500000,2.179700000
110,15.086500000,0.598900000
111,15.812500000,0.391600000
112,16.702600000,0.366700000
113,17.190100000,0.866200000
114,17.831800000,1.496900000
115,17.551000000,1.239500000
116,15.614100000,1.089100000
117,17.772400000,2.032300000
118,15.594200000,0.963000000
119,16.397900000,1.051500000
120,15.941700000,0.454700000
121,17.377600000,0.610400000
122,15.717200000,0.340600000
123,17.372400000,0.602600000
124,15.960900000,0.460500000
125,16.659900000,0.316100000
126,17.226100000,0.355800000
127,17.293200000,1.743800000
128,16.029200000,0.688500000
129,16.826500000,1.468800000
130,16.218800000,0.414600000
131,16.939600000,0.462500000
132,15.798400000,0.401100000
133,18.207300000,1.554100000
134,15.779200000,0.439100000
135,17.403600000,1.029200000
136,16.172900000,0.790600000
137,15.755200000,0.417700000
138,18.137000000,1.562000000
139,16.209400000,0.460500000
140,15.842200000,0.464000000
141,21.431200000,0.845300000
142,11.929700000,0.638500000
143,17.217700000,0.565100000
144,17.180700000,0.779700000
145,16.188600000,0.662500000
146,17.707800000,1.014600000
147,16.475000000,1.928600000
148,15.964600000,0.600000000
149,16.531800000,1.160400000
150,18.518700000,1.565600000
151,15.133300000,0.620800000
152,15.881800000,0.408300000
153,17.189600000,0.784900000
154,15.729700000,0.396400000
155,16.696900000,0.350500000
156,17.595300000,1.079700000
157,15.778100000,0.429700000
158,16.819300000,0.388000000
159,16.755700000,0.381800000
160,17.313000000,0.953100000
161,16.093800000,0.329700000
162,18.693200000,0.391200000
163,16.636400000,1.908800000
164,14.881300000,0.411400000
165,19.696400000,3.122400000
166,14.552000000,1.109900000
167,17.169800000,1.752600000
168,15.415700000,0.962000000
169,18.339500000,1.471400000
170,15.236500000,0.747900000
171,16.090600000,0.395300000
172,16.684900000,0.320800000
173,16.795300000,0.438600000
174,16.626100000,0.304200000
175,16.682800000,0.346400000
176,16.955700000,0.617200000
177,17.112500000,0.740600000
178,16.597400000,1.110900000
179,17.212500000,1.745400000
180,16.002100000,0.566600000
181,15.682800000,0.344800000
182,17.351600000,0.898400000
183,19.939000000,0.404600000
184,12.894800000,0.598900000
185,16.769300000,0.405200000
186,16.758800000,0.385400000
187,17.170900000,0.485900000
188,15.971900000,0.493700000
189,16.720300000,0.365700000
190,17.203600000,0.818800000
191,16.971900000,0.567200000
192,15.741700000,0.393700000
193,17.061900000,0.556800000
194,16.997900000,0.471900000
195,15.895900000,0.399500000
196,16.943700000,0.303600000
197,16.945300000,0.519800000
198,17.284900000,0.557300000
199,18.999500000,1.558900000
200,13.855200000,0.459900000
201,15.983900000,0.552600000
202,17.268200000,0.948900000
203,17.451100000,1.026500000
204,15.604600000,0.297400000
205,16.836500000,0.522900000
206,16.780200000,0.386500000
207,17.702600000,0.746400000
208,16.025000000,0.477100000
209,15.890600000,0.456800000
210,17.339600000,0.352600000
211,15.870300000,0.532800000
212,17.045900000,0.721300000
213,16.636900000,0.334900000
214,16.750000000,0.404700000
215,16.930800000,0.510400000
216,15.878600000,0.473000000
217,19.807300000,3.385500000
218,13.588000000,0.281700000
219,17.611000000,1.207300000
220,15.772400000,0.361900000
221,16.802600000,0.404600000
222,16.926500000,0.481200000
223,17.596900000,1.058900000
224,16.147400000,0.695900000
225,19.402100000,0.342700000
226,12.910400000,0.521900000
227,17.195300000,0.864600000
228,16.762500000,0.315100000
229,20.501100000,3.035900000
230,12.690600000,0.344300000
231,19.213000000,2.181800000
232,14.498400000,0.466700000
233,17.881800000,2.412000000
234,14.999500000,0.371900000
235,17.699500000,1.009900000
236,15.719800000,0.360900000
237,17.216100000,0.890100000
238,15.826600000,0.466700000
239,16.711900000,0.360900000
240,16.981800000,0.615600000
241,17.057800000,0.561400000
242,15.850600000,0.426000000
243,17.090600000,0.604700000
244,17.369200000,0.393700000
245,15.692800000,0.348900000
246,17.079100000,0.545300000
247,17.292200000,0.907800000
248,16.791200000,1.307800000
249,16.119200000,0.804700000
250,15.999000000,0.550000000
251,18.255200000,1.342700000
252,14.705200000,0.397400000
253,16.997900000,0.681200000
254,18.156800000,1.780200000
255,16.173400000,0.362000000
256,15.778700000,0.384400000
257,17.869200000,1.345800000
258,16.036000000,0.490600000
259,15.777100000,0.420900000
260,16.778600000,0.390600000
261,17.053100000,0.669300000
262,17.920900000,1.377100000
263,16.401500000,1.059900000
264,15.616700000,0.283900000
265,16.824000000,0.414100000
266,16.871300000,0.434900000
267,17.338600000,1.904100000
268,16.409300000,0.869800000
269,16.063000000,0.613000000
270,16.602100000,0.296800000
271,16.681300000,0.310400000
272,16.894800000,0.523400000
273,15.977600000,0.436000000
274,17.436400000,1.025500000
275,18.101600000,2.626500000
276,15.596400000,1.115600000
277,15.644700000,0.315600000
278,17.087000000,0.465100000
279,18.974500000,0.730700000
280,14.223400000,0.357800000
281,16.890100000,0.495800000
282,16.444800000,0.712000000
283,17.167200000,0.712000000
284,17.349000000,1.909900000
285,17.160400000,1.535400000
286,14.657800000,0.294800000
287,16.734400000,0.311500000
288,16.948400000,0.440600000
289,17.653700000,1.212500000
290,15.860900000,0.446400000
291,16.823400000,0.351500000
292,15.962500000,0.573900000
293,17.488100000,0.868200000
294,15.922900000,0.502000000
295,16.763500000,0.390100000
296,17.013600000,0.586900000
297,18.441100000,1.465600000
298,15.554700000,0.349500000
299,15.862000000,0.539100000
300,16.654700000,0.315700000
301,16.842700000,0.413000000
302,16.598900000,0.293700000
303,17.218800000,0.831300000
304,15.783800000,0.406200000
305,16.920900000,0.381200000
306,16.886400000,0.513600000
307,15.894800000,0.479200000
308,16.932800000,0.513600000
309,20.482800000,3.412000000
310,12.781800000,0.486400000
311,16.820800000,0.435900000
312,16.719300000,0.359900000
313,16.794300000,0.422400000
314,16.811400000,0.348500000
315,17.432900000,0.647400000
316,15.751500000,0.390100000
317,19.369800000,2.739100000
318,15.042200000,1.606300000
319,18.035900000,2.616100000
320,13.846900000,0.427600000
321,16.997400000,0.474000000
322,16.808300000,0.446400000
323,16.928200000,0.502000000
324,16.107800000,0.664000000
325,16.768200000,0.387500000
326,16.832800000,0.397400000
327,17.095300000,0.637500000
328,15.698000000,0.393700000
329,17.056200000,0.603700000
330,16.731300000,0.373900000
331,16.868700000,0.535900000
332,18.433300000,1.557800000
333,19.962000000,0.542700000
334,16.407300000,6.130700000
335,13.524500000,1.738600000
336,14.669300000,0.334400000
337,16.827000000,0.496800000
338,18.284900000,1.892200000
339,14.642700000,0.289100000
340,16.840100000,0.435400000
341,16.923000000,0.470300000
342,17.196300000,0.809900000
343,15.705700000,0.357800000
344,17.419300000,1.095800000
345,16.001600000,0.676600000
346,16.910900000,0.374500000
347,16.962500000,0.344800000
348,16.907800000,0.554100000
349,15.880800000,0.478600000
350,16.939000000,0.561500000
351,17.325000000,0.764600000
352,15.878100000,0.852600000
353,16.709900000,0.393200000
354,17.191700000,0.725000000
355,16.567700000,0.661500000
356,16.281800000,0.774500000
357,17.265100000,0.734300000
358,15.696300000,0.405200000
359,18.212500000,1.143700000
360,15.689600000,0.364100000
361,17.121900000,0.687500000
362,16.037500000,0.578100000
363,16.623400000,0.280200000
364,16.795900000,0.393300000
365,17.141100000,0.410400000
366,16.356800000,0.919800000
367,16.983800000,0.583800000
368,15.996900000,0.524000000
369,17.160400000,0.310900000
370,16.078200000,0.740700000
371,17.384300000,1.086400000
372,15.703200000,0.363100000
373,17.404700000,0.815100000
374,15.954100000,0.338500000
375,16.879200000,0.328100000
376,16.655200000,0.302600000
377,17.031800000,0.454100000
378,16.990600000,0.575500000
379,16.770800000,0.968800000
380,17.258400000,1.831200000
381,17.988000000,0.749000000
382,14.062500000,0.346400000
383,16.696300000,0.336400000
384,16.704700000,0.371900000
385,16.996900000,0.525500000
386,17.706800000,1.113500000
387,14.927000000,0.431200000
388,16.821900000,0.517700000
389,16.929700000,0.547400000
390,16.938000000,0.475000000
391,16.860400000,0.454200000
392,15.683400000,0.336500000
393,16.913500000,0.468800000
394,17.174500000,0.788000000
395,17.340100000,0.717200000
396,16.219300000,0.427100000
397,15.727600000,0.371400000
398,16.606200000,0.295300000
399,16.913600000,0.386400000
400,16.738000000,0.383300000
401,21.331800000,4.715100000
402,13.856700000,1.289100000
403,18.834900000,4.382800000
404,13.294800000,0.414600000
405,15.659900000,0.343700000
406,17.053700000,0.543300000
407,17.118700000,0.500000000
408,17.177600000,0.705700000
409,15.957300000,0.446900000
410,17.551600000,1.103100000
411,15.731200000,0.380700000
412,16.682300000,0.352100000
413,16.774000000,0.408900000
414,17.048400000,0.631800000
415,16.349000000,1.014000000
416,16.680700000,0.349500000
417,18.550500000,0.327100000
418,15.231800000,0.513500000
419,15.716700000,0.363600000
420,16.673900000,0.352600000
421,16.662000000,0.329700000
422,17.390600000,0.813500000
423,16.434900000,0.347400000
424,16.892700000,0.462000000
425,15.983900000,0.518700000
426,17.376500000,1.054200000
427,15.733900000,0.357800000
428,17.188500000,0.420300000
429,17.244800000,0.796400000
430,16.549500000,0.839100000
431,15.886500000,0.472400000
432,16.917700000,0.464000000
433,19.891600000,3.223900000
434,13.939600000,0.463100000
435,15.692700000,0.338000000
436,16.820300000,0.511400000
437,16.688100000,0.320800000
438,16.888500000,0.394300000
439,16.897400000,0.455800000
440,16.825000000,0.412000000
441,16.891100000,0.463600000
442,15.851600000,0.472400000
443,17.152600000,0.717700000
444,16.688600000,0.339600000
445,21.008300000,4.462500000
446,13.510900000,1.767200000
447,14.708900000,0.379700000
448,16.948900000,0.561900000
449,16.776600000,0.434900000
450,17.377600000,1.017200000
451,15.765600000,0.464600000
452,16.599000000,0.303700000
453,16.943700000,0.429200000
454,16.627100000,0.293700000
455,17.767700000,0.850000000
456,15.886500000,0.444700000
457,18.579200000,1.562000000
458,15.641100000,0.789100000
459,15.848400000,0.464500000
460,16.671400000,0.366200000
461,17.017700000,0.445300000
462,15.758300000,0.366100000
463,16.879700000,0.512500000
464,18.166700000,0.995300000
465,14.579200000,0.279200000
466,17.693700000,0.357300000
467,15.663000000,0.323900000
468,18.663600000,1.196900000
469,16.040600000,0.571300000
470,16.182800000,0.777100000
471,17.135400000,0.725500000
472,16.926600000,0.386500000
473,16.138500000,0.607300000
474,15.626600000,0.301600000
475,16.940100000,0.414600000
476,16.745300000,0.366700000
477,19.133300000,2.754700000
478,15.284900000,0.824000000
479,16.050600000,0.457300000
480,16.767100000,0.395300000
481,17.042200000,0.556800000
482,17.978200000,1.562000000
483,14.568700000,0.276600000
484,16.787500000,0.396900000
485,16.735400000,0.401000000
486,16.921900000,0.448500000
487,19.193200000,2.401000000
488,13.644300000,0.323400000
489,16.598400000,0.297400000
490,16.700000000,0.317200000
491,16.868800000,0.443300000
492,16.935900000,0.607800000
493,16.978700000,0.500500000
494,15.681200000,0.327600000
495,17.240100000,0.756200000
496,16.805800000,0.445800000
497,16.811900000,0.418200000
498,15.764100000,0.385400000
499,17.111500000,0.679200000
500,16.995300000,0.584400000
501,16.923900000,0.375000000
502,16.309400000,0.411500000
503,18.583900000,2.169800000
504,14.552600000,0.278700000
505,18.028600000,1.345300000
506,15.865100000,1.081300000
507,15.990100000,0.491200000
508,17.453700000,0.530200000
509,16.279600000,0.820300000
510,16.946400000,0.492700000
511,15.780700000,0.389600000
512,16.835400000,0.418200000
513,17.633400000,1.286500000
514,18.194800000,2.554700000
515,13.802600000,0.317700000
516,16.698900000,0.350000000
517,16.758900000,0.413600000
518,17.542700000,0.499400000
519,16.922400000,0.495300000
520,16.312000000,0.851500000
521,15.722900000,0.359400000
522,16.908800000,0.468700000
523,17.828200000,0.690100000
524,16.295800000,0.894800000
525,16.041100000,0.296800000
526,16.982900000,0.298500000
527,16.840100000,0.502600000
528,15.833300000,0.329700000
529,16.652100000,0.325000000
530,16.701000000,0.365600000
531,16.770300000,0.409900000
532,17.272400000,0.420300000
533,16.839100000,0.435400000
534,15.843700000,0.509900000
535,17.048500000,0.545800000
536,16.723400000,0.387500000
537,16.907300000,0.514100000
538,16.885400000,0.427600000
539,15.876600000,0.449500000
540,16.607300000,0.298500000
541,17.545800000,0.838500000
542,16.739600000,0.468200000
543,15.617200000,0.306300000
544,16.921300000,0.538500000
545,16.894800000,0.461400000
546,16.745300000,0.395800000
547,17.026600000,0.602600000
548,17.300500000,1.148900000
549,15.875500000,0.509400000
550,16.823500000,0.395900000
551,15.740600000,0.394800000
552,17.156300000,0.666100000
553,16.853600000,0.439100000
554,16.854700000,0.401100000
555,16.154200000,0.689100000
556,17.796800000,0.435900000
557,15.615100000,0.295300000
558,16.632800000,0.297900000
559,16.564100000,0.282300000
560,16.982800000,0.362500000
561,16.666200000,0.354700000
562,16.877000000,0.542100000
563,16.106300000,0.708800000
564,16.937000000,0.601100000
565,17.071900000,0.448400000
566,15.709800000,0.358800000
567,16.821400000,0.433900000
568,17.069800000,0.610400000
569,16.781200000,0.442100000
570,16.605800000,0.331300000
571,17.094200000,0.396800000
572,15.979200000,0.471400000
573,17.307800000,0.869800000
574,17.197900000,0.372400000
575,18.376600000,0.586500000
576,13.798400000,0.476000000
577,26.434400000,9.487500000
578,9.287000000,0.460400000
579,15.539100000,1.072400000
580,15.741600000,0.392700000
581,16.631300000,0.280800000
582,16.860400000,0.442700000
583,17.397400000,2.000500000
584,15.679200000,0.336500000
585,16.734800000,0.376000000
586,16.821900000,0.389600000
587,15.691200000,0.351500000
588,17.401500000,1.041100000
589,18.698500000,2.178600000
590,14.944800000,0.613600000
591,16.481700000,1.086500000
592,16.585400000,0.278200000
593,16.657900000,0.288000000
594,17.288500000,0.863600000
595,15.993800000,0.548500000
596,16.814000000,0.413000000
597,17.097400000,0.548500000
598,16.043800000,0.575500000
599,16.971800000,0.506700000
600,15.669800000,0.329100000
601,17.059400000,0.682300000
602,17.123400000,0.770800000
603,17.854200000,0.690600000
604,15.424500000,0.991100000
605,16.852600000,0.385400000
606,16.171300000,0.496900000
607,16.836500000,0.346400000
608,16.718800000,0.375500000
609,16.965600000,0.541700000
610,20.878600000,0.423400000
611,12.992200000,1.416700000
612,15.629200000,0.298400000
613,18.006700000,1.384300000
614,15.693800000,0.363600000
615,17.156200000,0.550500000
616,16.280800000,0.646300000
617,15.735900000,0.401100000
618,18.695800000,0.697900000
619,15.172400000,0.516700000
620,16.635500000,0.306300000
621,18.363500000,1.885900000
622,14.951600000,0.363500000
623,16.652000000,0.279200000
624,17.820400000,1.226000000
625,16.661900000,1.181300000
626,15.976600000,0.500000000
627,16.182800000,0.307800000
628,16.726600000,0.357800000
629,16.693700000,0.363000000
630,16.903200000,0.467700000
631,16.909300000,0.370300000
632,18.451100000,3.014000000
633,15.014000000,0.506300000
634,15.770300000,0.481700000
635,17.504200000,0.941700000
636,16.118200000,0.424000000
637,17.031300000,0.550000000
638,17.551000000,0.810500000
639,16.105200000,0.663000000
640,15.747400000,0.348900000
641,18.220900000,1.779100000
642,15.745800000,0.361500000
643,15.928600000,0.524000000
644,16.666200000,0.325500000
645,17.545300000,0.353100000
646,16.074500000,0.745400000
647,18.741700000,1.456300000
648,14.981700000,0.472900000
649,16.840100000,0.368700000
650,15.744800000,0.387500000
651,16.886500000,0.425000000
652,16.815600000,0.417200000
653,17.827100000,1.221800000
654,15.928100000,0.452600000
655,16.847400000,1.001000000
656,16.006300000,0.519800000
657,16.786900000,0.402600000
658,16.878700000,0.400600000
659,18.152100000,1.724500000
660,15.052600000,0.707200000
661,17.150000000,0.627600000
662,15.871300000,0.434400000
663,16.636500000,0.315100000
664,17.015600000,0.411500000
665,17.243800000,0.716700000
666,15.759300000,0.392200000
667,17.056300000,0.737000000
668,16.641600000,0.327600000
669,17.051600000,0.523900000
670,16.545300000,0.479200000
671,16.016200000,0.441600000
672,17.908800000,0.394300000
673,20.169300000,3.324500000
674,11.847400000,0.530200000
675,16.826600000,0.367200000
676,16.684300000,0.305200000
677,16.865100000,0.407300000
678,16.995300000,0.522900000
679,15.844800000,0.422400000
680,16.891200000,0.425500000
681,17.456200000,0.893200000
682,16.219300000,0.405800000
683,17.036500000,0.432800000
684,15.676000000,0.349500000
685,17.094300000,0.549000000
686,18.085900000,1.645300000
687,15.930700000,0.392700000
688,16.014100000,0.656800000
689,17.013000000,0.388500000
690,16.688000000,0.369800000
691,17.105800000,0.548500000
692,15.881700000,0.427600000
693,16.825600000,0.436500000
694,16.828600000,0.396400000
695,17.855700000,1.330700000
696,15.640100000,1.228600000
697,15.973000000,0.547400000
698,16.657300000,0.339000000
699,16.916100000,0.480200000
700,16.792200000,0.405200000
701,16.689000000,0.345300000
702,18.218800000,1.717200000
703,16.045800000,1.392700000
704,15.739100000,0.364100000
705,16.646300000,0.331700000
706,17.006300000,0.369300000
707,15.808900000,0.433300000
708,18.697300000,0.581200000
709,15.028700000,0.597900000
710,16.747400000,0.371900000
711,17.317200000,0.875500000
712,15.605700000,0.284900000
713,16.765600000,0.456300000
714,16.940100000,0.469800000
715,17.137000000,0.544800000
716,16.352100000,0.816600000
717,16.852600000,0.555200000
718,15.884400000,0.546400000
719,16.910900000,0.393800000
720,17.455700000,0.924500000
721,15.841200000,0.428200000
722,16.888500000,0.465600000
723,17.427600000,0.967200000
724,15.660500000,0.296300000
725,17.446800000,0.529200000
726,16.018800000,0.440200000
727,16.806200000,0.387000000
728,16.703200000,0.354100000
729,16.783300000,0.359900000
730,16.921300000,0.593200000
731,16.097400000,0.632800000
732,16.953700000,0.470800000
733,17.019800000,0.638500000
734,15.991100000,0.516700000
735,17.966200000,0.642700000
736,15.668700000,0.363000000
737,16.999500000,0.581800000
738,17.060900000,0.461000000
739,15.995300000,0.474500000
740,16.775000000,0.387500000
741,16.803200000,0.297400000
742,15.707300000,0.382300000
743,16.934300000,0.558800000
744,16.953200000,0.593200000
745,17.369200000,0.561000000
746,15.844300000,0.462000000
747,16.616100000,0.310500000
748,16.654700000,0.326000000
749,16.578200000,0.280800000
750,16.832800000,0.385900000
751,17.275500000,0.789600000
752,15.839100000,0.480200000
753,16.626500000,0.315600000
754,16.821400000,0.331300000
755,16.806200000,0.377600000
756,16.688600000,0.351100000
757,16.885400000,0.412000000
758,18.249500000,0.858900000
759,14.791100000,0.399500000
760,16.720800000,0.348900000
761,16.978200000,0.502600000
762,16.718700000,0.364100000
763,16.005700000,0.537500000
764,16.926600000,0.509900000
765,17.514600000,1.132200000
766,15.922400000,0.440100000
767,16.817700000,0.425600000
768,16.850500000,0.446900000
769,15.672900000,0.367700000
770,16.981300000,0.643300000
771,17.519800000,0.840100000
772,16.003600000,0.662000000
773,17.376100000,0.983800000
774,16.566600000,0.731300000
775,15.936500000,0.495300000
776,16.722900000,0.375000000
777,16.706800000,0.396400000
778,16.727600000,0.332300000
779,16.944800000,0.598000000
780,16.861400000,0.442200000
781,16.140700000,0.593700000
782,16.692700000,0.332300000
783,17.568700000,0.986400000
784,16.423400000,0.916200000
785,16.628700000,0.722400000
786,15.785400000,0.480700000
787,16.791700000,0.421400000
788,16.641100000,0.325500000
789,17.419800000,0.751500000
790,15.743800000,0.392200000
791,17.072900000,0.653600000
792,16.597900000,0.288000000
793,17.269800000,0.930200000
794,16.299500000,0.371300000
795,19.142200000,2.687500000
796,13.913500000,0.547400000
797,16.979700000,0.426100000
798,16.704200000,0.370300000
799,16.914000000,0.530200000
800,16.287500000,0.690700000
801,16.909900000,0.453700000
802,16.689600000,0.324000000
803,15.791100000,0.412000000
804,17.000000000,0.604100000
805,16.778700000,0.430200000
806,16.738500000,0.343700000
807,18.142200000,0.835400000
808,14.625500000,0.329100000
809,16.934900000,0.478600000
810,16.876600000,0.451600000
811,16.758800000,0.389600000
812,16.802700000,0.408300000
813,17.057800000,0.557300000
814,16.456700000,1.040600000
815,16.655800000,0.315100000
816,16.759900000,0.372400000
817,16.095300000,0.659400000
818,18.660900000,1.928100000
819,15.675500000,0.761400000
820,15.868300000,0.394200000
821,16.870800000,0.507300000
822,16.860900000,0.397400000
823,15.929700000,0.493800000
824,16.680200000,0.351000000
825,16.794300000,0.406800000
826,18.775500000,2.108400000
827,14.630700000,0.334900000
828,16.752700000,0.457800000
829,16.808800000,0.428700000
830,16.639100000,0.323000000
831,17.057300000,0.662000000
832,15.942100000,0.498400000
833,16.834900000,0.459900000
834,16.786000000,0.340100000
835,16.968200000,0.595300000
836,15.989100000,0.413000000
837,16.593200000,0.280200000
838,17.096900000,0.441100000
839,17.569200000,1.167100000
840,15.919300000,0.574000000
841,17.402600000,1.067700000
842,17.344300000,1.980200000
843,15.130200000,0.582800000
844,20.675500000,0.509400000
845,12.959400000,0.430700000
846,15.940100000,0.390100000
847,16.720800000,0.362000000
848,16.662000000,0.326600000
849,17.194800000,0.842200000
850,17.018800000,0.493200000
851,15.882800000,0.442700000
852,16.790600000,0.349000000
853,16.977100000,0.553600000
854,16.989600000,0.531700000
855,15.867100000,0.346300000
856,17.054700000,0.583300000
857,16.620900000,0.315100000
858,16.655700000,0.330700000
859,17.308900000,0.916100000
860,16.051000000,0.478200000
861,18.034900000,1.598900000
862,16.056800000,1.331800000
863,16.423900000,0.775600000
864,17.029700000,0.693700000
865,15.694800000,0.312000000
866,16.729200000,0.376000000
867,16.899400000,0.539500000
868,16.899000000,0.456300000
869,15.996400000,0.517200000
870,16.914500000,0.536400000
871,17.090700000,0.403100000
872,15.725500000,0.356700000
873,16.707800000,0.342700000
874,16.794800000,0.503200000
875,16.657800000,0.325000000
876,16.701000000,0.365100000
877,17.146900000,0.739100000
878,16.733400000,0.365100000
879,16.672900000,0.536000000
880,15.790100000,0.428200000
881,16.690100000,0.364100000
882,16.648400000,0.309900000
883,16.836000000,0.501500000
884,18.419700000,1.988500000
885,14.817200000,0.439600000
886,17.445900000,1.068800000
887,17.218700000,0.597400000
888,16.750500000,1.323900000
889,15.738100000,0.408800000
890,16.584900000,0.288500000
891,17.255200000,0.872400000
892,16.143200000,0.475000000
893,16.903600000,0.456800000
894,17.430200000,1.105700000
895,16.494800000,1.064100000
896,15.864600000,0.452100000
897,17.104200000,0.408900000
898,16.694300000,1.193200000
899,16.159900000,0.658300000
900,16.752600000,0.373400000
901,16.840100000,0.487500000
902,16.703600000,0.371900000
903,18.186500000,1.746900000
904,14.751500000,0.308900000
905,18.644300000,2.282900000
906,15.033900000,0.553100000
907,17.150500000,0.399400000
908,15.739600000,0.398000000
909,16.844700000,0.379700000
910,17.286500000,0.627600000
911,17.090100000,1.657800000
912,17.066700000,1.390200000
913,15.210900000,0.654700000
914,16.902100000,0.511500000
915,17.279700000,0.926100000
916,16.287000000,0.554100000
917,15.914000000,0.414600000
918,16.690700000,0.373900000
919,16.985900000,0.583900000
920,16.670800000,0.343200000
921,17.494300000,0.496300000
922,21.272400000,0.414500000
923,10.730200000,0.404200000
924,16.943200000,0.524500000
925,17.636500000,0.986900000
926,15.901000000,0.537500000
927,16.555800000,0.249000000
928,16.669200000,0.321900000
929,17.153700000,0.400000000
930,15.705200000,0.376100000
931,17.572400000,1.064000000
932,16.645800000,0.310400000
933,17.487500000,0.854700000
934,15.646400000,0.311400000
935,17.931700000,1.523900000
936,15.026100000,0.550600000
937,16.716100000,0.340100000
938,16.726100000,0.388100000
939,17.413500000,0.417200000
940,18.752100000,3.115600000
941,13.763000000,0.367700000
942,16.918200000,0.456200000
943,18.312000000,1.017100000
944,14.890600000,0.364600000
945,16.678700000,0.346400000
946,16.920800000,0.432300000
947,16.872900000,0.502000000
948,15.909900000,0.523400000
949,16.986000000,0.464000000
950,17.043200000,0.630800000
951,17.477100000,0.473000000
952,15.596300000,0.289600000
953,16.704200000,0.369800000
954,16.922900000,0.561500000
955,15.658400000,0.323900000
956,17.654100000,0.341100000
957,16.663600000,0.341700000
958,16.653100000,0.322900000
959,16.913500000,0.509400000
960,16.053200000,0.578600000
961,16.784300000,0.481200000
962,16.687500000,0.294800000
963,16.914100000,0.555700000
964,17.658300000,0.964000000
965,15.801100000,0.423000000
966,16.240100000,0.811500000
967,17.010400000,0.488000000
968,16.622900000,1.199400000
969,16.670800000,0.288100000
970,16.600000000,0.292200000
971,16.768800000,0.368200000
972,17.039600000,1.306700000
973,16.310900000,0.870300000
974,15.746900000,0.305200000
975,17.835400000,1.380700000
976,15.981800000,0.407200000
977,16.641100000,0.308800000
978,17.126600000,0.707800000
979,16.001500000,0.481300000
980,16.881800000,0.440600000
981,16.921400000,0.453200000
982,16.848400000,0.503600000
983,16.276600000,0.688500000
984,17.490100000,1.061500000
985,15.797400000,0.488000000
986,16.638500000,0.316700000
987,18.571900000,2.055700000
988,15.201500000,0.510400000
989,16.357900000,0.904700000
990,17.200500000,0.694300000
991,15.889600000,0.352600000
992,18.309300000,1.885900000
993,15.143300000,0.602600000
994,17.218700000,0.388500000
995,15.595300000,0.303100000
996,16.820300000,0.498400000
997,18.129700000,1.181700000
998,15.827600000,0.415600000
999,17.621900000,0.795300000
1000,18.044300000,1.984900000
1001,13.977100000,0.437500000
1002,16.728100000,0.405700000
1003,17.285900000,0.816100000
1004,16.121400000,0.407300000
1005,16.801000000,0.423900000
1006,17.022400000,0.528700000
1007,16.379200000,0.515600000
1008,16.979200000,0.406700000
1009,16.319200000,1.016100000
1010,17.157300000,0.593700000
1011,15.896900000,0.581300000
1012,16.902100000,0.546800000
1013,17.084300000,0.431800000
1014,16.717800000,1.140100000
1015,16.965100000,1.410400000
1016,16.156700000,0.357800000
1017,16.977100000,0.553100000
1018,16.228100000,0.736500000
1019,17.404200000,0.890100000
1020,15.715100000,0.368700000
1021,17.567700000,0.488000000
1022,15.914600000,0.460500000
1023,16.973400000,0.357800000
1024,16.965700000,0.739600000
1025,15.886400000,0.573400000
1026,17.230200000,0.407300000
1027,15.752100000,0.399500000
1028,16.704700000,0.333900000
1029,16.845300000,0.439100000
1030,16.799500000,0.366200000
1031,17.247900000,0.711000000
1032,16.231300000,0.398000000
1033,17.613000000,0.663000000
1034,16.025000000,0.436500000
1035,15.556800000,0.266700000
1036,17.963000000,0.444700000
1037,16.173400000,0.586000000
1038,17.677600000,1.115600000
1039,17.294800000,1.222900000
1040,14.892200000,0.445900000
1041,16.691100000,0.322400000
1042,16.751100000,0.365600000
1043,16.834400000,0.479100000
1044,16.633300000,0.326600000
1045,16.966100000,0.593200000
1046,15.838600000,0.427100000
1047,17.759400000,1.028600000
1048,15.950500000,0.489000000
1049,16.963500000,0.616700000
1050,16.190600000,0.666700000
1051,16.978200000,0.462500000
1052,16.948400000,0.600000000
1053,16.778100000,0.906300000
1054,16.114100000,0.734400000
1055,16.717700000,0.364100000
1056,16.744300000,0.376100000
1057,17.208800000,0.707300000
1058,15.874000000,0.356800000
1059,17.823900000,1.161400000
1060,16.004200000,0.665600000
1061,16.294800000,0.949500000
1062,16.612500000,0.292700000
1063,16.648400000,0.330700000
1064,16.714600000,0.376600000
1065,17.026100000,0.519300000
1066,16.203100000,0.779200000
1067,16.928100000,0.481700000
1068,16.743800000,0.326600000
1069,16.659300000,0.329100000
1070,16.757300000,0.395300000
1071,17.679700000,1.159900000
1072,15.269300000,0.859900000
1073,18.253100000,1.829100000
1074,16.499000000,0.896900000
1075,15.217200000,0.693700000
1076,16.913500000,0.380800000
1077,16.879700000,0.478200000
1078,16.005700000,0.485900000
1079,16.812500000,0.398400000
1080,16.716200000,0.410400000
1081,16.768200000,0.404200000
1082,16.829700000,0.452700000
1083,16.794800000,0.453600000
1084,16.642200000,0.330800000
1085,16.882200000,0.416600000
1086,18.853200000,3.489000000
1087,14.825500000,1.338000000
1088,16.465600000,0.973900000
1089,15.763000000,0.338000000
1090,17.521400000,0.443200000
1091,15.779700000,0.405700000
1092,16.895800000,0.554700000
1093,17.442200000,0.718700000
1094,17.038500000,1.594300000
1095,15.773500000,0.409900000
1096,16.809400000,0.457800000
1097,17.741100000,0.847900000
1098,18.206800000,0.344800000
1099,13.614600000,0.316700000
1100,16.608800000,0.307800000
1101,16.743800000,0.443800000
1102,17.197400000,0.641700000
1103,16.562500000,0.541200000
1104,16.828600000,0.422400000
1105,15.794300000,0.413000000
1106,18.375000000,1.672400000
1107,16.085400000,0.479100000
1108,15.919300000,0.532300000
1109,18.182300000,1.739100000
1110,14.791100000,0.410400000
1111,16.691100000,0.375000000
1112,16.699500000,0.374500000
1113,16.745300000,0.391100000
1114,17.018800000,0.677600000
1115,16.822900000,0.470800000
1116,16.840100000,0.434400000
1117,15.941700000,0.535900000
1118,16.804100000,0.402000000
1119,18.380200000,1.932800000
1120,15.018300000,0.531700000
1121,17.013000000,0.529700000
1122,16.846900000,0.480700000
1123,15.784900000,0.425000000
1124,16.727100000,0.387500000
1125,16.585900000,0.275500000
1126,16.872900000,0.381800000
1127,17.078100000,0.706700000
1128,16.786500000,0.401100000
1129,18.696300000,1.666700000
1130,15.382300000,0.857800000
1131,15.594300000,0.292200000
1132,16.943200000,0.365600000
1133,17.014100000,0.657800000
1134,16.050500000,0.456800000
1135,17.165100000,0.846300000
1136,15.976600000,0.625600000
1137,17.120300000,0.629200000
1138,17.477600000,0.988500000
1139,15.877600000,0.418300000
1140,16.834900000,0.422400000
1141,15.899500000,0.455800000
1142,16.717700000,0.332300000
1143,17.773400000,1.266200000
1144,16.941200000,0.522900000
1145,15.713500000,0.390100000
1146,17.041200000,0.329700000
1147,16.073400000,0.600000000
1148,16.926600000,0.475500000
1149,17.009300000,0.379700000
1150,15.934900000,0.472900000
1151,16.611500000,0.311500000
1152,22.258300000,5.533900000
1153,12.039100000,0.718200000
1154,16.380200000,0.989100000
1155,16.369300000,0.993200000
1156,16.847900000,0.423500000
1157,16.716100000,0.370300000
1158,16.667200000,0.571900000
1159,15.620300000,0.300500000
1160,17.817700000,0.392700000
1161,16.394300000,0.603100000
1162,16.826000000,0.454100000
1163,17.548000000,2.104200000
1164,16.280700000,0.585400000
1165,16.736500000,0.496300000
1166,17.388000000,1.247900000
1167,14.577600000,0.278100000
1168,16.876000000,0.431300000
1169,17.395300000,1.030200000
1170,15.900600000,0.463500000
1171,17.808800000,1.276600000
1172,15.968800000,0.504200000
1173,17.235400000,0.741100000
1174,15.603600000,0.286400000
1175,18.710400000,2.369800000
1176,19.492700000,0.666600000
1177,13.965700000,1.083800000
1178,15.015600000,0.391700000
1179,16.681800000,0.358800000
1180,16.897900000,0.302100000
1181,16.020300000,0.641100000
1182,17.840600000,0.451000000
1183,15.906300000,0.508300000
1184,17.053100000,0.402100000
1185,15.853100000,0.470300000
1186,17.925500000,0.787500000
1187,16.078200000,0.695300000
1188,16.028600000,0.575000000
1189,17.045300000,0.633900000
1190,16.690100000,0.345300000
1191,16.995300000,0.460400000
1192,15.779200000,0.425000000
1193,17.050500000,0.555700000
1194,17.001600000,0.476100000
1195,16.112500000,0.700000000
1196,18.390600000,1.363000000
1197,14.546400000,0.261500000
1198,17.406700000,0.491600000
1199,16.899500000,0.475500000
1200,15.849500000,0.363000000
1201,16.909900000,0.486900000
1202,16.879200000,0.411500000
1203,16.605200000,0.302600000
1204,17.489000000,0.421900000
1205,15.905200000,0.578100000
1206,16.964100000,0.640600000
1207,19.142200000,1.871400000
1208,13.764100000,0.438500000
1209,17.165100000,0.514600000
1210,15.954100000,0.558300000
1211,16.862000000,0.534900000
1212,17.007800000,0.522400000
1213,17.218200000,0.629700000
1214,17.269800000,1.430700000
1215,14.773500000,0.282300000
1216,17.940600000,0.352600000
1217,15.975000000,0.543200000
1218,16.725500000,0.356800000
1219,16.719300000,0.369300000
1220,18.262000000,1.815600000
1221,14.977600000,0.515600000
1222,16.858300000,0.376100000
1223,16.971400000,0.530700000
1224,16.967100000,1.021900000
1225,15.533900000,0.263000000
1226,16.767200000,0.353100000
1227,17.306200000,0.716700000
1228,15.792200000,0.479700000
1229,16.738000000,0.342100000
1230,17.671400000,0.989600000
1231,15.917700000,0.457300000
1232,17.914100000,1.371900000
1233,16.529700000,1.116100000
1234,20.292700000,3.504700000
1235,11.905700000,0.447900000
1236,16.762000000,0.394300000
1237,17.102100000,0.612000000
1238,15.988000000,0.526100000
1239,17.539000000,0.463000000
1240,15.956300000,0.608900000
1241,16.741100000,0.385400000
1242,17.249500000,0.810400000
1243,15.727600000,0.376500000
1244,16.822400000,0.334300000
1245,17.385400000,0.559400000
1246,16.511500000,1.056800000
1247,15.706200000,0.347400000
1248,17.552600000,0.679700000
1249,16.991200000,0.662500000
1250,15.742200000,0.384900000
1251,17.678100000,0.988500000
1252,15.882800000,0.369800000
1253,18.433400000,1.075500000
1254,14.889000000,0.479100000
1255,18.409900000,1.961500000
1256,15.581300000,1.058300000
1257,16.422400000,0.552600000
1258,16.678100000,0.340600000
1259,15.740100000,0.311500000
1260,18.393200000,1.924000000
1261,15.914100000,0.473500000
1262,16.475000000,0.728100000
1263,16.705700000,0.379700000
1264,16.714600000,0.329700000
1265,16.923400000,0.439600000
1266,16.664600000,0.848500000
1267,15.894300000,0.455200000
1268,17.003600000,0.584900000
1269,16.954200000,0.536500000
1270,16.303100000,0.354200000
1271,16.891200000,0.556200000
1272,16.778100000,0.401600000
1273,16.108800000,0.511000000
1274,18.013100000,0.795900000
1275,15.617200000,0.328700000
1276,16.592100000,0.305300000
1277,16.687000000,0.360900000
1278,16.788000000,0.366700000
1279,16.902100000,0.465100000
1280,15.786000000,0.357300000
1281,16.693700000,0.348400000
1282,17.877600000,0.369800000
1283,15.763600000,0.403200000
1284,17.622900000,0.502100000
1285,16.291600000,0.479700000
1286,15.905200000,0.359400000
1287,16.849000000,0.513000000
1288,16.810400000,0.361000000
1289,16.937000000,0.548000000
1290,17.011500000,0.442700000
1291,16.585400000,1.078600000
1292,16.185900000,0.800500000
1293,17.171900000,0.815100000
1294,15.830700000,0.463000000
1295,16.713000000,0.389000000
1296,16.993800000,0.331800000
1297,16.576000000,0.300500000
1298,16.645300000,0.318700000
1299,16.601100000,0.312000000
1300,18.052600000,1.202600000
1301,16.304200000,0.807300000
1302,15.936400000,0.483300000
1303,16.783300000,0.403100000
1304,16.988600000,0.649000000
1305,15.819300000,0.352100000
1306,16.950500000,0.407800000
1307,17.398900000,0.814100000
1308,15.764100000,0.404200000
1309,19.149500000,2.482300000
1310,13.912500000,0.503100000
1311,20.969800000,3.591200000
1312,12.717200000,0.388600000
1313,16.775500000,0.464600000
1314,16.852100000,0.430200000
1315,17.180200000,0.550000000
1316,15.844200000,0.433800000
1317,16.761500000,0.340600000
1318,16.701600000,0.399400000
1319,16.848400000,0.375000000
1320,16.764100000,0.373500000
1321,15.641100000,0.302600000
1322,17.207300000,0.734400000
1323,16.703100000,0.359900000
1324,17.161000000,0.415100000
1325,15.871300000,0.296300000
1326,18.389600000,0.346900000
1327,15.074500000,0.417200000
1328,17.002100000,0.533300000
1329,17.215100000,0.819800000
1330,19.895300000,4.193800000
1331,12.611400000,0.327000000
1332,16.857300000,0.447900000
1333,16.992700000,0.556800000
1334,16.976100000,0.514600000
1335,16.472400000,0.535500000
1336,16.025500000,0.337000000
1337,17.365100000,0.975500000
1338,16.898400000,1.571400000
1339,15.712000000,0.345300000
1340,16.959900000,0.426600000
1341,18.097400000,1.621800000
1342,15.234400000,0.343800000
1343,17.105200000,0.585900000
1344,16.230700000,0.409400000
1345,16.631800000,0.321400000
1346,17.026000000,0.425000000
1347,15.878700000,0.471900000
1348,17.115100000,0.530700000
1349,17.020300000,0.594300000
1350,15.903100000,0.441700000
1351,16.798500000,0.330800000
1352,17.018700000,0.442200000
1353,16.616700000,0.321400000
1354,16.650500000,0.317700000
1355,16.617200000,0.320900000
1356,16.700500000,0.340600000
1357,17.018200000,0.597400000
1358,15.829700000,0.407800000
1359,17.605800000,0.466100000
1360,15.823900000,0.497900000
1361,16.879200000,0.426600000
1362,16.896300000,0.426000000
1363,16.790700000,0.436500000
1364,17.689000000,0.662000000
1365,16.393800000,0.448900000
1366,16.067200000,0.679700000
1367,16.540600000,1.061000000
1368,16.622400000,0.304700000
1369,17.510400000,0.658300000
1370,16.001600000,0.443200000
1371,15.867100000,0.448900000
1372,17.861000000,0.654700000
1373,15.989600000,0.478600000
1374,17.580200000,0.558800000
1375,15.886400000,0.448900000
1376,17.045300000,0.375500000
1377,15.819300000,0.370300000
1378,18.374500000,1.346900000
1379,14.914600000,0.348500000
1380,18.429100000,0.538600000
1381,15.119800000,0.466700000
1382,17.112500000,0.430700000
1383,17.168300000,0.339600000
1384,15.675500000,0.339100000
1385,16.762500000,0.314600000
1386,16.947900000,0.439100000
1387,16.951600000,0.501000000
1388,16.014500000,0.627100000
1389,17.220900000,0.785400000
1390,16.125500000,0.553600000
1391,16.924500000,0.452600000
1392,16.893200000,0.421900000
1393,16.131300000,0.578600000
1394,16.867700000,0.451000000
1395,16.890100000,0.332300000
1396,16.791100000,0.478100000
1397,15.891200000,0.469200000
1398,16.734300000,0.354200000
1399,16.913600000,0.492200000
1400,16.860400000,0.494300000
1401,16.925000000,0.340600000
1402,16.316700000,0.477100000
1403,16.939500000,0.434900000
1404,16.011500000,0.470400000
1405,17.539100000,1.063000000
1406,16.567700000,0.426600000
1407,15.589600000,0.277100000
1408,17.134300000,0.306700000
1409,16.711500000,0.378700000
1410,17.656200000,1.002600000
1411,15.754700000,0.367700000
1412,16.670900000,0.338500000
1413,16.857800000,0.440200000
1414,16.742700000,0.399500000
1415,16.629200000,0.310400000
1416,16.743200000,0.389600000
1417,16.925500000,0.395800000
1418,15.854200000,0.453100000
1419,16.766100000,0.370300000
1420,17.142700000,0.655200000
1421,24.642700000,8.194800000
1422,9.910400000,0.381700000
1423,14.696400000,0.338000000
1424,16.678600000,0.320800000
1425,16.833400000,0.471400000
1426,16.769800000,0.395900000
1427,17.087500000,0.671800000
1428,18.514600000,1.932300000
1429,14.991100000,0.559900000
1430,16.548400000,0.390100000
1431,16.647400000,0.342800000
1432,16.940100000,0.506800000
1433,15.753200000,0.390100000
1434,16.941100000,0.585400000
1435,17.001600000,0.545300000
1436,17.718700000,0.298900000
1437,16.209900000,0.890600000
1438,17.049000000,1.412000000
1439,16.689600000,0.816700000
1440,16.002000000,0.362500000
1441,15.739600000,0.369800000
1442,17.191200000,0.794700000
1443,17.168700000,0.796900000
1444,16.054700000,0.434400000
1445,17.147400000,0.446400000
1446,16.054700000,0.406300000
1447,16.955700000,0.469800000
1448,16.922400000,0.579200000
1449,15.629700000,0.316100000
1450,16.996900000,0.661500000
1451,16.807300000,0.429100000
1452,17.025000000,0.588500000
1453,16.969800000,0.442100000
1454,16.340100000,0.370800000
1455,16.819200000,0.430200000
1456,16.149000000,0.307300000
1457,16.873400000,0.453100000
1458,16.849500000,0.521300000
1459,16.878700000,0.439500000
1460,16.156700000,0.722400000
1461,16.980800000,0.586400000
1462,17.224400000,0.509400000
1463,15.792200000,0.423900000
1464,16.675000000,0.355700000
1465,17.776600000,0.506700000
1466,15.815100000,0.393800000
1467,16.908300000,0.508300000
1468,16.545300000,0.421900000
1469,15.632900000,0.290600000
1470,17.252000000,0.394800000
1471,16.698000000,0.347400000
1472,16.655200000,0.299000000
1473,17.091600000,0.467700000
1474,16.501600000,1.119800000
1475,16.789600000,0.353100000
1476,17.607800000,0.525500000
1477,17.083800000,0.621400000
1478,14.851100000,0.424500000
1479,16.708800000,0.282900000
1480,17.750600000,1.324500000
1481,15.850000000,0.484400000
1482,16.804100000,0.408900000
1483,16.174000000,0.647900000
1484,16.979100000,0.560900000
1485,17.661500000,0.420300000
1486,16.459900000,0.335400000
1487,15.760400000,0.363000000
1488,16.643800000,0.332800000
1489,16.805700000,0.438100000
1490,16.919300000,0.577600000
1491,15.981200000,0.525500000
1492,17.271400000,0.618200000
1493,17.462500000,0.947400000
1494,15.832300000,0.433800000
1495,16.754700000,0.339500000
1496,16.038500000,0.518300000
1497,17.048400000,0.645300000
1498,16.783400000,0.397900000
1499,16.762500000,0.375000000
1500,16.863000000,0.371400000
1501,15.951000000,0.507800000
1502,16.795300000,0.439500000
1503,17.381300000,0.867200000
1504,15.851600000,0.320300000
1505,16.791600000,0.406800000
1506,17.483900000,0.680700000
1507,15.709300000,0.367200000
1508,17.471400000,1.052100000
1509,15.972400000,0.341700000
1510,16.747900000,0.329200000
1511,16.962000000,0.369300000
1512,16.710900000,0.324400000
1513,16.967200000,1.467200000
1514,15.979200000,0.557300000
1515,17.059900000,0.467800000
1516,16.244300000,0.741600000
1517,16.847300000,0.422900000
1518,16.649000000,0.321900000
1519,17.048400000,0.602100000
1520,16.687500000,0.338000000
1521,15.877100000,0.478700000
1522,19.016200000,1.232800000
1523,14.746800000,0.366100000
1524,17.401100000,0.405700000
1525,15.834900000,0.481800000
1526,16.578100000,0.279100000
1527,17.317200000,0.982300000
1528,15.956800000,0.344800000
1529,16.847900000,0.411500000
1530,17.934400000,0.582800000
1531,15.049400000,0.554700000
1532,17.370900000,0.939000000
1533,15.966600000,0.432300000
1534,17.723000000,1.178200000
1535,15.957800000,0.495300000
1536,16.867200000,0.434300000
1537,16.911400000,0.401600000
1538,15.645300000,0.329100000
1539,16.860400000,0.434900000
1540,17.055800000,0.429100000
1541,17.688000000,0.962500000
1542,16.355200000,0.313000000
1543,15.970800000,0.505200000
1544,17.674000000,1.274500000
1545,15.523400000,0.254100000
1546,19.262000000,0.959900000
1547,13.683900000,0.331800000
1548,16.610400000,0.305200000
1549,17.317200000,0.953600000
1550,18.104100000,1.729100000
1551,14.892200000,0.498500000
1552,18.381800000,0.525000000
1553,14.953600000,0.530700000
1554,17.130800000,0.671400000
1555,17.436900000,1.048900000
1556,15.836500000,0.483300000
1557,16.811500000,0.513000000
1558,16.235400000,0.839100000
1559,17.681200000,1.347400000
1560,16.225600000,0.382800000
1561,15.869200000,0.459900000
1562,18.513600000,0.382800000
1563,14.799400000,0.509400000
1564,17.916200000,1.079700000
1565,16.160400000,0.718800000
1566,15.875500000,0.446400000
1567,17.270300000,0.408900000
1568,17.593300000,1.242200000
1569,15.839000000,0.470800000
1570,17.414100000,1.680800000
1571,15.939100000,0.436900000
1572,16.280700000,0.429700000
1573,16.856200000,0.451000000
1574,16.600000000,0.293700000
1575,17.134400000,0.610900000
1576,17.945300000,0.345800000
1577,14.639600000,0.279700000
1578,17.811500000,1.466100000
1579,16.400000000,0.645300000
1580,15.988500000,0.550500000
1581,17.704200000,0.382300000
1582,15.923400000,0.371800000
1583,19.180200000,2.853600000
1584,14.264600000,0.897400000
1585,15.707800000,0.378100000
1586,16.690600000,0.361400000
1587,17.614100000,0.588500000
1588,16.083900000,0.509400000
1589,17.346300000,0.858800000
1590,16.829700000,1.407300000
1591,15.897400000,0.365600000
1592,17.920800000,1.401000000
1593,15.746900000,0.406200000
1594,16.966100000,0.543700000
1595,15.714100000,0.347400000
1596,17.033300000,0.642200000
1597,19.041700000,2.512500000
1598,14.312000000,0.871400000
1599,16.581800000,0.267700000
1600,17.657800000,0.340100000
1601,15.695800000,0.351600000
1602,17.518200000,1.178100000
1603,15.931300000,0.482300000
1604,16.591700000,0.283800000
1605,16.664500000,0.351000000
1606,18.030200000,0.362500000
1607,17.631300000,3.164000000
1608,14.967200000,0.354700000
1609,15.617200000,0.315100000
1610,18.001500000,1.461000000
1611,16.340100000,0.961900000
1612,17.543800000,2.171400000
1613,15.242700000,0.432300000
1614,17.077600000,0.665200000
1615,15.642200000,0.320300000
1616,16.834900000,0.482300000
1617,17.663500000,1.329700000
1618,16.663000000,1.172900000
1619,15.763100000,0.387000000
1620,16.687500000,0.363600000
1621,16.914000000,0.587500000
1622,16.810400000,0.352600000
1623,16.643800000,0.271300000
1624,17.882300000,0.504200000
1625,15.895800000,0.483900000
1626,16.403700000,0.806700000
1627,17.692700000,0.623900000
1628,15.949500000,0.589600000
1629,15.643200000,0.325000000
1630,17.759400000,1.365100000
1631,15.926500000,0.494800000
1632,17.313000000,0.349400000
1633,15.579200000,0.288500000
1634,16.747400000,0.424000000
1635,16.765100000,0.438600000
1636,16.967200000,0.326600000
1637,17.319300000,0.332300000
1638,15.790600000,0.395900000
1639,16.646900000,0.318200000
1640,18.023900000,1.442800000
1641,16.139600000,0.749500000
1642,15.893200000,0.526600000
1643,16.663100000,0.306800000
1644,16.973900000,0.363500000
1645,16.670300000,0.331700000
1646,16.897400000,0.379100000
1647,16.608900000,0.314100000
1648,17.246900000,0.389600000
1649,15.910900000,0.550000000
1650,17.347900000,0.891700000
1651,15.710900000,0.347400000
1652,16.869300000,0.306800000
1653,18.740600000,0.726500000
1654,15.858400000,0.392700000
1655,15.918200000,0.423500000
1656,17.235900000,0.937500000
1657,15.829200000,0.426600000
1658,18.208900000,0.398500000
1659,14.708300000,0.357300000
1660,17.337000000,0.881200000
1661,15.873900000,0.496300000
1662,17.087000000,0.634900000
1663,16.859400000,0.516700000
1664,16.753100000,0.408300000
1665,15.792200000,0.393300000
1666,16.786500000,0.422400000
1667,16.978600000,0.457300000
1668,16.633300000,0.313100000
1669,16.646900000,0.325500000
1670,18.816200000,2.334900000
1671,15.962500000,0.756800000
1672,16.184300000,0.410400000
1673,15.788600000,0.408800000
1674,17.687000000,1.333800000
1675,16.382200000,0.810900000
1676,16.423500000,0.421800000
1677,16.056200000,0.658900000
1678,16.900600000,0.504100000
1679,16.952000000,0.608800000
1680,15.731800000,0.359400000
1681,17.337500000,0.383900000
1682,16.822900000,0.382300000
1683,17.802600000,1.093200000
1684,15.141700000,0.710900000
1685,16.949000000,0.471800000
1686,16.616100000,0.306800000
1687,16.654700000,0.356300000
1688,17.189000000,0.854600000
1689,17.753700000,1.982300000
1690,15.153100000,0.451600000
1691,16.902100000,0.529700000
1692,15.887000000,0.461500000
1693,17.056200000,0.439600000
1694,16.808400000,0.303700000
1695,17.073900000,0.436500000
1696,15.758400000,0.408900000
1697,16.800000000,0.396400000
1698,17.273400000,0.840600000
1699,15.949000000,0.503600000
1700,16.657800000,0.296900000
1701,16.876500000,0.453700000
1702,19.383400000,1.286900000
1703,14.269800000,0.939600000
1704,17.790100000,0.414600000
1705,18.264500000,3.652600000
1706,13.773000000,0.344800000
1707,17.182800000,0.850000000
1708,16.085900000,0.709900000
1709,16.702600000,0.392700000
1710,17.892200000,1.466100000
1711,15.794800000,0.398500000
1712,17.938500000,2.539600000
1713,14.966200000,0.509400000
1714,17.679700000,0.851600000
1715,15.657300000,0.322400000
1716,18.224400000,1.872400000
1717,14.841700000,0.458900000
1718,18.227600000,1.780200000
1719,16.280700000,0.733900000
1720,16.994300000,0.422400000
1721,15.702100000,0.357800000
1722,17.889100000,0.348900000
1723,15.073900000,0.681300000
1724,17.042200000,0.581800000
1725,17.426000000,1.143700000
1726,16.295900000,0.978200000
1727,15.738500000,0.365100000
1728,18.109900000,0.485400000
1729,15.591200000,0.298000000
1730,16.694200000,0.379100000
1731,17.655200000,1.316100000
1732,15.885500000,0.445800000
1733,20.158300000,3.744300000
1734,13.077100000,0.496400000
1735,16.701000000,0.356300000
1736,16.996900000,0.557300000
1737,15.807300000,0.416200000
1738,16.887500000,0.467800000
1739,16.585400000,0.280200000
1740,17.385400000,1.042700000
1741,15.945300000,0.287500000
1742,16.677100000,0.346400000
1743,17.133900000,0.669200000
1744,17.357300000,0.941100000
1745,15.759300000,0.396900000
1746,19.471400000,0.778700000
1747,14.374500000,0.958800000
1748,16.127600000,0.761000000
1749,16.854100000,0.452600000
1750,16.768800000,0.430200000
1751,15.813500000,0.399000000
1752,19.108400000,1.442700000
1753,15.398400000,0.506200000
1754,19.163000000,0.950500000
1755,13.831800000,0.430200000
1756,17.265600000,0.956300000
1757,15.730700000,0.341200000
1758,16.579700000,0.290600000
1759,18.393300000,1.744300000
1760,14.730700000,0.306800000
1761,16.712000000,0.425500000
1762,17.781200000,0.987500000
1763,15.740600000,0.375500000
1764,19.391200000,1.831800000
1765,13.737500000,0.370900000
1766,16.756800000,0.381800000
1767,16.817700000,0.419800000
1768,17.707800000,1.280300000
1769,15.831200000,0.379200000
1770,16.992200000,0.608900000
1771,16.536000000,0.945900000
1772,16.604100000,1.226100000
1773,16.931300000,0.538500000
1774,16.045800000,0.457300000
1775,17.182300000,0.738500000
1776,16.242200000,0.777100000
1777,16.880700000,0.445300000
1778,17.046900000,0.575000000
1779,18.133800000,0.444300000
1780,14.966700000,0.483300000
1781,17.824500000,2.405200000
1782,15.253600000,0.800000000
1783,16.976600000,0.497900000
1784,19.388000000,0.651500000
1785,14.087000000,0.671900000
1786,16.566100000,1.184900000
1787,15.918300000,0.509900000
1788,16.716100000,0.363600000
1789,17.237500000,0.856300000
1790,16.124000000,0.701000000
1791,17.017700000,0.578100000
1792,17.197900000,0.455200000
1793,15.863000000,0.388000000
1794,16.826600000,0.368300000
1795,16.839000000,0.468200000
1796,17.792800000,1.438600000
1797,15.644200000,0.978700000
1798,15.950500000,0.584900000
1799,16.750600000,0.376500000
1800,16.841100000,0.452600000
1801,16.916200000,0.480700000
1802,16.607800000,0.303700000
1803,17.619800000,1.154700000
1804,15.981700000,0.584900000
1805,15.917200000,0.358900000
1806,18.621400000,0.465100000
1807,16.306700000,1.847900000
1808,15.892800000,0.270300000
1809,15.815100000,0.419200000
1810,19.759300000,1.119200000
1811,13.825000000,0.420800000
1812,17.706300000,1.166200000
1813,16.370300000,0.915700000
1814,15.916100000,0.561900000
1815,16.921900000,0.479200000
1816,17.533300000,1.187000000
1817,17.298500000,1.747400000
1818,16.778100000,2.323400000
1819,14.771900000,0.391600000
1820,17.308300000,0.293700000
1821,18.908400000,0.452100000
1822,13.832200000,0.367700000
1823,17.066700000,0.460900000
1824,18.175000000,1.151100000
1825,14.962000000,0.502600000
1826,17.760400000,1.155700000
1827,16.359900000,0.441700000
1828,18.551000000,1.502100000
1829,13.960500000,0.493700000
1830,17.297400000,0.796300000
1831,15.874400000,0.521300000
1832,16.703200000,0.366100000
1833,16.666600000,0.349500000
1834,19.143800000,0.420800000
1835,13.719200000,0.355700000
1836,18.296900000,1.184400000
1837,16.214600000,0.750500000
1838,16.138000000,0.833300000
1839,17.483400000,1.044800000
1840,15.689500000,0.317200000
1841,16.718300000,0.404200000
1842,16.745300000,0.398500000
1843,17.791700000,1.349000000
1844,17.180700000,1.784900000
1845,15.153600000,0.716200000
1846,16.693800000,0.311500000
1847,16.647400000,0.319300000
1848,17.748900000,1.363100000
1849,16.264600000,0.490100000
1850,16.754200000,1.289600000
1851,15.644300000,0.317200000
1852,17.522300000,0.975000000
1853,15.863600000,0.491600000
1854,17.048400000,0.478100000
1855,17.171400000,0.620300000
1856,16.442200000,0.813000000
1857,15.860400000,0.281800000
1858,17.971900000,0.494800000
1859,16.485400000,1.170900000
1860,16.275000000,0.615100000
1861,16.140100000,0.530700000
1862,16.570300000,0.271300000
1863,17.638500000,0.435900000
1864,16.256300000,0.756800000
1865,15.893700000,0.433300000
1866,17.753700000,0.730700000
1867,15.885900000,0.434900000
1868,16.549500000,0.263500000
1869,16.715600000,0.326000000
1870,16.663000000,0.341600000
1871,16.978700000,0.530200000
1872,17.325000000,0.448900000
1873,16.039100000,0.607800000
1874,17.010900000,0.628100000
1875,15.705700000,0.374500000
1876,17.117200000,0.727100000
1877,17.126000000,0.765600000
1878,15.651100000,0.328700000
1879,16.768700000,0.406700000
1880,17.623500000,0.759400000
1881,15.967200000,0.495800000
1882,17.612500000,0.868700000
1883,15.905200000,0.453200000
1884,16.973900000,0.592200000
1885,16.980800000,1.598900000
1886,15.716600000,0.319200000
1887,16.747900000,0.436500000
1888,16.771900000,0.391200000
1889,16.697900000,0.344200000
1890,17.416700000,1.003700000
1891,15.834900000,0.382300000
1892,19.549500000,2.986500000
1893,14.014000000,0.561000000
1894,19.536000000,0.857300000
1895,13.768700000,0.397400000
1896,17.790100000,1.303600000
1897,15.941700000,0.577600000
1898,15.617700000,0.308900000
1899,17.472400000,0.818800000
1900,20.894300000,0.867200000
1901,11.943700000,0.495300000
1902,16.820300000,0.403100000
1903,16.949500000,0.501000000
1904,16.753100000,0.338000000
1905,17.033900000,0.599500000
1906,16.117700000,0.609900000
1907,16.796400000,0.456200000
1908,17.315100000,0.870300000
1909,16.183300000,0.451000000
1910,16.103100000,0.562000000
1911,16.686000000,0.340200000
1912,16.946300000,0.567700000
1913,17.609400000,1.029100000
1914,16.418700000,0.932800000
1915,16.185500000,0.724500000
1916,15.866600000,0.490600000
1917,16.660400000,0.345300000
1918,16.909900000,0.607800000
1919,16.699000000,0.323400000
1920,17.071300000,0.655800000
1921,16.854700000,0.419800000
1922,16.511000000,0.563100000
1923,16.995800000,0.631800000
1924,16.385400000,0.431800000
1925,16.896900000,0.456200000
1926,15.725500000,0.344300000
1927,17.097900000,0.699000000
1928,18.272400000,0.595800000
1929,15.474000000,0.982800000
1930,16.166700000,0.804100000
1931,16.820300000,0.413500000
1932,16.783300000,0.379700000
1933,17.028100000,0.554100000
1934,15.628100000,0.310400000
1935,16.905300000,0.517700000
1936,17.601500000,0.663000000
1937,15.685400000,0.349500000
1938,17.822400000,1.394800000
1939,16.027100000,0.426600000
1940,17.984900000,1.665600000
1941,15.081800000,0.461500000
1942,17.311400000,0.835400000
1943,16.051600000,0.619300000
1944,18.000000000,0.964600000
1945,15.593200000,1.039600000
1946,16.863600000,0.402600000
1947,15.960900000,0.575000000
1948,17.684400000,1.068300000
1949,15.760900000,0.393300000
1950,17.798500000,0.915700000
1951,16.858800000,0.342700000
1952,15.734900000,0.443200000
1953,16.670800000,0.336900000
1954,17.275600000,0.877000000
1955,15.818700000,0.428700000
1956,16.960400000,0.527100000
1957,17.386000000,0.717100000
1958,15.742200000,0.356800000
1959,16.816600000,0.498400000
1960,17.402600000,1.005200000
1961,15.790700000,0.397300000
1962,16.959800000,0.450500000
1963,16.081300000,0.482300000
1964,18.641100000,2.001500000
1965,14.585500000,0.290100000
1966,16.905200000,0.578100000
1967,16.770800000,0.351600000
1968,17.495300000,1.036400000
1969,15.948500000,0.373400000
1970,16.760400000,0.375500000
1971,16.952100000,0.601000000
1972,16.961400000,1.637000000
1973,15.634900000,0.309900000
1974,17.032300000,0.560900000
1975,16.941100000,0.526000000
1976,15.733400000,0.311000000
1977,16.781200000,0.347400000
1978,17.942200000,1.379700000
1979,15.966200000,0.329700000
1980,16.712500000,0.382300000
1981,16.732800000,0.386400000
1982,16.621800000,0.328600000
1983,17.194300000,0.425000000
1984,15.793200000,0.391100000
1985,18.887000000,0.584400000
1986,15.611500000,1.171800000
1987,15.879700000,0.459800000
1988,18.280200000,1.632300000
1989,14.793200000,0.448400000
1990,16.657800000,0.334400000
1991,16.799500000,0.412500000
1992,17.927600000,1.473400000
1993,16.255700000,0.638000000
1994,15.895300000,0.527600000
1995,16.930300000,0.448900000
1996,17.249400000,0.946400000
1997,15.762500000,0.349500000
1998,17.610500000,0.667700000
1999,15.894200000,0.506800000
2000,15.901100000,0.554700000
2001,17.114000000,0.692200000
2002,17.510400000,0.438500000
2003,15.751100000,0.382800000
2004,17.574500000,0.447400000
2005,16.506700000,0.587000000
2006,15.832300000,0.522900000
2007,16.607800000,0.298900000
2008,17.182900000,0.493700000
2009,15.732200000,0.332800000
2010,18.830300000,2.443800000
2011,14.845300000,0.444800000
2012,16.718200000,0.376100000
2013,17.004700000,0.661500000
2014,18.367200000,0.717700000
2015,14.631700000,0.322900000
2016,17.701600000,1.250000000
2017,16.066100000,0.596400000
2018,16.623000000,0.301600000
2019,16.915600000,0.501600000
2020,15.981200000,0.591600000
2021,16.763600000,0.405200000
2022,16.877100000,0.502000000
2023,16.951500000,0.480200000
2024,15.860400000,0.518700000
2025,17.262000000,0.942100000
2026,17.176600000,0.576100000
2027,15.962500000,0.599500000
2028,16.604200000,0.294800000
2029,16.622300000,0.303600000
2030,16.889600000,0.472900000
2031,21.516700000,0.941700000
2032,15.012000000,1.357800000
2033,15.103100000,0.319800000
2034,16.133300000,1.823900000
2035,16.182800000,0.871800000
2036,15.741200000,0.399000000
2037,17.142700000,0.691600000
2038,19.183900000,2.487500000
2039,13.630700000,0.309900000
2040,16.632300000,0.309400000
2041,17.179700000,0.798900000
2042,17.773900000,0.885900000
2043,16.784400000,0.986400000
2044,15.046400000,0.575500000
2045,16.685900000,0.340100000
2046,18.368200000,0.866200000
2047,14.862500000,0.429700000
2048,18.077600000,1.669800000
2049,16.133900000,0.770300000
2050,17.929700000,0.981800000
2051,14.720300000,0.372900000
2052,17.141100000,0.677600000
2053,16.176100000,0.552100000
2054,16.726500000,0.290100000
2055,17.761000000,1.260400000
2056,16.818700000,1.374500000
2057,15.569800000,0.275000000
2058,16.769300000,0.403700000
2059,16.633300000,0.308300000
2060,16.806300000,0.467200000
2061,16.780200000,0.375600000
2062,17.054100000,1.540100000
2063,15.817700000,0.432800000
2064,19.016200000,0.938500000
2065,15.033300000,0.388000000
2066,18.487000000,2.277100000
2067,14.746400000,1.361900000
2068,16.100000000,0.770300000
2069,18.232200000,1.828100000
2070,14.738600000,0.382300000
2071,16.605700000,0.292700000
2072,16.852100000,0.445300000
2073,17.375000000,0.586000000
2074,16.502100000,0.870300000
2075,16.651000000,0.335400000
2076,17.585400000,1.214600000
2077,15.650000000,0.314100000
2078,16.761500000,0.398500000
2079,16.925500000,0.450600000
2080,15.913000000,0.405200000
2081,16.893800000,0.389600000
2082,17.421300000,0.559400000
2083,16.465200000,0.906200000
2084,18.502000000,0.488500000
2085,14.038600000,0.459300000
2086,17.315100000,0.840100000
2087,17.419300000,1.762500000
2088,16.600500000,0.661000000
2089,15.894800000,0.479100000
2090,16.129100000,0.663000000
2091,16.665700000,0.343800000
2092,16.767700000,0.379200000
2093,18.159900000,1.795300000
2094,18.215100000,0.408800000
2095,14.202600000,0.723900000
2096,15.764600000,0.397400000
2097,16.722300000,0.422400000
2098,19.272400000,1.359900000
2099,14.639100000,0.325500000
2100,16.760900000,0.396900000
2101,16.708900000,0.376000000
2102,18.257300000,0.324500000
2103,14.601600000,0.316600000
2104,16.995300000,0.550500000
2105,18.153600000,1.526600000
2106,14.862000000,0.390700000
2107,16.925500000,0.564100000
2108,18.077100000,1.228700000
2109,14.758800000,0.370800000
2110,16.859900000,0.379600000
2111,17.339600000,0.720300000
2112,16.719800000,0.739600000
2113,15.931300000,0.445300000
2114,17.880200000,1.438100000
2115,17.024500000,0.969800000
2116,14.901500000,0.483300000
2117,16.788600000,0.406200000
2118,17.354600000,0.905700000
2119,15.638600000,0.324000000
2120,17.373900000,0.737000000
2121,16.902700000,0.477100000
2122,20.711400000,4.718800000
2123,11.626600000,0.277100000
2124,16.729700000,0.445400000
2125,17.140600000,0.706700000
2126,16.997400000,0.483900000
2127,17.447900000,0.478700000
2128,16.295800000,0.948400000
2129,15.763100000,0.364600000
2130,17.349400000,0.511500000
2131,16.640700000,0.892700000
2132,16.172900000,0.755800000
2133,16.859300000,0.481200000
2134,16.770400000,0.370400000
2135,16.881700000,0.527100000
2136,18.316700000,0.549500000
2137,15.018700000,0.528700000
2138,16.046900000,0.513100000
2139,17.524000000,0.954200000
2140,15.709900000,0.395800000
2141,16.656700000,0.325500000
2142,16.942800000,0.381300000
2143,16.623900000,0.308300000
2144,16.728100000,0.426500000
2145,17.143300000,0.678700000
2146,15.961400000,0.640100000
2147,16.943300000,0.498900000
2148,17.497400000,0.405200000
2149,15.942100000,0.502100000
2150,19.170400000,2.158300000
2151,13.691100000,0.346900000
2152,17.218200000,0.344200000
2153,17.482300000,1.184900000
2154,15.715600000,0.386900000
2155,17.048000000,0.548900000
2156,17.386400000,1.375500000
2157,16.376100000,1.023400000
2158,16.491600000,0.922400000
2159,15.645900000,0.327600000
2160,16.923400000,0.538000000
2161,16.779200000,0.400000000
2162,19.247400000,0.424400000
2163,13.855700000,0.437000000
2164,17.740600000,0.390600000
2165,15.736500000,0.363600000
2166,17.006700000,0.540600000
2167,16.886500000,0.770800000
2168,17.653100000,1.169300000
2169,14.742700000,0.380200000
2170,16.905800000,0.318300000
2171,16.925500000,0.389600000
2172,16.990100000,0.619300000
2173,16.019800000,0.466200000
2174,17.304100000,0.922900000
2175,15.858900000,0.438000000
2176,18.046900000,0.679700000
2177,19.067200000,3.499500000
2178,15.127000000,2.387500000
2179,14.684400000,0.357800000
2180,17.081800000,0.680200000
2181,16.960400000,0.510400000
2182,16.264600000,0.885900000
2183,16.829200000,0.400000000
2184,18.676000000,3.300000000
2185,13.913000000,0.416700000
2186,18.419300000,1.092200000
2187,14.943700000,0.496300000
2188,20.174500000,3.615100000
2189,14.866200000,0.383300000
2190,15.794800000,1.314600000
2191,16.656700000,0.428100000
2192,21.426600000,4.620800000
2193,11.981800000,0.468700000
2194,16.673400000,0.514600000
2195,15.900500000,0.545800000
2196,16.966200000,0.369800000
2197,16.927000000,0.449500000
2198,15.647400000,0.326000000
2199,18.057300000,0.436400000
2200,16.199500000,0.702100000
2201,16.767700000,0.384400000
2202,16.437000000,0.842700000
2203,19.651000000,2.855200000
2204,13.650600000,0.323500000
2205,16.847900000,0.465100000
2206,17.235900000,0.394300000
2207,15.692700000,0.358800000
2208,17.159400000,0.748400000
2209,16.916100000,1.569700000
2210,15.830300000,0.460900000
2211,17.048900000,0.579100000
2212,18.778700000,1.932300000
2213,14.759900000,0.433900000
2214,15.959900000,0.378100000
2215,16.788000000,0.365100000
2216,17.103600000,0.793700000
2217,23.525000000,1.980300000
2218,12.166200000,0.404200000
2219,13.958800000,0.430700000
2220,17.050000000,0.745800000
2221,16.911500000,0.561400000
2222,15.838500000,0.445300000
2223,17.430700000,1.001000000
2224,15.926600000,0.459400000
2225,16.816700000,0.356800000
2226,16.797900000,0.384900000
2227,17.088000000,0.592100000
2228,16.200500000,0.836400000
2229,16.637500000,0.325500000
2230,17.503200000,1.095800000
2231,16.309300000,0.491200000
2232,16.770300000,0.718700000
2233,15.852100000,0.469800000
2234,16.957300000,0.453600000
2235,16.675000000,0.322900000
2236,16.916200000,0.370800000
2237,17.054100000,0.646400000
2238,15.966200000,0.488000000
2239,16.882300000,0.448900000
2240,19.218700000,0.594800000
2241,13.971900000,0.490100000
2242,17.116100000,0.582800000
2243,16.576600000,0.501600000
2244,16.827600000,0.508800000
2245,15.755200000,0.420800000
2246,16.853700000,0.422900000
2247,16.878100000,0.432800000
2248,16.893200000,0.408900000
2249,16.828700000,0.421300000
2250,17.695300000,2.208300000
2251,15.970300000,1.278100000
2252,15.974500000,0.382300000
2253,17.046800000,0.588000000
2254,19.519300000,2.152100000
2255,13.640100000,0.318200000
2256,17.637500000,0.358300000
2257,16.192700000,0.507300000
2258,16.242200000,0.637000000
2259,16.978100000,0.651100000
2260,16.120900000,0.588500000
2261,17.108800000,0.318700000
2262,17.379700000,2.073400000
2263,16.950500000,0.748400000
2264,15.354200000,0.969300000
2265,16.974500000,0.597400000
2266,18.600500000,3.109900000
2267,13.844800000,0.430200000
2268,18.301000000,0.839600000
2269,16.028700000,0.565100000
2270,15.697400000,0.347900000
2271,17.539000000,1.154100000
2272,16.151100000,0.721300000
2273,17.307300000,0.775600000
2274,16.025500000,0.516100000
2275,16.696300000,0.295300000
2276,16.823000000,0.428100000
2277,16.843700000,0.443700000
2278,19.939100000,1.590700000
2279,12.794200000,0.520900000
2280,16.848500000,0.433900000
2281,16.883800000,0.458900000
2282,18.116200000,1.161400000
2283,14.766700000,0.437000000
2284,17.529100000,1.138000000
2285,20.080700000,4.432300000
2286,13.064100000,0.614100000
2287,16.314600000,0.396900000
2288,17.572900000,1.031200000
2289,15.827600000,0.467700000
2290,16.883900000,0.439500000
2291,16.808300000,0.445800000
2292,17.320300000,1.827000000
2293,16.192700000,0.794800000
2294,16.420300000,0.517200000
2295,16.265700000,0.376100000
2296,16.805700000,0.482300000
2297,18.319300000,1.780200000
2298,15.596300000,1.218800000
2299,15.600000000,0.293700000
2300,18.307800000,1.821400000
2301,16.354700000,0.546900000
2302,20.611000000,0.557800000
2303,11.676000000,0.355700000
2304,16.865100000,0.535900000
2305,16.965100000,0.380200000
2306,15.789600000,0.347400000
2307,16.953600000,0.608300000
2308,17.308400000,0.630700000
2309,15.721800000,0.364000000
2310,17.290100000,0.460900000
2311,17.261500000,0.682300000
2312,15.728100000,0.364500000
2313,17.281300000,0.862500000
2314,16.665600000,1.340100000
2315,15.600500000,0.297400000
2316,18.200500000,0.571900000
2317,16.037000000,0.396800000
2318,16.882800000,0.517200000
2319,15.714600000,0.305200000
2320,17.124000000,0.654700000
2321,17.109400000,0.666700000
2322,16.546800000,0.802100000
2323,16.945300000,0.441100000
2324,15.639100000,0.323400000
2325,18.435900000,1.685400000
2326,15.949000000,0.571900000
2327,16.259400000,0.688000000
2328,19.325500000,2.279200000
2329,14.015100000,0.537500000
2330,16.996400000,0.643800000
2331,15.723900000,0.362000000
2332,16.829700000,0.509900000
2333,16.917200000,0.391200000
2334,16.857800000,0.472400000
2335,17.339100000,0.984300000
2336,16.056200000,0.649500000
2337,16.928100000,0.512500000
2338,20.352600000,3.607300000
2339,12.891700000,0.478700000
2340,15.883300000,0.470800000
2341,16.633900000,0.332300000
2342,16.852100000,0.503600000
2343,17.217700000,0.750000000
2344,17.621900000,1.096800000
2345,15.693200000,0.374000000
2346,19.514100000,3.153100000
2347,15.298900000,1.830200000
2348,14.670300000,0.342200000
2349,16.795900000,0.473000000
2350,20.460900000,0.628700000
2351,12.695300000,0.353100000
2352,19.435900000,2.693200000
2353,14.329200000,0.658900000
2354,16.760400000,0.329700000
2355,16.912000000,0.551600000
2356,17.842200000,1.607300000
2357,14.691100000,0.367700000
2358,19.076100000,2.721900000
2359,14.977100000,0.639000000
2360,16.544200000,1.145800000
2361,16.721400000,0.399000000
2362,15.853600000,0.455700000
2363,17.002100000,0.624500000
2364,18.191200000,1.648900000
2365,14.824400000,0.418700000
2366,16.797400000,0.418200000
2367,17.720400000,0.846300000
2368,16.566600000,1.198400000
2369,15.702100000,0.346400000
2370,19.259900000,2.505800000
2371,15.655700000,1.205200000
2372,15.934400000,0.442200000
2373,15.926600000,0.428700000
2374,16.885400000,0.428600000
2375,17.182800000,0.723900000
2376,15.731200000,0.356700000
2377,16.755800000,0.456300000
2378,16.841100000,0.429200000
2379,17.420900000,0.930700000
2380,15.895800000,0.425500000
2381,16.618700000,0.306800000
2382,19.013600000,0.536000000
2383,15.012500000,0.645400000
2384,17.737000000,2.107300000
2385,14.841600000,0.366700000
2386,16.865100000,0.299400000
2387,17.960400000,1.097400000
2388,15.668300000,0.343800000
2389,17.325000000,0.943200000
2390,15.859900000,0.445800000
2391,17.347400000,0.895300000
2392,15.946800000,0.458300000
2393,17.074000000,0.583900000
2394,19.377100000,0.401100000
2395,13.684900000,0.343200000
2396,16.982800000,0.628700000
2397,15.779200000,0.411900000
2398,18.865100000,2.369800000
2399,14.734300000,0.330200000
2400,19.333900000,1.678600000
2401,19.342200000,2.253600000
2402,12.892700000,1.238600000
2403,15.015100000,0.622400000
2404,16.946300000,0.492100000
2405,16.818800000,0.500500000
2406,16.750500000,0.405200000
2407,17.136000000,0.778100000
2408,15.763000000,0.358900000
2409,16.883800000,0.512500000
2410,18.759400000,2.227100000
2411,14.942700000,0.450600000
2412,15.967700000,0.597900000
2413,16.623500000,0.317700000
2414,16.683300000,0.341700000
2415,17.077100000,0.502600000
2416,16.856700000,0.510900000
2417,15.953700000,0.371400000
2418,16.958300000,0.493800000
2419,17.992700000,1.311400000
2420,15.952100000,0.579700000
2421,16.782300000,0.509900000
2422,15.870800000,0.364600000
2423,17.012000000,0.506300000
2424,17.766200000,0.873400000
2425,16.529700000,1.068200000
2426,16.582800000,0.774500000
2427,15.722400000,0.409300000
2428,16.990100000,0.536500000
2429,17.617700000,1.017200000
2430,17.239600000,2.527100000
2431,14.910900000,0.434800000
2432,16.904700000,0.544800000
2433,16.903600000,1.445900000
2434,16.944800000,1.383400000
2435,16.093800000,0.444700000
2436,15.791100000,0.441200000
2437,17.009400000,0.424000000
2438,16.795800000,0.412500000
2439,17.676100000,0.330700000
2440,15.921800000,0.578100000
2441,17.364100000,0.965700000
2442,15.924000000,0.482800000
2443,16.746300000,0.390100000
2444,18.608900000,2.224000000
2445,14.711400000,0.367200000
2446,16.569800000,0.270800000
2447,17.466700000,1.065600000
2448,16.002600000,0.530700000
2449,16.668200000,0.331200000
2450,16.681800000,0.333900000
2451,15.632800000,0.317700000
2452,17.728600000,0.358300000
2453,15.987000000,0.459400000
2454,17.721400000,1.335400000
2455,15.662000000,0.326600000
2456,16.677000000,0.346900000
2457,16.961500000,0.589600000
2458,16.762000000,0.397400000
2459,16.834400000,0.422400000
2460,17.209300000,0.489600000
2461,15.798500000,0.488100000
2462,16.749400000,0.386400000
2463,16.896900000,0.459900000
2464,19.056800000,2.097400000
2465,13.726600000,0.433900000
2466,17.022400000,0.618200000
2467,16.867700000,0.445800000
2468,17.986900000,1.496900000
2469,16.782300000,0.395300000
2470,15.479700000,0.471900000
2471,15.607800000,0.284300000
2472,17.097900000,0.713000000
2473,16.882900000,0.384900000
2474,17.158300000,0.671300000
2475,16.294800000,0.768200000
2476,17.066100000,0.641100000
2477,15.999000000,0.678700000
2478,16.698900000,0.357800000
2479,16.669800000,0.324400000
2480,16.887500000,0.556300000
2481,16.751600000,0.339600000
2482,20.092200000,0.585400000
2483,22.340600000,9.742200000
2484,10.778100000,4.545300000
2485,12.471900000,0.232800000
2486,16.373500000,0.183800000
2487,17.428100000,0.188000000
2488,17.669800000,0.292200000
2489,15.866600000,0.513500000
2490,16.698000000,0.335400000
2491,16.856200000,0.329700000
2492,16.551000000,0.269800000
2493,21.211000000,0.365600000
2494,14.592200000,2.427600000
2495,14.290100000,0.355200000
2496,17.504100000,1.099500000
2497,15.755200000,0.368200000
2498,17.978200000,1.624000000
2499,14.860400000,0.421800000
2500,17.103600000,0.490600000
2501,16.700600000,0.379200000
2502,17.485400000,1.032800000
2503,15.953600000,0.601600000
2504,16.675500000,0.319300000
2505,18.524500000,0.346300000
2506,14.819300000,0.509900000
2507,16.853100000,0.492700000
2508,15.843800000,0.444200000
2509,16.915100000,0.423900000
2510,17.253600000,0.894300000
2511,16.295300000,0.433400000
2512,16.812500000,0.407300000
2513,16.715700000,0.355700000
2514,18.227000000,0.520900000
2515,15.590700000,1.214600000
2516,15.861400000,0.486500000
2517,18.148500000,1.650500000
2518,14.971300000,0.520900000
2519,16.625500000,0.308800000
2520,16.944300000,0.484900000
2521,16.783900000,0.400600000
2522,16.882200000,0.435400000
2523,16.723000000,0.381800000
2524,16.429100000,0.731800000
2525,18.098500000,0.727600000
2526,14.910900000,0.464100000
2527,16.758900000,0.378100000
2528,17.113000000,0.509400000
2529,15.970300000,0.538600000
2530,17.223400000,0.647900000
2531,16.853200000,0.493200000
2532,15.829100000,0.406800000
2533,16.770300000,0.353100000
2534,16.661000000,0.351600000
2535,16.800500000,0.417700000
2536,17.942700000,1.092200000
2537,16.614600000,1.266100000
2538,15.794300000,0.464600000
2539,16.989500000,0.672400000
2540,15.881300000,0.395800000
2541,17.180200000,0.661500000
2542,16.818200000,0.433900000
2543,16.993800000,0.642200000
2544,16.191600000,0.545800000
2545,17.034900000,0.614600000
2546,15.798000000,0.407900000
2547,17.080700000,0.506200000
2548,16.891700000,0.441600000
2549,16.991100000,0.648400000
2550,16.107300000,0.685900000
2551,17.138000000,0.376600000
2552,16.046900000,0.658400000
2553,18.959400000,0.477100000
2554,14.881700000,0.454700000
2555,15.728700000,0.366200000
2556,16.944200000,0.443700000
2557,16.773500000,0.404700000
2558,16.791100000,0.463000000
2559,16.884900000,0.558800000
2560,16.624500000,0.322900000
2561,16.731300000,0.363500000
2562,17.158800000,0.540700000
2563,16.494300000,0.597400000
2564,15.716600000,0.360900000
2565,16.945900000,0.485500000
2566,17.402600000,0.838600000
2567,16.044800000,0.464000000
2568,16.691600000,0.350000000
2569,16.703700000,0.319800000
2570,16.945800000,0.646300000
2571,15.666200000,0.344300000
2572,16.786900000,0.460900000
2573,17.000600000,0.634900000
2574,16.934900000,0.479700000
2575,16.747400000,0.375500000
2576,17.006700000,0.511000000
2577,15.712000000,0.350500000
2578,16.707800000,0.375000000
2579,16.761500000,0.374000000
2580,16.891600000,0.532200000
2581,17.214600000,0.900500000
2582,15.884400000,0.422400000
2583,16.850000000,0.419800000
2584,16.693200000,0.329700000
2585,17.149500000,0.444800000
2586,15.600000000,0.300000000
2587,17.829200000,0.483400000
2588,15.818200000,0.455200000
2589,17.818200000,0.581200000
2590,16.641200000,1.214000000
2591,16.035900000,0.453100000
2592,17.214600000,0.728700000
2593,15.973400000,0.537500000
2594,18.485500000,1.922400000
2595,14.720300000,0.362000000
2596,16.829700000,0.365100000
2597,16.692700000,0.363600000
2598,17.155700000,0.449500000
2599,15.940600000,0.574500000
2600,16.736500000,0.305200000
2601,17.192200000,0.842200000
2602,16.015100000,0.572900000
2603,16.566100000,0.268200000
2604,16.848500000,0.366200000
2605,16.737500000,0.331200000
2606,16.968200000,0.540100000
2607,16.982800000,0.593800000
2608,16.148400000,0.600500000
2609,16.642200000,0.338500000
2610,17.470900000,1.043700000
2611,16.086400000,0.480800000
2612,16.589600000,0.274500000
2613,16.594300000,0.315100000
2614,16.828100000,0.504600000
2615,16.457800000,0.544800000
2616,22.414600000,6.039100000
2617,21.739600000,2.871400000
2618,7.386400000,1.056300000
2619,14.457800000,0.233900000
2620,19.762500000,2.020800000
2621,13.867800000,0.410400000
2622,17.511400000,1.073500000
2623,15.686500000,0.334900000
2624,16.727600000,0.377600000
2625,17.277600000,0.933400000
2626,16.751500000,0.413500000
2627,16.591200000,0.281200000
2628,16.740600000,0.378600000
2629,16.992700000,0.654200000
2630,16.482800000,0.977600000
2631,16.019800000,0.552600000
2632,16.806300000,0.402600000
2633,16.594200000,0.296400000
2634,16.732900000,0.390200000
2635,16.841100000,0.435900000
2636,17.019300000,0.581200000
2637,15.817200000,0.421300000
2638,16.946300000,0.520300000
2639,17.434900000,0.751100000
2640,15.849000000,0.432300000
2641,16.992700000,0.431800000
2642,16.760400000,0.356800000
2643,17.144300000,0.745300000
2644,16.064000000,0.619300000
2645,17.608400000,0.763000000
2646,16.646300000,1.248900000
2647,15.675500000,0.346400000
2648,16.632800000,0.315600000
2649,16.950000000,0.517200000
2650,17.087500000,0.682300000
2651,15.816700000,0.486500000
2652,16.927100000,0.420900000
2653,16.715600000,0.353600000
2654,18.381800000,1.938600000
2655,15.293700000,0.492700000
2656,16.711500000,1.208800000
2657,15.933900000,0.635400000
2658,16.931700000,0.397900000
2659,16.794800000,0.326500000
2660,17.930200000,1.474000000
2661,15.018300000,0.444200000
2662,17.503100000,0.658800000
2663,15.709400000,0.313600000
2664,17.356700000,0.941100000
2665,19.212000000,0.337500000
2666,14.252100000,0.461000000
2667,15.971900000,0.640100000
2668,17.052600000,0.676600000
2669,16.846300000,0.426000000
2670,15.972400000,0.529700000
2671,17.205700000,0.752600000
2672,16.879700000,0.587500000
2673,15.779200000,0.398500000
2674,17.921400000,0.477100000
2675,15.847400000,0.427100000
2676,17.087500000,0.437500000
2677,15.816600000,0.388600000
2678,21.588000000,5.187000000
2679,11.912500000,0.435900000
2680,16.646900000,0.314100000
2681,16.614600000,0.302100000
2682,17.428100000,1.080700000
2683,15.969800000,0.500000000
2684,16.934400000,0.467700000
2685,17.157800000,0.726600000
2686,18.565100000,2.790100000
2687,14.892700000,1.478600000
2688,15.982800000,0.638000000
2689,16.795300000,0.419800000
2690,17.082300000,0.506300000
2691,15.898500000,0.480700000
2692,17.055200000,0.584400000
2693,16.685900000,0.355700000
2694,16.918200000,0.394300000
2695,16.699500000,0.343700000
2696,15.856300000,0.408300000
2697,16.895800000,0.446400000
2698,17.169300000,0.321400000
2699,17.577100000,1.159300000
2700,15.782300000,0.463500000
2701,16.965600000,0.455800000
2702,16.028100000,0.549000000
2703,17.489100000,0.820300000
2704,16.336400000,0.669300000
2705,15.697900000,0.312500000
2706,17.935500000,1.552100000
2707,15.860400000,0.482200000
2708,16.827100000,0.394800000
2709,16.732800000,0.396400000
2710,16.829700000,0.424400000
2711,15.891100000,0.442800000
2712,17.556800000,0.544800000
2713,17.078600000,0.717800000
2714,17.449500000,1.302600000
2715,14.619300000,0.310500000
2716,16.953600000,0.422400000
2717,16.839100000,0.413000000
2718,16.881700000,0.459400000
2719,16.736000000,0.319300000
2720,16.345800000,0.639100000
2721,17.044800000,0.581200000
2722,16.285400000,0.744300000
2723,16.774500000,0.390100000
2724,18.595300000,2.097900000
2725,14.939600000,0.441700000
2726,15.618800000,0.291100000
2727,18.565600000,1.056700000
2728,15.939600000,0.469300000
2729,15.723400000,0.353200000
2730,16.831200000,0.431800000
2731,16.767200000,0.352600000
2732,17.507300000,0.527600000
2733,15.902100000,0.472400000
2734,19.794300000,3.352600000
2735,13.682300000,0.290100000
2736,17.257300000,0.934900000
2737,15.688000000,0.380200000
2738,17.021300000,0.529700000
2739,16.927600000,0.503600000
2740,16.796400000,0.430700000
2741,15.888500000,0.566100000
2742,17.006800000,0.528100000
2743,16.697900000,0.372900000
2744,16.988000000,0.441600000
2745,17.762000000,0.327600000
2746,14.910400000,0.430200000
2747,17.134900000,0.732300000
2748,16.884900000,0.542200000
2749,16.672400000,0.348400000
2750,16.720900000,0.379600000
2751,17.613500000,0.369800000
2752,15.811500000,0.448400000
2753,15.692200000,0.346800000
2754,17.464500000,0.736500000
2755,19.128200000,2.512000000
2756,14.071800000,0.479200000
2757,16.999000000,0.571900000
2758,16.143200000,0.658300000
2759,16.618300000,0.301100000
2760,17.097900000,0.482800000
2761,17.068200000,0.628200000
2762,15.982300000,0.549500000
2763,16.841700000,0.459300000
2764,17.045300000,0.542200000
2765,15.830200000,0.433300000
2766,25.063000000,8.526000000
2767,8.714100000,0.410400000
2768,16.815600000,0.510400000
2769,16.787500000,0.872400000
2770,15.735900000,0.380200000
2771,16.917200000,0.553700000
2772,18.073400000,1.419800000
2773,16.500000000,1.089000000
2774,16.068800000,0.637500000
2775,16.779200000,1.266700000
2776,15.985400000,0.656300000
2777,16.659900000,0.319300000
2778,16.725500000,0.364100000
2779,16.675000000,0.339600000
2780,17.013000000,0.382300000
2781,18.233400000,1.681200000
2782,14.831700000,0.415600000
2783,17.611500000,0.933800000
2784,15.766100000,0.374500000
2785,16.619300000,0.304700000
2786,16.800500000,0.412000000
2787,17.438000000,0.935400000
2788,15.782300000,0.429700000
2789,16.628700000,0.309400000
2790,17.342700000,0.877600000
2791,15.863500000,0.414600000
2792,16.719800000,0.356800000
2793,16.815600000,0.434900000
2794,22.117800000,0.367700000
2795,11.422900000,0.980200000
2796,16.684900000,0.354200000
2797,17.095800000,0.670900000
2798,16.435900000,0.935900000
2799,16.796400000,1.332800000
2800,16.243200000,0.904200000
2801,16.645300000,0.318700000
2802,17.079200000,0.422900000
2803,16.028600000,0.418700000
2804,16.913100000,0.526600000
2805,17.036400000,0.391100000
2806,16.077100000,0.437500000
2807,16.676000000,0.338500000
2808,17.060500000,0.685900000
2809,17.330700000,1.864000000
2810,17.494800000,0.504100000
2811,15.044800000,0.646400000
2812,18.341600000,1.639000000
2813,14.673000000,0.360400000
2814,16.595800000,0.292200000
2815,16.681800000,0.356800000
2816,16.958800000,0.483400000
2817,17.205200000,0.340100000
2818,16.956800000,1.390200000
2819,15.581200000,0.283300000
2820,16.857900000,0.460400000
2821,16.734900000,0.379100000
2822,17.030700000,0.437500000
2823,15.692700000,0.338100000
2824,17.196300000,0.785400000
2825,17.855300000,1.129700000
2826,15.786900000,0.407300000
2827,15.753700000,0.388600000
2828,18.214000000,1.671300000
2829,18.891700000,1.340600000
2830,13.690600000,0.361400000
2831,16.639100000,0.331800000
2832,16.778100000,0.438000000
2833,15.774500000,0.388000000
2834,17.122900000,0.732300000
2835,17.284400000,0.558900000
2836,15.761500000,0.462500000
2837,16.665100000,0.332300000
2838,16.818700000,0.443300000
2839,16.930700000,0.557800000
2840,16.826100000,0.449000000
2841,17.658300000,0.989600000
2842,15.805200000,0.432800000
2843,15.852100000,0.361400000
2844,17.004200000,0.473900000
2845,16.865600000,0.466700000
2846,17.139600000,0.716200000
2847,17.108300000,0.449000000
2848,15.904700000,0.427100000
2849,16.663500000,0.343200000
2850,17.074500000,0.366200000
2851,15.852600000,0.535900000
2852,16.945900000,0.435400000
2853,17.940100000,1.552100000
2854,14.755200000,0.449000000
2855,16.671300000,0.348900000
2856,16.855200000,0.446300000
2857,16.878700000,0.513600000
2858,16.971300000,0.498500000
2859,18.049500000,1.568700000
2860,15.602600000,1.160900000
2861,16.078100000,0.420800000
2862,16.679200000,0.327100000
2863,17.602100000,0.949500000
2864,15.739100000,0.382200000
2865,16.662500000,0.327600000
2866,16.980700000,0.663100000
2867,17.051500000,0.641600000
2868,16.073000000,0.645800000
2869,16.841600000,0.413000000
2870,16.988600000,0.506200000
2871,16.845800000,0.485400000
2872,15.779200000,0.379600000
2873,18.350000000,1.605200000
2874,15.595300000,0.676000000
2875,16.773400000,1.288600000
2876,15.782800000,0.387000000
2877,17.238100000,0.384300000
2878,17.048900000,0.494300000
2879,15.636500000,0.304700000
2880,17.242700000,0.525000000
2881,17.209400000,0.745300000
2882,16.085400000,0.437500000
2883,16.846300000,0.517200000
2884,16.655200000,0.323400000
2885,16.676600000,0.349500000
2886,17.069800000,0.572400000
2887,15.734900000,0.294300000
2888,17.063000000,0.667700000
2889,16.910900000,0.527100000
2890,16.161000000,0.687500000
2891,16.884400000,0.337500000
2892,16.868700000,0.399500000
2893,17.153100000,0.816100000
2894,15.642200000,0.325000000
2895,17.139600000,0.770900000
2896,16.753600000,0.386400000
2897,16.789100000,0.389600000
2898,15.833300000,0.405200000
2899,16.931300000,0.460400000
2900,16.590600000,0.279700000
2901,16.738000000,0.328600000
2902,17.381300000,1.042700000
2903,15.769300000,0.396400000
2904,16.936900000,0.506800000
2905,19.178700000,2.523400000
2906,14.087500000,0.447900000
2907,16.610400000,0.285900000
2908,16.940100000,0.511900000
2909,16.858900000,0.486000000
2910,16.984300000,0.551500000
2911,15.844300000,0.425500000
2912,16.658900000,0.328700000
2913,17.408800000,0.357800000
2914,15.847900000,0.468200000
2915,16.949500000,0.506800000
2916,17.357800000,0.941200000
2917,16.140600000,0.548900000
2918,16.724000000,0.379700000
2919,17.892700000,0.655800000
2920,14.787500000,0.419800000
2921,16.667700000,0.333800000
2922,16.979700000,0.615700000
2923,17.016700000,0.616600000
2924,18.238500000,1.739000000
2925,15.569300000,0.954600000
2926,16.571300000,0.895300000
2927,15.699500000,0.307800000
2928,17.503100000,0.355200000
2929,16.109400000,0.672400000
2930,17.174500000,0.750500000
2931,16.386500000,0.937500000
2932,16.871800000,0.434900000
2933,15.858900000,0.531800000
2934,18.941700000,2.536400000
2935,14.855200000,0.431700000
2936,16.565600000,0.269300000
2937,17.593200000,1.162500000
2938,15.668800000,0.303100000
2939,16.701500000,0.369800000
2940,17.094800000,0.748400000
2941,16.722900000,0.315600000
2942,15.806800000,0.484900000
2943,17.081800000,0.458800000
2944,17.892700000,1.133800000
2945,15.890600000,0.446400000
2946,15.824000000,0.456200000
2947,17.608300000,0.585900000
2948,15.569800000,0.292200000
2949,19.010400000,0.419800000
2950,14.705200000,0.327100000
2951,20.615100000,0.870800000
2952,13.643300000,0.484300000
2953,15.661400000,0.318700000
2954,17.077600000,0.713600000
2955,17.822400000,1.452100000
2956,15.645800000,0.305200000
2957,16.608900000,0.297900000
2958,16.984900000,0.577100000
2959,16.069300000,0.426500000
2960,16.816600000,0.425000000
2961,17.254200000,0.843800000
2962,15.765100000,0.442700000
2963,16.715100000,0.352100000
2964,18.665600000,1.201100000
2965,15.333400000,0.977600000
2966,16.007300000,0.376500000
2967,16.847900000,0.448400000
2968,16.803600000,0.446900000
2969,16.687000000,0.342700000
2970,16.870800000,0.484900000
2971,17.663600000,1.101000000
2972,17.351500000,1.544800000
2973,15.265700000,0.741100000
2974,16.478600000,0.802100000
2975,15.629200000,0.315100000
2976,16.714000000,0.371800000
2977,17.231300000,0.445900000
2978,16.774500000,0.374000000
2979,17.364500000,0.815600000
2980,16.381800000,0.690700000
2981,15.808400000,0.443700000
2982,16.810900000,0.481200000
2983,16.831200000,0.344800000
2984,18.079700000,1.325000000
2985,14.772900000,0.370300000
2986,17.871900000,0.993700000
2987,15.681300000,0.349400000
2988,16.702100000,0.384900000
2989,16.666100000,0.340100000
2990,17.002600000,0.632800000
2991,16.804700000,0.483800000
2992,17.123400000,0.357800000
2993,16.186500000,0.764100000
2994,16.848400000,0.439600000
2995,16.403100000,0.975500000
2996,16.763100000,0.378600000
2997,18.209900000,0.521800000
2998,14.955700000,0.481800000
2999,17.072900000,0.746900000
3000,16.116200000,0.695300000
3001,16.741600000,0.353600000
3002,16.985400000,0.475000000
3003,16.708400000,0.379700000
3004,16.907300000,0.503100000
3005,16.145300000,0.688100000
3006,16.915100000,0.487500000
3007,17.061400000,0.686400000
3008,15.864600000,0.430700000
3009,16.758900000,0.379200000
3010,17.136400000,0.453600000
3011,15.872400000,0.487000000
3012,17.011500000,0.532800000
3013,17.308300000,0.443200000
3014,15.912000000,0.562000000
3015,17.303600000,0.916700000
3016,15.810500000,0.417700000
3017,17.516100000,0.446400000
3018,16.081300000,0.535900000
3019,18.430700000,0.633900000
3020,15.541700000,0.499500000
3021,16.898400000,0.572900000
3022,15.781200000,0.439500000
3023,16.721900000,0.327000000
3024,16.915100000,0.456300000
3025,16.831300000,0.422900000
3026,16.074500000,0.570300000
3027,16.871800000,0.466700000
3028,17.497400000,0.926600000
3029,16.468800000,1.005700000
3030,15.835400000,0.461900000
3031,17.104700000,0.671900000
3032,18.227600000,1.646300000
3033,15.174500000,0.729200000
3034,16.829600000,0.425000000
3035,17.807900000,2.006800000
3036,14.659900000,0.308300000
3037,16.904600000,0.310400000
3038,16.674000000,0.336500000
3039,16.690600000,0.314000000
3040,16.915100000,0.504700000
3041,17.660400000,0.837500000
3042,16.010500000,0.620300000
3043,15.762500000,0.390100000
3044,16.948400000,0.483900000
3045,18.026000000,0.443700000
3046,15.729200000,0.401100000
3047,16.718200000,0.335900000
3048,16.731300000,0.369800000
3049,17.509900000,1.789100000
3050,15.740100000,0.377100000
3051,17.035400000,0.437000000
3052,15.969300000,0.495800000
3053,17.809900000,0.951000000
3054,16.956700000,1.349500000
3055,15.209400000,0.609900000
3056,16.957800000,0.566700000
3057,16.835400000,0.438500000
3058,16.369300000,0.970800000
3059,16.809400000,0.436000000
3060,16.740600000,0.339000000
3061,17.258900000,0.359900000
3062,15.782800000,0.405200000
3063,17.148400000,0.753100000
3064,15.738000000,0.406800000
3065,16.874500000,0.466100000
3066,17.158400000,0.519200000
3067,16.643200000,0.304700000
3068,16.922900000,0.381300000
3069,17.308900000,0.854700000
3070,15.842700000,0.482900000
3071,16.670300000,0.351100000
3072,17.712000000,0.532800000
3073,15.437500000,0.547900000
3074,16.694200000,0.354100000
3075,16.712000000,0.323900000
3076,16.680200000,0.367700000
3077,17.037000000,0.635400000
3078,15.881800000,0.447900000
3079,16.667200000,0.314500000
3080,16.759300000,0.446900000
3081,17.239100000,0.848400000
3082,20.550000000,4.261400000
3083,15.652100000,0.724400000
3084,12.929100000,0.523900000
3085,17.608900000,0.354700000
3086,16.328100000,0.864600000
3087,16.849500000,0.500000000
3088,15.942700000,0.539100000
3089,19.038500000,2.208900000
3090,14.821400000,0.453100000
3091,17.505200000,0.874500000
3092,15.862000000,0.453700000
3093,16.751600000,0.368200000
3094,17.061400000,0.378100000
3095,16.407800000,0.776600000
3096,16.024000000,0.477100000
3097,18.600500000,0.497900000
3098,15.238000000,0.691700000
3099,18.595300000,0.979100000
3100,14.615100000,0.275000000
3101,16.923500000,0.537500000
3102,17.325000000,1.583400000
3103,15.945300000,0.515600000
3104,16.592700000,1.181800000
3105,17.034400000,0.696400000
3106,18.494800000,0.789600000
3107,13.960400000,0.506800000
3108,16.917700000,0.493300000
3109,17.087500000,0.549500000
3110,15.947900000,0.477600000
3111,18.890600000,2.330200000
3112,15.007300000,0.657800000
3113,16.806800000,0.422400000
3114,15.844800000,0.383400000
3115,16.775500000,0.317700000
3116,17.103100000,0.720800000
3117,17.216700000,0.339100000
3118,15.794300000,0.407200000
3119,17.108800000,0.597400000
3120,17.722400000,1.354700000
3121,16.190100000,1.653100000
3122,15.891700000,0.404200000
3123,17.633800000,0.878700000
3124,15.811000000,0.392800000
3125,17.338500000,0.905700000
3126,15.831300000,0.534400000
3127,18.056200000,1.238500000
3128,15.103100000,0.649000000
3129,16.915200000,0.503200000
3130,17.188500000,0.596900000
3131,15.964600000,0.403700000
3132,16.715600000,0.300000000
3133,17.591700000,0.559900000
3134,16.043200000,0.530800000
3135,16.963500000,0.382300000
3136,16.480200000,0.394800000
3137,15.695400000,0.357300000
3138,16.633300000,0.333800000
3139,17.527600000,0.946800000
3140,21.661500000,5.141600000
3141,12.063500000,0.438600000
3142,15.889600000,0.346900000
3143,16.605700000,0.267700000
3144,16.794800000,0.311400000
3145,17.306300000,0.798900000
3146,15.694700000,0.346800000
3147,16.998000000,0.664100000
3148,16.814500000,0.326000000
3149,18.699000000,1.687000000
3150,15.114100000,0.511400000
3151,18.200000000,2.235400000
3152,14.719200000,0.372400000
3153,18.169300000,0.504700000
3154,15.588000000,1.112500000
3155,16.195900000,0.423000000
3156,16.614500000,0.312500000
3157,16.702600000,0.365700000
3158,16.980300000,0.546300000
3159,18.240600000,1.867700000
3160,14.815100000,0.417200000
3161,17.867200000,1.301600000
3162,15.978100000,0.471900000
3163,16.387500000,0.691200000
3164,15.730700000,0.357300000
3165,18.564600000,0.345300000
3166,15.651600000,0.320300000
3167,16.940600000,0.416700000
3168,16.331800000,0.819200000
3169,16.646300000,0.314000000
3170,16.915100000,0.434400000
3171,16.128200000,0.738500000
3172,16.770300000,0.452600000
3173,16.901500000,0.554700000
3174,16.824500000,0.421400000
3175,19.041200000,1.673500000
3176,13.897900000,0.487500000
3177,16.911400000,0.470300000
3178,16.793800000,0.378700000
3179,15.661400000,0.328600000
3180,16.831300000,0.407300000
3181,18.103100000,1.588100000
3182,15.768800000,0.451600000
3183,17.812500000,0.754700000
3184,15.934300000,0.489100000
3185,18.106300000,0.461500000
3186,14.749500000,0.377000000
3187,16.878600000,0.398500000
3188,16.693800000,0.342200000
3189,17.431700000,1.109800000
3190,16.491700000,0.910400000
3191,16.092700000,0.695300000
3192,17.095300000,0.633900000
3193,16.369800000,0.559300000
3194,15.952100000,0.521800000
3195,18.479200000,0.323500000
3196,14.815100000,0.500000000
3197,17.448900000,0.701000000
3198,15.765100000,0.392700000
3199,17.170900000,0.765600000
3200,16.844800000,0.402000000
3201,17.083300000,0.546400000
3202,16.022900000,0.442700000
3203,16.658900000,0.346900000
3204,18.521300000,2.135400000
3205,15.219800000,0.504200000
3206,15.616700000,0.304200000
3207,18.497900000,0.440100000
3208,15.775500000,0.416700000
3209,16.939600000,0.351100000
3210,15.832300000,0.422400000
3211,16.668700000,0.313000000
3212,17.379700000,1.065100000
3213,16.751100000,1.338000000
3214,16.058800000,0.458400000
3215,16.955200000,0.453600000
3216,17.151600000,0.729100000
3217,16.118200000,0.361400000
3218,16.636000000,0.301600000
3219,16.996800000,0.528600000
3220,15.863000000,0.471900000
3221,16.989100000,0.691700000
3222,16.735400000,0.357300000
3223,18.732800000,1.762000000
3224,15.466700000,1.001600000
3225,16.459400000,1.037000000
3226,15.698400000,0.327100000
3227,16.682300000,0.340600000
3228,16.744300000,0.424000000
3229,16.657300000,0.327600000
3230,16.647900000,0.328700000
3231,18.078100000,0.317200000
3232,15.879200000,0.475000000
3233,15.898400000,0.436400000
3234,16.805200000,0.419800000
3235,16.898500000,0.504600000
3236,16.780200000,0.410400000
3237,17.030700000,0.671900000
3238,16.375000000,0.620300000
3239,16.916100000,0.407800000
3240,16.058900000,0.415100000
3241,17.569300000,0.745800000
3242,16.144200000,0.806700000
3243,17.030300000,0.683300000
3244,16.303600000,0.796900000
3245,19.697900000,3.200500000
3246,13.974500000,0.498400000
3247,17.912000000,0.729200000
3248,14.792200000,0.353200000
3249,18.267100000,0.547400000
3250,14.655300000,0.321400000
3251,17.427600000,1.061900000
3252,16.757800000,0.392200000
3253,16.669200000,1.243800000
3254,15.941200000,0.552600000
3255,16.716100000,0.361400000
3256,16.803200000,0.330800000
3257,17.006700000,0.354100000
3258,16.733900000,0.333900000
3259,16.991700000,0.554600000
3260,15.973400000,0.522900000
3261,17.125500000,0.681800000
3262,15.914100000,0.387000000
3263,17.115100000,0.809900000
3264,16.951000000,0.501600000
3265,16.749000000,0.396400000
3266,15.770800000,0.381800000
3267,16.991700000,0.437000000
3268,17.206200000,0.606800000
3269,16.192200000,0.369300000
3270,16.805700000,0.408800000
3271,17.320400000,0.629200000
3272,17.066600000,1.655200000
3273,16.921900000,0.515700000
3274,14.985900000,0.660400000
3275,17.283400000,0.367700000
3276,16.900000000,0.476500000
3277,15.715600000,0.362500000
3278,16.988000000,0.559400000
3279,16.849000000,0.464000000
3280,17.128100000,0.821400000
3281,15.639100000,0.328700000
3282,16.731200000,0.395300000
3283,17.988000000,1.489000000
3284,15.763100000,0.390700000
3285,17.081200000,0.544300000
3286,16.150500000,0.639600000
3287,17.382300000,0.589600000
3288,15.794300000,0.398500000
3289,18.035900000,0.640600000
3290,17.990600000,0.477100000
3291,14.715700000,1.163600000
3292,16.073400000,0.605700000
3293,16.838000000,0.474500000
3294,16.839100000,0.445300000
3295,16.282300000,0.373500000
3296,16.911400000,0.384900000
3297,18.063600000,0.724000000
3298,14.989600000,0.508300000
3299,17.189600000,0.468200000
3300,17.726000000,1.174500000
3301,15.719300000,1.107800000
3302,15.854100000,0.409400000
3303,16.833900000,0.331200000
3304,16.713500000,0.382300000
3305,16.824000000,0.404200000
3306,16.950000000,0.427600000
3307,16.820300000,0.377100000
3308,15.871400000,0.432800000
3309,17.438000000,0.576500000
3310,15.680200000,0.372900000
3311,16.755700000,0.406800000
3312,16.876600000,0.445800000
3313,17.662500000,0.515600000
3314,15.939000000,0.431800000
3315,16.856300000,0.519300000
3316,17.314600000,0.829700000
3317,17.410400000,1.512000000
3318,14.829700000,0.508900000
3319,16.994200000,0.642100000
3320,17.852600000,1.477000000
3321,15.805300000,0.452100000
3322,16.841100000,1.364600000
3323,15.816700000,0.487500000
3324,16.808800000,0.408400000
3325,17.782800000,0.662500000
3326,15.838100000,0.511000000
3327,18.403100000,0.471400000
3328,14.783800000,0.334300000
3329,16.638600000,0.301100000
3330,16.766100000,0.397400000
3331,17.178700000,0.318800000
3332,15.921300000,0.415100000
3333,17.752100000,1.048900000
3334,16.178700000,0.543800000
3335,16.708800000,0.892700000
3336,16.242200000,0.539000000
3337,16.945800000,0.402600000
3338,16.752600000,0.372400000
3339,16.904200000,1.312500000
3340,15.880700000,0.463500000
3341,17.666200000,1.203100000
3342,16.029700000,0.537500000
3343,16.943200000,0.430800000
3344,16.053100000,0.615600000
3345,17.403700000,0.553600000
3346,16.541100000,0.515700000
3347,15.925500000,0.462000000
3348,16.829200000,0.432800000
3349,16.671900000,0.327100000
3350,17.044800000,0.467700000
3351,16.901500000,0.440600000
3352,16.087000000,0.402100000
3353,17.134900000,0.727100000
3354,15.699000000,0.348900000
3355,17.341600000,0.548400000
3356,16.706300000,0.355700000
3357,16.978100000,0.340100000
3358,16.324000000,0.521900000
3359,18.452000000,0.352100000
3360,15.132300000,0.313500000
3361,16.240100000,0.787000000
3362,16.865100000,0.419300000
3363,18.855200000,1.355700000
3364,14.088600000,0.744800000
3365,17.041100000,0.717200000
3366,17.167700000,0.730200000
3367,16.547400000,0.627100000
3368,15.897400000,0.492700000
3369,17.555200000,1.097400000
3370,15.612000000,0.320300000
3371,16.719800000,0.371400000
3372,16.792200000,0.439600000
3373,17.188000000,0.866600000
3374,17.576100000,0.789100000
3375,16.581700000,0.382800000
3376,15.713600000,0.384900000
3377,17.389000000,1.010400000
3378,16.000600000,0.590100000
3379,16.855200000,0.415600000
3380,15.943700000,0.418300000
3381,17.414600000,0.512500000
3382,16.014600000,0.561900000
3383,18.056200000,0.622400000
3384,15.865700000,0.454700000
3385,15.990600000,0.607300000
3386,17.159900000,0.833400000
3387,16.950500000,0.363000000
3388,15.580200000,0.298900000
3389,16.869300000,0.404700000
3390,16.923900000,0.457300000
3391,17.051600000,0.649500000
3392,16.658300000,0.323400000
3393,17.941700000,0.527100000
3394,15.143200000,0.785500000
3395,18.804700000,0.804700000
3396,14.759900000,0.389100000
3397,17.355200000,0.348900000
3398,15.927600000,0.509400000
3399,17.204200000,0.805800000
3400,15.625000000,0.297400000
3401,17.943700000,1.547900000
3402,15.806800000,0.483800000
3403,16.986000000,0.563600000
3404,16.844200000,1.311500000
3405,16.382800000,0.604100000
3406,17.049000000,0.675600000
3407,18.039100000,1.845400000
3408,14.888500000,0.539000000
3409,17.072900000,0.584900000
3410,16.034400000,0.720300000
3411,17.748400000,0.398400000
3412,16.468300000,0.654200000
3413,17.571300000,1.527600000
3414,14.849000000,0.440600000
3415,17.640600000,1.289100000
3416,15.610400000,0.270800000
3417,17.600000000,1.106200000
3418,20.715100000,0.506300000
3419,11.798500000,0.453100000
3420,17.939000000,0.663600000
3421,15.970300000,0.379200000
3422,15.820900000,0.403200000
3423,18.670300000,1.232800000
3424,14.815600000,0.385400000
3425,17.188500000,0.826600000
3426,15.701600000,0.365100000
3427,16.800000000,0.405700000
3428,16.925500000,0.487000000
3429,17.648500000,0.503100000
3430,15.761900000,0.364500000
3431,16.766700000,0.387000000
3432,16.977600000,0.521900000
3433,16.957800000,0.385400000
3434,16.011000000,0.536900000
3435,17.867700000,0.647400000
3436,15.675500000,0.333300000
3437,18.788500000,2.412500000
3438,16.486500000,0.580200000
3439,15.132800000,0.669300000
3440,15.689600000,0.332800000
3441,16.939000000,0.556200000
3442,16.930800000,0.382800000
3443,18.706700000,0.602600000
3444,14.637000000,0.311400000
3445,16.936500000,0.434400000
3446,15.741100000,0.383800000
3447,16.889600000,0.462000000
3448,16.782300000,0.370300000
3449,17.014600000,0.419800000
3450,17.678600000,0.474500000
3451,15.957300000,0.485400000
3452,16.266200000,0.393800000
3453,16.740600000,0.411000000
3454,16.075000000,0.511000000
3455,17.190100000,0.527000000
3456,17.131800000,0.422300000
3457,19.664600000,3.923400000
3458,13.246800000,0.504700000
3459,18.423500000,1.401000000
3460,14.790600000,0.317200000
3461,16.774500000,0.357300000
3462,16.716100000,0.367700000
3463,16.874500000,0.446900000
3464,15.972400000,0.473400000
3465,17.673400000,0.492200000
3466,15.920900000,0.430700000
3467,16.778600000,0.381300000
3468,16.647400000,0.316600000
3469,19.036500000,0.566600000
3470,13.835900000,0.414100000
3471,16.714600000,0.371900000
3472,16.644800000,0.344300000
3473,16.927100000,0.464100000
3474,16.667100000,0.329100000
3475,17.199500000,0.784900000
3476,16.732300000,0.849000000
3477,18.317200000,0.455200000
3478,14.700000000,0.329200000
3479,18.513500000,0.468700000
3480,14.929700000,0.481200000
3481,16.802100000,0.439600000
3482,15.884400000,0.575500000
3483,16.895300000,0.384900000
3484,16.983900000,0.473900000
3485,17.676000000,1.076000000
3486,16.776600000,1.330700000
3487,15.981700000,0.652600000
3488,16.629700000,1.039100000
3489,16.908400000,1.294300000
3490,17.789500000,0.705700000
3491,14.754200000,0.421300000
3492,16.663500000,0.350500000
3493,19.537500000,2.908300000
3494,14.131800000,0.525000000
3495,16.110400000,0.567700000
3496,17.190700000,0.398000000
3497,16.817700000,0.767700000
3498,15.793700000,0.430700000
3499,19.015100000,0.338500000
3500,14.558900000,0.271400000
3501,18.200500000,0.391700000
3502,14.798400000,0.410900000
3503,17.794300000,1.204200000
3504,16.523400000,0.950000000
3505,16.545900000,0.410500000
3506,16.240100000,0.680200000
3507,16.644300000,0.313500000
3508,16.679100000,0.317200000
3509,16.718800000,0.367700000
3510,16.877600000,0.439600000
3511,17.479700000,1.105200000
3512,15.915100000,0.434900000
3513,17.733300000,0.495900000
3514,14.912000000,0.370400000
3515,17.460400000,0.338600000
3516,15.777600000,0.407300000
3517,17.297900000,0.877100000
3518,17.051100000,0.462500000
3519,17.584900000,1.316100000
3520,15.166100000,0.767200000
3521,18.598400000,1.229200000
3522,15.199500000,0.603600000
3523,15.990600000,0.530800000
3524,16.765700000,0.365600000
3525,16.803100000,0.346900000
3526,16.689100000,0.368200000
3527,18.231700000,1.515100000
3528,14.674000000,0.339100000
3529,17.205700000,0.765600000
3530,16.858900000,0.388500000
3531,17.793200000,1.350600000
3532,15.026000000,0.601100000
3533,16.801100000,0.417800000
3534,16.680700000,0.337500000
3535,16.788500000,0.334900000
3536,16.676600000,0.352100000
3537,17.049000000,0.522400000
3538,15.907800000,0.490100000
3539,18.195800000,1.065700000
3540,15.868800000,0.441100000
3541,15.778600000,0.340100000
3542,16.757800000,0.465600000
3543,18.702100000,0.335900000
3544,14.931300000,0.470800000
3545,18.039500000,1.025500000
3546,16.091200000,0.653600000
3547,15.698900000,0.306300000
3548,16.615700000,0.316200000
3549,16.617700000,0.301600000
3550,16.747900000,0.409900000
3551,18.454700000,0.396400000
3552,15.072900000,0.574500000
3553,16.793200000,0.382300000
3554,19.277100000,2.882300000
3555,15.251100000,1.377100000
3556,15.780700000,0.395900000
3557,16.177600000,0.615100000
3558,16.686400000,0.335400000
3559,17.242800000,0.477100000
3560,15.895300000,0.462500000
3561,17.308300000,0.588500000
3562,16.628100000,0.317200000
3563,16.582800000,0.937000000
3564,17.393300000,0.726600000
3565,15.647400000,0.346400000
3566,16.728100000,0.346900000
3567,17.573900000,1.036400000
3568,16.025000000,0.500000000
3569,17.064100000,0.674500000
3570,15.674000000,0.329700000
3571,16.800500000,0.386000000
3572,19.731200000,2.925500000
3573,14.765100000,0.454200000
3574,15.959900000,0.335400000
3575,18.005800000,1.434400000
3576,14.694800000,0.329700000
3577,18.633300000,2.210400000
3578,14.911400000,0.423900000
3579,16.723500000,0.317700000
3580,16.895300000,0.424500000
3581,18.100000000,1.558400000
3582,14.705700000,0.367700000
3583,16.963600000,0.516600000
3584,16.835900000,0.438100000
3585,19.171400000,0.399400000
3586,13.581700000,0.300500000
3587,16.790700000,0.379100000
3588,16.927600000,0.596900000
3589,19.202600000,1.328600000
3590,14.349400000,0.945300000
3591,18.435500000,2.096400000
3592,14.853100000,0.411500000
3593,17.945800000,1.222400000
3594,15.829700000,0.382800000
3595,16.237500000,0.682800000
3596,18.068200000,0.904200000
3597,14.992200000,0.323900000
3598,16.744800000,0.343800000
3599,17.812500000,0.924500000
3600,15.887000000,0.442200000
3601,17.713500000,0.485400000
