frame,frameMs,presentMs
1,9.046900000,0.663500000
2,16.931200000,0.496300000
3,16.469800000,0.466200000
4,16.238000000,0.823400000
5,17.198500000,0.805200000
6,16.350500000,0.955800000
7,16.692200000,0.278700000
8,16.829700000,0.441600000
9,15.810900000,0.466700000
10,17.079700000,0.658800000
11,17.706200000,1.212000000
12,16.017200000,0.525500000
13,16.768800000,0.404700000
14,15.785900000,0.406300000
15,19.229200000,2.938500000
16,16.667200000,2.094800000
17,14.750500000,0.413600000
18,17.559400000,1.211400000
19,15.817100000,0.407300000
20,16.748000000,0.394200000
21,17.480700000,0.540100000
22,15.793700000,0.288000000
23,16.852600000,0.391100000
24,16.256300000,0.438000000
25,17.077100000,0.653100000
26,16.398900000,0.953200000
27,17.021400000,0.467200000
28,16.195800000,0.747400000
29,17.029700000,0.493200000
30,22.405700000,0.428600000
31,10.733400000,0.382300000
32,17.582300000,1.205700000
33,18.303600000,0.409900000
34,13.795300000,0.431800000
35,16.644800000,0.310400000
36,17.009900000,0.542200000
37,16.891100000,0.466100000
38,16.053200000,0.738600000
39,17.281700000,0.973900000
40,16.211500000,0.459400000
41,19.114100000,0.912000000
42,13.775500000,0.435500000
43,17.494300000,1.147400000
44,15.780700000,0.426500000
45,16.734900000,0.371900000
46,16.835400000,0.518200000
47,16.646900000,0.316200000
48,17.559300000,0.922400000
49,16.496400000,1.097900000
50,15.941100000,0.486500000
51,16.912000000,0.482300000
52,17.296400000,0.646400000
53,16.748900000,1.033900000
54,16.338600000,0.717700000
55,17.565100000,0.883300000
56,15.791700000,0.382200000
57,15.785400000,0.406200000
58,17.193700000,0.499400000
59,16.969300000,0.585900000
60,17.381800000,0.643800000
61,15.840100000,0.409400000
62,16.686900000,0.351500000
63,16.695400000,0.330300000
64,17.026500000,0.538000000
65,15.833400000,0.409900000
66,16.772900000,0.369300000
67,17.090600000,0.823400000
68,16.980700000,0.479200000
69,16.161000000,0.589000000
70,16.952000000,0.521900000
71,15.918300000,0.456700000
72,16.941600000,0.456300000
73,16.659900000,0.331700000
74,16.931800000,0.584900000
75,16.759900000,0.372900000
76,16.630200000,0.363000000
77,16.918200000,0.509300000
78,16.193300000,0.484300000
79,16.560400000,0.261000000
80,16.730700000,0.372400000
81,17.201100000,0.802600000
82,15.794700000,0.426000000
83,17.186500000,0.600500000
84,16.971400000,0.480700000
85,15.793200000,0.399000000
86,16.773400000,0.396400000
87,16.674500000,0.350500000
88,17.056300000,0.662500000
89,16.778600000,0.419300000
90,16.925000000,0.441200000
91,16.324500000,0.344800000
92,16.742700000,0.395300000
93,16.694800000,0.383900000
94,16.860400000,0.496900000
95,16.369300000,0.964500000
96,17.398400000,0.961400000
97,15.891700000,0.412500000
98,17.413500000,1.039100000
99,16.062000000,0.532300000
100,17.007800000,0.386500000
101,15.748400000,0.365600000
102,16.993300000,0.670900000
103,17.173400000,0.443800000
104,18.978700000,3.477700000
105,13.676500000,0.321300000
106,16.567700000,0.281700000
107,16.693800000,0.360500000
108,24.214600000,3.566700000
109,10.631700000,1.183900000
110,16.197400000,0.846900000
111,15.715100000,0.384300000
112,16.915100000,0.475000000
113,17.411000000,0.954600000
114,16.089000000,0.471900000
115,17.387000000,0.704200000
116,16.693800000,1.199500000
117,15.920800000,0.468300000
118,16.622900000,0.313600000
119,16.825000000,0.409300000
120,16.976600000,0.455800000
121,16.233300000,0.463000000
122,17.105700000,0.726000000
123,18.031300000,2.420900000
124,14.708800000,0.353600000
125,16.999000000,0.649000000
126,15.967200000,0.548500000
127,16.842200000,0.439600000
128,17.141600000,0.461400000
129,16.726600000,0.371400000
130,16.305200000,0.823400000
131,17.453700000,0.473400000
132,16.423900000,0.861500000
133,15.659900000,0.331800000
134,16.974500000,0.497900000
135,16.938500000,0.401000000
136,16.865100000,0.429100000
137,16.236000000,0.681300000
138,16.901500000,0.449500000
139,16.608900000,0.304700000
140,16.678600000,0.355700000
141,17.195400000,0.741600000
142,17.478600000,1.233400000
143,14.844300000,0.419200000
144,17.065600000,0.609300000
145,16.549000000,0.280700000
146,16.690100000,0.370300000
147,16.705700000,0.350500000
148,17.757800000,1.268200000
149,15.939100000,0.504100000
150,16.818200000,0.449000000
151,16.810400000,1.407900000
152,16.632800000,0.536000000
153,15.817200000,0.419800000
154,16.741200000,0.371800000
155,16.756200000,0.399000000
156,17.222400000,0.451100000
157,15.626000000,0.326500000
158,18.581300000,2.146300000
159,15.452600000,0.494200000
160,17.027600000,0.488000000
161,15.796900000,0.398900000
162,16.958300000,0.468200000
163,16.788500000,0.378100000
164,17.539100000,1.054200000
165,16.170300000,0.710400000
166,16.207300000,0.732300000
167,16.927600000,0.495300000
168,16.858400000,0.372900000
169,16.318700000,0.910400000
170,16.949500000,0.496900000
171,16.755200000,0.369800000
172,15.735900000,0.443200000
173,16.899500000,0.416700000
174,16.858900000,0.399400000
175,17.149400000,0.782800000
176,16.038100000,0.566700000
177,16.741100000,0.380200000
178,16.914100000,0.461400000
179,16.955200000,0.608900000
180,15.759400000,0.414000000
181,16.771800000,0.406200000
182,16.872400000,0.446400000
183,16.891200000,0.421900000
184,17.021800000,0.477600000
185,15.824000000,0.419800000
186,17.027100000,0.689100000
187,16.622900000,0.300500000
188,16.794800000,0.426600000
189,16.817700000,0.418300000
190,17.618800000,1.333300000
191,16.007800000,0.574500000
192,16.432300000,0.945900000
193,17.543700000,0.861500000
194,15.957800000,0.487000000
195,15.882800000,0.476000000
196,16.907300000,0.431300000
197,16.983400000,0.577100000
198,16.870800000,0.430800000
199,16.898900000,0.477600000
200,16.206800000,0.737500000
201,17.215100000,0.530300000
202,16.177600000,0.434900000
203,16.945900000,0.489600000
204,15.926500000,0.515100000
205,18.315100000,1.215600000
206,14.997400000,0.496900000
207,17.710400000,1.216200000
208,15.750000000,0.389600000
209,16.572400000,0.282800000
210,16.916200000,0.422400000
211,17.184900000,0.460400000
212,16.434400000,0.633800000
213,17.725000000,0.903600000
214,17.935900000,0.490100000
215,13.729700000,0.365100000
216,16.882800000,0.406300000
217,16.673900000,0.355700000
218,16.868300000,0.453100000
219,16.831700000,0.402100000
220,16.915700000,0.465600000
221,16.026500000,0.625000000
222,16.998500000,0.600000000
223,16.869800000,0.361500000
224,15.857800000,0.462500000
225,17.597400000,0.442700000
226,15.774500000,0.353100000
227,16.679100000,0.362000000
228,16.961000000,0.634900000
229,17.181200000,0.780700000
230,15.985400000,0.476600000
231,16.865100000,0.438500000
232,16.830200000,0.414600000
233,16.955200000,0.528100000
234,15.650000000,0.336900000
235,16.805300000,0.505700000
236,16.909800000,0.522900000
237,16.717800000,0.364000000
238,16.942700000,0.493200000
239,17.397900000,0.431300000
240,16.109400000,0.488000000
241,16.779100000,0.405700000
242,16.249500000,0.798000000
243,16.712500000,0.353100000
244,17.045300000,0.645300000
245,15.751600000,0.379100000
246,16.652100000,0.351100000
247,17.222900000,0.792200000
248,16.994200000,0.528600000
249,17.904200000,1.481300000
250,15.252100000,0.466200000
251,17.021400000,0.553600000
252,16.184800000,0.478600000
253,16.925000000,0.551500000
254,16.905800000,0.438600000
255,16.034400000,0.404600000
256,16.742100000,0.465100000
257,16.742700000,0.370300000
258,16.667200000,0.367200000
259,16.903700000,0.482800000
260,16.871900000,0.415600000
261,15.704600000,0.357800000
262,17.294800000,0.807800000
263,17.368800000,0.955200000
264,15.722400000,0.430300000
265,16.665600000,0.338000000
266,16.781300000,0.393800000
267,16.942700000,0.571300000
268,16.885400000,0.461500000
269,15.832800000,0.447400000
270,16.909900000,0.622400000
271,17.287500000,0.748500000
272,16.410400000,0.598500000
273,16.851600000,0.458800000
274,15.894200000,0.457300000
275,18.334400000,0.469300000
276,15.103100000,0.777600000
277,17.150600000,0.649400000
278,17.006700000,0.524500000
279,15.975000000,0.500000000
280,16.905200000,0.396900000
281,17.193800000,0.727100000
282,16.068200000,0.542200000
283,17.042200000,0.480700000
284,16.670300000,1.304700000
285,16.379700000,0.413000000
286,16.830200000,0.407300000
287,16.756300000,0.769800000
288,15.983800000,0.539100000
289,17.192700000,0.383800000
290,16.680200000,0.353100000
291,16.848000000,0.531700000
292,15.669200000,0.351000000
293,16.852600000,0.416200000
294,16.745300000,0.370800000
295,17.533900000,0.538600000
296,16.038500000,0.584400000
297,17.874500000,1.436000000
298,15.894300000,0.527100000
299,16.988000000,1.360400000
300,16.131300000,0.513000000
301,16.770300000,0.425500000
302,16.720300000,0.414600000
303,15.816600000,0.344800000
304,17.011500000,0.511500000
305,17.626600000,0.656200000
306,16.085900000,0.486000000
307,16.787000000,0.434400000
308,15.532800000,0.263500000
309,17.913500000,0.488600000
310,15.950000000,0.459400000
311,17.208400000,0.741100000
312,17.151500000,0.743700000
313,15.885500000,0.449400000
314,16.811400000,0.395800000
315,16.713000000,0.356200000
316,16.601600000,0.321300000
317,16.872900000,0.494700000
318,15.985900000,0.619300000
319,17.952700000,0.928100000
320,15.768700000,0.392700000
321,16.542200000,0.256200000
322,16.573400000,0.285900000
323,16.759900000,0.376600000
324,17.442700000,0.512500000
325,16.238600000,0.800000000
326,17.409300000,0.947900000
327,16.338600000,0.898900000
328,15.773400000,0.374500000
329,16.804200000,0.419300000
330,16.892700000,0.431800000
331,16.817200000,0.406300000
332,17.413000000,0.825500000
333,16.072400000,0.646400000
334,16.262000000,0.712500000
335,17.029200000,0.549000000
336,15.990600000,0.668700000
337,17.522400000,0.603700000
338,16.042700000,0.548500000
339,16.868200000,0.449000000
340,18.971900000,2.556300000
341,14.354200000,0.543200000
342,17.056200000,0.593300000
343,16.520800000,1.049500000
344,16.238100000,0.304700000
345,16.776000000,0.415100000
346,16.737500000,0.387000000
347,17.333900000,0.937000000
348,15.842100000,0.362000000
349,17.043300000,0.685400000
350,16.901500000,0.615100000
351,16.163100000,0.781200000
352,16.756200000,0.313000000
353,16.716700000,0.354200000
354,16.903600000,0.555700000
355,15.818200000,0.401000000
356,17.034400000,0.537000000
357,17.054700000,0.547400000
358,16.552600000,0.444800000
359,16.883300000,0.420800000
360,16.211000000,0.384900000
361,17.030200000,0.663100000
362,16.956200000,1.575500000
363,16.344300000,0.414600000
364,15.916200000,0.515600000
365,16.892100000,0.456700000
366,16.892800000,0.421800000
367,17.675000000,1.226000000
368,16.389000000,0.783400000
369,16.121400000,0.710900000
370,16.770300000,0.329700000
371,15.855200000,0.436000000
372,16.830200000,0.528100000
373,16.839100000,0.332900000
374,16.810900000,0.398400000
375,17.240600000,0.808300000
376,15.760400000,0.400000000
377,17.248000000,0.811000000
378,17.244700000,0.739600000
379,15.733400000,0.368800000
380,17.111400000,0.632300000
381,16.211000000,0.767200000
382,17.185900000,0.646900000
383,16.556300000,0.443700000
384,16.897900000,0.530200000
385,16.292200000,0.872900000
386,17.191100000,0.745900000
387,15.926100000,0.463500000
388,16.760400000,0.397300000
389,17.301500000,0.907800000
390,16.876600000,0.889000000
391,17.357800000,1.302000000
392,14.875500000,0.470300000
393,17.450600000,0.465100000
394,19.745800000,4.331200000
395,15.422400000,1.611500000
396,15.681800000,0.914000000
397,18.029600000,3.650000000
398,16.053700000,2.534900000
399,14.793700000,0.427100000
400,16.750600000,0.399000000
401,15.758800000,0.407800000
402,16.649500000,0.355700000
403,16.898900000,0.583300000
404,16.719800000,0.376100000
405,16.708900000,0.371300000
406,16.707300000,0.378100000
407,16.669800000,0.345300000
408,16.596300000,0.295300000
409,16.760400000,0.434400000
410,16.944800000,0.574000000
411,16.490100000,0.242700000
412,16.709400000,0.373900000
413,16.819800000,0.481200000
414,16.633300000,0.289600000
415,19.272400000,2.515100000
416,14.065700000,0.636400000
417,17.819800000,1.393800000
418,16.929600000,0.902100000
419,16.233900000,0.414100000
420,16.612000000,0.400000000
421,15.544800000,0.278100000
422,16.666100000,0.369200000
423,17.264600000,0.532900000
424,16.224500000,0.775000000
425,17.349500000,0.853100000
426,16.554100000,1.135900000
427,16.187500000,0.871300000
428,17.759400000,0.925500000
429,16.326600000,0.493200000
430,15.925000000,0.432300000
431,17.583800000,1.162000000
432,15.966700000,0.488600000
433,15.779100000,0.382200000
434,16.789100000,0.427600000
435,16.680200000,0.351000000
436,16.796400000,0.414100000
437,17.245800000,0.866200000
438,16.208900000,0.754700000
439,16.932800000,0.514100000
440,16.614600000,0.307800000
441,16.768700000,0.398500000
442,17.552100000,1.250500000
443,16.469800000,1.007300000
444,15.964000000,0.394300000
445,17.496900000,0.723900000
446,15.839100000,0.482800000
447,17.225000000,0.438500000
448,15.865100000,0.433900000
449,17.758300000,1.340100000
450,15.842200000,0.421900000
451,16.974500000,0.534900000
452,15.870300000,0.491700000
453,16.991700000,0.519800000
454,17.163500000,0.504200000
455,17.562500000,1.008800000
456,15.173400000,0.702600000
457,17.275600000,0.361400000
458,15.770800000,0.399500000
459,16.881800000,0.547400000
460,16.717200000,0.356200000
461,17.141100000,0.371400000
462,16.076600000,0.539000000
463,16.829700000,0.415600000
464,17.984800000,1.572900000
465,15.805300000,0.420800000
466,15.751500000,0.444300000
467,16.828700000,0.433300000
468,16.948900000,0.455200000
469,17.732800000,1.300000000
470,15.808900000,0.498000000
471,16.765600000,0.425000000
472,16.876600000,0.459900000
473,16.950000000,1.254100000
474,15.713500000,0.305700000
475,17.841200000,0.992100000
476,15.764500000,0.362500000
477,16.752700000,0.393200000
478,17.511400000,1.004700000
479,16.414100000,0.815100000
480,16.831700000,1.266200000
481,15.792800000,0.394700000
482,17.027600000,0.560400000
483,15.935400000,0.346800000
484,16.658800000,0.337500000
485,16.877100000,0.383300000
486,17.098400000,0.453100000
487,19.113600000,2.769700000
488,13.829700000,0.461500000
489,16.606200000,0.310400000
490,16.632800000,0.311500000
491,16.900000000,0.537500000
492,16.866200000,0.456300000
493,16.696900000,0.330800000
494,17.503600000,1.005800000
495,16.206300000,0.708800000
496,16.003100000,0.542700000
497,17.105200000,0.757300000
498,16.007800000,0.581300000
499,20.132800000,3.275600000
500,13.913600000,0.483300000
501,16.597400000,1.180700000
502,15.746300000,0.368200000
503,16.978700000,0.403600000
504,18.102000000,1.325500000
505,15.777100000,0.412000000
506,15.867200000,0.371900000
507,16.993800000,0.565200000
508,17.180700000,0.768200000
509,16.258300000,0.739100000
510,16.777600000,0.419800000
511,16.845900000,0.471800000
512,16.598900000,0.288000000
513,16.838000000,0.441200000
514,16.087000000,0.718200000
515,17.510400000,0.984900000
516,16.195300000,0.610900000
517,17.006300000,0.430200000
518,17.214600000,1.532300000
519,16.354700000,1.017100000
520,16.280200000,0.527600000
521,16.170800000,0.398500000
522,17.018200000,0.640100000
523,17.625000000,0.591200000
524,15.734400000,0.358900000
525,16.970300000,0.459900000
526,15.777100000,0.393200000
527,16.926000000,0.460900000
528,17.028200000,0.482800000
529,18.240600000,1.490700000
530,14.587000000,0.287500000
531,16.768200000,0.462000000
532,17.174000000,0.762000000
533,16.606700000,1.158300000
534,15.676600000,0.345800000
535,17.654200000,1.006700000
536,15.841600000,0.475000000
537,17.020300000,0.495800000
538,16.878700000,0.435500000
539,16.702600000,0.381300000
540,16.304200000,0.284900000
541,19.090100000,2.122400000
542,14.918200000,0.470900000
543,16.563500000,0.966700000
544,15.790100000,0.385900000
545,19.487500000,0.808800000
546,15.159400000,0.551000000
547,18.896900000,1.044300000
548,13.843700000,0.425000000
549,17.044800000,0.587500000
550,15.861500000,0.508400000
551,17.287000000,0.845800000
552,16.765600000,1.333900000
553,18.194800000,1.604600000
554,14.735400000,0.355800000
555,16.892700000,0.436000000
556,17.191200000,0.856700000
557,16.239000000,0.820800000
558,15.775500000,0.434400000
559,17.590100000,0.572900000
560,15.873500000,0.460500000
561,17.378600000,0.451100000
562,16.101100000,0.480200000
563,17.836900000,1.351000000
564,16.095900000,0.511400000
565,15.943200000,0.483900000
566,16.790600000,0.382300000
567,16.935500000,0.430200000
568,19.240600000,2.217700000
569,14.356200000,0.753700000
570,16.669800000,0.322400000
571,17.688600000,1.163500000
572,14.793700000,0.486500000
573,16.918200000,0.527100000
574,16.609900000,0.294200000
575,17.207300000,0.683800000
576,16.648500000,0.323500000
577,16.868200000,0.469300000
578,16.238000000,0.842100000
579,17.566700000,1.010900000
580,15.865600000,0.422900000
581,17.829200000,1.389500000
582,15.816600000,0.352600000
583,15.770400000,0.338600000
584,16.654600000,0.326500000
585,17.929200000,1.387500000
586,15.984900000,0.528600000
587,17.119300000,0.393300000
588,16.357800000,0.737500000
589,19.503600000,1.847400000
590,13.941700000,0.412500000
591,17.195800000,0.723500000
592,16.041200000,0.621800000
593,17.100000000,0.472400000
594,16.260900000,0.726600000
595,17.896400000,1.060900000
596,14.926500000,0.501600000
597,16.591200000,0.293300000
598,16.786400000,0.406200000
599,17.726100000,0.916700000
600,16.569200000,0.403100000
601,15.739100000,0.413000000
602,16.649500000,0.331800000
603,17.251000000,0.563000000
604,16.542700000,1.067200000
605,16.816700000,0.430700000
606,16.474000000,0.713000000
607,22.379700000,0.712000000
608,10.720300000,0.371800000
609,16.967700000,0.494300000
610,17.433300000,0.946900000
611,15.935900000,0.500000000
612,17.018800000,0.451500000
613,16.879200000,1.517700000
614,15.530700000,0.248900000
615,18.692200000,2.245800000
616,14.814600000,0.381800000
617,17.517700000,0.838500000
618,16.775500000,0.511400000
619,16.163500000,0.442700000
620,16.195900000,0.753100000
621,17.444200000,0.498900000
622,15.662000000,0.315600000
623,17.306800000,0.773400000
624,16.710900000,0.350500000
625,15.746400000,0.382300000
626,16.976000000,0.472400000
627,17.859400000,1.394200000
628,16.959400000,1.033300000
629,16.028600000,0.450500000
630,15.877600000,0.572400000
631,17.862500000,1.507300000
632,15.742700000,0.366600000
633,16.982300000,0.460900000
634,16.078100000,0.640100000
635,18.284400000,1.680700000
636,15.013600000,0.591600000
637,19.984300000,3.094300000
638,13.958900000,0.472400000
639,16.320300000,0.822900000
640,16.820300000,0.300000000
641,17.566700000,0.747900000
642,16.090100000,0.553100000
643,19.149500000,0.446800000
644,13.832800000,0.473500000
645,19.608300000,0.344800000
646,14.127600000,0.372900000
647,18.464600000,0.326000000
648,14.814100000,0.571900000
649,18.304600000,2.558800000
650,14.644800000,0.330300000
651,18.336500000,1.090700000
652,15.224500000,0.500600000
653,18.463000000,0.334400000
654,14.722900000,0.387000000
655,19.628100000,2.868800000
656,13.912500000,0.408800000
657,19.089600000,1.903100000
658,13.785400000,0.393200000
659,17.029700000,0.626000000
660,16.652600000,0.338500000
661,17.577100000,0.830200000
662,15.830200000,0.513000000
663,16.013000000,0.597900000
664,17.141700000,0.696800000
665,16.784900000,0.480700000
666,16.876600000,0.408800000
667,15.900000000,0.519200000
668,16.732300000,0.361500000
669,17.175500000,0.843800000
670,16.697400000,0.381300000
671,15.763000000,0.403700000
672,16.880200000,0.529200000
673,16.809900000,0.429200000
674,17.140100000,0.385900000
675,17.075500000,0.500600000
676,16.197400000,0.755300000
677,18.892700000,1.446900000
678,14.821900000,1.224400000
679,16.053100000,0.642700000
680,16.576100000,0.265100000
681,16.602600000,0.297400000
682,16.740100000,0.401600000
683,17.420300000,0.950000000
684,15.963500000,0.445300000
685,18.222400000,0.710400000
686,15.048500000,0.485900000
687,17.343200000,0.929700000
688,15.944300000,0.378600000
689,17.545800000,1.070400000
690,18.016700000,2.554600000
691,16.619200000,2.024500000
692,14.614600000,0.307800000
693,17.094300000,0.590700000
694,15.945800000,0.469300000
695,16.814100000,0.394300000
696,16.901000000,0.519800000
697,17.231800000,0.870300000
698,15.983300000,0.579700000
699,16.753200000,0.381700000
700,16.852600000,0.408300000
701,17.357800000,0.804200000
702,16.235400000,0.477600000
703,17.807300000,2.391100000
704,15.010900000,0.619800000
705,17.987500000,1.431300000
706,15.899000000,0.460500000
707,16.997400000,1.540100000
708,15.742700000,0.313500000
709,20.464000000,0.403100000
710,12.895900000,0.516600000
711,17.781200000,1.291100000
712,15.987500000,0.504700000
713,15.802600000,0.395900000
714,16.713100000,0.315700000
715,17.581700000,1.107800000
716,15.713000000,0.346300000
717,16.899000000,0.482300000
718,17.045300000,0.630200000
719,17.535400000,0.409900000
720,15.701600000,0.389600000
721,19.039600000,0.393800000
722,13.915100000,0.372400000
723,16.667200000,0.322900000
724,16.799500000,0.407200000
725,17.730200000,1.229700000
726,15.701000000,0.326600000
727,17.032800000,0.319800000
728,16.777600000,0.392700000
729,16.157800000,0.531800000
730,18.205200000,1.753600000
731,15.214600000,0.633300000
732,21.699500000,2.121300000
733,13.101000000,1.423400000
734,14.885500000,0.477000000
735,16.847900000,0.431300000
736,16.961400000,0.434400000
737,16.903700000,0.597900000
738,16.117700000,0.730700000
739,17.044300000,0.673900000
740,16.856700000,0.439600000
741,15.906800000,0.437000000
742,16.659400000,0.320900000
743,17.159900000,0.569300000
744,16.760400000,0.361900000
745,17.958300000,0.888500000
746,14.702100000,0.428600000
747,17.633900000,0.550000000
748,15.669200000,0.334300000
749,16.702100000,0.362000000
750,17.138000000,0.619300000
751,17.219800000,0.602100000
752,15.644300000,0.339600000
753,17.081800000,0.672400000
754,17.031200000,0.420900000
755,16.926100000,0.632300000
756,15.720300000,0.382300000
757,16.658800000,0.331200000
758,16.871900000,0.462000000
759,16.941100000,0.485900000
760,17.716200000,1.207300000
761,17.166100000,1.594300000
762,14.973500000,0.456700000
763,16.871300000,0.433300000
764,16.795900000,0.438100000
765,17.008800000,0.459900000
766,16.250000000,0.414600000
767,18.628100000,1.806300000
768,14.554700000,0.266600000
769,16.559900000,0.288500000
770,17.306800000,0.769800000
771,15.956200000,0.484900000
772,18.675000000,1.492200000
773,14.924500000,0.490100000
774,16.821400000,0.465600000
775,16.939600000,0.485900000
776,16.484900000,0.967700000
777,16.112500000,0.493700000
778,16.736400000,0.377100000
779,16.705200000,0.378600000
780,16.737000000,0.344800000
781,16.997900000,0.654200000
782,15.828700000,0.356300000
783,16.866100000,0.453100000
784,16.909400000,0.437000000
785,16.919300000,0.508300000
786,16.626000000,0.301600000
787,17.025500000,0.686500000
788,15.917200000,0.618200000
789,16.742700000,0.392200000
790,16.765600000,0.378600000
791,17.864600000,1.365600000
792,15.830200000,0.408800000
793,18.802100000,2.056800000
794,13.801100000,0.418700000
795,16.867700000,0.509400000
796,16.756700000,0.334400000
797,17.021900000,0.550500000
798,16.732300000,0.371900000
799,16.787500000,0.337500000
800,17.578100000,1.478100000
801,15.612000000,0.303100000
802,17.028100000,0.613500000
803,16.563600000,0.491100000
804,15.729700000,0.400000000
805,16.683300000,0.381800000
806,16.855700000,0.444800000
807,16.943800000,0.506200000
808,17.031700000,0.509400000
809,15.779200000,0.465100000
810,16.929700000,0.450000000
811,16.799500000,0.403700000
812,16.862000000,0.424500000
813,16.997400000,0.452100000
814,16.507200000,0.811400000
815,16.561000000,0.282300000
816,16.967200000,0.631300000
817,16.590600000,1.101100000
818,16.049000000,0.507300000
819,16.858800000,0.390600000
820,16.666200000,0.306800000
821,16.708800000,0.376000000
822,16.783900000,0.392700000
823,17.010900000,0.622900000
824,15.671400000,0.351600000
825,17.750000000,0.487500000
826,15.662500000,0.325000000
827,16.747400000,0.376600000
828,16.889500000,0.488000000
829,17.016700000,0.499000000
830,16.990600000,0.626000000
831,15.979200000,0.501000000
832,17.029200000,0.508800000
833,21.310900000,4.875000000
834,11.787500000,0.301000000
835,16.623400000,0.327700000
836,16.699000000,0.346400000
837,17.334400000,0.832300000
838,15.984300000,0.484400000
839,17.045400000,0.571800000
840,16.109300000,0.385400000
841,18.772900000,2.288000000
842,15.049000000,0.375500000
843,16.912000000,0.464600000
844,16.112500000,0.689000000
845,17.106200000,0.583400000
846,16.561000000,1.043200000
847,18.772900000,1.810900000
848,13.846900000,0.427100000
849,16.893200000,0.467700000
850,17.318700000,0.892200000
851,15.867800000,0.473900000
852,16.673400000,0.329200000
853,17.118700000,0.677600000
854,16.848500000,0.385500000
855,16.980700000,0.486400000
856,16.240600000,0.486500000
857,17.737500000,0.509400000
858,17.394300000,1.034400000
859,14.640100000,0.320800000
860,16.659900000,0.334400000
861,16.666700000,0.322400000
862,16.772400000,0.374400000
863,16.881700000,0.480200000
864,16.817200000,0.445800000
865,16.766700000,1.425600000
866,15.705200000,0.369300000
867,17.081200000,0.587500000
868,16.592200000,0.285500000
869,17.252600000,0.532800000
870,16.092700000,0.430700000
871,16.902100000,0.480700000
872,17.174000000,0.760500000
873,15.939100000,0.410400000
874,17.696300000,1.231800000
875,16.052600000,0.518800000
876,16.656300000,0.635400000
877,15.609300000,0.270800000
878,17.846900000,0.454700000
879,16.550500000,1.059900000
880,16.058900000,0.441200000
881,16.659400000,0.327100000
882,16.919200000,0.438600000
883,16.825000000,0.420800000
884,16.774500000,0.389100000
885,16.919300000,0.473400000
886,16.279700000,0.869200000
887,16.697400000,0.352100000
888,16.619200000,0.321400000
889,16.649000000,0.333300000
890,17.211500000,0.446800000
891,16.285400000,0.583300000
892,16.801000000,0.400000000
893,16.131300000,0.817200000
894,16.757300000,0.409900000
895,17.720300000,1.183300000
896,17.047400000,1.541600000
897,15.246800000,0.731200000
898,16.887000000,0.379700000
899,17.352600000,1.037000000
900,16.083900000,0.715100000
901,17.396800000,0.951600000
902,16.647400000,1.283800000
903,15.957300000,0.496300000
904,16.903700000,0.506300000
905,15.807300000,0.322900000
906,16.887000000,0.417100000
907,18.078100000,1.656200000
908,15.659900000,0.304700000
909,17.010900000,0.555200000
910,16.129700000,0.734900000
911,16.684400000,0.370900000
912,17.213500000,0.776100000
913,15.929700000,0.506300000
914,17.171900000,0.738600000
915,17.628600000,1.551000000
916,15.266200000,0.435900000
917,16.900000000,0.481200000
918,16.652100000,0.317700000
919,16.827000000,0.429100000
920,16.865700000,1.420900000
921,15.890600000,0.538100000
922,17.951000000,1.581200000
923,15.672400000,0.383300000
924,16.741200000,0.397400000
925,16.788500000,0.396300000
926,17.357300000,0.441200000
927,16.052100000,0.562500000
928,16.538000000,1.114100000
929,16.991200000,0.460400000
930,16.206200000,0.475600000
931,17.669800000,0.705200000
932,15.897900000,0.504700000
933,15.869800000,0.359900000
934,16.985400000,0.528700000
935,17.719800000,1.299400000
936,15.740600000,0.363000000
937,16.757300000,0.408800000
938,16.811500000,0.394800000
939,16.957300000,0.478700000
940,15.889000000,0.352600000
941,16.615700000,0.309400000
942,17.120300000,0.555800000
943,16.879100000,0.440600000
944,16.121400000,0.579700000
945,16.965100000,0.426600000
946,16.665100000,0.334900000
947,16.625000000,0.324500000
948,17.030700000,0.501000000
949,16.251600000,0.683900000
950,16.962000000,0.563100000
951,17.518200000,0.803600000
952,15.891700000,0.409300000
953,15.665100000,0.387500000
954,17.396900000,0.440600000
955,17.132200000,0.491700000
956,16.995900000,0.643800000
957,15.660900000,0.333300000
958,16.727600000,0.372900000
959,17.141200000,0.801600000
960,15.880700000,0.574500000
961,16.625000000,0.326100000
962,16.697400000,0.339600000
963,17.123400000,0.683900000
964,17.990100000,0.574400000
965,16.950600000,1.255200000
966,14.714000000,0.328100000
967,17.249000000,0.529200000
968,16.986400000,0.581200000
969,16.197400000,0.673500000
970,17.805200000,1.058400000
971,16.163600000,0.709900000
972,16.196300000,0.766200000
973,16.095900000,0.688500000
974,16.780700000,0.375000000
975,16.988500000,0.514600000
976,16.868800000,0.426100000
977,16.483800000,0.925500000
978,17.067700000,0.520300000
979,16.536000000,0.913000000
980,15.805700000,0.357800000
981,17.365100000,0.920300000
982,15.984900000,0.625500000
983,16.633300000,0.330200000
984,16.907900000,0.578200000
985,17.293700000,0.811000000
986,16.170800000,0.602600000
987,16.661000000,0.252600000
988,17.020300000,0.527100000
989,15.734400000,0.305700000
990,17.253100000,0.476500000
991,18.003100000,1.455800000
992,15.827100000,0.388500000
993,16.321900000,0.854700000
994,16.862500000,0.429700000
995,15.731200000,0.306200000
996,17.012500000,0.639600000
997,16.931300000,0.543800000
998,17.114600000,0.716700000
999,16.665600000,0.632800000
1000,15.951500000,0.372900000
1001,17.208900000,0.696900000
1002,16.992200000,0.570300000
1003,16.172900000,0.697900000
1004,16.722900000,0.416100000
1005,16.905200000,0.557300000
1006,15.627600000,0.305200000
1007,18.592200000,1.481300000
1008,20.754200000,0.638600000
1009,11.703100000,1.007800000
1010,15.786000000,0.402600000
1011,17.265600000,0.678200000
1012,16.880200000,0.528700000
1013,16.403100000,1.046900000
1014,19.202600000,2.294300000
1015,13.814600000,0.444300000
1016,16.660900000,0.327100000
1017,16.884400000,0.484900000
1018,16.917700000,0.424500000
1019,16.878100000,0.532300000
1020,16.902600000,0.383300000
1021,15.785500000,0.387500000
1022,16.808300000,0.405700000
1023,17.489600000,1.028600000
1024,17.853100000,0.391100000
1025,15.163000000,0.742200000
1026,17.024000000,1.195300000
1027,15.764600000,0.402100000
1028,17.154700000,0.540600000
1029,15.731700000,0.413500000
1030,16.607300000,0.307300000
1031,17.546900000,1.213600000
1032,16.701600000,0.353100000
1033,17.794200000,1.417200000
1034,14.939100000,0.473900000
1035,16.640100000,0.325500000
1036,17.450000000,0.873400000
1037,15.629200000,0.329200000
1038,16.961400000,0.608800000
1039,16.757800000,0.445800000
1040,17.894300000,0.672400000
1041,15.842200000,0.409900000
1042,16.765600000,0.371900000
1043,17.102100000,0.706300000
1044,18.496900000,0.388600000
1045,14.607300000,1.196900000
1046,16.015100000,0.411900000
1047,17.170800000,0.762000000
1048,15.902100000,0.453200000
1049,16.721900000,0.377600000
1050,17.928600000,0.725500000
1051,17.283300000,1.493200000
1052,14.691200000,0.339600000
1053,16.805200000,0.490600000
1054,16.993700000,0.604600000
1055,16.711500000,0.383800000
1056,16.886500000,0.315600000
1057,17.364000000,0.725500000
1058,21.056300000,3.764600000
1059,22.962500000,8.722400000
1060,7.004700000,1.860500000
1061,14.976000000,0.515100000
1062,16.011500000,0.411500000
1063,17.166600000,0.685900000
1064,16.881800000,0.443800000
1065,15.937000000,0.480300000
1066,17.562500000,0.515600000
1067,16.269200000,0.884300000
1068,17.823500000,0.703100000
1069,16.797900000,0.875500000
1070,14.799500000,0.394300000
1071,16.826500000,0.497400000
1072,16.640100000,0.311900000
1073,17.130800000,0.589600000
1074,16.767200000,0.364500000
1075,17.263500000,0.647900000
1076,15.542200000,0.281200000
1077,16.622900000,0.319800000
1078,17.144800000,0.751600000
1079,17.095300000,0.528100000
1080,16.455200000,0.956800000
1081,15.673500000,0.344800000
1082,17.119200000,0.665600000
1083,16.953700000,0.561900000
1084,16.609900000,0.291200000
1085,16.958800000,0.543700000
1086,16.221400000,0.480200000
1087,19.098400000,2.639000000
1088,19.936500000,0.912500000
1089,11.529700000,0.452100000
1090,18.016600000,1.530200000
1091,15.656300000,1.317200000
1092,15.664000000,0.310900000
1093,18.684400000,0.651600000
1094,14.912500000,0.493800000
1095,16.716700000,0.356800000
1096,18.072400000,1.611000000
1097,15.493200000,1.046300000
1098,17.333900000,0.746300000
1099,16.911900000,1.539100000
1100,16.450000000,0.466100000
1101,16.490700000,0.613100000
1102,15.797400000,0.447400000
1103,17.703600000,0.791200000
1104,15.708300000,0.330200000
1105,17.111000000,0.593800000
1106,16.833800000,1.411400000
1107,16.265700000,0.439600000
1108,16.765100000,0.656300000
1109,15.692700000,0.357300000
1110,17.849500000,0.975500000
1111,16.172300000,0.787500000
1112,17.017200000,0.544300000
1113,16.368300000,0.872900000
1114,17.556200000,1.124000000
1115,16.532300000,1.212500000
1116,16.130700000,0.503700000
1117,17.637500000,2.210900000
1118,15.209900000,0.613000000
1119,16.776600000,0.458800000
1120,16.682800000,0.329700000
1121,17.390600000,0.938600000
1122,16.133900000,0.674000000
1123,17.356200000,0.679700000
1124,16.127100000,0.716200000
1125,15.426100000,0.141200000
1126,17.668200000,0.348400000
1127,16.318700000,0.139000000
1128,25.871900000,0.166200000
1129,7.592200000,0.200500000
1130,16.635900000,0.297900000
1131,16.626600000,0.402600000
1132,16.682800000,0.329700000
1133,16.534900000,0.269300000
1134,20.550000000,0.599400000
1135,12.593200000,0.278100000
1136,17.705800000,0.454600000
1137,15.977600000,0.515100000
1138,17.111400000,0.646300000
1139,15.694800000,0.358800000
1140,16.771900000,0.404200000
1141,17.183300000,0.811500000
1142,17.203700000,0.699000000
1143,15.885400000,0.403700000
1144,17.318700000,0.688500000
1145,15.866700000,0.559400000
1146,16.940600000,0.529200000
1147,17.678200000,1.249500000
1148,16.644800000,1.147900000
1149,16.260900000,0.391200000
1150,18.091700000,0.685900000
1151,14.973400000,0.616700000
1152,17.064100000,0.645300000
1153,15.634900000,0.316200000
1154,22.628600000,6.133400000
1155,11.766100000,1.283900000
1156,16.943300000,1.602600000
1157,16.211400000,0.742700000
1158,15.750600000,0.388000000
1159,16.648900000,0.317700000
1160,16.839100000,0.408900000
1161,16.844200000,0.425000000
1162,16.848000000,0.416100000
1163,17.369800000,1.058800000
1164,16.130200000,0.656300000
1165,16.649400000,0.317200000
1166,17.187000000,0.517700000
1167,15.868200000,0.427600000
1168,18.300600000,1.880700000
1169,15.006700000,0.530200000
1170,16.873500000,0.378700000
1171,17.634400000,1.235900000
1172,16.293200000,0.930200000
1173,16.368700000,0.599500000
1174,15.991700000,0.391100000
1175,17.382800000,1.028100000
1176,15.947900000,0.597900000
1177,16.884400000,0.537500000
1178,16.982300000,0.517700000
1179,17.539600000,0.563000000
1180,15.802100000,0.380700000
1181,17.189500000,0.883300000
1182,15.890100000,0.532300000
1183,17.025000000,0.507800000
1184,16.337000000,0.949000000
1185,17.586000000,0.541700000
1186,15.679100000,0.333800000
1187,17.888600000,1.441100000
1188,16.337000000,0.569200000
1189,15.804100000,0.429200000
1190,17.229200000,0.782800000
1191,15.883300000,0.442200000
1192,17.291200000,0.329700000
1193,16.209900000,0.673500000
1194,16.698900000,0.370800000
1195,20.887000000,4.307800000
1196,12.851600000,0.445300000
1197,15.603100000,0.296900000
1198,17.656200000,0.306700000
1199,17.269300000,0.837000000
1200,15.795800000,0.413500000
1201,16.957300000,0.525000000
1202,15.913600000,0.490100000
1203,16.696300000,0.366100000
1204,16.672400000,0.342200000
1205,16.839100000,0.409900000
1206,16.921300000,0.418800000
1207,17.145400000,0.540100000
1208,15.904100000,0.402600000
1209,16.733400000,0.360900000
1210,18.366600000,1.186500000
1211,15.030200000,0.664600000
1212,16.878700000,0.519300000
1213,17.434300000,0.985900000
1214,15.867200000,0.460900000
1215,17.251100000,0.761500000
1216,17.522900000,2.024000000
1217,15.237500000,0.602100000
1218,17.659900000,0.864600000
1219,15.939100000,0.602600000
1220,15.863500000,0.394800000
1221,16.629700000,0.310400000
1222,16.803600000,0.379200000
1223,17.427600000,1.084300000
1224,15.879700000,0.506800000
1225,16.693800000,0.339600000
1226,16.986900000,0.535900000
1227,16.839600000,0.493200000
1228,16.811500000,0.459900000
1229,17.374500000,0.922900000
1230,15.859300000,0.445800000
1231,16.924500000,0.472400000
1232,15.587000000,0.289600000
1233,16.707300000,0.344300000
1234,16.741100000,0.398400000
1235,16.656800000,0.324000000
1236,16.702600000,0.384900000
1237,16.816200000,0.397900000
1238,17.696800000,1.201100000
1239,15.998500000,0.404100000
1240,17.270800000,0.875500000
1241,16.087500000,0.537500000
1242,16.877100000,0.383900000
1243,17.352600000,0.960500000
1244,15.725000000,0.364100000
1245,16.812500000,0.409400000
1246,16.924500000,0.580700000
1247,15.866600000,0.419300000
1248,17.465700000,0.869800000
1249,15.615100000,0.303200000
1250,17.363000000,0.409900000
1251,17.040100000,0.532800000
1252,15.978100000,0.503200000
1253,16.975500000,0.531300000
1254,18.729200000,2.292200000
1255,14.956800000,0.497400000
1256,15.644800000,0.336500000
1257,16.694800000,0.370800000
1258,16.844800000,0.408300000
1259,16.939000000,0.378700000
1260,17.451600000,0.390700000
1261,15.866600000,0.455200000
1262,17.086000000,0.305800000
1263,16.987000000,0.528700000
1264,17.760400000,1.390700000
1265,14.717200000,0.395900000
1266,17.556200000,1.146400000
1267,15.730200000,0.383300000
1268,21.314600000,3.478700000
1269,12.686500000,0.355200000
1270,15.998400000,0.336500000
1271,19.499000000,0.599000000
1272,13.852600000,0.345900000
1273,16.560400000,0.288000000
1274,16.962000000,0.337000000
1275,16.744800000,0.381700000
1276,18.050500000,1.142700000
1277,14.963000000,0.494800000
1278,16.795800000,0.468700000
1279,16.694800000,0.341700000
1280,16.707800000,0.394700000
1281,17.680200000,1.250500000
1282,15.848500000,0.441700000
1283,17.070300000,0.661500000
1284,16.076000000,0.698400000
1285,16.701100000,0.354700000
1286,21.733800000,1.607300000
1287,11.898500000,0.443700000
1288,17.808300000,1.381300000
1289,15.890100000,0.490700000
1290,16.060400000,0.532300000
1291,17.159400000,0.724500000
1292,15.837500000,0.449000000
1293,16.638000000,0.314100000
1294,16.838600000,0.400000000
1295,17.059900000,0.568200000
1296,17.308800000,0.458400000
1297,15.818200000,0.360400000
1298,17.088600000,0.656800000
1299,15.656700000,0.355200000
1300,16.722400000,0.385900000
1301,16.983900000,0.481800000
1302,17.641700000,0.844800000
1303,15.850000000,0.434900000
1304,17.572400000,1.193800000
1305,16.077600000,0.613000000
1306,17.479100000,0.728100000
1307,15.910400000,0.487000000
1308,16.832900000,0.409900000
1309,16.092100000,0.650500000
1310,16.864600000,0.432800000
1311,16.882300000,0.433400000
1312,16.734400000,0.362500000
1313,16.869800000,0.413500000
1314,16.762000000,0.504100000
1315,16.091100000,0.395800000
1316,16.881300000,0.452600000
1317,17.568700000,0.927600000
1318,18.757300000,0.460400000
1319,14.110900000,0.363600000
1320,16.128700000,0.592200000
1321,16.820300000,0.443300000
1322,17.658900000,1.220800000
1323,14.854600000,0.401500000
1324,16.791700000,0.383300000
1325,16.745300000,0.375000000
1326,17.223500000,0.564000000
1327,16.957800000,0.352600000
1328,16.159300000,0.715100000
1329,17.082300000,0.590700000
1330,17.324000000,1.784900000
1331,16.094300000,0.479700000
1332,20.210900000,2.452600000
1333,14.625500000,1.735400000
1334,14.591700000,0.284400000
1335,17.571300000,0.452100000
1336,15.746900000,0.371900000
1337,17.039100000,0.557300000
1338,17.572400000,1.112000000
1339,16.572900000,1.137000000
1340,15.624500000,0.308900000
1341,16.637000000,0.313000000
1342,16.823900000,0.431800000
1343,17.047400000,0.634400000
1344,16.144800000,0.470400000
1345,16.684400000,0.361500000
1346,16.635900000,0.328100000
1347,16.706300000,0.370300000
1348,16.704100000,0.367200000
1349,17.131800000,0.493800000
1350,16.026000000,0.448400000
1351,16.968300000,0.677100000
1352,16.856200000,0.455800000
1353,16.031800000,0.506200000
1354,17.031200000,0.407800000
1355,17.361500000,0.942200000
1356,21.792200000,1.577100000
1357,10.903100000,0.388000000
1358,16.978700000,0.598500000
1359,15.960400000,0.509300000
1360,16.901500000,0.321800000
1361,16.784400000,0.385900000
1362,21.210400000,3.916100000
1363,12.059900000,0.508400000
1364,17.366200000,0.966700000
1365,15.969800000,0.457800000
1366,16.781200000,0.408300000
1367,16.718200000,0.370300000
1368,16.999500000,0.538000000
1369,16.523500000,0.981300000
1370,16.108800000,0.682800000
1371,16.977600000,0.526600000
1372,16.737000000,0.367700000
1373,16.769800000,0.367700000
1374,16.495800000,0.809300000
1375,18.839600000,0.451100000
1376,14.752600000,0.897900000
1377,15.843800000,0.438600000
1378,18.893200000,2.281800000
1379,15.005200000,0.481800000
1380,16.798400000,0.410400000
1381,15.641700000,0.290100000
1382,17.229200000,0.698900000
1383,16.684300000,0.350000000
1384,16.771900000,0.352100000
1385,16.866700000,0.470400000
1386,20.525000000,0.464000000
1387,14.259900000,1.762500000
1388,14.979100000,0.353600000
1389,17.533900000,0.951600000
1390,16.028100000,0.642200000
1391,16.702100000,0.386500000
1392,16.796400000,0.368300000
1393,16.561400000,0.353100000
1394,18.115600000,1.337000000
1395,15.008900000,0.508800000
1396,17.744300000,1.144700000
1397,15.769800000,0.421400000
1398,17.323900000,0.925000000
1399,16.022400000,0.603700000
1400,18.278100000,1.250500000
1401,14.881300000,0.472900000
1402,19.068200000,0.410400000
1403,13.847400000,0.425000000
1404,18.399500000,1.729200000
1405,14.625000000,0.327100000
1406,16.716100000,0.352600000
1407,16.866700000,0.543700000
1408,16.930700000,0.556200000
1409,16.919300000,0.479200000
1410,17.989600000,0.472300000
1411,14.599000000,0.301500000
1412,17.823900000,1.489600000
1413,16.268200000,0.432800000
1414,17.605800000,1.153100000
1415,15.916600000,0.476100000
1416,16.394800000,0.854200000
1417,16.687500000,0.314600000
1418,16.969300000,0.507900000
1419,15.918700000,0.447900000
1420,17.201100000,0.821400000
1421,17.109900000,0.536900000
1422,17.332300000,0.457300000
1423,18.200000000,2.412500000
1424,14.204700000,0.375500000
1425,15.970800000,0.432300000
1426,17.050000000,0.681800000
1427,16.842200000,0.464600000
1428,17.161400000,0.779700000
1429,15.896400000,0.502700000
1430,17.089100000,0.494300000
1431,16.014500000,0.600500000
1432,18.168800000,1.766600000
1433,15.933800000,0.418700000
1434,16.723500000,1.281200000
1435,15.915100000,0.529200000
1436,17.191100000,0.360900000
1437,16.828200000,0.432300000
1438,16.092100000,0.554100000
1439,17.008900000,0.611500000
1440,16.725000000,0.322400000
1441,16.694300000,0.352100000
1442,17.015600000,1.518300000
1443,15.735900000,0.394800000
1444,19.470300000,0.442200000
1445,14.005300000,0.382800000
1446,17.253600000,0.452600000
1447,15.526600000,0.249000000
1448,17.293700000,0.857800000
1449,17.036500000,0.523400000
1450,16.133300000,0.689000000
1451,16.926000000,0.431700000
1452,17.010500000,0.451100000
1453,15.778100000,0.371900000
1454,18.033300000,0.476100000
1455,15.953700000,0.499000000
1456,16.793700000,0.420300000
1457,16.883900000,0.562500000
1458,16.275000000,0.900600000
1459,16.659900000,0.289600000
1460,17.069800000,0.456700000
1461,15.760900000,0.382800000
1462,17.542700000,1.097400000
1463,15.850500000,0.422900000
1464,17.579700000,0.385900000
1465,16.577100000,1.211000000
1466,16.042200000,0.649000000
1467,16.778100000,0.388000000
1468,18.316200000,1.950600000
1469,15.160400000,0.592700000
1470,17.320300000,0.427600000
1471,15.840600000,0.472400000
1472,17.522400000,0.392700000
1473,15.710900000,0.326600000
1474,17.374500000,0.974000000
1475,16.131800000,0.682300000
1476,17.010900000,0.342200000
1477,15.657300000,0.369800000
1478,16.877600000,0.447400000
1479,16.685400000,0.414000000
1480,16.871900000,0.434900000
1481,17.114100000,0.567200000
1482,17.231200000,0.683300000
1483,16.028700000,0.650600000
1484,18.135900000,0.960400000
1485,14.683900000,0.336000000
1486,16.686900000,0.309300000
1487,16.696900000,0.354100000
1488,16.884900000,0.436500000
1489,17.336500000,0.615600000
1490,16.151500000,0.718700000
1491,16.981300000,0.519300000
1492,17.748900000,2.183900000
1493,15.082300000,0.564600000
1494,17.988600000,1.516100000
1495,15.569800000,0.265700000
1496,17.528600000,0.861500000
1497,15.777600000,0.403100000
1498,17.979200000,1.604100000
1499,14.914100000,0.469700000
1500,17.017100000,0.593700000
1501,17.622400000,1.195300000
1502,15.932800000,0.524500000
1503,16.925000000,0.491700000
1504,16.324000000,0.744800000
1505,16.858900000,0.488000000
1506,16.921300000,1.313600000
1507,15.612000000,0.295300000
1508,17.088500000,0.488000000
1509,17.369300000,0.791200000
1510,18.276600000,2.776500000
1511,14.845300000,0.408400000
1512,16.208300000,0.851600000
1513,16.742700000,0.276000000
1514,16.723500000,0.423900000
1515,16.868700000,0.433900000
1516,17.512500000,0.706800000
1517,16.300500000,0.379200000
1518,16.392700000,1.003600000
1519,15.733400000,0.361400000
1520,17.630200000,0.953700000
1521,15.889000000,0.459400000
1522,16.788100000,0.393700000
1523,16.823900000,0.438000000
1524,17.270300000,0.847900000
1525,15.513100000,0.245300000
1526,16.880200000,0.442100000
1527,16.863500000,0.421900000
1528,18.150500000,1.680200000
1529,15.047900000,0.416100000
1530,18.213600000,1.631200000
1531,15.008800000,0.482800000
1532,16.754200000,0.339600000
1533,16.783300000,0.402100000
1534,17.972400000,1.214600000
1535,15.720900000,0.388500000
1536,17.059900000,0.610400000
1537,16.333300000,0.830800000
1538,17.127600000,0.727100000
1539,16.086500000,0.538500000
1540,16.854600000,0.422900000
1541,15.774500000,0.388000000
1542,17.889600000,1.434900000
1543,16.016200000,0.663000000
1544,17.670800000,1.051000000
1545,15.630700000,0.303100000
1546,18.005200000,1.582300000
1547,15.006800000,0.612500000
1548,22.790100000,0.567200000
1549,19.659400000,8.558400000
1550,10.843200000,3.292100000
1551,13.942200000,0.460400000
1552,17.762500000,0.525000000
1553,14.843200000,0.354100000
1554,16.982800000,0.659300000
1555,16.939600000,0.329200000
1556,17.191200000,0.725000000
1557,15.692200000,0.358800000
1558,17.156200000,0.784400000
1559,16.916700000,0.462500000
1560,16.011900000,0.546300000
1561,19.090200000,0.409300000
1562,16.291100000,0.413000000
1563,15.100500000,0.653100000
1564,18.241200000,0.517200000
1565,14.785400000,0.389100000
1566,16.905200000,0.482800000
1567,16.799500000,0.392700000
1568,16.751500000,0.376000000
1569,15.817700000,0.419300000
1570,16.906800000,0.398000000
1571,16.794300000,0.406300000
1572,17.221300000,0.878100000
1573,15.656300000,0.342700000
1574,16.712000000,0.368300000
1575,16.886400000,0.376000000
1576,18.057300000,1.642700000
1577,16.126600000,0.692200000
1578,17.502100000,0.652600000
1579,14.734300000,0.354100000
1580,16.755200000,0.397400000
1581,16.803700000,0.387000000
1582,16.932300000,0.468700000
1583,17.525000000,1.000000000
1584,16.170300000,0.535900000
1585,15.809900000,0.386400000
1586,16.962500000,0.529600000
1587,17.227100000,0.630700000
1588,16.671800000,0.323900000
1589,16.287000000,0.506800000
1590,16.786000000,0.346900000
1591,16.861400000,0.554100000
1592,16.879200000,0.481800000
1593,15.762500000,0.372400000
1594,17.063500000,0.460400000
1595,16.932800000,0.561400000
1596,17.573000000,1.102600000
1597,16.070300000,0.457800000
1598,15.828100000,0.431300000
1599,16.894300000,0.508300000
1600,16.622900000,0.312500000
1601,16.921300000,0.462500000
1602,17.042200000,0.550500000
1603,16.612000000,1.027100000
1604,18.340600000,2.554200000
1605,14.841200000,0.433400000
1606,17.641600000,1.080700000
1607,16.422400000,0.777600000
1608,15.715700000,0.359400000
1609,17.120300000,0.623500000
1610,15.816100000,0.397400000
1611,16.614600000,0.307300000
1612,17.235900000,0.372900000
1613,16.734400000,0.404200000
1614,17.996400000,0.506200000
1615,14.988500000,0.638600000
1616,17.402600000,0.710400000
1617,15.964600000,0.483400000
1618,17.854700000,1.257800000
1619,16.681200000,0.926600000
1620,15.976100000,0.482300000
1621,15.555700000,0.267200000
1622,16.634900000,0.335400000
1623,17.126600000,0.677100000
1624,18.388000000,1.122400000
1625,15.787500000,1.148400000
1626,17.366700000,1.438600000
1627,14.697900000,0.378200000
1628,16.667200000,0.342800000
1629,16.740100000,0.383800000
1630,17.084900000,0.717700000
1631,16.928100000,0.510400000
1632,17.041700000,0.523400000
1633,16.612500000,1.232300000
1634,15.679100000,0.334400000
1635,16.858400000,0.383300000
1636,16.738500000,0.356800000
1637,17.134900000,0.674500000
1638,16.795800000,0.418200000
1639,16.917700000,0.482300000
1640,16.216700000,0.798500000
1641,16.760400000,0.414100000
1642,16.904700000,0.459400000
1643,16.665600000,1.113000000
1644,16.324000000,0.936000000
1645,16.567200000,0.264600000
1646,16.775500000,0.388000000
1647,16.718200000,0.354700000
1648,18.387000000,1.590600000
1649,15.153100000,0.602600000
1650,16.215100000,0.817200000
1651,17.374500000,0.987500000
1652,16.230200000,0.439000000
1653,16.852100000,0.423500000
1654,17.945800000,1.793800000
1655,15.093800000,0.642700000
1656,17.040600000,0.618800000
1657,15.641200000,0.334900000
1658,18.042700000,1.754200000
1659,16.127600000,0.395900000
1660,17.596300000,1.145300000
1661,15.826600000,0.446900000
1662,15.735400000,0.395800000
1663,16.695800000,0.347900000
1664,16.880800000,0.463500000
1665,16.961400000,0.591100000
1666,16.999500000,0.507800000
1667,17.168700000,0.440100000
1668,17.154200000,0.520800000
1669,15.837000000,0.419700000
1670,16.090600000,0.555700000
1671,16.707300000,0.362000000
1672,16.943200000,0.603600000
1673,16.902600000,0.499500000
1674,16.696400000,0.501100000
1675,15.687000000,0.338500000
1676,17.074500000,0.614600000
1677,17.152600000,0.412500000
1678,15.810900000,0.333300000
1679,17.305200000,0.719800000
1680,18.285900000,1.811500000
1681,14.938600000,0.530200000
1682,16.773400000,0.406300000
1683,16.687000000,0.352100000
1684,16.889100000,0.485900000
1685,15.791100000,0.394300000
1686,18.347400000,1.938600000
1687,16.026000000,0.582800000
1688,15.878200000,0.447300000
1689,17.284900000,0.705800000
1690,15.882800000,0.444800000
1691,17.181200000,0.599000000
1692,16.846400000,0.363100000
1693,18.302100000,1.602600000
1694,14.790100000,0.399500000
1695,16.921800000,0.576600000
1696,16.836500000,0.504200000
1697,15.827600000,0.417200000
1698,17.119300000,0.534400000
1699,16.895800000,0.378100000
1700,15.981300000,0.620800000
1701,18.762500000,0.594800000
1702,14.891100000,0.500500000
1703,17.198400000,0.798400000
1704,15.942200000,0.509400000
1705,16.851600000,0.433400000
1706,17.239600000,0.767700000
1707,16.172400000,0.684900000
1708,16.843700000,0.426600000
1709,17.639600000,0.965700000
1710,16.183300000,0.793200000
1711,16.206300000,0.861500000
1712,16.915600000,0.543200000
1713,15.856300000,0.364500000
1714,17.039600000,0.672900000
1715,16.859800000,0.454100000
1716,16.853700000,0.467700000
1717,15.678600000,0.261900000
1718,16.758400000,0.398900000
1719,16.900500000,0.439000000
1720,16.792200000,0.371400000
1721,17.281800000,0.745300000
1722,15.913500000,0.507800000
1723,17.899000000,0.859900000
1724,15.684300000,0.378200000
1725,17.042200000,0.707800000
1726,16.703700000,1.238000000
1727,16.601500000,1.185900000
1728,16.516200000,0.717700000
1729,16.760900000,0.396900000
1730,16.979700000,0.525000000
1731,15.889100000,0.430200000
1732,16.635400000,0.321900000
1733,18.199500000,1.607800000
1734,15.451000000,0.411500000
1735,17.105700000,0.687500000
1736,16.321400000,0.442800000
1737,15.825500000,0.328700000
1738,17.041100000,0.365600000
1739,17.627100000,0.366700000
1740,15.944300000,0.465700000
1741,18.697900000,1.942200000
1742,15.048500000,0.695800000
1743,15.901500000,0.516200000
1744,16.989100000,0.499400000
1745,17.078600000,0.480700000
1746,15.967700000,0.541700000
1747,17.408400000,1.004100000
1748,15.760900000,0.368200000
1749,16.877100000,0.523500000
1750,16.687500000,0.332300000
1751,16.781200000,0.397400000
1752,16.949500000,0.590600000
1753,17.101600000,0.617200000
1754,16.304100000,0.457300000
1755,16.759900000,0.400000000
1756,17.553700000,1.103200000
1757,15.929200000,0.496300000
1758,16.247300000,0.637000000
1759,17.216200000,0.805200000
1760,15.948400000,0.498000000
1761,16.954200000,0.493800000
1762,16.765600000,0.392200000
1763,17.172400000,0.720300000
1764,15.651100000,0.285500000
1765,17.287500000,0.873900000
1766,15.945800000,0.303600000
1767,17.035900000,0.636000000
1768,16.817700000,0.401500000
1769,17.145900000,0.593200000
1770,19.774500000,3.389000000
1771,12.765100000,0.441700000
1772,17.066100000,0.608300000
1773,16.877100000,0.444200000
1774,16.005700000,0.610900000
1775,17.304700000,0.828100000
1776,16.741700000,0.376100000
1777,16.294800000,0.926000000
1778,17.053600000,0.433400000
1779,15.717200000,0.364600000
1780,16.667700000,0.311500000
1781,16.834900000,0.400500000
1782,17.186500000,0.520800000
1783,18.018700000,1.311000000
1784,15.816700000,0.662500000
1785,15.780200000,0.382300000
1786,16.788500000,0.405700000
1787,17.727600000,1.298400000
1788,15.863600000,0.468200000
1789,16.739000000,0.363500000
1790,16.306800000,0.382800000
1791,17.209900000,0.882300000
1792,16.024000000,0.453600000
1793,18.533300000,0.831800000
1794,14.836400000,0.459900000
1795,17.327700000,0.908300000
1796,15.921300000,0.497400000
1797,16.776000000,0.350500000
1798,17.024000000,0.630700000
1799,17.120300000,0.413500000
1800,16.008900000,0.404200000
1801,18.006700000,1.284900000
1802,14.918800000,0.458900000
1803,17.147400000,0.553600000
1804,16.638500000,0.324400000
1805,17.133900000,0.756300000
1806,16.033300000,0.517200000
1807,17.272400000,0.644800000
1808,15.842200000,0.377100000
1809,16.960400000,0.569800000
1810,16.743800000,0.348500000
1811,17.292700000,0.900000000
1812,16.461400000,0.831700000
1813,15.855200000,0.366600000
1814,16.882900000,0.478600000
1815,16.885900000,0.426100000
1816,16.705200000,0.359900000
1817,16.848400000,0.448900000
1818,16.016700000,0.529700000
1819,18.166200000,1.785400000
1820,15.943700000,0.488100000
1821,16.796900000,0.857300000
1822,16.427600000,0.649500000
1823,16.484900000,1.072400000
1824,16.690600000,0.342200000
1825,16.691100000,0.338000000
1826,17.212000000,0.736500000
1827,15.769800000,0.368200000
1828,17.018200000,0.461000000
1829,17.020900000,0.463500000
1830,15.965100000,0.454200000
1831,17.288500000,0.428600000
1832,15.799000000,0.394300000
1833,17.200000000,0.745900000
1834,16.837500000,0.421900000
1835,15.854700000,0.440100000
1836,17.104700000,0.501000000
1837,17.641600000,0.948000000
1838,16.611000000,0.500000000
1839,16.055200000,0.475000000
1840,17.456200000,1.145300000
1841,15.893300000,0.485900000
1842,15.835400000,0.520800000
1843,16.931200000,0.437000000
1844,16.956300000,0.534300000
1845,17.354700000,0.910400000
1846,16.470800000,0.778700000
1847,17.109400000,1.607300000
1848,15.922400000,0.573400000
1849,17.026500000,0.709400000
1850,16.138000000,0.792700000
1851,16.711000000,0.341700000
1852,16.992700000,0.413600000
1853,17.247400000,0.405700000
1854,16.156200000,0.714600000
1855,15.718800000,0.364100000
1856,17.141700000,0.491600000
1857,16.732800000,0.357300000
1858,17.543200000,0.734300000
1859,15.889100000,0.460900000
1860,16.801500000,0.393800000
1861,16.865100000,1.523500000
1862,15.784400000,0.350000000
1863,17.197400000,0.790100000
1864,17.765600000,0.733900000
1865,15.844300000,0.413600000
1866,16.779700000,0.357300000
1867,15.685900000,0.260400000
1868,17.522900000,1.177600000
1869,15.731300000,0.376100000
1870,16.812000000,0.381700000
1871,16.816600000,0.416700000
1872,17.269800000,0.661000000
1873,17.199500000,1.800000000
1874,16.433300000,0.928100000
1875,17.053200000,1.639100000
1876,16.641100000,0.797900000
1877,15.759900000,0.417800000
1878,16.756800000,0.397400000
1879,16.739000000,0.382300000
1880,15.637000000,0.343200000
1881,22.991200000,2.075000000
1882,12.181700000,0.883900000
1883,16.002100000,0.392700000
1884,15.990600000,0.636900000
1885,21.321900000,0.614600000
1886,11.928100000,0.475500000
1887,19.366700000,2.782300000
1888,14.596400000,1.221300000
1889,16.198400000,0.636500000
1890,17.218700000,0.617100000
1891,16.528200000,1.188000000
1892,16.945300000,0.469800000
1893,16.156800000,0.654700000
1894,17.048900000,0.478200000
1895,15.813600000,0.443200000
1896,18.029100000,1.426100000
1897,15.828700000,0.407800000
1898,16.900500000,0.446800000
1899,19.457800000,1.907300000
1900,13.605200000,0.297900000
1901,16.820800000,0.460400000
1902,17.033900000,0.537000000
1903,17.197900000,1.444700000
1904,16.233900000,0.616100000
1905,15.663000000,0.329700000
1906,17.447900000,1.059400000
1907,17.393800000,1.075000000
1908,16.575000000,0.654200000
1909,16.866600000,1.296900000
1910,17.219800000,1.796400000
1911,14.613600000,0.306700000
1912,16.609800000,0.270800000
1913,16.717800000,0.404200000
1914,17.052600000,0.512500000
1915,18.507800000,1.619200000
1916,15.897400000,1.289000000
1917,15.998900000,0.625000000
1918,15.797900000,0.373400000
1919,16.743300000,0.395800000
1920,16.905700000,0.449000000
1921,17.015100000,0.415600000
1922,16.011500000,0.630700000
1923,16.934300000,0.364600000
1924,18.479700000,1.829700000
1925,15.208400000,0.809400000
1926,15.821300000,0.449500000
1927,17.151600000,0.764100000
1928,17.230200000,0.532800000
1929,16.089600000,0.678600000
1930,16.763500000,0.458300000
1931,16.882800000,0.547900000
1932,17.400000000,0.439600000
1933,15.741700000,0.314600000
1934,17.192700000,0.762000000
1935,15.620800000,0.296900000
1936,19.792200000,0.884400000
1937,13.683900000,0.359300000
1938,17.145800000,0.814500000
1939,16.838000000,0.421900000
1940,15.665700000,0.327000000
1941,16.629100000,0.298900000
1942,16.728700000,0.372400000
1943,16.964500000,0.452100000
1944,16.903200000,0.440100000
1945,18.073400000,1.233400000
1946,14.697400000,0.342200000
1947,16.697900000,0.307300000
1948,18.256300000,1.242200000
1949,15.960400000,0.469300000
1950,17.567700000,0.440100000
1951,16.988000000,1.441200000
1952,15.366200000,0.956200000
1953,16.504100000,0.412000000
1954,17.849500000,1.428200000
1955,16.059400000,0.536400000
1956,15.690600000,0.359300000
1957,17.325000000,0.969800000
1958,16.871400000,0.437000000
1959,17.207800000,1.280200000
1960,15.947400000,0.376600000
1961,16.046800000,0.396800000
1962,16.764600000,0.384400000
1963,17.151100000,0.450000000
1964,17.267200000,0.856800000
1965,15.910400000,0.424400000
1966,18.473400000,1.661000000
1967,14.990100000,0.562500000
1968,17.829200000,1.163500000
1969,16.757300000,0.426600000
1970,14.762500000,0.380800000
1971,16.741600000,0.366100000
1972,16.825600000,0.423900000
1973,17.565600000,1.209900000
1974,15.743700000,0.355700000
1975,17.411000000,0.357800000
1976,16.241600000,0.469300000
1977,16.900600000,0.389500000
1978,17.639000000,2.195300000
1979,14.764100000,0.404700000
1980,21.222900000,1.754700000
1981,12.809400000,0.415100000
1982,16.595800000,0.284900000
1983,16.880200000,0.453600000
1984,17.768300000,0.933800000
1985,16.889000000,1.139100000
1986,15.334900000,0.840600000
1987,17.632300000,1.173400000
1988,16.143800000,0.627600000
1989,16.560900000,0.911500000
1990,15.820300000,0.364100000
1991,17.144800000,0.527000000
1992,16.599500000,0.295300000
1993,17.057800000,0.671900000
1994,15.847400000,0.505800000
1995,16.582800000,0.283300000
1996,16.755200000,0.403100000
1997,17.021900000,0.418800000
1998,16.870300000,0.435400000
1999,18.013000000,1.554200000
2000,14.831800000,0.406800000
2001,17.780700000,1.355700000
2002,16.881800000,1.435900000
2003,16.110900000,0.705200000
2004,15.927100000,0.454200000
2005,17.099500000,0.721400000
2006,17.001000000,0.517700000
2007,16.555200000,0.485400000
2008,16.065700000,0.650500000
2009,16.876000000,0.467800000
2010,16.916100000,0.469800000
2011,17.961500000,1.706300000
2012,14.864100000,0.466600000
2013,16.728100000,0.359900000
2014,17.019800000,0.456300000
2015,17.450000000,0.647900000
2016,15.800500000,0.412500000
2017,16.815600000,0.427100000
2018,15.989100000,0.508300000
2019,17.850000000,1.063000000
2020,17.342200000,1.800000000
2021,16.664000000,0.430700000
2022,15.274000000,0.875000000
2023,16.705700000,0.371300000
2024,17.026600000,0.516700000
2025,15.831800000,0.401100000
2026,16.721800000,0.368200000
2027,17.801600000,1.009400000
2028,15.885900000,0.433300000
2029,17.463600000,0.928100000
2030,16.281200000,0.863000000
2031,16.337500000,0.883400000
2032,17.443800000,0.951100000
2033,16.574500000,1.105200000
2034,16.180200000,0.592700000
2035,16.033800000,0.450500000
2036,16.754700000,0.459400000
2037,16.996900000,0.523400000
2038,16.966100000,0.499500000
2039,16.425500000,0.493700000
2040,16.811500000,0.400000000
2041,17.806800000,1.088000000
2042,15.008800000,0.480700000
2043,17.376100000,0.909900000
2044,17.799500000,2.419800000
2045,15.365100000,1.025600000
2046,15.823400000,0.449400000
2047,17.462500000,1.077600000
2048,15.711500000,0.354700000
2049,16.667700000,0.333900000
2050,16.829100000,0.527600000
2051,17.217200000,0.781800000
2052,16.869800000,0.433400000
2053,18.476000000,1.093700000
2054,15.199000000,0.750000000
2055,15.936500000,0.409900000
2056,16.839000000,0.443700000
2057,18.086500000,1.655200000
2058,15.542700000,0.856200000
2059,18.501000000,2.331200000
2060,14.588600000,0.283900000
2061,16.883300000,0.509400000
2062,15.853700000,0.378600000
2063,16.715100000,0.303100000
2064,18.162500000,1.609900000
2065,16.611900000,1.083300000
2066,15.800600000,0.404700000
2067,16.894800000,0.473400000
2068,16.031700000,0.676000000
2069,16.937000000,0.353100000
2070,16.896900000,0.414100000
2071,18.768200000,1.146800000
2072,14.086500000,0.378600000
2073,16.902000000,0.489100000
2074,16.689100000,0.351000000
2075,16.992700000,0.640100000
2076,15.886000000,0.435400000
2077,18.701000000,0.370800000
2078,14.889100000,0.553200000
2079,16.697900000,0.392200000
2080,16.969800000,0.550500000
2081,17.593700000,1.193300000
2082,16.329700000,0.503700000
2083,17.145800000,1.302600000
2084,15.846900000,0.367200000
2085,16.645800000,1.256200000
2086,15.906800000,0.554200000
2087,17.308400000,0.719800000
2088,16.919200000,0.468200000
2089,17.908900000,1.446300000
2090,16.641100000,2.067200000
2091,16.647400000,1.829200000
2092,15.232300000,0.804600000
2093,17.493200000,1.020800000
2094,15.875000000,0.385900000
2095,16.200600000,0.786400000
2096,16.833800000,0.417700000
2097,16.966200000,0.424500000
2098,16.293700000,0.407800000
2099,17.726600000,1.242200000
2100,15.721800000,0.351500000
2101,16.742200000,0.339000000
2102,16.850000000,0.435400000
2103,16.307300000,0.826600000
2104,16.924500000,0.452600000
2105,18.778100000,0.863000000
2106,13.854200000,0.519300000
2107,17.008900000,0.680700000
2108,17.124400000,0.781300000
2109,17.252600000,1.530700000
2110,15.828200000,0.382800000
2111,17.502600000,0.431700000
2112,15.978600000,0.530200000
2113,19.778100000,0.846900000
2114,12.695900000,0.350600000
2115,16.664600000,0.329600000
2116,16.768700000,0.390100000
2117,18.355700000,1.871900000
2118,15.911000000,0.459400000
2119,18.600000000,0.480200000
2120,14.306700000,0.912000000
2121,16.945900000,0.386400000
2122,16.816600000,0.411400000
2123,16.523500000,1.002700000
2124,16.873400000,0.416700000
2125,17.455200000,2.046400000
2126,16.262000000,0.708400000
2127,16.249500000,0.621900000
2128,15.721900000,0.361400000
2129,17.355200000,0.898400000
2130,16.994200000,0.527100000
2131,17.118800000,1.689000000
2132,16.939600000,0.950000000
2133,16.695300000,1.106700000
2134,16.715100000,0.864600000
2135,14.719300000,0.356300000
2136,16.824400000,0.382300000
2137,21.406300000,4.891700000
2138,12.762000000,0.368200000
2139,16.269200000,0.407800000
2140,16.718300000,0.356800000
2141,17.633800000,0.631300000
2142,15.927600000,0.469800000
2143,20.121400000,0.406800000
2144,12.798400000,0.437000000
2145,17.184400000,0.483900000
2146,15.809400000,0.396900000
2147,17.015600000,0.559900000
2148,17.116100000,0.651600000
2149,17.446900000,0.626000000
2150,15.906300000,0.458800000
2151,16.930700000,0.348000000
2152,15.726600000,0.306800000
2153,16.692100000,0.344800000
2154,16.784900000,0.352100000
2155,19.221400000,2.556700000
2156,16.156200000,2.382300000
2157,15.487000000,1.119800000
2158,16.096400000,0.426000000
2159,17.495800000,0.495800000
2160,16.106800000,0.666100000
2161,17.295300000,1.305700000
2162,16.073900000,0.740600000
2163,18.396900000,2.869800000
2164,14.864600000,0.444300000
2165,16.935400000,0.344800000
2166,15.827100000,0.516700000
2167,17.729700000,1.338600000
2168,15.735400000,0.375500000
2169,17.372400000,1.002600000
2170,15.897900000,0.492700000
2171,17.292700000,0.791700000
2172,16.022900000,0.566700000
2173,18.496400000,2.135400000
2174,15.214100000,0.739100000
2175,17.075500000,0.460400000
2176,16.208300000,0.699500000
2177,17.089600000,0.620900000
2178,15.831300000,0.429100000
2179,17.371300000,0.606300000
2180,15.693800000,0.350000000
2181,16.747400000,0.382800000
2182,16.793200000,0.392700000
2183,18.165600000,1.810900000
2184,15.696900000,0.344800000
2185,16.960900000,0.559900000
2186,15.976100000,0.480700000
2187,17.019800000,0.568700000
2188,18.169700000,0.506800000
2189,16.907900000,1.441100000
2190,14.794700000,0.467700000
2191,17.751600000,0.909400000
2192,15.988600000,0.451000000
2193,18.195800000,1.166200000
2194,14.740100000,0.352600000
2195,17.030200000,0.675600000
2196,16.829200000,1.339100000
2197,17.882300000,1.674000000
2198,15.059900000,0.455700000
2199,17.301500000,0.829700000
2200,16.043800000,0.680700000
2201,18.786400000,2.007800000
2202,14.870900000,0.453600000
2203,15.863000000,0.472400000
2204,17.015600000,0.624000000
2205,16.824500000,0.419800000
2206,16.971900000,0.514600000
2207,15.911400000,0.437000000
2208,17.299000000,0.870800000
2209,15.828100000,0.418300000
2210,16.887500000,0.503200000
2211,17.018200000,0.618700000
2212,16.852100000,0.425000000
2213,17.217700000,0.458300000
2214,15.878100000,0.404700000
2215,16.929700000,0.384900000
2216,17.790700000,1.191700000
2217,15.179600000,0.732800000
2218,18.201600000,0.879200000
2219,21.590600000,0.499000000
2220,14.115700000,4.188000000
2221,17.858800000,1.041200000
2222,13.050500000,0.467200000
2223,14.864100000,0.504700000
2224,16.697400000,0.336500000
2225,17.679200000,0.940600000
2226,15.938500000,0.483900000
2227,17.857300000,1.048400000
2228,15.794300000,0.373500000
2229,18.047900000,1.675000000
2230,16.257800000,0.754700000
2231,15.751000000,0.379700000
2232,16.072400000,0.754200000
2233,16.918800000,0.503700000
2234,16.673400000,0.327100000
2235,16.913600000,0.489000000
2236,16.963000000,0.483300000
2237,15.833800000,0.392700000
2238,16.737000000,0.375000000
2239,17.189100000,0.840100000
2240,16.614000000,0.287500000
2241,16.964600000,0.529700000
2242,15.828700000,0.411400000
2243,18.861400000,1.163600000
2244,14.806300000,0.297400000
2245,16.872900000,0.456800000
2246,17.171900000,0.651000000
2247,15.985400000,0.525000000
2248,17.043700000,0.583800000
2249,15.614100000,0.302100000
2250,16.709400000,0.393800000
2251,16.792200000,0.411400000
2252,16.629600000,0.304100000
2253,17.282300000,0.797900000
2254,17.104200000,0.415600000
2255,15.795800000,0.363000000
2256,17.033900000,0.369800000
2257,17.094300000,0.557300000
2258,15.902000000,0.415100000
2259,17.413600000,0.861000000
2260,16.418200000,0.928700000
2261,19.791700000,2.840700000
2262,13.062000000,0.661400000
2263,17.043200000,0.463100000
2264,16.666700000,0.326000000
2265,18.167100000,1.643800000
2266,15.433400000,0.644800000
2267,15.900500000,0.576000000
2268,16.943200000,0.418700000
2269,16.916700000,0.539100000
2270,16.784900000,0.448000000
2271,17.515600000,0.672900000
2272,15.756300000,0.385500000
2273,16.886400000,0.498400000
2274,16.179200000,0.764500000
2275,17.111400000,0.582800000
2276,16.666700000,1.253700000
2277,17.401600000,0.409900000
2278,16.015600000,0.506700000
2279,17.729700000,1.337500000
2280,15.241100000,0.751500000
2281,17.841200000,1.336900000
2282,15.873400000,0.438500000
2283,16.909400000,1.580200000
2284,17.582300000,1.048500000
2285,14.730200000,0.370300000
2286,17.533300000,0.617200000
2287,17.025000000,1.042700000
2288,16.061500000,0.646400000
2289,18.276500000,1.085900000
2290,15.185500000,0.811400000
2291,21.929100000,0.357800000
2292,12.266700000,0.999500000
2293,15.064100000,0.694200000
2294,16.797900000,0.469800000
2295,16.958300000,0.605200000
2296,16.737000000,0.351100000
2297,17.684900000,0.716100000
2298,15.868200000,0.481300000
2299,15.680700000,0.360900000
2300,16.715100000,0.363000000
2301,17.191700000,0.716700000
2302,17.040600000,0.532300000
2303,15.937500000,0.512000000
2304,16.909400000,0.414100000
2305,16.793200000,0.424500000
2306,16.814100000,0.420300000
2307,16.689600000,0.341200000
2308,16.871900000,0.476000000
2309,17.167200000,1.632800000
2310,15.735900000,0.339100000
2311,16.976600000,0.551000000
2312,16.586900000,0.293700000
2313,16.849500000,0.415700000
2314,15.724000000,0.373900000
2315,16.965100000,0.481800000
2316,17.825000000,1.105700000
2317,15.792700000,0.339100000
2318,16.758300000,0.369300000
2319,16.869300000,0.451100000
2320,16.159400000,0.418700000
2321,16.686900000,0.326000000
2322,16.909400000,0.335400000
2323,18.503100000,2.078100000
2324,15.026100000,0.457800000
2325,17.236400000,0.363000000
2326,15.763100000,0.402600000
2327,17.163500000,0.746900000
2328,15.947900000,0.562500000
2329,16.778700000,0.410400000
2330,16.923900000,0.552600000
2331,16.914100000,0.500000000
2332,16.062000000,0.309400000
2333,16.952000000,0.529200000
2334,17.085500000,0.627100000
2335,16.140600000,0.680700000
2336,18.313500000,1.175000000
2337,15.294300000,0.945300000
2338,16.678600000,0.334900000
2339,16.848000000,0.482300000
2340,15.777600000,0.414600000
2341,16.915600000,0.307800000
2342,16.702100000,0.359400000
2343,16.903600000,0.439600000
2344,17.124000000,0.671800000
2345,15.712500000,0.365100000
2346,16.609900000,0.321900000
2347,16.895800000,0.422900000
2348,16.777100000,0.413000000
2349,17.063000000,0.510900000
2350,17.741200000,1.363500000
2351,16.363500000,0.811400000
2352,16.364600000,0.988000000
2353,16.236400000,0.705200000
2354,17.493300000,1.126500000
2355,19.232800000,3.363000000
2356,13.509400000,0.433300000
2357,15.645300000,0.325000000
2358,17.002600000,0.581300000
2359,16.948900000,0.464600000
2360,16.849500000,0.407800000
2361,17.024000000,0.513000000
2362,16.303600000,0.542700000
2363,16.958400000,0.460400000
2364,15.958300000,0.474500000
2365,17.444800000,0.963100000
2366,15.881200000,0.429200000
2367,16.812000000,0.415100000
2368,17.021400000,0.375000000
2369,15.942100000,0.486000000
2370,17.024000000,0.419300000
2371,19.605200000,1.744200000
2372,14.296900000,0.969800000
2373,15.756800000,0.369300000
2374,16.710900000,0.355700000
2375,16.880200000,0.442700000
2376,17.382800000,0.551600000
2377,15.988000000,0.379700000
2378,16.629700000,0.317200000
2379,17.003200000,0.616100000
2380,16.823400000,0.383300000
2381,15.896300000,0.481800000
2382,17.219800000,0.527600000
2383,16.844300000,0.434400000
2384,17.374000000,2.057800000
2385,15.694800000,0.331800000
2386,16.915600000,0.582300000
2387,17.026500000,0.510900000
2388,16.356800000,0.808300000
2389,15.915600000,0.419300000
2390,16.814100000,0.402100000
2391,17.162500000,0.730800000
2392,16.767700000,0.392700000
2393,16.936500000,0.755700000
2394,17.566100000,1.464600000
2395,14.769300000,0.360400000
2396,16.715600000,0.359900000
2397,16.999000000,0.529200000
2398,16.835400000,0.427100000
2399,17.218700000,0.701100000
2400,16.490700000,0.720800000
2401,17.556700000,1.692200000
2402,14.841200000,0.491200000
2403,17.619200000,1.045300000
2404,16.117800000,0.514600000
2405,16.930200000,0.513500000
2406,17.005200000,0.536400000
2407,16.425500000,0.968200000
2408,15.847900000,0.393300000
2409,18.179200000,1.662000000
2410,15.978100000,0.346900000
2411,16.172900000,0.848400000
2412,16.741200000,0.383800000
2413,18.093200000,0.919200000
2414,14.820800000,0.505200000
2415,17.133400000,0.314600000
2416,16.626500000,0.322400000
2417,16.883900000,0.556800000
2418,16.753100000,0.389600000
2419,17.869300000,0.603100000
2420,15.082800000,0.445800000
2421,18.417200000,1.721400000
2422,14.725000000,0.377600000
2423,16.646800000,0.315100000
2424,17.143300000,0.486000000
2425,16.908300000,0.451100000
2426,15.707800000,0.329700000
2427,17.004200000,0.499500000
2428,17.354200000,0.892700000
2429,16.265600000,0.571400000
2430,17.039600000,0.425500000
2431,15.882800000,0.451000000
2432,17.134400000,0.441100000
2433,17.644700000,1.168800000
2434,15.905300000,0.448900000
2435,16.092700000,0.732300000
2436,16.861900000,0.404700000
2437,16.928200000,0.484900000
2438,16.906700000,0.490100000
2439,16.538100000,0.510900000
2440,15.903100000,0.450000000
2441,16.826500000,0.400000000
2442,16.754200000,0.442200000
2443,16.668800000,0.359900000
2444,16.890600000,0.457300000
2445,17.173900000,0.494800000
2446,15.722400000,0.360400000
2447,16.920900000,0.480700000
2448,16.975500000,0.401100000
2449,17.060400000,0.646300000
2450,15.937500000,0.369800000
2451,17.421900000,0.758800000
2452,17.348400000,0.779700000
2453,15.859400000,0.401100000
2454,17.355700000,0.438500000
2455,21.940100000,5.434900000
2456,11.359400000,0.500000000
2457,23.964100000,6.972400000
2458,10.079100000,1.508400000
2459,15.275600000,0.980200000
2460,16.021800000,0.656700000
2461,16.946900000,0.329200000
2462,22.004700000,4.177600000
2463,11.272400000,0.816200000
2464,18.851000000,1.155700000
2465,15.123500000,0.611500000
2466,15.638000000,0.287500000
2467,17.130200000,0.793200000
2468,16.699500000,0.371900000
2469,16.843200000,0.447400000
2470,16.934400000,0.570900000
2471,16.566600000,0.636000000
2472,15.881300000,0.470300000
2473,17.544800000,0.440100000
2474,15.964100000,0.420800000
2475,16.753100000,0.437000000
2476,17.060400000,0.671400000
2477,15.829700000,0.540600000
2478,16.962000000,0.542200000
2479,17.141600000,0.465100000
2480,16.866200000,0.445300000
2481,17.125500000,0.560900000
2482,16.274000000,0.423400000
2483,16.033300000,0.355200000
2484,19.615600000,1.653600000
2485,14.294300000,0.570400000
2486,15.796900000,0.390600000
2487,17.316100000,0.870300000
2488,17.552600000,0.800000000
2489,16.294800000,0.390100000
2490,16.265600000,0.570800000
2491,16.579200000,0.802600000
2492,16.730700000,0.372900000
2493,16.043200000,0.541200000
2494,17.058900000,0.437000000
2495,17.079200000,0.615100000
2496,17.981700000,0.452600000
2497,15.183900000,0.670300000
2498,15.919800000,0.568800000
2499,17.207300000,0.379200000
2500,16.738500000,0.381800000
2501,17.001600000,0.301600000
2502,15.747900000,0.399000000
2503,16.797900000,0.481700000
2504,16.645300000,0.326500000
2505,17.418800000,0.812500000
2506,15.779100000,0.370300000
2507,17.690700000,1.290600000
2508,16.344800000,0.358400000
2509,15.759300000,0.363000000
2510,17.370900000,0.458900000
2511,17.355700000,0.658800000
2512,16.469300000,0.918200000
2513,16.520800000,0.371400000
2514,15.886500000,0.475000000
2515,16.809900000,0.385400000
2516,16.961400000,0.475600000
2517,16.858300000,0.440600000
2518,16.002100000,0.405700000
2519,17.667700000,0.581200000
2520,16.168300000,0.639100000
2521,16.874400000,0.452600000
2522,15.809400000,0.412000000
2523,17.093300000,0.481200000
2524,16.652600000,0.322400000
2525,17.047400000,0.553100000
2526,17.516100000,0.822900000
2527,16.505200000,1.072400000
2528,15.643200000,0.323000000
2529,17.389100000,0.495900000
2530,15.973400000,0.404700000
2531,17.458400000,0.480200000
2532,16.145800000,0.451100000
2533,18.813000000,2.045300000
2534,13.687000000,0.324000000
2535,16.854200000,0.527600000
2536,16.782800000,0.352100000
2537,17.005700000,0.532800000
2538,17.846400000,0.431700000
2539,16.828100000,1.391700000
2540,15.067700000,0.654700000
2541,17.219300000,0.691100000
2542,15.998400000,0.428200000
2543,16.845300000,0.426600000
2544,17.547900000,0.620300000
2545,16.770300000,1.079200000
2546,15.814100000,0.364600000
2547,17.170800000,0.745300000
2548,15.947400000,0.439600000
2549,16.749500000,0.400500000
2550,16.859900000,0.446400000
2551,16.837500000,0.434400000
2552,16.853100000,0.410400000
2553,17.018300000,1.576000000
2554,16.043700000,0.495800000
2555,16.754200000,0.409400000
2556,16.813500000,0.386000000
2557,16.877100000,1.439100000
2558,15.799000000,0.361400000
2559,17.503600000,1.072900000
2560,15.603100000,0.294800000
2561,16.645900000,0.380200000
2562,17.372900000,0.447400000
2563,16.765100000,0.378700000
2564,17.047900000,0.592700000
2565,15.757800000,0.377600000
2566,17.190600000,0.756700000
2567,17.893800000,1.350500000
2568,15.471900000,1.063000000
2569,16.846800000,0.495800000
2570,16.044300000,0.584900000
2571,16.887500000,0.465600000
2572,16.855200000,0.485900000
2573,17.981300000,1.484900000
2574,15.218200000,0.445900000
2575,18.364600000,1.670300000
2576,15.697400000,0.673900000
2577,16.280700000,0.587500000
2578,17.628700000,1.499500000
2579,14.800500000,0.418300000
2580,17.347900000,0.446400000
2581,17.725000000,1.158400000
2582,15.914100000,1.109900000
2583,16.114500000,0.640100000
2584,19.014600000,0.428600000
2585,13.665700000,0.347900000
2586,17.021300000,0.642700000
2587,18.898400000,2.261500000
2588,15.167800000,0.700500000
2589,16.300500000,0.865100000
2590,16.642200000,0.339100000
2591,17.052000000,0.738000000
2592,16.783400000,1.368800000
2593,15.661400000,0.312500000
2594,17.051600000,0.662500000
2595,17.219300000,0.585900000
2596,16.673900000,1.054200000
2597,15.503700000,0.243700000
2598,17.123400000,0.752600000
2599,17.259400000,0.967700000
2600,16.016700000,0.672400000
2601,16.775000000,0.386400000
2602,17.275000000,0.353100000
2603,18.599400000,2.492200000
2604,19.602600000,0.506200000
2605,12.524500000,2.104700000
2606,16.130700000,0.462500000
2607,16.033900000,0.540100000
2608,19.309900000,0.462000000
2609,13.807300000,0.438100000
2610,17.059400000,0.626500000
2611,16.760400000,0.418300000
2612,16.755700000,0.404700000
2613,15.663000000,0.335900000
2614,16.777100000,0.399500000
2615,17.005700000,0.491200000
2616,17.091700000,0.575000000
2617,17.357800000,0.904700000
2618,16.102600000,0.721400000
2619,15.905200000,0.580700000
2620,18.241700000,0.915600000
2621,16.172900000,0.685400000
2622,15.832300000,0.401600000
2623,17.160900000,0.426500000
2624,16.602100000,1.146900000
2625,17.082800000,0.526000000
2626,15.834400000,0.400000000
2627,17.985400000,1.582800000
2628,15.968300000,0.409300000
2629,16.286400000,0.539100000
2630,16.777600000,0.397400000
2631,17.832800000,1.401600000
2632,16.156800000,1.234300000
2633,15.715100000,0.354200000
2634,17.046400000,0.414600000
2635,17.323900000,0.908300000
2636,15.782800000,0.362500000
2637,16.838100000,0.429100000
2638,17.432800000,1.059900000
2639,16.076000000,0.559400000
2640,16.720800000,1.217700000
2641,17.698000000,1.515600000
2642,15.300000000,0.859900000
2643,16.587500000,0.286500000
2644,16.620800000,0.308300000
2645,17.400000000,1.012500000
2646,16.109400000,0.400600000
2647,16.870300000,0.501100000
2648,16.106200000,0.603100000
2649,16.995900000,0.532300000
2650,16.745300000,0.371400000
2651,17.664000000,1.168200000
2652,16.081800000,0.638000000
2653,15.967700000,0.404700000
2654,17.234900000,0.600500000
2655,16.175500000,0.719800000
2656,16.726100000,0.377700000
2657,16.699500000,0.358900000
2658,16.942100000,0.435400000
2659,16.036000000,0.606800000
2660,16.881800000,0.485400000
2661,18.403600000,1.348400000
2662,16.446400000,1.421300000
2663,15.090100000,0.571900000
2664,16.743700000,0.378100000
2665,16.769800000,0.394300000
2666,17.054200000,0.627000000
2667,18.381200000,0.368200000
2668,14.766700000,0.391700000
2669,15.663500000,0.332300000
2670,18.612500000,1.070900000
2671,15.821400000,0.450000000
2672,15.717200000,0.358900000
2673,17.667700000,1.234900000
2674,16.141100000,0.433900000
2675,18.799500000,1.717800000
2676,15.049500000,0.367800000
2677,15.938000000,0.637000000
2678,16.865100000,0.448000000
2679,17.002100000,0.509900000
2680,18.451500000,1.951100000
2681,14.778700000,0.439100000
2682,17.331200000,0.918300000
2683,17.958400000,0.486400000
2684,14.959400000,0.366600000
2685,15.663000000,0.345800000
2686,16.951500000,0.475500000
2687,17.391700000,0.930800000
2688,16.213500000,0.710900000
2689,17.803700000,1.186500000
2690,18.045800000,2.013000000
2691,13.909400000,0.458400000
2692,16.889100000,0.403600000
2693,16.773400000,0.428700000
2694,17.639100000,0.969800000
2695,15.820800000,0.418800000
2696,19.108300000,1.607300000
2697,14.430800000,0.953600000
2698,19.283300000,0.652100000
2699,13.815100000,0.457300000
2700,16.841100000,0.430200000
2701,18.373000000,2.765600000
2702,15.611900000,1.127100000
2703,15.708400000,0.336500000
2704,16.929700000,0.457300000
2705,16.907200000,0.429100000
2706,16.500000000,0.814000000
2707,15.712000000,0.308300000
2708,17.102100000,0.749000000
2709,17.987500000,1.585400000
2710,15.863600000,0.392200000
2711,15.739500000,0.360400000
2712,17.545300000,1.104700000
2713,17.326600000,0.881200000
2714,15.734900000,0.304100000
2715,16.821900000,0.516200000
2716,17.522400000,0.663500000
2717,15.854700000,0.455200000
2718,16.722400000,0.363600000
2719,16.627000000,0.330200000
2720,16.874500000,0.455200000
2721,16.349500000,0.783300000
2722,17.112000000,0.752000000
2723,16.400000000,0.442200000
2724,16.753100000,0.408900000
2725,15.703100000,0.337500000
2726,16.805800000,0.423900000
2727,16.946800000,0.431200000
2728,16.844800000,0.310900000
2729,16.903200000,0.580200000
2730,16.948400000,0.486900000
2731,16.073400000,0.609900000
2732,18.094300000,1.378100000
2733,14.860900000,0.422400000
2734,17.512000000,0.994800000
2735,16.518800000,1.129100000
2736,18.555200000,1.755800000
2737,14.664600000,0.307300000
2738,16.656200000,0.314100000
2739,16.969300000,0.495800000
2740,16.319800000,0.879200000
2741,16.859900000,0.465600000
2742,16.626500000,0.308300000
2743,17.404700000,0.970900000
2744,16.165600000,0.429200000
2745,15.920900000,0.522900000
2746,18.515600000,0.404200000
2747,14.704700000,0.357300000
2748,16.914600000,0.436500000
2749,16.883800000,0.427100000
2750,18.333900000,1.915700000
2751,14.859900000,0.435400000
2752,17.309900000,0.756700000
2753,16.672900000,0.754600000
2754,16.386400000,0.571400000
2755,17.532300000,1.867200000
2756,15.933400000,0.503200000
2757,15.770300000,0.462500000
2758,16.719300000,0.382800000
2759,16.840600000,0.430200000
2760,16.918200000,0.434900000
2761,16.782300000,0.408900000
2762,17.949000000,1.230200000
2763,15.753100000,0.722900000
2764,17.620300000,2.248400000
2765,14.886500000,0.502100000
2766,18.004600000,1.214100000
2767,15.841200000,0.450600000
2768,17.222400000,0.635500000
2769,16.000500000,0.396400000
2770,17.148400000,0.568700000
2771,15.795900000,0.484400000
2772,16.898900000,0.427100000
2773,16.901600000,0.469800000
2774,17.193700000,0.521400000
2775,15.977100000,0.508300000
2776,16.748500000,0.368200000
2777,17.234900000,0.418200000
2778,18.066600000,2.668800000
2779,15.008900000,0.600000000
2780,15.741100000,0.360900000
2781,17.089100000,0.365600000
2782,16.833800000,0.437500000
2783,18.952600000,2.483400000
2784,13.900000000,0.475000000
2785,17.266700000,0.895800000
2786,16.623500000,0.308800000
2787,16.818200000,0.298400000
2788,17.480200000,0.997400000
2789,15.894800000,0.493300000
2790,17.717700000,1.746800000
2791,15.447400000,0.890600000
2792,16.932800000,0.593200000
2793,15.700000000,0.346900000
2794,18.454200000,1.930200000
2795,15.741600000,0.422900000
2796,16.150600000,0.769300000
2797,16.670800000,0.349500000
2798,17.314000000,0.742700000
2799,16.140200000,0.712500000
2800,17.181200000,0.602600000
2801,15.850000000,0.493800000
2802,16.842700000,0.394800000
2803,18.090100000,1.728100000
2804,16.185400000,0.700000000
2805,16.824000000,1.290600000
2806,16.925500000,1.508300000
2807,15.875000000,0.379100000
2808,15.770800000,0.435400000
2809,17.174500000,0.826000000
2810,17.024000000,0.580200000
2811,15.777600000,0.382900000
2812,16.867200000,0.442100000
2813,17.300500000,0.909900000
2814,19.783800000,3.321900000
2815,13.549000000,1.136000000
2816,17.762500000,0.750000000
2817,15.727600000,1.300600000
2818,16.540600000,1.092200000
2819,16.989100000,1.568800000
2820,19.210400000,3.736500000
2821,13.584400000,0.290600000
2822,17.090600000,0.728100000
2823,15.749000000,0.426100000
2824,16.982800000,0.475000000
2825,17.036400000,0.490100000
2826,18.216700000,0.888100000
2827,16.137000000,1.675000000
2828,14.825500000,0.345300000
2829,16.628100000,0.306200000
2830,16.821900000,0.324000000
2831,16.756300000,0.409900000
2832,17.147900000,0.489100000
2833,17.693700000,0.976100000
2834,16.837000000,1.939100000
2835,15.091700000,0.489600000
2836,16.719200000,0.281300000
2837,17.081300000,0.475000000
2838,20.898400000,2.961000000
2839,13.057800000,1.634400000
2840,15.964100000,0.584400000
2841,16.956800000,0.606800000
2842,15.940100000,0.506200000
2843,16.805700000,0.391200000
2844,17.751600000,1.231700000
2845,16.090600000,0.520900000
2846,15.874500000,0.419300000
2847,16.692700000,0.344300000
2848,16.850500000,0.511500000
2849,17.164100000,0.775500000
2850,16.076500000,0.569300000
2851,16.808900000,0.513000000
2852,16.630700000,0.322900000
2853,16.698500000,0.356700000
2854,16.870300000,0.434400000
2855,17.376500000,0.905700000
2856,16.093300000,0.444800000
2857,16.747400000,1.095300000
2858,17.458800000,0.410400000
2859,15.607300000,0.303700000
2860,17.129200000,0.465100000
2861,15.837500000,0.400000000
2862,17.362500000,0.800000000
2863,16.273900000,0.676600000
2864,17.101100000,0.646900000
2865,15.968200000,0.535900000
2866,16.861500000,0.406200000
2867,19.251500000,0.416600000
2868,15.816700000,1.392200000
2869,14.806800000,0.459300000
2870,16.608800000,0.304700000
2871,16.732300000,0.380800000
2872,17.319300000,0.915100000
2873,15.887500000,0.518200000
2874,17.343700000,0.714600000
2875,16.003100000,0.490600000
2876,17.485500000,1.028600000
2877,15.980700000,0.447900000
2878,16.879700000,0.487500000
2879,17.033800000,0.496900000
2880,15.977600000,0.515100000
2881,16.858400000,0.424500000
2882,16.929700000,0.531200000
2883,17.290600000,0.771900000
2884,15.733300000,0.358300000
2885,16.770800000,0.400500000
2886,17.198500000,0.808800000
2887,15.868200000,0.473500000
2888,16.798500000,0.396800000
2889,16.812500000,0.407300000
2890,17.261900000,0.866700000
2891,16.001100000,0.553100000
2892,16.952100000,0.423400000
2893,17.332200000,0.676100000
2894,16.030800000,0.486900000
2895,16.902600000,0.399000000
2896,15.693200000,0.355200000
2897,17.307800000,0.807300000
2898,18.419800000,1.992200000
2899,14.763600000,0.467700000
2900,16.762500000,0.347900000
2901,28.614500000,11.468800000
2902,11.377600000,6.454700000
2903,9.787000000,0.416600000
2904,17.377600000,0.932300000
2905,17.167200000,1.757800000
2906,16.059900000,0.413600000
2907,15.674500000,0.334900000
2908,16.588500000,0.290600000
2909,16.889600000,0.479700000
2910,16.982300000,0.469300000
2911,17.852100000,1.121300000
2912,15.883300000,0.419800000
2913,16.930800000,0.499000000
2914,15.873400000,0.409900000
2915,16.905200000,0.489000000
2916,20.432800000,0.481300000
2917,12.864600000,0.587000000
2918,16.905700000,0.571400000
2919,17.347900000,0.939600000
2920,15.702600000,0.365600000
2921,17.191200000,0.773400000
2922,16.125000000,0.527600000
2923,16.798400000,0.401600000
2924,16.848500000,0.418200000
2925,17.255700000,0.734300000
2926,15.877100000,0.464600000
2927,17.288500000,0.449500000
2928,16.039100000,0.473000000
2929,16.854700000,0.437000000
2930,16.818200000,0.414100000
2931,16.391700000,0.777600000
2932,19.236900000,2.697400000
2933,14.125600000,0.554200000
2934,17.407800000,0.869200000
2935,17.005700000,1.369800000
2936,16.952100000,1.439500000
2937,15.745300000,1.330200000
2938,15.926600000,0.490100000
2939,17.816600000,1.425000000
2940,15.812500000,0.429100000
2941,18.177600000,1.356300000
2942,15.386000000,0.577600000
2943,15.623400000,0.300000000
2944,19.124000000,0.777600000
2945,14.804100000,0.451000000
2946,17.245900000,0.776000000
2947,16.157300000,0.768700000
2948,16.794800000,0.400000000
2949,16.926000000,0.411500000
2950,15.789100000,0.380800000
2951,16.837500000,0.412500000
2952,17.110900000,0.479100000
2953,16.995800000,0.598400000
2954,15.959900000,0.402100000
2955,16.898500000,0.454100000
2956,17.191600000,0.572900000
2957,15.811000000,0.432800000
2958,16.991100000,0.457800000
2959,17.183900000,0.815600000
2960,16.260900000,0.757300000
2961,19.399500000,2.571800000
2962,13.771900000,0.337000000
2963,17.045800000,0.622900000
2964,16.836400000,0.385400000
2965,15.777700000,0.385900000
2966,17.779100000,1.217800000
2967,16.200000000,0.713600000
2968,16.873500000,0.488000000
2969,16.368200000,0.853600000
2970,17.292200000,0.838000000
2971,15.767700000,0.407800000
2972,16.790100000,0.392700000
2973,16.805700000,0.388000000
2974,17.151100000,0.762500000
2975,15.797400000,0.388500000
2976,16.886400000,0.484900000
2977,16.824500000,0.499000000
2978,16.957800000,0.590600000
2979,15.802100000,0.392700000
2980,17.027100000,0.327600000
2981,18.620300000,2.044800000
2982,15.625000000,0.627600000
2983,15.665100000,0.326600000
2984,17.217200000,0.559900000
2985,16.067200000,0.593800000
2986,16.792700000,0.397400000
2987,16.701500000,0.355700000
2988,17.032800000,0.695800000
2989,16.718800000,0.344800000
2990,16.925000000,0.476000000
2991,18.887000000,0.467700000
2992,13.834900000,0.410500000
2993,17.222400000,0.791100000
2994,15.947900000,0.504200000
2995,16.888000000,0.594300000
2996,17.355200000,0.840600000
2997,15.746400000,0.379100000
2998,17.482800000,0.846900000
2999,16.296900000,0.577600000
3000,16.976500000,0.495900000
3001,15.565600000,0.280300000
3002,17.334900000,0.814600000
3003,16.684900000,0.344300000
3004,16.896400000,0.490100000
3005,15.914600000,0.557200000
3006,16.920300000,0.498500000
3007,17.685900000,1.249500000
3008,15.962500000,0.419800000
3009,16.918200000,0.563000000
3010,17.247400000,1.793200000
3011,15.890100000,0.473400000
3012,16.819300000,0.378600000
3013,15.847400000,0.410400000
3014,16.811500000,0.421300000
3015,17.133800000,0.525500000
3016,18.049500000,1.695900000
3017,14.904200000,0.461900000
3018,16.823400000,0.377600000
3019,17.293800000,0.715100000
3020,15.944800000,0.491100000
3021,16.871800000,0.461500000
3022,16.945300000,0.439600000
3023,17.071400000,0.827600000
3024,15.759900000,0.385500000
3025,16.653100000,0.277600000
3026,16.905200000,0.476100000
3027,17.141700000,0.409400000
3028,17.325000000,1.883300000
3029,16.289100000,0.387000000
3030,16.867100000,1.334400000
3031,17.804200000,0.531300000
3032,14.727600000,0.344300000
3033,17.218800000,0.402600000
3034,15.635400000,0.322400000
3035,16.950500000,0.572400000
3036,16.766700000,0.335400000
3037,16.794200000,0.488600000
3038,16.999000000,0.614100000
3039,16.346300000,0.721300000
3040,17.440700000,0.566600000
3041,17.522400000,0.487000000
3042,14.989000000,0.418200000
3043,17.834900000,1.101600000
3044,14.782800000,0.473900000
3045,16.768300000,0.385400000
3046,17.033800000,0.552100000
3047,17.061000000,0.694200000
3048,15.989500000,0.508400000
3049,16.768300000,0.364500000
3050,16.756700000,0.375000000
3051,17.459400000,0.794300000
3052,16.319800000,0.595300000
3053,17.123400000,0.619800000
3054,16.643300000,0.965100000
3055,16.329700000,0.412500000
3056,16.076000000,0.394300000
3057,16.899000000,0.444800000
3058,19.110900000,2.614100000
3059,13.787000000,0.413600000
3060,17.850500000,1.012500000
3061,16.983300000,0.627100000
3062,15.857800000,0.422900000
3063,16.887000000,0.446900000
3064,15.915700000,0.466100000
3065,17.066100000,0.672900000
3066,17.200000000,0.674400000
3067,15.885400000,0.533300000
3068,17.236000000,0.569800000
3069,16.172300000,0.763500000
3070,16.771400000,0.382800000
3071,17.107300000,0.735900000
3072,16.954700000,0.852600000
3073,16.020800000,0.346300000
3074,16.820800000,0.348400000
3075,15.664600000,0.331200000
3076,17.220900000,0.736500000
3077,17.214000000,0.793700000
3078,16.337000000,0.466700000
3079,17.945300000,1.403700000
3080,15.086500000,0.438000000
3081,17.131700000,0.563500000
3082,17.986500000,1.298500000
3083,14.815100000,0.343700000
3084,17.072400000,0.641100000
3085,16.996400000,0.303200000
3086,16.171800000,0.739100000
3087,17.745900000,1.107800000
3088,15.866100000,0.513500000
3089,16.812500000,0.381200000
3090,16.718800000,0.453100000
3091,15.810400000,0.404200000
3092,16.999500000,0.533300000
3093,16.991600000,0.596300000
3094,16.779200000,0.397900000
3095,16.144800000,0.670400000
3096,16.820300000,0.405800000
3097,16.710900000,0.347900000
3098,17.119800000,0.482300000
3099,15.859900000,0.458300000
3100,17.243300000,0.756200000
3101,17.168700000,0.634900000
3102,16.318200000,0.516700000
3103,29.484400000,0.507300000
3104,6.993800000,3.156800000
3105,13.014500000,0.665600000
3106,16.743300000,0.368800000
3107,17.063500000,0.712000000
3108,16.451600000,1.064600000
3109,16.963000000,0.405200000
3110,16.457300000,0.436900000
3111,16.658800000,0.340100000
3112,16.934400000,0.469800000
3113,15.953700000,0.558800000
3114,17.797900000,1.208800000
3115,16.209900000,0.545300000
3116,16.436400000,0.395800000
3117,16.754700000,0.396400000
3118,15.906300000,0.549000000
3119,16.934900000,0.441100000
3120,16.953100000,0.460900000
3121,17.821300000,1.085500000
3122,15.941700000,0.480800000
3123,16.308900000,0.901000000
3124,18.061900000,1.598400000
3125,15.238100000,0.506700000
3126,17.320300000,0.907300000
3127,16.071900000,0.466200000
3128,17.939000000,1.083300000
3129,14.863600000,0.469800000
3130,16.821800000,0.451500000
3131,17.009900000,0.547400000
3132,17.023500000,0.541100000
3133,17.346800000,1.857300000
3134,15.971900000,0.299000000
3135,16.533300000,1.105200000
3136,16.176600000,0.746400000
3137,16.882300000,0.461500000
3138,16.719300000,0.358300000
3139,16.614000000,0.302100000
3140,16.753200000,0.404700000
3141,17.253600000,0.526100000
3142,17.897900000,2.494800000
3143,15.875000000,1.347900000
3144,16.179700000,0.734900000
3145,19.074500000,0.339600000
3146,13.833800000,0.511500000
3147,15.962500000,0.569300000
3148,16.782300000,0.375500000
3149,17.205200000,0.810400000
3150,17.820900000,1.381300000
3151,15.082800000,0.743300000
3152,17.290100000,0.884900000
3153,15.951000000,0.432300000
3154,17.000000000,0.488000000
3155,17.001600000,0.598000000
3156,16.825500000,1.501000000
3157,16.242700000,0.595300000
3158,16.726600000,0.374500000
3159,16.975500000,0.553200000
3160,16.514100000,1.068700000
3161,16.069200000,0.457300000
3162,16.921400000,0.436500000
3163,17.018200000,0.631200000
3164,16.307800000,0.693200000
3165,16.808900000,0.406300000
3166,17.051000000,0.453100000
3167,15.708900000,0.372400000
3168,16.816700000,0.382800000
3169,16.997400000,0.403600000
3170,17.232800000,0.874500000
3171,16.318700000,0.484900000
3172,17.531300000,0.908300000
3173,15.767200000,0.409900000
3174,16.668200000,0.328100000
3175,16.652600000,0.336000000
3176,16.746300000,0.340700000
3177,16.553200000,1.236500000
3178,17.538500000,0.679200000
3179,15.847900000,0.473900000
3180,17.003700000,0.538000000
3181,17.246800000,0.850500000
3182,16.497400000,0.400500000
3183,16.510500000,1.144300000
3184,16.985400000,1.413500000
3185,17.513500000,2.109900000
3186,15.459900000,0.996900000
3187,16.200000000,0.901000000
3188,15.745300000,0.385400000
3189,16.907800000,0.494300000
3190,16.901100000,0.450600000
3191,18.053100000,1.103200000
3192,16.468800000,0.517200000
3193,17.058800000,0.687500000
3194,14.731300000,0.374500000
3195,16.882800000,0.454100000
3196,17.890100000,1.482300000
3197,16.136400000,0.569300000
3198,16.688600000,1.292700000
3199,15.883300000,0.584400000
3200,17.553100000,1.139000000
3201,15.880200000,0.454700000
3202,16.907900000,0.485900000
3203,17.795800000,1.017700000
3204,16.014000000,0.646900000
3205,15.860500000,0.539600000
3206,16.816600000,0.400500000
3207,17.205200000,0.428100000
3208,15.952100000,0.467200000
3209,17.410400000,0.990100000
3210,15.649000000,0.363500000
3211,17.015100000,0.384400000
3212,17.021400000,0.521900000
3213,19.384900000,2.968700000
3214,15.749400000,2.266700000
3215,15.057300000,0.561500000
3216,16.943800000,0.539100000
3217,15.583300000,0.295800000
3218,16.845300000,0.451600000
3219,16.792200000,0.394800000
3220,18.547900000,1.764500000
3221,14.893300000,0.421300000
3222,16.571800000,0.291600000
3223,17.212000000,0.885400000
3224,15.692200000,0.347900000
3225,19.343200000,0.929200000
3226,14.963600000,0.502100000
3227,15.867200000,0.418700000
3228,19.426000000,1.573400000
3229,14.840600000,0.607800000
3230,15.763000000,0.391600000
3231,17.025000000,0.570300000
3232,17.229700000,0.627100000
3233,15.972900000,0.422400000
3234,16.808400000,0.392200000
3235,18.283800000,1.103600000
3236,14.911500000,0.464000000
3237,16.824500000,0.381200000
3238,16.944200000,0.495800000
3239,16.840700000,0.397400000
3240,15.942200000,0.540600000
3241,17.861900000,0.889600000
3242,15.921900000,0.478700000
3243,17.049500000,0.630200000
3244,15.619300000,0.307300000
3245,18.219700000,0.722400000
3246,15.753700000,0.344300000
3247,17.776000000,1.075000000
3248,16.669800000,1.233900000
3249,15.731800000,0.381300000
3250,15.789600000,0.409900000
3251,16.980200000,0.521300000
3252,17.040600000,0.434400000
3253,17.520800000,0.965100000
3254,16.584400000,1.032800000
3255,16.412000000,0.658400000
3256,15.628100000,0.296300000
3257,16.757300000,0.391700000
3258,16.899000000,0.415700000
3259,16.788500000,0.380800000
3260,16.617700000,0.308300000
3261,18.614100000,1.354700000
3262,14.752600000,0.421900000
3263,17.439600000,0.968700000
3264,16.152100000,0.759900000
3265,16.854100000,0.439100000
3266,15.803200000,0.393200000
3267,17.475500000,1.040100000
3268,16.423900000,0.825500000
3269,17.375600000,1.012500000
3270,15.652000000,0.311000000
3271,17.031800000,0.433400000
3272,16.883300000,0.394800000
3273,16.264600000,0.624500000
3274,16.772400000,0.356200000
3275,18.858400000,0.442200000
3276,13.896800000,0.481200000
3277,16.826600000,0.532300000
3278,16.711400000,0.391600000
3279,16.737000000,0.372400000
3280,16.956800000,0.427100000
3281,16.885400000,0.501000000
3282,15.963600000,0.468700000
3283,16.901000000,0.474000000
3284,16.860400000,0.399500000
3285,16.764100000,0.381800000
3286,16.877100000,0.467200000
3287,15.708800000,0.356800000
3288,16.778700000,0.433300000
3289,17.676500000,1.291100000
3290,15.803100000,0.428100000
3291,16.789600000,0.415100000
3292,17.311500000,0.625000000
3293,17.161400000,0.400500000
3294,16.184900000,0.812500000
3295,16.786500000,1.362500000
3296,15.658900000,0.329200000
3297,17.208300000,0.505700000
3298,17.061400000,0.448900000
3299,16.212000000,0.553700000
3300,16.636000000,0.320400000
3301,18.088500000,1.702600000
3302,14.778700000,0.387500000
3303,17.715600000,0.532200000
3304,17.342200000,1.916200000
3305,16.192100000,0.416100000
3306,17.705300000,1.568200000
3307,16.417700000,1.995800000
3308,15.097400000,0.282800000
3309,16.866600000,0.465600000
3310,16.797400000,0.385900000
3311,16.040100000,0.369800000
3312,16.914600000,0.453700000
3313,17.889100000,0.643200000
3314,15.860400000,0.448500000
3315,15.851000000,0.407200000
3316,16.824000000,0.457800000
3317,16.630700000,0.330200000
3318,17.269800000,0.879100000
3319,15.980700000,0.518300000
3320,17.174000000,0.565700000
3321,16.974500000,0.501100000
3322,15.838500000,0.409400000
3323,17.321900000,0.536900000
3324,17.245800000,0.370800000
3325,15.594300000,0.275000000
3326,16.721900000,0.366700000
3327,16.986400000,0.469300000
3328,17.600000000,1.251600000
3329,16.136500000,0.764100000
3330,16.337500000,0.958400000
3331,16.737000000,0.359900000
3332,16.882300000,0.439000000
3333,16.058300000,0.317700000
3334,16.704700000,0.373500000
3335,17.290600000,0.362500000
3336,15.727600000,0.384900000
3337,17.624500000,1.340700000
3338,16.063000000,0.466700000
3339,16.888000000,0.397400000
3340,16.840700000,0.423900000
3341,16.559900000,0.951000000
3342,17.912500000,1.321300000
3343,15.248400000,0.827100000
3344,16.640600000,0.279700000
3345,17.022400000,0.489000000
3346,15.880700000,0.444800000
3347,17.494300000,0.436500000
3348,15.942200000,0.380700000
3349,17.321400000,0.494300000
3350,15.525000000,0.264100000
3351,17.914000000,0.404200000
3352,15.879700000,0.454200000
3353,18.773400000,0.618200000
3354,14.900000000,0.422900000
3355,18.182300000,0.392700000
3356,15.524500000,0.501600000
3357,18.168200000,2.543800000
3358,15.028700000,0.597400000
3359,16.665100000,0.284900000
3360,16.727100000,0.359400000
3361,15.920300000,0.482300000
3362,16.635400000,0.299000000
3363,17.324000000,0.881200000
3364,16.881200000,0.415100000
3365,15.637000000,0.309400000
3366,16.745300000,0.410400000
3367,18.269300000,1.357800000
3368,16.352100000,0.941100000
3369,15.834300000,0.402100000
3370,16.900000000,0.441700000
3371,17.937500000,0.418700000
3372,15.590700000,1.125000000
3373,15.794200000,0.409400000
3374,16.664600000,0.303100000
3375,16.706800000,0.351100000
3376,16.670300000,0.367700000
3377,16.898400000,0.461500000
3378,17.061000000,0.495800000
3379,17.016100000,0.490700000
3380,15.577100000,0.283300000
3381,17.057800000,0.538600000
3382,17.062000000,0.541100000
3383,17.803600000,0.334900000
3384,15.452100000,1.067200000
3385,18.531800000,0.881700000
3386,14.772900000,0.383900000
3387,17.337000000,0.531300000
3388,15.914600000,0.412500000
3389,17.350500000,0.997400000
3390,16.286400000,0.333800000
3391,19.188600000,3.850000000
3392,13.695300000,0.343800000
3393,19.710400000,3.281800000
3394,13.865100000,0.439600000
3395,19.806300000,3.364500000
3396,13.779100000,0.395300000
3397,20.730800000,0.948400000
3398,11.733300000,0.334400000
3399,17.579200000,1.205700000
3400,15.892700000,0.468700000
3401,19.874500000,1.250000000
3402,13.796800000,0.388000000
3403,17.178200000,0.557800000
3404,15.902600000,0.437500000
3405,17.866100000,1.402600000
3406,15.790600000,0.389600000
3407,17.941700000,1.579700000
3408,14.830700000,0.455200000
3409,21.862000000,5.514600000
3410,12.482300000,0.410400000
3411,15.616700000,0.300000000
3412,16.739500000,0.382300000
3413,17.197400000,0.474500000
3414,16.640100000,0.334300000
3415,17.558900000,1.129100000
3416,15.750000000,0.349500000
3417,16.719300000,0.367200000
3418,16.819200000,0.419200000
3419,18.008900000,0.484900000
3420,15.488000000,1.113000000
3421,16.330200000,0.915600000
3422,16.883400000,0.400600000
3423,18.606200000,2.026000000
3424,15.576600000,1.197400000
3425,15.716600000,0.376000000
3426,17.251600000,0.818800000
3427,15.927600000,0.396900000
3428,16.842200000,0.414600000
3429,18.178600000,1.732300000
3430,14.885500000,0.458300000
3431,17.501000000,1.076000000
3432,16.760900000,0.539100000
3433,17.566700000,0.445900000
3434,14.781300000,0.397300000
3435,16.990600000,0.563100000
3436,16.970300000,0.493200000
3437,16.427100000,0.695300000
3438,16.572900000,0.284400000
3439,16.814100000,0.405200000
3440,16.927000000,0.467200000
3441,16.126100000,0.589100000
3442,16.815600000,0.393800000
3443,16.989100000,0.608800000
3444,16.092200000,0.478100000
3445,16.836400000,0.412500000
3446,16.764600000,0.367200000
3447,16.765600000,0.266100000
3448,16.946400000,0.516600000
3449,15.947400000,0.501500000
3450,16.904700000,0.438500000
3451,17.002600000,0.483900000
3452,15.822400000,0.409900000
3453,16.961900000,0.496400000
3454,16.982300000,0.582300000
3455,17.938000000,1.268700000
3456,14.843800000,0.535400000
3457,17.156200000,0.667700000
3458,16.871400000,0.494300000
3459,15.940100000,0.400500000
3460,17.002100000,0.374500000
3461,17.040600000,0.384400000
3462,15.809900000,0.424500000
3463,16.776600000,0.380200000
3464,16.755200000,0.350500000
3465,16.685900000,0.330700000
3466,16.708400000,0.375500000
3467,16.830200000,0.400500000
3468,16.666100000,0.342200000
3469,17.156300000,0.772900000
3470,15.857200000,0.401000000
3471,17.150000000,0.514600000
3472,18.232300000,1.752100000
3473,15.355200000,1.015100000
3474,16.744300000,0.426500000
3475,16.080200000,0.572400000
3476,16.901100000,0.443700000
3477,16.786900000,0.423900000
3478,16.795400000,0.452100000
3479,16.997900000,0.515700000
3480,16.152600000,0.630200000
3481,18.746900000,2.267200000
3482,14.819700000,0.404700000
3483,15.815700000,0.401600000
3484,16.877100000,0.438000000
3485,16.870300000,0.441600000
3486,17.295800000,0.471400000
3487,16.460900000,0.567700000
3488,15.660500000,0.330200000
3489,17.663500000,0.345300000
3490,16.724000000,0.355800000
3491,16.529100000,1.107300000
3492,16.757300000,0.382800000
3493,16.010400000,0.597900000
3494,17.107300000,0.548500000
3495,17.658400000,1.183800000
3496,15.902600000,0.463000000
3497,15.677600000,0.339100000
3498,17.349400000,0.932800000
3499,16.957300000,0.455200000
3500,16.141200000,0.523000000
3501,16.805700000,0.419300000
3502,16.797400000,0.410400000
3503,17.366700000,0.716100000
3504,16.272400000,0.759400000
3505,16.018700000,0.553600000
3506,16.886000000,0.497400000
3507,17.118200000,0.648400000
3508,15.915600000,0.455200000
3509,16.563600000,0.267200000
3510,16.732200000,0.361400000
3511,17.045400000,0.625500000
3512,17.708300000,0.428700000
3513,15.976000000,0.530200000
3514,15.849000000,0.424000000
3515,16.854700000,0.554700000
3516,20.597400000,0.354700000
3517,14.376000000,1.631700000
3518,15.014600000,0.388000000
3519,16.951600000,0.503700000
3520,16.889000000,0.446900000
3521,16.716200000,0.367700000
3522,17.124400000,0.596900000
3523,15.898500000,0.466700000
3524,16.868200000,0.434400000
3525,16.911500000,0.441100000
3526,15.915100000,0.478100000
3527,16.573900000,0.288100000
3528,16.999000000,0.637000000
3529,16.952100000,0.497400000
3530,17.039000000,0.387500000
3531,16.013600000,0.466600000
3532,16.782300000,0.391100000
3533,16.598900000,0.280700000
3534,16.850600000,0.422400000
3535,17.101500000,0.668700000
3536,15.810400000,0.400000000
3537,17.018300000,0.508900000
3538,16.792100000,0.390600000
3539,16.988100000,0.553100000
3540,18.083800000,2.024500000
3541,16.794300000,0.998900000
3542,15.063000000,0.490100000
3543,15.881300000,0.408300000
3544,16.891600000,0.344200000
3545,16.793300000,0.353200000
3546,16.619200000,0.285400000
3547,16.863600000,0.431700000
3548,17.121300000,0.519300000
3549,15.805200000,0.405200000
3550,16.761000000,0.380700000
3551,17.146300000,0.722400000
3552,17.130800000,0.533800000
3553,15.761400000,0.390100000
3554,17.217700000,0.397400000
3555,16.346400000,0.414000000
3556,16.735400000,0.363600000
3557,16.918200000,0.526600000
3558,15.929200000,0.515600000
3559,19.363000000,2.931200000
3560,13.871900000,0.445300000
3561,16.963500000,0.534400000
3562,17.008400000,0.469800000
3563,16.749400000,0.418700000
3564,16.921900000,0.542700000
3565,15.858300000,0.429700000
3566,16.810500000,0.402600000
3567,17.355200000,0.899000000
3568,15.927100000,0.472900000
3569,16.736900000,0.419800000
3570,17.133400000,0.436900000
3571,16.300500000,0.802100000
3572,16.785400000,0.393800000
3573,16.978700000,0.506800000
3574,15.845300000,0.432800000
3575,17.563000000,0.427100000
3576,16.252600000,0.656300000
3577,17.617700000,1.186500000
3578,15.931200000,0.448400000
3579,16.033900000,0.608900000
3580,16.818200000,0.401000000
3581,17.320900000,0.567700000
3582,16.935900000,0.403100000
3583,15.646400000,0.330300000
3584,16.562500000,0.278700000
3585,16.977600000,0.510400000
3586,18.048400000,1.125500000
3587,14.956200000,0.345300000
3588,17.248000000,0.385500000
3589,16.981200000,0.543200000
3590,16.309900000,0.382800000
3591,16.989100000,0.485900000
3592,16.466600000,1.013600000
3593,17.241200000,0.786000000
3594,15.872900000,0.421900000
3595,16.862000000,0.423000000
3596,16.880200000,0.446400000
3597,16.492200000,0.976600000
3598,16.905200000,0.438000000
3599,15.613500000,0.294800000
3600,16.791200000,0.483900000
3601,16.840100000,0.479200000
