frame,frameMs,presentMs
1,7.841700000,0.454700000
2,18.334900000,1.960400000
3,14.669700000,0.283300000
4,17.307900000,0.939000000
5,15.631200000,0.204700000
6,17.071400000,0.234900000
7,16.892200000,0.223900000
8,16.779100000,0.144800000
9,16.912000000,0.539600000
10,15.766700000,0.342200000
11,16.783800000,0.406200000
12,16.879700000,0.180200000
13,17.380200000,0.576000000
14,15.959900000,0.505200000
15,17.152600000,0.635400000
16,15.642700000,0.258300000
17,16.816700000,0.206300000
18,16.649500000,0.268700000
19,17.280200000,0.687000000
20,16.608800000,0.245800000
21,16.888100000,0.397400000
22,17.667700000,0.115600000
23,18.371800000,0.206300000
24,13.529700000,0.228100000
25,16.734400000,0.142200000
26,16.668700000,0.266600000
27,17.015200000,0.568200000
28,16.857200000,0.333900000
29,15.860500000,0.224400000
30,17.717700000,0.786500000
31,15.717700000,0.294800000
32,16.605200000,0.239100000
33,16.829200000,0.312000000
34,17.571800000,1.156800000
35,15.766200000,0.404600000
36,16.868700000,0.492700000
37,16.738000000,0.422900000
38,16.886000000,0.202600000
39,15.859400000,0.423900000
40,17.509300000,0.279100000
41,16.276600000,0.195300000
42,16.558300000,0.214500000
43,17.151100000,0.641700000
44,15.884300000,0.200500000
45,16.764100000,0.430700000
46,16.744300000,0.361900000
47,16.667200000,0.296900000
48,17.156200000,0.492700000
49,16.492700000,0.193200000
50,16.889100000,0.282300000
51,17.082800000,0.728100000
52,16.343700000,0.184400000
53,15.956800000,0.235900000
54,17.026600000,0.619200000
55,23.784400000,0.213500000
56,9.369700000,0.103100000
57,16.329200000,0.127600000
58,16.263600000,0.095800000
59,17.854100000,0.255700000
60,16.650000000,0.308300000
61,16.501100000,0.188500000
62,16.650000000,0.244800000
63,16.520800000,0.214500000
64,16.511500000,0.230700000
65,16.509900000,0.219300000
66,16.405200000,0.148400000
67,16.407300000,0.158300000
68,17.540100000,0.203100000
69,16.730700000,0.327600000
70,16.601500000,0.242700000
71,16.630300000,0.319300000
72,16.511400000,0.214600000
73,16.357300000,0.147400000
74,16.391700000,0.163500000
75,17.382800000,0.152000000
76,16.509400000,0.209400000
77,16.805200000,0.445300000
78,16.539600000,0.267700000
79,17.211400000,0.388500000
80,16.194800000,0.268800000
81,16.570800000,0.235400000
82,16.633400000,0.277600000
83,18.426500000,1.986500000
84,14.728700000,0.411500000
85,16.525500000,0.206300000
86,17.428100000,0.621400000
87,17.016200000,0.609900000
88,15.706700000,0.223900000
89,17.323500000,0.480800000
90,17.523400000,0.399000000
91,15.634400000,0.253700000
92,19.015600000,0.396300000
93,13.754200000,0.463000000
94,17.292700000,0.181800000
95,16.967700000,0.546900000
96,17.679700000,0.916100000
97,14.551500000,0.140600000
98,17.815700000,0.456200000
99,15.586400000,0.218200000
100,16.598500000,0.246400000
101,17.665100000,0.279600000
102,16.724500000,0.333800000
103,15.644700000,0.274400000
104,18.212500000,1.212000000
105,16.459400000,0.752700000
106,15.845900000,0.407800000
107,17.491600000,1.078600000
108,17.917700000,0.225000000
109,14.699000000,0.337000000
110,19.020300000,0.575000000
111,13.615600000,0.193700000
112,19.918300000,1.964500000
113,13.904100000,0.622400000
114,16.934900000,0.543300000
115,16.754700000,0.365600000
116,16.660900000,0.304700000
117,16.615700000,0.326100000
118,18.539500000,1.719300000
119,14.804200000,0.472400000
120,16.707800000,0.376000000
121,18.288600000,1.950600000
122,14.906700000,0.492200000
123,16.612000000,0.312500000
124,16.830700000,0.300000000
125,16.618800000,0.274000000
126,17.000000000,0.314600000
127,15.880200000,0.549000000
128,17.329700000,0.985400000
129,17.013000000,0.675000000
130,16.272900000,0.789600000
131,16.805800000,0.490100000
132,15.904600000,0.543700000
133,17.303700000,0.631800000
134,16.990100000,0.631300000
135,15.563000000,0.214600000
136,16.714600000,0.228100000
137,16.685900000,0.206300000
138,16.711000000,0.219300000
139,16.789000000,0.465600000
140,16.946400000,0.170900000
141,16.902100000,0.480300000
142,16.681200000,0.350000000
143,16.598500000,0.262000000
144,16.601000000,0.257300000
145,16.562500000,0.232300000
146,19.391200000,0.409400000
147,13.543200000,0.205200000
148,16.499500000,0.180800000
149,17.330700000,0.127600000
150,16.673400000,0.241700000
151,16.600500000,0.231700000
152,23.339600000,0.224400000
153,11.468300000,1.866600000
154,14.529600000,0.152600000
155,16.794800000,0.281200000
156,16.688100000,0.308800000
157,16.560900000,0.224000000
158,17.310400000,0.593200000
159,16.732800000,0.372900000
160,18.804200000,2.483300000
161,14.477100000,0.191700000
162,16.747900000,0.390100000
163,16.822400000,0.338600000
164,16.828100000,0.422900000
165,15.628100000,0.270300000
166,16.634900000,0.257300000
167,16.949000000,0.405700000
168,16.924000000,0.318200000
169,20.165600000,0.293800000
170,12.917700000,0.300000000
171,16.658800000,0.364000000
172,17.162000000,0.735900000
173,16.675500000,0.281800000
174,19.688100000,0.396900000
175,13.691600000,0.384400000
176,19.681300000,0.216200000
177,13.985900000,0.226600000
178,15.571400000,0.273500000
179,17.246300000,0.404700000
180,17.134900000,0.738000000
181,15.781300000,0.389100000
182,17.077600000,0.204100000
183,17.258300000,0.731800000
184,18.854700000,1.206800000
185,13.549500000,0.173500000
186,16.757300000,0.293200000
187,17.207300000,0.859900000
188,16.805200000,0.463600000
189,15.528600000,0.213000000
190,18.080200000,0.786000000
191,16.439600000,0.519300000
192,15.579700000,0.225000000
193,16.815100000,0.488000000
194,17.117200000,0.536000000
195,17.084900000,0.478200000
196,15.689600000,0.324400000
197,16.735900000,0.231300000
198,16.703600000,0.288500000
199,16.538100000,0.240100000
200,16.884900000,0.263100000
201,16.576000000,0.252600000
202,16.705700000,0.355200000
203,16.640100000,0.295800000
204,16.788100000,0.381300000
205,17.508300000,0.364100000
206,16.621900000,1.208900000
207,15.556200000,0.239100000
208,17.004700000,0.626600000
209,16.915100000,0.447900000
210,16.707300000,0.293800000
211,17.032300000,0.576600000
212,16.189600000,0.494800000
213,17.609900000,0.756700000
214,16.259300000,0.174400000
215,15.623000000,0.221800000
216,17.894200000,0.363600000
217,16.131800000,0.798500000
218,17.579200000,0.278700000
219,15.468700000,0.188000000
220,16.772900000,0.381200000
221,17.437500000,0.477100000
222,15.813600000,0.387500000
223,16.743700000,0.261400000
224,17.558900000,1.133800000
225,15.641600000,0.326600000
226,16.574000000,0.189600000
227,16.668200000,0.233300000
228,16.767200000,0.272400000
229,17.793800000,0.930200000
230,15.672400000,0.302000000
231,16.715600000,0.404200000
232,16.656800000,0.165100000
233,16.626500000,0.121800000
234,16.742200000,0.288600000
235,16.827100000,0.354700000
236,17.530200000,1.167200000
237,16.031300000,0.489100000
238,15.734300000,0.347900000
239,16.579700000,0.192700000
240,21.099500000,4.554200000
241,13.135400000,0.267700000
242,16.774000000,0.317200000
243,16.741100000,0.831800000
244,16.106300000,0.816100000
245,16.540600000,0.235900000
246,16.864600000,0.319800000
247,18.265600000,1.846400000
248,15.408300000,0.547900000
249,16.441700000,0.178100000
250,20.556800000,0.739600000
251,12.464000000,0.189000000
252,18.185500000,1.639100000
253,15.774400000,0.445300000
254,16.149000000,0.421300000
255,16.846300000,0.471900000
256,17.741700000,0.965100000
257,15.665100000,0.242700000
258,17.014600000,0.502100000
259,15.624500000,0.249000000
260,18.258800000,1.756700000
261,16.263600000,0.874400000
262,15.578600000,0.279200000
263,16.718200000,0.220300000
264,19.179200000,2.608400000
265,15.049000000,0.515600000
266,16.080200000,0.553600000
267,17.641600000,0.857300000
268,16.949000000,0.390600000
269,15.544300000,0.245800000
270,16.710900000,0.282300000
271,16.717700000,0.409400000
272,16.708900000,0.285400000
273,17.029100000,0.663000000
274,18.042200000,2.288100000
275,14.520900000,0.181800000
276,19.715600000,0.258300000
277,13.495300000,0.231200000
278,16.882800000,0.241700000
279,17.782800000,0.882300000
280,15.807300000,0.517700000
281,19.032300000,0.668200000
282,13.824000000,0.258900000
283,16.799400000,0.421300000
284,17.225000000,0.744300000
285,17.006800000,0.363000000
286,15.654700000,0.338500000
287,16.677100000,0.267200000
288,16.632800000,0.252600000
289,16.498400000,0.225000000
290,16.966700000,0.232800000
291,18.300500000,0.903100000
292,15.318300000,0.956200000
293,20.198400000,1.858900000
294,12.965100000,0.554700000
295,16.712000000,0.389600000
296,16.662000000,0.281200000
297,19.705200000,0.129200000
298,13.521300000,0.207300000
299,17.045300000,0.588000000
300,16.587500000,0.241600000
301,16.825000000,0.444800000
302,16.922400000,0.530200000
303,15.982300000,0.298900000
304,16.629700000,0.294300000
305,16.974500000,0.204700000
306,17.344300000,0.746800000
307,15.815600000,0.479200000
308,17.332300000,0.294300000
309,19.194800000,3.420800000
310,13.416600000,0.151500000
311,16.809900000,0.453100000
312,16.581800000,0.226500000
313,16.678100000,0.270900000
314,16.907300000,0.544300000
315,17.423500000,0.597400000
316,15.725500000,0.370300000
317,16.756700000,0.219300000
318,16.888600000,0.232300000
319,16.778100000,0.331300000
320,19.999000000,0.118800000
321,12.667200000,0.257800000
322,16.537500000,0.186000000
323,16.654100000,0.233300000
324,16.667200000,0.286500000
325,16.943200000,0.583900000
326,16.542700000,0.210400000
327,16.694300000,0.290100000
328,16.551100000,0.206800000
329,16.573900000,0.184400000
330,16.642700000,0.273400000
331,16.860400000,0.526500000
332,16.834400000,0.401600000
333,16.627100000,0.282300000
334,16.859900000,0.212000000
335,16.622400000,0.219800000
336,18.479200000,1.850500000
337,15.106200000,0.200500000
338,16.909400000,0.598400000
339,15.647400000,0.316100000
340,16.603600000,0.245800000
341,16.851100000,0.376600000
342,16.810400000,0.366600000
343,17.044800000,0.561500000
344,16.914000000,0.481300000
345,16.082300000,0.185900000
346,16.693800000,0.311500000
347,16.582300000,0.229200000
348,16.470300000,0.171400000
349,16.829200000,0.517100000
350,16.704100000,0.290100000
351,16.667700000,0.280200000
352,16.502100000,0.200000000
353,16.685900000,0.367100000
354,16.616200000,0.245300000
355,17.264100000,0.926500000
356,16.610900000,0.268800000
357,16.983800000,0.604100000
358,15.546400000,0.219800000
359,17.982800000,0.554200000
360,16.627100000,1.318200000
361,15.743700000,0.333900000
362,17.926600000,1.456800000
363,16.578100000,1.092200000
364,15.672400000,0.284900000
365,16.895300000,0.251500000
366,16.732300000,0.238000000
367,16.614600000,0.288000000
368,17.339100000,0.380700000
369,16.933800000,1.337500000
370,16.321400000,0.803700000
371,16.296300000,0.593200000
372,17.317800000,0.276600000
373,15.596800000,0.215600000
374,16.926100000,0.541700000
375,16.994200000,0.705800000
376,15.728700000,0.284400000
377,17.248900000,0.282300000
378,16.657900000,0.277100000
379,16.613000000,0.256300000
380,17.719800000,1.185400000
381,15.714000000,0.318200000
382,18.286500000,0.647900000
383,14.541100000,0.216100000
384,16.663100000,0.305800000
385,17.036900000,0.664100000
386,16.549500000,0.188000000
387,16.493800000,0.139600000
388,17.820800000,1.249000000
389,15.892200000,0.440100000
390,16.681800000,0.263100000
391,16.629600000,0.332300000
392,17.039600000,0.253600000
393,15.615100000,0.231200000
394,16.628700000,0.213000000
395,17.093700000,0.418200000
396,16.755800000,0.391200000
397,16.828100000,0.122400000
398,16.731200000,0.330700000
399,16.563600000,0.231800000
400,17.307300000,0.643300000
401,15.566600000,0.208800000
402,16.795300000,0.505200000
403,16.626100000,0.258400000
404,17.079200000,0.585900000
405,16.718700000,0.376000000
406,19.444800000,2.093200000
407,13.649500000,0.301500000
408,16.752100000,0.194300000
409,17.368700000,0.187500000
410,16.113500000,0.298400000
411,16.826600000,0.488000000
412,16.874000000,0.268200000
413,15.963000000,0.145300000
414,20.585400000,1.525500000
415,12.792700000,0.438500000
416,16.823500000,0.490700000
417,17.105700000,0.731300000
418,15.539600000,0.218300000
419,17.651500000,0.213500000
420,16.902100000,0.421400000
421,15.848400000,0.478100000
422,16.875600000,0.226000000
423,16.745800000,0.230800000
424,17.274500000,0.454700000
425,16.171300000,0.131300000
426,16.555200000,0.231200000
427,16.786500000,0.344300000
428,19.519300000,2.888500000
429,13.637000000,0.316700000
430,16.780200000,0.368800000
431,16.620300000,0.266600000
432,21.543200000,4.717200000
433,11.657800000,0.148900000
434,16.554200000,0.216700000
435,16.858800000,0.492700000
436,17.133400000,0.770800000
437,16.035400000,0.478600000
438,16.506200000,0.201000000
439,16.791200000,0.449500000
440,16.804700000,0.420900000
441,16.585400000,0.227600000
442,16.849500000,0.161500000
443,16.582800000,0.208900000
444,16.819800000,0.457200000
445,16.698400000,0.202600000
446,17.369300000,0.955200000
447,15.668200000,0.358300000
448,16.631300000,0.201600000
449,16.793200000,0.496400000
450,16.772900000,0.335400000
451,16.921900000,0.254700000
452,16.779100000,0.276500000
453,16.759400000,0.454700000
454,16.109400000,0.747400000
455,16.624500000,0.270300000
456,16.648400000,0.274500000
457,16.826100000,0.507800000
458,20.835400000,3.806200000
459,13.450000000,0.863000000
460,15.729100000,0.412500000
461,16.650600000,0.232800000
462,16.748400000,0.239100000
463,16.710900000,0.341700000
464,16.559900000,0.238500000
465,17.262500000,0.890100000
466,16.166200000,0.759800000
467,16.556700000,0.197900000
468,19.729700000,0.558300000
469,13.765700000,0.185500000
470,16.800500000,0.419800000
471,16.901000000,0.498900000
472,15.507300000,0.208800000
473,17.892700000,0.530700000
474,15.543200000,0.209300000
475,16.468300000,0.184900000
476,17.615600000,0.265600000
477,27.735900000,2.296900000
478,17.258900000,11.157300000
479,8.658300000,4.377100000
480,12.902100000,0.176500000
481,16.879200000,0.293300000
482,16.797900000,0.227600000
483,15.641100000,0.280700000
484,16.566700000,0.192200000
485,17.781800000,0.351600000
486,15.645300000,0.268300000
487,16.522900000,0.212500000
488,18.260400000,0.556300000
489,15.659400000,0.195800000
490,16.665600000,0.371300000
491,16.594300000,0.225500000
492,16.746900000,0.405200000
493,16.647400000,0.242700000
494,16.761400000,0.344800000
495,17.424000000,0.308800000
496,18.106800000,0.927600000
497,14.703600000,0.335900000
498,17.929700000,0.460900000
499,14.508300000,0.211400000
500,17.657800000,0.277600000
501,17.038100000,0.606200000
502,15.484300000,0.182300000
503,16.847400000,0.359900000
504,17.385400000,0.976600000
505,16.670900000,0.350000000
506,16.616600000,0.852100000
507,17.700600000,1.043200000
508,15.926000000,0.456800000
509,17.737000000,2.230200000
510,14.569800000,0.218700000
511,16.630700000,0.297900000
512,19.057300000,0.297900000
513,14.823400000,0.447900000
514,16.933900000,0.470900000
515,16.575000000,0.226100000
516,17.023900000,0.573000000
517,15.853200000,0.556700000
518,16.641100000,0.286400000
519,19.459400000,0.880200000
520,20.635400000,1.740600000
521,10.463500000,0.224400000
522,18.806300000,2.494800000
523,13.551000000,0.231700000
524,17.024000000,0.387000000
525,16.732800000,0.425000000
526,17.171400000,0.742200000
527,17.497400000,0.227000000
528,16.295300000,0.752100000
529,15.481200000,0.208300000
530,16.878700000,0.496400000
531,17.002600000,0.655200000
532,16.626000000,0.258300000
533,16.863600000,0.250500000
534,19.546800000,0.383800000
535,13.531300000,0.128100000
536,19.667700000,3.266200000
537,13.777600000,0.418800000
538,16.574000000,0.233800000
539,16.979100000,0.339000000
540,16.571400000,0.247400000
541,16.713500000,0.192200000
542,16.586500000,0.225000000
543,16.727600000,0.181800000
544,16.995800000,0.486000000
545,16.569300000,0.882900000
546,15.668700000,0.254700000
547,16.846900000,0.241200000
548,16.794800000,0.378700000
549,16.642700000,0.279700000
550,16.635400000,0.279700000
551,17.439100000,0.453100000
552,15.629700000,0.261900000
553,16.555700000,0.219800000
554,17.156800000,0.187500000
555,17.054700000,0.643700000
556,17.351500000,1.009900000
557,16.070300000,0.446900000
558,17.534900000,1.183900000
559,16.257300000,0.165600000
560,16.059900000,0.276600000
561,17.006300000,0.565700000
562,16.536400000,1.066200000
563,17.795900000,1.983800000
564,14.752600000,0.299400000
565,16.527000000,0.203100000
566,16.912500000,0.269200000
567,16.566200000,0.191700000
568,16.569800000,0.221900000
569,17.089000000,0.656200000
570,16.476100000,0.190600000
571,16.850000000,0.533400000
572,16.787500000,0.348900000
573,18.033800000,1.417200000
574,15.269800000,0.559400000
575,16.532300000,0.220300000
576,16.841200000,0.530200000
577,16.579100000,0.243200000
578,16.831800000,0.503100000
579,17.201600000,0.733400000
580,15.810900000,0.504200000
581,17.233300000,0.130700000
582,15.670400000,0.221400000
583,16.600500000,0.254200000
584,17.822400000,0.292700000
585,15.735400000,0.152100000
586,16.884400000,0.572400000
587,16.796800000,0.506300000
588,16.562000000,0.230700000
589,16.796400000,0.452100000
590,17.043700000,0.580700000
591,17.338000000,0.460900000
592,15.665700000,0.342100000
593,17.223400000,0.870800000
594,15.707800000,0.397400000
595,16.700500000,0.372900000
596,17.473000000,0.823400000
597,15.660400000,0.287500000
598,16.712500000,0.302100000
599,16.812500000,0.216100000
600,16.639600000,0.257900000
601,16.503100000,0.210900000
602,19.326500000,2.331800000
603,18.422400000,1.846400000
604,12.774000000,0.127600000
605,17.069800000,0.188600000
606,16.720800000,0.285900000
607,15.854700000,0.482800000
608,16.735400000,0.240100000
609,16.603700000,0.243200000
610,16.515100000,0.188000000
611,17.156200000,0.196300000
612,17.497900000,1.167700000
613,15.530800000,0.231200000
614,17.659900000,1.205700000
615,15.581200000,0.222400000
616,17.170300000,0.347400000
617,17.120900000,0.326500000
618,15.902000000,0.480200000
619,16.618300000,0.268200000
620,16.723900000,0.338100000
621,16.547400000,0.239600000
622,17.389600000,1.058300000
623,16.555200000,0.266100000
624,17.912000000,0.172400000
625,15.887000000,1.327100000
626,16.156200000,0.645300000
627,17.100600000,0.729600000
628,15.696300000,0.268800000
629,16.734400000,0.156800000
630,20.609900000,1.755200000
631,12.557300000,0.265700000
632,16.912500000,0.535400000
633,16.692200000,0.332900000
634,16.684300000,0.307300000
635,16.678700000,0.289100000
636,17.189000000,0.791700000
637,15.589600000,0.247900000
638,17.896900000,0.445400000
639,16.707800000,1.252600000
640,15.562000000,0.251600000
641,18.209400000,1.630200000
642,15.693200000,0.158400000
643,16.566700000,0.179700000
644,16.790600000,0.281800000
645,18.479700000,0.224400000
646,14.650500000,0.224000000
647,17.391700000,0.982300000
648,17.852000000,2.525000000
649,14.593300000,0.265600000
650,16.816600000,0.336500000
651,18.280800000,0.778600000
652,14.763500000,0.413600000
653,16.657800000,0.216100000
654,16.558900000,0.225500000
655,16.546900000,0.269800000
656,18.788000000,0.260900000
657,14.789000000,0.252600000
658,16.687500000,0.275000000
659,16.628200000,0.209400000
660,16.843700000,0.442700000
661,16.764100000,0.395300000
662,16.921800000,0.308300000
663,16.697400000,0.294300000
664,16.554700000,0.204700000
665,16.640700000,0.264100000
666,16.573400000,0.240600000
667,16.689100000,0.330200000
668,17.787500000,0.237500000
669,16.121800000,0.232800000
670,15.541700000,0.162500000
671,17.688500000,0.373400000
672,15.886000000,0.490200000
673,16.573900000,0.268300000
674,17.746900000,0.933800000
675,16.618200000,0.754700000
676,15.564100000,0.207300000
677,17.920300000,1.066700000
678,15.848500000,0.461400000
679,16.572900000,0.174000000
680,17.196800000,0.823900000
681,16.910500000,0.546400000
682,15.566600000,0.271900000
683,16.756800000,0.424500000
684,17.007800000,0.296400000
685,16.758300000,0.404200000
686,16.668800000,0.300600000
687,17.215100000,0.836000000
688,16.137000000,0.783900000
689,16.771900000,0.343700000
690,17.189500000,0.763500000
691,15.670300000,0.303600000
692,17.774500000,0.246400000
693,15.819300000,0.452100000
694,16.616700000,0.198000000
695,16.795300000,0.498500000
696,17.258800000,0.798400000
697,15.622400000,0.347900000
698,18.307800000,0.373400000
699,15.689600000,0.268200000
700,16.541200000,0.200000000
701,16.821800000,0.486900000
702,17.062500000,0.665600000
703,15.470400000,0.189600000
704,17.473400000,0.697900000
705,17.811500000,1.385900000
706,16.046800000,0.615100000
707,16.286000000,0.701600000
708,16.653600000,0.291200000
709,16.589100000,0.251000000
710,16.641100000,0.254200000
711,17.061500000,0.674000000
712,15.645800000,0.291700000
713,17.457800000,0.879700000
714,15.962500000,0.542700000
715,16.596900000,0.268800000
716,18.765600000,2.310900000
717,14.514100000,0.193800000
718,16.507300000,0.183900000
719,17.056700000,0.518200000
720,16.958400000,0.491200000
721,16.503600000,0.170300000
722,18.530200000,1.980800000
723,15.296900000,0.864000000
724,15.801600000,0.475600000
725,17.512500000,0.470300000
726,15.570300000,0.215100000
727,17.535400000,0.215600000
728,17.314600000,0.874500000
729,16.437500000,0.692700000
730,15.548400000,0.183300000
731,16.895900000,0.123500000
732,16.538000000,0.221900000
733,16.697400000,0.371400000
734,17.972400000,0.217200000
735,15.473400000,0.105700000
736,16.937500000,0.620300000
737,17.159400000,0.475000000
738,15.639000000,0.268700000
739,16.827600000,0.396900000
740,17.275000000,0.265100000
741,19.476100000,1.552600000
742,13.829200000,0.471800000
743,17.057800000,0.721800000
744,15.593200000,0.233300000
745,16.567200000,0.228700000
746,16.869800000,0.259900000
747,18.892200000,1.656700000
748,14.463000000,0.183900000
749,17.302100000,0.905200000
750,17.330200000,0.790700000
751,15.681200000,0.265100000
752,16.725500000,0.272900000
753,17.308900000,0.793300000
754,15.827600000,0.528100000
755,16.840100000,0.495300000
756,17.980700000,1.461500000
757,15.562000000,0.229700000
758,16.703700000,0.286400000
759,19.538500000,2.517700000
760,13.635400000,0.373400000
761,16.589100000,0.236500000
762,16.712000000,0.323900000
763,16.818200000,0.417200000
764,21.116700000,1.104100000
765,11.671300000,0.362000000
766,17.492200000,1.181800000
767,16.092700000,0.651600000
768,16.634900000,0.299500000
769,16.859400000,0.482800000
770,18.651000000,1.865100000
771,14.827600000,0.421900000
772,18.491200000,0.847400000
773,14.532800000,0.221900000
774,16.631200000,0.248900000
775,17.928700000,0.249500000
776,15.906200000,0.587500000
777,15.876600000,0.522400000
778,16.515100000,0.134400000
779,16.642200000,0.224500000
780,16.806200000,0.276000000
781,17.743300000,1.378100000
782,17.587500000,1.728100000
783,14.637500000,0.304700000
784,17.201000000,0.657300000
785,16.895300000,0.533300000
786,17.097400000,0.286400000
787,16.823500000,1.463000000
788,16.116600000,0.544800000
789,16.895900000,0.557800000
790,15.784800000,0.480200000
791,16.695900000,0.221400000
792,16.642200000,0.258300000
793,16.634900000,0.255200000
794,16.800500000,0.384900000
795,16.874500000,0.185900000
796,16.727000000,0.405200000
797,16.744300000,0.417200000
798,17.446900000,1.043800000
799,16.306800000,0.555700000
800,17.519200000,0.218700000
801,14.975000000,0.255200000
802,16.636000000,0.334900000
803,17.363000000,0.517200000
804,17.346900000,0.939100000
805,15.579700000,0.217200000
806,16.590600000,0.234400000
807,18.628600000,1.744700000
808,14.606800000,0.326000000
809,16.759400000,0.171900000
810,17.570800000,1.228100000
811,15.881300000,0.541200000
812,17.230200000,0.169300000
813,15.730200000,0.422900000
814,16.584900000,0.263600000
815,16.742700000,0.251600000
816,17.159900000,0.287500000
817,17.007800000,0.580800000
818,16.099500000,0.215600000
819,17.338000000,0.804200000
820,17.060900000,1.670400000
821,15.951100000,0.353200000
822,19.449400000,1.187500000
823,13.784900000,0.279100000
824,16.909900000,0.546900000
825,18.249500000,1.091200000
826,15.022900000,0.634900000
827,17.746400000,1.432800000
828,14.596900000,0.236900000
829,17.530700000,0.209400000
830,16.665100000,0.335400000
831,17.337500000,0.216200000
832,15.519300000,0.209400000
833,16.492700000,0.177100000
834,16.816100000,0.143200000
835,16.584900000,0.272900000
836,17.517200000,0.997400000
837,16.027600000,0.141700000
838,18.182300000,0.616700000
839,15.610900000,0.267700000
840,16.909900000,0.206200000
841,15.738600000,0.434400000
842,38.168200000,13.652100000
843,12.495800000,12.314100000
844,19.956800000,9.526600000
845,14.247900000,12.508300000
846,14.070900000,8.245300000
847,11.778600000,5.188100000
848,13.803600000,1.556200000
849,18.938600000,2.930700000
850,12.419800000,0.117700000
851,17.765600000,0.183800000
852,15.524000000,0.226600000
853,16.748400000,0.342200000
854,17.428100000,0.602100000
855,16.318800000,0.869800000
856,16.679100000,0.221300000
857,17.768300000,1.293700000
858,15.797900000,0.472900000
859,16.004700000,0.600000000
860,16.752100000,0.238000000
861,17.033800000,0.603200000
862,22.964600000,5.878700000
863,10.170800000,0.759400000
864,16.633400000,0.276500000
865,18.449400000,2.013600000
866,15.124000000,0.523400000
867,16.756800000,0.315100000
868,16.894200000,0.267700000
869,15.815700000,0.215600000
870,18.039600000,0.180700000
871,15.775000000,0.416100000
872,17.858800000,1.474500000
873,14.940600000,0.530700000
874,19.320900000,2.622900000
875,15.056700000,0.630700000
876,15.515700000,0.204700000
877,16.668200000,0.273500000
878,16.791100000,0.257800000
879,17.276100000,0.804700000
880,16.730700000,0.128600000
881,16.903700000,0.484900000
882,15.619700000,0.279100000
883,17.412500000,0.930200000
884,16.976600000,0.524500000
885,17.182300000,1.833300000
886,15.850000000,0.559900000
887,16.800500000,0.444800000
888,15.515600000,0.191700000
889,18.527100000,0.597400000
890,15.622400000,0.207300000
891,16.803100000,0.343200000
892,16.644800000,0.130200000
893,16.672400000,0.292200000
894,17.824000000,0.988600000
895,14.504200000,0.201100000
896,17.486400000,0.192200000
897,16.797400000,0.392200000
898,17.685400000,0.225000000
899,15.879700000,0.226000000
900,15.636500000,0.280200000
901,17.998900000,0.531800000
902,15.615700000,0.313100000
903,16.890600000,0.509900000
904,17.445300000,0.968300000
905,15.649000000,0.254700000
906,20.593200000,2.736500000
907,12.751000000,0.421300000
908,16.745300000,0.261900000
909,16.899500000,0.513500000
910,17.053100000,0.633900000
911,16.791700000,0.501600000
912,15.668200000,0.288500000
913,17.621400000,1.006800000
914,15.624000000,0.263000000
915,16.816600000,0.469300000
916,16.565600000,0.234900000
917,17.212500000,0.786900000
918,16.820400000,0.314600000
919,17.320800000,0.716700000
920,15.819800000,0.236500000
921,16.714000000,0.231700000
922,18.644300000,2.208900000
923,14.929700000,0.387500000
924,16.687500000,0.291200000
925,16.856800000,0.145300000
926,15.652600000,0.322900000
927,16.841100000,0.206200000
928,16.687500000,0.375500000
929,16.720900000,0.202600000
930,16.545800000,0.221300000
931,16.625000000,0.320300000
932,16.642700000,0.280700000
933,16.650500000,0.253100000
934,16.463600000,0.169800000
935,26.513500000,1.033900000
936,18.457300000,10.117200000
937,10.534900000,5.098500000
938,12.492700000,0.837500000
939,18.196400000,1.615100000
940,15.027000000,0.740200000
941,20.256300000,0.255200000
942,13.109400000,0.130800000
943,15.856700000,0.391600000
944,16.587000000,0.280200000
945,16.852100000,0.431200000
946,17.113000000,0.598500000
947,16.710400000,0.380200000
948,16.553200000,0.227700000
949,17.731200000,0.208300000
950,15.487000000,0.198400000
951,17.705200000,0.758400000
952,17.903100000,1.247900000
953,14.772400000,0.171900000
954,15.579200000,0.234400000
955,18.013500000,0.172400000
956,15.784900000,0.392200000
957,17.704700000,1.312500000
958,16.152600000,0.170800000
959,16.502600000,0.204200000
960,16.947400000,0.570300000
961,15.668800000,0.303100000
962,16.534900000,0.204200000
963,17.772400000,0.273400000
964,15.731700000,0.249500000
965,16.654700000,0.267200000
966,16.552600000,0.238000000
967,16.556800000,0.225000000
968,17.640100000,0.278700000
969,17.570800000,0.264600000
970,16.016700000,0.320900000
971,16.168200000,0.255700000
972,16.491700000,0.184900000
973,17.161400000,0.841600000
974,16.906800000,0.579200000
975,15.968800000,0.584900000
976,17.478100000,0.986500000
977,15.726600000,0.297900000
978,20.361900000,0.333800000
979,14.417700000,0.203100000
980,15.897400000,0.563500000
981,15.674000000,0.256800000
982,18.504200000,1.519800000
983,15.557800000,0.240100000
984,16.823400000,0.454200000
985,19.603700000,2.852600000
986,13.588500000,0.243800000
987,16.796900000,0.254600000
988,17.153600000,0.484900000
989,15.776600000,0.099000000
990,17.846300000,0.232300000
991,15.771400000,0.440600000
992,16.639100000,0.294700000
993,17.058800000,0.718700000
994,15.455200000,0.176500000
995,17.764100000,0.354700000
996,15.693200000,0.361500000
997,16.657300000,0.187000000
998,16.931800000,0.282200000
999,17.637500000,0.370300000
1000,15.525500000,0.214600000
1001,16.742700000,0.313000000
1002,16.521400000,0.212500000
1003,17.309300000,1.005700000
1004,16.533900000,0.228100000
1005,16.791100000,0.362500000
1006,17.083400000,0.412000000
1007,16.076500000,0.140100000
1008,16.918300000,0.409900000
1009,16.030200000,0.294300000
1010,16.477600000,0.180800000
1011,17.973900000,0.612000000
1012,17.622400000,0.616200000
1013,14.838000000,0.394200000
1014,16.636500000,0.266700000
1015,16.624000000,0.244300000
1016,16.795300000,0.464600000
1017,16.671300000,0.123900000
1018,16.535400000,0.179700000
1019,16.638100000,0.268300000
1020,16.788500000,0.233800000
1021,16.590600000,0.220800000
1022,16.800500000,0.464600000
1023,16.911500000,0.552600000
1024,16.857300000,0.553100000
1025,16.614100000,0.246900000
1026,16.475000000,0.203100000
1027,17.105700000,0.782300000
1028,16.137500000,0.572900000
1029,16.747900000,0.269300000
1030,17.583900000,0.379200000
1031,15.781200000,0.408400000
1032,17.082300000,0.538600000
1033,15.679700000,0.309900000
1034,16.975000000,0.261500000
1035,16.533300000,0.184900000
1036,19.239100000,0.235400000
1037,17.906800000,2.850000000
1038,12.983800000,0.192700000
1039,17.277100000,0.154700000
1040,15.602600000,0.265600000
1041,17.676600000,0.304700000
1042,15.889000000,0.232300000
1043,16.736500000,0.315700000
1044,17.385400000,0.900500000
1045,15.932800000,0.221900000
1046,16.634900000,0.283900000
1047,16.804700000,0.395900000
1048,16.595300000,0.264600000
1049,17.187500000,0.614600000
1050,17.459900000,0.452600000
1051,15.669800000,0.383900000
1052,16.881800000,0.467200000
1053,17.409300000,0.955800000
1054,16.082900000,0.702100000
1055,18.520300000,1.429700000
1056,14.526000000,0.197400000
1057,17.025000000,0.658400000
1058,16.196400000,0.826000000
1059,16.501500000,0.180700000
1060,16.582800000,0.240100000
1061,16.818800000,0.414100000
1062,16.673900000,0.240600000
1063,17.186000000,0.818200000
1064,16.675500000,0.455700000
1065,16.233300000,0.522900000
1066,16.657800000,0.366200000
1067,17.152700000,0.493700000
1068,16.539500000,0.547900000
1069,17.015700000,0.528600000
1070,15.814000000,0.249500000
1071,16.705800000,0.193700000
1072,16.970800000,0.516700000
1073,16.803100000,0.468800000
1074,16.599500000,0.300500000
1075,17.139600000,0.233800000
1076,15.656200000,0.320800000
1077,16.835400000,0.345300000
1078,16.889100000,0.542700000
1079,16.642700000,0.288000000
1080,16.482300000,0.201600000
1081,16.819300000,0.427000000
1082,18.304700000,0.268200000
1083,14.656700000,0.304700000
1084,16.762000000,0.338500000
1085,16.865100000,0.447900000
1086,16.476100000,0.194700000
1087,16.604100000,0.235400000
1088,18.375500000,1.793200000
1089,14.901600000,0.160900000
1090,18.359400000,0.492800000
1091,15.559900000,0.233300000
1092,16.510900000,0.205700000
1093,17.244800000,0.893800000
1094,17.664100000,0.190600000
1095,15.892700000,0.954100000
1096,17.882800000,2.340100000
1097,14.730200000,0.331700000
1098,16.903600000,0.440600000
1099,15.858900000,0.508900000
1100,16.742700000,0.333300000
1101,16.700500000,0.289600000
1102,16.496900000,0.190100000
1103,16.838500000,0.500000000
1104,16.888600000,0.340100000
1105,17.056800000,0.650000000
1106,17.154100000,0.765100000
1107,16.038600000,0.520300000
1108,16.689500000,0.184300000
1109,16.636000000,0.298500000
1110,16.722900000,0.362500000
1111,16.931800000,0.338000000
1112,16.073900000,0.556300000
1113,16.664100000,0.275600000
1114,16.946300000,0.638000000
1115,16.837000000,0.451600000
1116,17.177600000,0.194200000
1117,15.992700000,0.537000000
1118,16.831800000,0.314100000
1119,18.427600000,0.413000000
1120,14.844300000,0.544300000
1121,17.127100000,0.637500000
1122,15.521300000,0.208300000
1123,17.659900000,1.361000000
1124,16.940600000,0.248500000
1125,15.666200000,0.241200000
1126,16.514000000,0.219200000
1127,16.611500000,0.255200000
1128,16.552100000,0.249500000
1129,16.871300000,0.573400000
1130,16.621900000,0.235900000
1131,16.520300000,0.194800000
1132,17.597400000,0.488000000
1133,15.866700000,0.458900000
1134,18.033300000,0.239600000
1135,16.013000000,0.639600000
1136,15.586000000,0.253100000
1137,17.856200000,0.488500000
1138,16.652100000,0.759400000
1139,15.656300000,0.323500000
1140,16.692200000,0.413600000
1141,16.885400000,0.124500000
1142,17.292200000,0.563000000
1143,15.658800000,0.314600000
1144,18.152100000,0.131800000
1145,15.702100000,0.353700000
1146,16.757300000,0.391200000
1147,16.758300000,0.341100000
1148,17.250000000,0.651600000
1149,15.795300000,0.447900000
1150,22.381300000,1.847400000
1151,10.827100000,0.466200000
1152,16.503100000,0.216200000
1153,17.331200000,1.018700000
1154,16.711000000,0.258400000
1155,18.912500000,0.242700000
1156,14.508300000,1.194300000
1157,17.153100000,0.783300000
1158,15.690600000,0.301600000
1159,16.955300000,0.677600000
1160,17.042700000,0.441100000
1161,15.964500000,0.472900000
1162,17.086000000,0.637500000
1163,21.303600000,3.295300000
1164,11.668800000,0.224500000
1165,16.978100000,0.655200000
1166,17.880700000,1.242200000
1167,15.520900000,0.130200000
1168,17.719200000,0.996800000
1169,15.596400000,0.317200000
1170,16.527600000,0.218700000
1171,17.085900000,0.716700000
1172,16.159400000,0.535400000
1173,16.875000000,0.567700000
1174,16.891700000,0.140600000
1175,15.529100000,0.240600000
1176,18.993300000,0.675600000
1177,14.605200000,0.252100000
1178,18.250000000,0.148500000
1179,16.897900000,0.659900000
1180,16.470800000,0.291100000
1181,16.437000000,0.780200000
1182,20.835900000,0.145800000
1183,36.008400000,23.830200000
1184,13.145300000,12.649000000
1185,10.809900000,6.424000000
1186,14.116100000,3.784900000
1187,12.732800000,0.411900000
1188,17.526100000,0.233300000
1189,15.566100000,0.240100000
1190,18.203200000,0.806200000
1191,17.007800000,1.389500000
1192,18.529100000,3.092200000
1193,13.622400000,0.315100000
1194,18.702100000,1.505200000
1195,14.716700000,0.315100000
1196,17.048900000,0.679200000
1197,15.900600000,0.570900000
1198,16.908800000,0.486500000
1199,16.632800000,0.314600000
1200,17.932800000,1.453200000
1201,15.537500000,0.237500000
1202,18.003700000,1.561500000
1203,15.535400000,0.210900000
1204,16.664100000,0.323900000
1205,17.029700000,0.204200000
1206,16.044700000,0.658900000
1207,16.500000000,0.187500000
1208,19.963600000,3.593300000
1209,13.615100000,0.268800000
1210,27.257300000,10.917700000
1211,13.076000000,7.673400000
1212,11.383400000,2.035400000
1213,16.317700000,0.641200000
1214,14.711900000,0.414500000
1215,17.701600000,1.376600000
1216,15.959900000,0.519800000
1217,16.612000000,0.308900000
1218,16.744300000,0.380700000
1219,17.011400000,0.491100000
1220,17.553700000,1.038600000
1221,16.666100000,0.188000000
1222,19.039100000,0.195800000
1223,13.410400000,1.106800000
1224,16.612500000,0.253700000
1225,16.636400000,0.261500000
1226,17.080300000,0.400000000
1227,15.521800000,0.213500000
1228,18.051600000,0.638100000
1229,15.591700000,0.269800000
1230,23.148900000,1.283900000
1231,10.571400000,0.216700000
1232,17.225500000,0.272900000
1233,16.267700000,0.263000000
1234,21.057800000,3.850500000
1235,12.048400000,0.339500000
1236,16.978200000,0.188500000
1237,16.616100000,0.293700000
1238,19.867200000,3.326600000
1239,12.589600000,0.273500000
1240,19.456200000,1.664600000
1241,14.620900000,0.275500000
1242,17.535900000,0.338000000
1243,15.704700000,0.399500000
1244,16.961500000,0.604700000
1245,16.568700000,0.239100000
1246,16.994800000,0.599000000
1247,15.696400000,0.322400000
1248,17.358300000,0.975000000
1249,16.544300000,0.246400000
1250,17.007800000,0.670300000
1251,15.493200000,0.187500000
1252,17.607800000,0.232800000
1253,16.585900000,0.253600000
1254,16.893800000,0.146900000
1255,15.745300000,0.181200000
1256,16.756300000,0.198000000
1257,16.664000000,0.355700000
1258,16.688600000,0.375500000
1259,16.709300000,0.201000000
1260,16.837500000,0.406700000
1261,16.655200000,0.268800000
1262,17.051600000,0.279200000
1263,16.549500000,0.227600000
1264,16.832800000,0.211400000
1265,16.645300000,0.328100000
1266,16.647900000,0.243700000
1267,16.707300000,0.366600000
1268,16.841700000,0.536500000
1269,16.839100000,0.344700000
1270,15.861400000,0.532300000
1271,16.711500000,0.384300000
1272,17.013500000,0.530700000
1273,16.515100000,0.219800000
1274,17.513000000,0.264600000
1275,15.852100000,0.444300000
1276,16.598500000,0.308900000
1277,16.929600000,0.582800000
1278,17.289600000,0.342200000
1279,15.651100000,0.283300000
1280,16.651500000,0.271900000
1281,20.540100000,0.288500000
1282,12.644800000,0.371300000
1283,16.795900000,0.203100000
1284,16.933800000,0.446900000
1285,16.729700000,0.399500000
1286,17.072900000,0.344300000
1287,16.120900000,0.645300000
1288,16.661900000,0.201000000
1289,16.873500000,0.471800000
1290,16.783800000,0.348500000
1291,16.519800000,0.209400000
1292,19.697900000,1.758800000
1293,13.648500000,0.254100000
1294,16.813500000,0.276100000
1295,16.597900000,0.227100000
1296,16.828200000,0.315600000
1297,15.644700000,0.179600000
1298,18.950600000,1.579100000
1299,14.681200000,0.320300000
1300,17.533300000,0.640100000
1301,15.670900000,0.377600000
1302,16.814600000,0.333300000
1303,16.746300000,0.212000000
1304,16.628100000,0.302600000
1305,16.684900000,0.381800000
1306,16.625600000,0.299500000
1307,16.665600000,0.307300000
1308,17.062500000,0.120900000
1309,16.920800000,0.522900000
1310,17.145300000,0.777600000
1311,15.507300000,0.199400000
1312,16.709400000,0.197400000
1313,17.169800000,0.749500000
1314,16.739100000,0.141700000
1315,16.918700000,0.199500000
1316,16.605700000,0.689600000
1317,15.577600000,0.231800000
1318,16.829200000,0.201600000
1319,16.591100000,0.216600000
1320,16.894300000,0.392800000
1321,17.382800000,0.979700000
1322,15.744800000,0.450000000
1323,16.533900000,0.196400000
1324,20.549500000,3.203700000
1325,14.121800000,0.659400000
1326,17.327100000,0.512000000
1327,15.550500000,0.207300000
1328,17.624000000,1.263000000
1329,15.453600000,0.166600000
1330,16.688100000,0.151100000
1331,16.669200000,0.335400000
1332,17.410400000,0.822900000
1333,15.616200000,0.224500000
1334,16.626000000,0.296900000
1335,16.961500000,0.609300000
1336,19.644800000,0.510500000
1337,13.597900000,0.312000000
1338,16.645800000,0.262000000
1339,17.095900000,0.574500000
1340,17.121800000,0.789600000
1341,15.721900000,0.218300000
1342,18.587500000,0.367200000
1343,14.583400000,0.288500000
1344,16.807200000,0.458300000
1345,16.533900000,0.185900000
1346,16.754200000,0.430800000
1347,16.546300000,0.227600000
1348,16.617700000,0.235900000
1349,16.645900000,0.340100000
1350,16.524400000,0.220800000
1351,17.067700000,0.565600000
1352,16.779200000,0.319800000
1353,18.025500000,1.000500000
1354,16.974000000,1.396300000
1355,14.901600000,0.557900000
1356,17.625000000,1.234900000
1357,15.660900000,0.272900000
1358,16.667700000,0.259900000
1359,16.669300000,0.233300000
1360,16.576000000,0.181200000
1361,16.752600000,0.214100000
1362,18.771900000,0.806200000
1363,14.647900000,0.307800000
1364,16.475500000,0.181200000
1365,16.614600000,0.327600000
1366,16.594300000,0.322400000
1367,17.851000000,1.376500000
1368,15.829700000,0.407300000
1369,16.618200000,0.303700000
1370,16.838600000,0.237500000
1371,16.554200000,0.214500000
1372,16.800000000,0.400000000
1373,16.898400000,0.278700000
1374,17.080200000,0.640700000
1375,15.861500000,0.531700000
1376,16.560400000,0.206800000
1377,16.720800000,0.433900000
1378,16.715600000,0.278100000
1379,16.847400000,0.504700000
1380,17.228700000,0.714600000
1381,15.673900000,0.245300000
1382,16.812500000,0.399500000
1383,17.292700000,0.872900000
1384,16.116200000,0.722400000
1385,17.259400000,0.852100000
1386,15.834300000,0.419800000
1387,17.520300000,0.539500000
1388,15.486500000,0.196900000
1389,17.703700000,0.327100000
1390,16.725500000,0.321300000
1391,17.445800000,0.502100000
1392,15.698400000,0.291100000
1393,16.566700000,0.264000000
1394,16.666200000,0.234900000
1395,16.567100000,0.281700000
1396,16.681800000,0.258900000
1397,17.131300000,0.779200000
1398,15.705700000,0.410400000
1399,16.604700000,0.275500000
1400,16.628100000,0.278700000
1401,16.574500000,0.226100000
1402,20.722900000,3.304200000
1403,14.607800000,0.951100000
1404,15.811000000,0.327100000
1405,16.182800000,0.662500000
1406,18.260400000,0.651600000
1407,14.973900000,0.581800000
1408,16.940100000,0.184400000
1409,16.604200000,0.280700000
1410,16.591200000,0.220800000
1411,16.671300000,0.272900000
1412,16.627600000,0.243700000
1413,17.132300000,0.760900000
1414,15.673400000,0.299500000
1415,16.901600000,0.549500000
1416,17.438000000,1.108300000
1417,15.688000000,0.370300000
1418,16.667200000,0.278100000
1419,16.617700000,0.265100000
1420,16.827100000,0.227100000
1421,16.571900000,0.237000000
1422,22.080700000,5.622400000
1423,11.519800000,0.206200000
1424,17.509400000,1.193200000
1425,17.499500000,1.000000000
1426,14.793200000,0.421900000
1427,16.577100000,0.234900000
1428,17.127600000,0.693200000
1429,16.546900000,0.203600000
1430,17.135900000,0.794300000
1431,17.507300000,0.212000000
1432,15.866100000,0.573000000
1433,16.996400000,0.406800000
1434,16.000500000,0.497400000
1435,16.627100000,0.239100000
1436,16.882800000,0.393200000
1437,16.674500000,0.327600000
1438,16.703100000,0.229200000
1439,16.604200000,0.246900000
1440,16.542200000,0.231800000
1441,16.571300000,0.211400000
1442,17.295900000,0.974500000
1443,18.513500000,0.205700000
1444,13.597400000,0.318300000
1445,17.607300000,0.218700000
1446,16.801000000,0.174500000
1447,15.609900000,0.274000000
1448,17.989600000,0.425600000
1449,16.003700000,0.719800000
1450,16.809300000,0.471900000
1451,16.517700000,0.118700000
1452,17.283900000,0.866100000
1453,15.648400000,0.363000000
1454,20.268300000,3.943200000
1455,13.606200000,0.228100000
1456,18.805700000,2.495900000
1457,16.041200000,1.626600000
1458,14.805200000,0.433800000
1459,16.916700000,0.563100000
1460,16.546800000,0.204200000
1461,16.622400000,0.287500000
1462,16.991200000,0.447400000
1463,17.409900000,0.477100000
1464,16.503100000,0.841700000
1465,15.595800000,0.252100000
1466,17.172400000,0.703100000
1467,16.707800000,0.283900000
1468,16.513100000,0.185400000
1469,17.219800000,0.404100000
1470,15.655200000,0.285900000
1471,16.953100000,0.470400000
1472,16.488000000,0.175500000
1473,16.465100000,0.190600000
1474,16.593800000,0.229700000
1475,16.804600000,0.427000000
1476,16.718300000,0.298000000
1477,16.894800000,0.388100000
1478,16.629100000,0.341100000
1479,16.970900000,0.565600000
1480,16.703100000,0.253200000
1481,16.666100000,0.336000000
1482,17.176600000,0.565100000
1483,16.066100000,0.430700000
1484,16.747400000,0.229700000
1485,16.510500000,0.212500000
1486,16.819800000,0.350500000
1487,17.189000000,0.552600000
1488,15.806800000,0.459300000
1489,16.473900000,0.190100000
1490,16.734400000,0.221900000
1491,16.511500000,0.222400000
1492,16.842200000,0.195900000
1493,16.747400000,0.379200000
1494,16.954100000,0.517700000
1495,17.962500000,1.396400000
1496,14.496400000,0.203700000
1497,17.722400000,0.139600000
1498,16.560400000,0.212500000
1499,16.903600000,0.598400000
1500,15.804700000,0.360400000
1501,19.024000000,1.930200000
1502,17.616100000,0.454700000
1503,13.596400000,0.285400000
1504,16.667700000,0.378700000
1505,16.566700000,0.261000000
1506,16.863000000,0.486400000
1507,16.551500000,0.228100000
1508,16.657300000,0.213000000
1509,16.681800000,0.378700000
1510,17.184400000,0.764100000
1511,16.852100000,0.497400000
1512,15.678100000,0.292700000
1513,17.621300000,0.366600000
1514,15.940100000,0.628600000
1515,16.519300000,0.195900000
1516,21.240100000,0.458300000
1517,12.505800000,0.208400000
1518,19.943700000,0.700500000
1519,13.768800000,0.353600000
1520,16.650500000,0.296800000
1521,16.572400000,0.260500000
1522,16.454700000,0.160900000
1523,16.497900000,0.201100000
1524,16.770800000,0.241700000
1525,16.647400000,0.312000000
1526,17.600500000,0.935400000
1527,15.631300000,0.247300000
1528,16.657800000,0.276100000
1529,16.644300000,0.274400000
1530,16.758300000,0.281300000
1531,16.796900000,0.352100000
1532,17.369800000,0.191200000
1533,15.569200000,0.246800000
1534,16.619800000,0.324000000
1535,17.083900000,0.392700000
1536,16.730700000,0.296400000
1537,16.643200000,0.342200000
1538,16.585400000,0.213500000
1539,16.811000000,0.305700000
1540,17.430200000,1.083400000
1541,15.654200000,0.324000000
1542,16.704600000,0.288500000
1543,16.794300000,0.342200000
1544,17.825500000,1.452100000
1545,15.502600000,0.194200000
1546,16.690700000,0.272400000
1547,17.525000000,0.598500000
1548,15.781700000,0.220300000
1549,16.793800000,0.402000000
1550,17.014600000,0.636400000
1551,15.554700000,0.237000000
1552,16.726000000,0.362000000
1553,16.682300000,0.297400000
1554,16.752600000,0.301600000
1555,17.347400000,0.490600000
1556,17.155200000,0.784400000
1557,16.141100000,0.700000000
1558,17.223000000,0.810400000
1559,15.829700000,0.228600000
1560,16.773900000,0.257300000
1561,17.052600000,0.489600000
1562,15.620800000,0.232300000
1563,17.648000000,0.254100000
1564,16.965100000,0.488000000
1565,16.330200000,0.667200000
1566,16.626000000,0.264000000
1567,16.857800000,0.562500000
1568,15.780800000,0.353600000
1569,17.067100000,0.576100000
1570,18.344300000,1.541700000
1571,14.697400000,0.378600000
1572,16.806300000,0.406200000
1573,16.522900000,0.198400000
1574,16.757300000,0.404100000
1575,17.247900000,0.436000000
1576,16.823400000,0.453100000
1577,16.881800000,0.962500000
1578,18.675000000,0.228700000
1579,13.526600000,0.218300000
1580,19.054600000,2.686000000
1581,14.677700000,0.244200000
1582,16.635400000,0.306300000
1583,16.623900000,0.239100000
1584,16.617700000,0.254200000
1585,16.589100000,0.114600000
1586,16.605700000,0.252100000
1587,16.687500000,0.246900000
1588,18.116700000,0.244800000
1589,15.686500000,0.329200000
1590,16.593200000,0.236000000
1591,16.658800000,0.210900000
1592,16.916700000,0.520400000
1593,15.615600000,0.258900000
1594,17.661500000,0.301600000
1595,18.151000000,0.600000000
1596,14.897900000,0.391600000
1597,16.894800000,0.541600000
1598,17.372400000,0.256200000
1599,15.638600000,0.218800000
1600,23.662500000,6.966100000
1601,9.889000000,0.522400000
1602,16.637500000,0.202700000
1603,18.641200000,0.160400000
1604,14.373400000,0.098500000
1605,16.657300000,0.241700000
1606,16.471400000,0.130200000
1607,16.726500000,0.383300000
1608,17.011000000,0.495300000
1609,18.020300000,0.975600000
1610,14.320800000,0.114600000
1611,18.934400000,0.335900000
1612,15.933800000,0.557300000
1613,15.876600000,0.454700000
1614,16.369300000,0.124000000
1615,16.735900000,0.154700000
1616,16.601100000,0.180700000
1617,16.407200000,0.133800000
1618,17.793300000,0.216200000
1619,16.411400000,0.153700000
1620,16.391200000,0.149400000
1621,16.592700000,0.202600000
1622,16.464600000,0.194200000
1623,16.481700000,0.225500000
1624,17.428200000,0.170300000
1625,16.488500000,0.175500000
1626,16.374000000,0.145800000
1627,16.361900000,0.133900000
1628,17.450000000,0.177600000
1629,16.323000000,0.131200000
1630,16.333800000,0.109400000
1631,17.654200000,0.222400000
1632,15.877100000,0.227000000
1633,17.590600000,0.216600000
1634,15.225000000,0.079700000
1635,17.444800000,0.209400000
1636,16.887500000,0.461000000
1637,16.630200000,0.219800000
1638,17.514100000,0.221900000
1639,15.634300000,0.323900000
1640,16.607300000,0.239500000
1641,16.590100000,0.206700000
1642,16.527100000,0.185900000
1643,16.560400000,0.215600000
1644,16.634400000,0.275500000
1645,16.713000000,0.237500000
1646,16.634400000,0.282800000
1647,16.690100000,0.321400000
1648,16.984400000,0.577600000
1649,16.726000000,0.272900000
1650,17.417700000,0.914100000
1651,16.337000000,0.684900000
1652,17.066700000,0.700500000
1653,15.689600000,0.339500000
1654,17.064000000,0.698400000
1655,16.532300000,0.191100000
1656,17.964100000,1.401500000
1657,15.795800000,0.441200000
1658,15.560900000,0.219200000
1659,17.934900000,0.158300000
1660,15.954200000,0.619300000
1661,17.008300000,0.640100000
1662,16.695900000,0.222400000
1663,20.938000000,4.011500000
1664,11.583800000,0.254100000
1665,16.542200000,0.217200000
1666,17.597900000,0.260900000
1667,16.641700000,0.254200000
1668,18.268200000,1.854700000
1669,15.937500000,1.236400000
1670,15.848000000,0.383300000
1671,16.719800000,0.383800000
1672,16.661900000,0.264600000
1673,17.183400000,0.716700000
1674,15.678600000,0.286500000
1675,17.953100000,1.380200000
1676,15.905800000,0.522900000
1677,15.554700000,0.218700000
1678,18.126000000,0.265100000
1679,15.661500000,0.260400000
1680,17.286400000,0.778700000
1681,17.764100000,1.454200000
1682,14.805700000,0.466200000
1683,16.731300000,0.284300000
1684,16.705700000,0.314500000
1685,16.565100000,0.229700000
1686,17.057800000,0.183900000
1687,16.975500000,0.490100000
1688,17.280200000,0.875500000
1689,17.459900000,0.912500000
1690,16.100500000,0.535400000
1691,15.518800000,0.215600000
1692,17.789600000,0.205800000
1693,15.646900000,0.280700000
1694,16.814500000,0.341100000
1695,16.713100000,0.359900000
1696,16.698400000,0.266200000
1697,16.614600000,0.264100000
1698,16.962500000,0.244300000
1699,16.065600000,0.127600000
1700,16.549000000,0.236000000
1701,16.646800000,0.263000000
1702,16.948000000,0.549500000
1703,16.652000000,0.288500000
1704,17.348500000,0.945800000
1705,15.834300000,0.353100000
1706,16.974000000,0.599500000
1707,16.738500000,0.302600000
1708,17.539100000,1.123000000
1709,15.605200000,0.244300000
1710,17.129200000,0.772400000
1711,16.350000000,0.216200000
1712,16.588500000,0.250500000
1713,16.630800000,0.307800000
1714,16.944200000,0.448900000
1715,15.641200000,0.228700000
1716,18.390100000,1.975000000
1717,15.639000000,0.145800000
1718,16.948500000,0.589600000
1719,15.541600000,0.223900000
1720,18.648500000,1.242200000
1721,15.762000000,0.403200000
1722,17.734300000,1.313000000
1723,15.776600000,0.862000000
1724,15.643700000,0.275000000
1725,16.744800000,0.428700000
1726,16.811000000,0.407800000
1727,17.320800000,0.676500000
1728,15.721400000,0.302600000
1729,17.067200000,0.529700000
1730,16.839000000,0.465600000
1731,16.805200000,0.313000000
1732,16.853700000,0.550000000
1733,16.657800000,0.254700000
1734,16.698400000,0.359400000
1735,16.607300000,0.265600000
1736,16.980200000,0.567700000
1737,15.771400000,0.441600000
1738,16.939600000,0.435900000
1739,17.022400000,0.619300000
1740,16.519700000,0.215100000
1741,16.658400000,0.326100000
1742,17.326000000,0.893300000
1743,17.877100000,1.692700000
1744,14.458900000,0.171900000
1745,16.509300000,0.210400000
1746,16.695900000,0.290600000
1747,18.781700000,1.460400000
1748,14.668300000,0.258300000
1749,16.555700000,0.168700000
1750,16.473400000,0.173900000
1751,16.589600000,0.255700000
1752,16.511500000,0.191700000
1753,17.617700000,0.219300000
1754,16.668700000,0.331200000
1755,16.517700000,0.175000000
1756,16.985500000,0.526600000
1757,15.696800000,0.283300000
1758,16.614100000,0.244300000
1759,16.706800000,0.281700000
1760,16.503100000,0.186500000
1761,17.741700000,0.385400000
1762,16.573900000,0.131200000
1763,17.500000000,0.181800000
1764,15.712000000,0.309900000
1765,16.476000000,0.189600000
1766,17.143300000,0.626500000
1767,15.858300000,0.374000000
1768,16.606200000,0.243200000
1769,16.546900000,0.231800000
1770,16.721400000,0.383400000
1771,17.492200000,0.897400000
1772,16.921300000,0.557300000
1773,15.615100000,0.265600000
1774,16.576100000,0.295400000
1775,16.933800000,0.295800000
1776,18.896400000,2.466600000
1777,15.444200000,0.879200000
1778,15.719300000,0.332300000
1779,16.625500000,0.316700000
1780,16.763600000,0.127600000
1781,17.281700000,0.716100000
1782,16.190200000,0.692200000
1783,16.889000000,0.418200000
1784,17.132300000,0.751600000
1785,15.863500000,0.478600000
1786,16.628200000,0.330200000
1787,16.913500000,0.633800000
1788,16.644800000,0.242700000
1789,17.371400000,0.824500000
1790,15.765600000,0.365100000
1791,16.739600000,0.387500000
1792,17.036900000,0.353700000
1793,17.090200000,0.577600000
1794,16.008300000,0.630200000
1795,17.307800000,0.592200000
1796,15.591700000,0.242200000
1797,17.253600000,0.479200000
1798,16.615100000,0.257800000
1799,16.543800000,0.210500000
1800,16.966600000,0.558300000
1801,18.837000000,0.994800000
1802,13.645800000,0.274000000
1803,16.524500000,0.203100000
1804,17.715600000,0.366100000
1805,16.995400000,0.400500000
1806,15.605200000,0.239500000
1807,16.653100000,0.264500000
1808,17.048400000,0.540600000
1809,17.275000000,0.639600000
1810,15.511500000,0.203100000
1811,16.669800000,0.239600000
1812,17.655700000,0.846900000
1813,16.640600000,0.778100000
1814,15.947400000,0.469800000
1815,16.895300000,0.510900000
1816,16.956800000,0.601600000
1817,16.780200000,0.267200000
1818,16.894300000,0.468700000
1819,15.890600000,0.128100000
1820,17.220900000,0.927600000
1821,16.744200000,0.393200000
1822,15.707300000,0.265600000
1823,16.776100000,0.165600000
1824,16.802600000,0.383300000
1825,17.488000000,0.413600000
1826,16.081800000,0.429700000
1827,16.735400000,0.341100000
1828,16.718200000,0.435400000
1829,16.636500000,0.208900000
1830,16.654600000,0.289500000
1831,16.691200000,0.340100000
1832,17.324500000,0.972400000
1833,16.405700000,0.571900000
1834,16.087000000,0.609900000
1835,16.905700000,0.231200000
1836,16.693200000,0.246900000
1837,17.759900000,0.670300000
1838,15.751100000,0.450600000
1839,16.663000000,0.309300000
1840,16.645300000,0.268800000
1841,16.615100000,0.277600000
1842,16.842700000,0.484400000
1843,17.889600000,2.267800000
1844,14.631300000,0.284300000
1845,17.000000000,0.430200000
1846,16.591100000,0.251600000
1847,17.038500000,0.594800000
1848,16.876600000,0.343200000
1849,15.791700000,0.466600000
1850,16.616100000,0.325500000
1851,17.106800000,0.442200000
1852,16.676000000,0.283900000
1853,16.662500000,0.205200000
1854,16.754200000,0.332800000
1855,16.809400000,0.429600000
1856,16.647900000,0.280700000
1857,16.668200000,0.359900000
1858,16.862000000,0.180700000
1859,16.953600000,0.387500000
1860,15.711500000,0.275000000
1861,16.993200000,0.243200000
1862,17.004200000,0.691200000
1863,16.871300000,0.130700000
1864,16.874500000,0.159900000
1865,16.693300000,0.491700000
1866,15.696800000,0.287500000
1867,17.553200000,0.235400000
1868,16.762500000,0.277700000
1869,15.595300000,0.197400000
1870,16.655700000,0.278700000
1871,16.523400000,0.231800000
1872,18.867700000,2.272900000
1873,14.587500000,0.223900000
1874,16.582900000,0.230700000
1875,16.848900000,0.401100000
1876,16.666200000,0.368300000
1877,17.081700000,0.464600000
1878,17.250000000,0.301600000
1879,15.726100000,0.297400000
1880,16.558800000,0.219700000
1881,21.090100000,0.224500000
1882,12.659900000,0.160400000
1883,16.726600000,0.340700000
1884,16.897900000,0.507800000
1885,15.680700000,0.370800000
1886,16.969800000,0.145800000
1887,16.932300000,0.202600000
1888,16.713600000,0.411500000
1889,19.155700000,2.470800000
1890,13.596300000,0.240100000
1891,16.849500000,0.531200000
1892,16.964600000,0.575500000
1893,17.049500000,0.459900000
1894,16.836400000,0.463000000
1895,16.742200000,0.576000000
1896,16.102600000,0.229700000
1897,16.513100000,0.208900000
1898,16.955700000,0.586000000
1899,16.854200000,0.407800000
1900,16.593700000,0.222900000
1901,17.966700000,0.329700000
1902,14.989600000,0.306700000
1903,16.647300000,0.318700000
1904,17.146400000,0.771400000
1905,16.749500000,1.039600000
1906,15.649500000,0.316100000
1907,17.014000000,0.268300000
1908,16.760400000,0.400000000
1909,16.647400000,0.357900000
1910,17.952600000,0.658800000
1911,15.761000000,0.222400000
1912,16.843200000,0.525500000
1913,15.800500000,0.487000000
1914,17.051600000,0.585400000
1915,17.263500000,0.262000000
1916,19.152100000,1.137000000
1917,13.529200000,0.190100000
1918,16.741600000,0.158900000
1919,16.788100000,0.322400000
1920,16.740100000,0.333400000
1921,16.850000000,0.345800000
1922,15.630200000,0.271900000
1923,17.545800000,0.209400000
1924,16.866200000,0.490100000
1925,15.768700000,0.174500000
1926,16.696900000,0.337000000
1927,17.289600000,0.509900000
1928,17.175500000,0.788600000
1929,16.260900000,0.650000000
1930,16.679700000,0.289100000
1931,16.696900000,0.267200000
1932,17.488000000,1.133300000
1933,15.551600000,0.227600000
1934,16.702600000,0.391700000
1935,16.950000000,0.498900000
1936,16.783300000,0.474000000
1937,15.740600000,0.417200000
1938,17.262000000,0.885400000
1939,17.051100000,0.736000000
1940,15.751000000,0.413500000
1941,17.259900000,0.476000000
1942,16.667200000,0.327100000
1943,16.582300000,0.119300000
1944,16.920800000,0.165100000
1945,16.785900000,0.377100000
1946,15.821400000,0.500500000
1947,16.466700000,0.174500000
1948,16.555200000,0.217700000
1949,18.254100000,0.666200000
1950,16.206300000,0.638000000
1951,16.253600000,0.720300000
1952,16.804200000,0.116100000
1953,17.278100000,0.569300000
1954,15.842700000,0.423900000
1955,16.740100000,0.398900000
1956,16.734900000,0.409900000
1957,16.758400000,0.266600000
1958,16.522900000,0.208900000
1959,18.954700000,2.030700000
1960,14.720300000,0.274500000
1961,16.704700000,0.371900000
1962,15.547400000,0.252100000
1963,17.491100000,0.194800000
1964,16.642200000,0.280200000
1965,17.458300000,0.833400000
1966,15.795900000,0.418300000
1967,16.661400000,0.264600000
1968,16.725500000,0.281200000
1969,16.949500000,0.604200000
1970,16.801600000,0.400500000
1971,18.981200000,2.464600000
1972,13.607300000,0.316100000
1973,17.044800000,0.414600000
1974,16.540600000,0.260400000
1975,16.492800000,0.198000000
1976,17.429600000,0.758300000
1977,19.200000000,1.025500000
1978,13.760500000,0.275600000
1979,17.042100000,0.308900000
1980,16.212000000,0.792700000
1981,16.662000000,0.313500000
1982,17.137500000,0.767100000
1983,16.156800000,0.668800000
1984,16.736400000,0.424500000
1985,16.728700000,0.284900000
1986,17.261400000,0.470800000
1987,15.490100000,0.192700000
1988,16.777600000,0.369300000
1989,17.434400000,0.168200000
1990,15.561500000,0.179700000
1991,16.804700000,0.299500000
1992,16.716100000,0.290100000
1993,16.930700000,0.232800000
1994,16.799500000,0.483800000
1995,17.832300000,0.255800000
1996,15.614600000,0.276100000
1997,16.697900000,0.277100000
1998,17.029200000,0.355800000
1999,15.776000000,0.384900000
2000,17.285400000,0.750500000
2001,16.886000000,0.293300000
2002,15.727600000,0.439100000
2003,17.476500000,0.800000000
2004,16.749500000,0.226000000
2005,16.461500000,0.934400000
2006,16.510400000,0.121900000
2007,16.651600000,0.327600000
2008,16.776000000,0.126500000
2009,16.948400000,0.473900000
2010,15.609400000,0.237000000
2011,20.673500000,2.688500000
2012,13.896800000,0.421900000
2013,15.756800000,0.107800000
2014,16.739100000,0.430300000
2015,16.705200000,0.306700000
2016,17.256700000,0.735400000
2017,17.418800000,1.859400000
2018,15.793700000,0.433300000
2019,16.665700000,0.314600000
2020,16.734300000,0.284300000
2021,17.331800000,0.757800000
2022,15.888600000,0.586000000
2023,17.122300000,0.158800000
2024,15.769800000,0.339600000
2025,17.282900000,0.850000000
2026,15.526000000,0.199500000
2027,17.588500000,0.265100000
2028,16.775000000,0.286500000
2029,17.705800000,0.920300000
2030,15.783300000,0.483400000
2031,16.389100000,0.860400000
2032,16.701500000,0.185400000
2033,16.507300000,0.220300000
2034,18.453700000,2.099000000
2035,15.098400000,0.158300000
2036,16.826600000,0.389000000
2037,16.460400000,0.888000000
2038,16.599500000,0.301600000
2039,16.969700000,0.456200000
2040,16.404200000,0.718200000
2041,16.762500000,0.232300000
2042,17.052100000,0.298400000
2043,16.887000000,0.325000000
2044,16.548900000,0.709400000
2045,16.593800000,0.342700000
2046,15.677100000,0.347400000
2047,16.729700000,0.269300000
2048,16.607800000,0.289100000
2049,17.315600000,0.757300000
2050,17.053100000,0.660900000
2051,16.315600000,0.838500000
2052,15.742200000,0.298400000
2053,20.364100000,0.729700000
2054,14.125500000,0.702600000
2055,20.484900000,0.544300000
2056,11.528700000,0.219800000
2057,19.750500000,1.786500000
2058,13.710900000,0.340600000
2059,16.668800000,0.191200000
2060,16.856700000,0.493700000
2061,17.231800000,0.520900000
2062,16.818800000,0.483800000
2063,18.960900000,0.961900000
2064,13.612000000,0.266700000
2065,16.914600000,0.116700000
2066,16.747400000,0.298400000
2067,17.206700000,0.166100000
2068,15.521900000,0.203700000
2069,17.777100000,0.313000000
2070,15.752100000,0.383800000
2071,17.897400000,0.265600000
2072,16.289000000,0.906300000
2073,16.527100000,0.223400000
2074,17.816700000,1.502600000
2075,15.803600000,0.467700000
2076,15.994300000,0.605700000
2077,19.002600000,1.505200000
2078,15.059900000,0.687500000
2079,16.694300000,0.121400000
2080,15.558300000,0.286500000
2081,17.082800000,0.617700000
2082,17.063500000,0.340100000
2083,17.009900000,0.407800000
2084,15.927600000,0.556700000
2085,16.798000000,0.246300000
2086,16.465600000,0.189100000
2087,17.417200000,0.446400000
2088,15.517200000,0.214100000
2089,17.705200000,0.554700000
2090,15.563500000,0.250500000
2091,18.665600000,0.991200000
2092,15.946400000,0.412000000
2093,15.850000000,0.370800000
2094,16.601000000,0.249400000
2095,17.330800000,0.619200000
2096,15.766100000,0.456300000
2097,17.919300000,1.548500000
2098,15.791600000,0.404700000
2099,18.370900000,1.432800000
2100,14.763000000,0.296400000
2101,16.842700000,0.150500000
2102,16.743200000,0.346400000
2103,17.366700000,0.861500000
2104,15.588000000,0.236400000
2105,17.463000000,0.421900000
2106,17.037500000,0.734400000
2107,15.971900000,0.194800000
2108,16.552600000,0.256800000
2109,16.979700000,0.422900000
2110,16.611000000,0.239100000
2111,16.873400000,0.413000000
2112,15.481800000,0.180700000
2113,17.973400000,0.472900000
2114,15.501000000,0.197900000
2115,17.833900000,0.388000000
2116,15.728600000,0.258900000
2117,16.779200000,0.406700000
2118,16.525500000,0.205800000
2119,18.282300000,0.395300000
2120,15.548500000,0.212500000
2121,18.545800000,0.586000000
2122,14.506800000,0.218800000
2123,17.307800000,0.466100000
2124,15.884900000,0.470300000
2125,16.803100000,0.194300000
2126,16.709400000,0.389100000
2127,17.142700000,0.512000000
2128,16.762000000,0.458900000
2129,17.072400000,0.403100000
2130,15.869700000,0.303600000
2131,16.525600000,0.180800000
2132,16.808800000,0.495300000
2133,16.755200000,0.282300000
2134,16.545900000,0.220400000
2135,17.234900000,0.557200000
2136,16.193700000,0.749500000
2137,16.744800000,0.315600000
2138,16.947400000,0.626100000
2139,16.227600000,0.709800000
2140,16.618200000,0.268800000
2141,18.659900000,1.659400000
2142,14.875000000,0.445300000
2143,16.897400000,0.389600000
2144,17.051600000,0.733300000
2145,15.728100000,0.292200000
2146,16.869800000,0.483400000
2147,16.738500000,0.276000000
2148,17.183900000,0.638000000
2149,17.653600000,1.036500000
2150,14.472400000,0.191600000
2151,16.590700000,0.248400000
2152,17.575500000,0.229700000
2153,16.756200000,0.314000000
2154,16.872400000,0.455200000
2155,16.444300000,0.907300000
2156,16.773400000,0.418800000
2157,16.721400000,0.432300000
2158,15.515600000,0.202100000
2159,18.040600000,0.376000000
2160,15.657300000,0.326000000
2161,16.802100000,0.218700000
2162,16.603700000,0.231300000
2163,18.524400000,0.955200000
2164,14.729700000,0.385400000
2165,19.475000000,0.850000000
2166,13.681800000,0.322900000
2167,16.895300000,0.120300000
2168,16.886500000,0.516200000
2169,17.383800000,0.652100000
2170,16.043300000,0.533300000
2171,17.977600000,1.560400000
2172,16.000500000,0.517200000
2173,16.372900000,0.259900000
2174,17.210900000,0.884900000
2175,16.311500000,0.250000000
2176,15.612500000,0.271900000
2177,17.510400000,0.613600000
2178,16.810400000,0.510400000
2179,16.142700000,0.682300000
2180,16.756300000,0.408400000
2181,17.202600000,0.521900000
2182,15.502100000,0.194800000
2183,16.712500000,0.314500000
2184,16.609300000,0.266600000
2185,17.099500000,0.567700000
2186,16.620300000,0.269300000
2187,17.226100000,0.283900000
2188,16.799500000,0.500500000
2189,15.613000000,0.261000000
2190,17.007800000,0.671400000
2191,17.014100000,0.529200000
2192,16.702000000,0.299500000
2193,19.920300000,2.899500000
2194,12.558900000,0.200500000
2195,18.197900000,0.722400000
2196,15.790600000,0.376500000
2197,16.570900000,0.209900000
2198,16.666100000,0.335400000
2199,17.544300000,0.680200000
2200,15.660400000,0.299500000
2201,17.895800000,0.436400000
2202,15.605800000,0.243700000
2203,17.346800000,0.840100000
2204,15.623500000,0.343200000
2205,16.716100000,0.313000000
2206,16.791700000,0.454700000
2207,16.610400000,0.220800000
2208,17.096900000,0.621800000
2209,16.718700000,0.240100000
2210,17.552600000,0.968800000
2211,15.513600000,0.209400000
2212,16.566100000,0.230700000
2213,16.895300000,0.539600000
2214,16.951600000,0.499000000
2215,16.966200000,0.435400000
2216,17.572300000,0.187500000
2217,15.393300000,0.682300000
2218,16.676000000,0.277100000
2219,16.959400000,0.192700000
2220,15.804200000,0.380700000
2221,19.535900000,0.534900000
2222,13.633900000,0.130800000
2223,16.869700000,0.506200000
2224,16.598500000,0.224500000
2225,16.910400000,0.525600000
2226,16.765100000,0.303700000
2227,19.287500000,1.859400000
2228,13.530200000,0.217700000
2229,17.032300000,0.189100000
2230,16.731800000,0.293700000
2231,17.084300000,0.628100000
2232,16.789600000,0.433300000
2233,15.981800000,0.432800000
2234,16.759400000,0.310500000
2235,19.146300000,1.660900000
2236,14.617700000,0.283300000
2237,17.023000000,0.157900000
2238,16.208800000,0.655700000
2239,16.801600000,0.454100000
2240,16.636400000,0.339500000
2241,16.721900000,0.117200000
2242,16.575500000,0.243800000
2243,17.406800000,0.788600000
2244,15.785900000,0.359900000
2245,16.665700000,0.231300000
2246,16.497900000,0.180700000
2247,17.304100000,0.779700000
2248,15.510500000,0.214100000
2249,16.654100000,0.278600000
2250,16.645300000,0.213600000
2251,17.205800000,0.827100000
2252,16.632800000,0.325600000
2253,17.769300000,0.532800000
2254,15.501500000,0.173400000
2255,16.829700000,0.462500000
2256,16.890100000,0.475000000
2257,17.041700000,0.434400000
2258,15.562000000,0.240100000
2259,17.514000000,0.274000000
2260,16.690100000,0.359900000
2261,17.128100000,0.739600000
2262,15.809400000,0.345300000
2263,18.656800000,0.220800000
2264,14.541700000,0.235500000
2265,19.203600000,0.423000000
2266,14.743800000,0.423900000
2267,16.439500000,0.718200000
2268,16.517200000,0.197400000
2269,16.788000000,0.118800000
2270,16.746900000,0.435900000
2271,17.259400000,0.718800000
2272,15.796900000,0.436400000
2273,17.000500000,0.656200000
2274,16.617200000,0.239100000
2275,16.860400000,0.376600000
2276,15.566700000,0.236400000
2277,18.377600000,0.381300000
2278,15.727000000,0.335400000
2279,17.496900000,0.917200000
2280,15.701100000,0.288500000
2281,16.979100000,0.283300000
2282,16.713600000,0.406300000
2283,17.831200000,1.028100000
2284,14.579200000,0.211500000
2285,16.976600000,0.577600000
2286,16.983800000,0.603700000
2287,17.099500000,0.680700000
2288,16.038000000,0.690700000
2289,18.729700000,0.246900000
2290,14.702600000,0.326600000
2291,16.731200000,0.220300000
2292,16.651100000,0.278100000
2293,16.917200000,0.419300000
2294,16.746900000,0.420900000
2295,17.198900000,0.531700000
2296,15.925000000,0.542700000
2297,17.059900000,0.263000000
2298,15.666200000,0.272400000
2299,20.253100000,0.142200000
2300,23.242700000,6.873000000
2301,7.853100000,0.951500000
2302,15.612000000,0.316700000
2303,17.569300000,0.933900000
2304,15.608300000,0.326100000
2305,18.342700000,1.482800000
2306,17.617700000,1.245300000
2307,15.101600000,0.429600000
2308,15.501000000,0.196800000
2309,17.517200000,0.387500000
2310,15.793200000,0.465600000
2311,16.952600000,0.547400000
2312,16.909900000,0.573400000
2313,16.724500000,0.195300000
2314,16.579700000,0.238600000
2315,17.175000000,0.356300000
2316,15.673400000,0.291700000
2317,17.156800000,0.349400000
2318,17.031800000,0.499500000
2319,17.617200000,0.311000000
2320,21.047400000,2.622900000
2321,12.614000000,1.365600000
2322,14.902100000,0.126000000
2323,16.933900000,0.414600000
2324,16.648400000,0.217700000
2325,17.866700000,1.010900000
2326,15.540600000,0.211500000
2327,18.063500000,0.580200000
2328,14.563100000,0.269700000
2329,16.776500000,0.311900000
2330,16.616200000,0.232900000
2331,16.835400000,0.346300000
2332,16.663000000,0.314600000
2333,18.700000000,0.252100000
2334,14.720800000,0.339600000
2335,17.187000000,0.518300000
2336,15.633900000,0.228100000
2337,17.937500000,0.541200000
2338,15.682300000,0.271800000
2339,16.583800000,0.239100000
2340,18.349500000,0.132300000
2341,16.786400000,1.180200000
2342,15.600000000,0.225600000
2343,17.101600000,0.537500000
2344,15.482800000,0.181200000
2345,16.511000000,0.212500000
2346,18.168700000,0.793200000
2347,16.291200000,0.721900000
2348,15.509900000,0.202600000
2349,17.882800000,0.462000000
2350,15.473400000,0.180200000
2351,18.366100000,0.766700000
2352,15.806800000,0.463000000
2353,17.084400000,0.645800000
2354,15.965100000,0.506300000
2355,19.243200000,1.844800000
2356,13.624000000,0.328600000
2357,17.062000000,0.627100000
2358,16.816100000,0.446400000
2359,19.119800000,0.566700000
2360,13.688500000,0.307300000
2361,16.578200000,0.238100000
2362,16.602100000,0.261400000
2363,17.859300000,0.495300000
2364,15.522900000,0.200600000
2365,18.689600000,0.949500000
2366,14.516200000,0.215700000
2367,20.690600000,0.243800000
2368,13.495300000,0.212000000
2369,16.482300000,0.178600000
2370,16.584400000,0.301600000
2371,18.270300000,1.407300000
2372,14.987000000,0.276500000
2373,17.298900000,0.587500000
2374,15.593800000,0.203200000
2375,17.914000000,0.400000000
2376,16.116200000,0.565600000
2377,16.958300000,0.381300000
2378,17.466200000,1.029600000
2379,16.037500000,0.527600000
2380,15.990100000,0.164600000
2381,17.550500000,0.383900000
2382,16.172400000,0.811000000
2383,17.686400000,0.954100000
2384,15.636000000,0.332800000
2385,16.727100000,0.304700000
2386,17.751000000,1.246900000
2387,16.260900000,0.776500000
2388,15.635500000,0.258300000
2389,16.794800000,0.278100000
2390,16.863000000,0.440100000
2391,16.718700000,0.259400000
2392,16.509900000,0.198400000
2393,17.136000000,0.459400000
2394,15.797400000,0.318200000
2395,20.332800000,3.052100000
2396,13.926000000,0.184400000
2397,15.778700000,0.306200000
2398,17.076000000,0.734400000
2399,16.790100000,0.309400000
2400,16.893200000,0.286500000
2401,16.154700000,0.185400000
2402,16.918800000,0.367200000
2403,17.178600000,0.534900000
2404,15.657800000,0.326000000
2405,16.805200000,0.474500000
2406,17.053700000,0.487500000
2407,16.894800000,0.389100000
2408,15.579700000,0.236900000
2409,17.382800000,0.825500000
2410,16.821800000,0.468700000
2411,17.199000000,0.750500000
2412,15.716100000,0.385900000
2413,16.652100000,0.262500000
2414,16.591700000,0.247900000
2415,17.904700000,0.716600000
2416,15.527600000,0.230700000
2417,17.232800000,0.783900000
2418,16.367700000,0.314600000
2419,17.146900000,0.354700000
2420,15.558800000,0.212500000
2421,17.544800000,0.268700000
2422,16.194300000,0.171900000
2423,17.073400000,0.479200000
2424,15.759400000,0.323400000
2425,17.406300000,1.011000000
2426,16.865600000,0.298900000
2427,16.582300000,0.235400000
2428,16.497900000,0.200000000
2429,17.626000000,1.025500000
2430,17.130800000,1.542100000
2431,14.755700000,0.449000000
2432,16.610400000,0.198900000
2433,18.654700000,0.944300000
2434,14.559900000,0.267700000
2435,17.688000000,0.192200000
2436,15.802100000,0.482300000
2437,17.593200000,1.198500000
2438,15.777600000,0.152600000
2439,16.728200000,0.328100000
2440,16.495800000,0.213500000
2441,16.997400000,0.642200000
2442,16.959400000,0.525500000
2443,16.704100000,0.308800000
2444,17.364100000,0.264100000
2445,16.545300000,0.256800000
2446,15.589100000,0.263600000
2447,16.697400000,0.224500000
2448,16.698900000,0.277100000
2449,16.951600000,0.421400000
2450,17.014600000,0.482300000
2451,17.057800000,0.492200000
2452,15.855200000,0.475000000
2453,17.523400000,1.090100000
2454,15.902100000,0.310400000
2455,17.272400000,0.160900000
2456,15.532300000,0.219800000
2457,16.818200000,0.391600000
2458,16.556300000,0.241200000
2459,16.809900000,0.469700000
2460,16.623400000,0.237500000
2461,16.775500000,0.257300000
2462,16.671900000,0.283900000
2463,20.126600000,0.249500000
2464,13.529100000,0.228100000
2465,16.803700000,0.378700000
2466,16.668200000,0.149500000
2467,16.810900000,0.434400000
2468,15.911500000,0.567200000
2469,17.937000000,0.163600000
2470,15.593200000,0.221900000
2471,19.542200000,0.863000000
2472,13.864100000,0.315100000
2473,17.098400000,0.489100000
2474,16.945800000,0.537000000
2475,15.703200000,0.294800000
2476,16.537500000,0.229200000
2477,17.625000000,0.914100000
2478,15.607300000,0.229600000
2479,17.387500000,1.008900000
2480,16.746800000,0.410900000
2481,16.866200000,0.390100000
2482,15.653600000,0.263000000
2483,17.467700000,0.244800000
2484,16.584400000,0.192200000
2485,16.986500000,0.182300000
2486,16.286900000,0.153100000
2487,17.358400000,0.206800000
2488,15.640600000,0.335400000
2489,16.683900000,0.339600000
2490,16.837500000,0.285400000
2491,16.842100000,0.391700000
2492,17.150600000,0.741100000
2493,15.965600000,0.591100000
2494,16.678100000,0.332800000
2495,16.827600000,0.480700000
2496,16.911500000,0.493700000
2497,16.732800000,0.300000000
2498,16.845300000,0.462000000
2499,15.961500000,0.576600000
2500,17.078100000,0.567200000
2501,17.382300000,0.514600000
2502,16.001500000,0.688500000
2503,19.474500000,0.527100000
2504,13.646900000,0.356800000
2505,16.468200000,0.198400000
2506,16.680200000,0.360900000
2507,16.612000000,0.195900000
2508,16.770800000,0.362500000
2509,18.123000000,0.785900000
2510,14.600000000,0.245900000
2511,18.733800000,0.215100000
2512,14.479700000,0.100000000
2513,17.717700000,0.320400000
2514,17.021400000,0.614600000
2515,15.854600000,0.260900000
2516,16.817200000,0.421800000
2517,18.109900000,0.242700000
2518,14.573500000,0.096900000
2519,17.958300000,0.206800000
2520,15.634400000,0.337000000
2521,17.241600000,0.892200000
2522,16.791200000,0.389100000
2523,19.571900000,2.238000000
2524,13.981200000,0.555200000
2525,16.230700000,0.120400000
2526,16.675000000,0.322400000
2527,17.231300000,0.420800000
2528,15.586500000,0.306700000
2529,17.691600000,0.613100000
2530,16.119300000,0.545800000
2531,17.017700000,0.696900000
2532,16.704200000,0.293700000
2533,16.425000000,0.612000000
2534,16.837500000,0.511000000
2535,16.660400000,0.253600000
2536,17.359900000,0.514600000
2537,15.900000000,0.218300000
2538,16.851500000,0.505200000
2539,16.143800000,0.295300000
2540,16.537500000,0.180700000
2541,19.134900000,0.314100000
2542,14.485900000,0.176500000
2543,18.644800000,2.299000000
2544,14.757300000,0.367200000
2545,17.016200000,0.566100000
2546,15.644700000,0.353200000
2547,16.580300000,0.228100000
2548,16.747900000,0.446400000
2549,17.011900000,0.219200000
2550,16.615200000,0.271800000
2551,17.127600000,0.545900000
2552,16.815100000,0.469200000
2553,18.995300000,1.643200000
2554,13.581200000,0.226500000
2555,16.844800000,0.218200000
2556,16.627600000,0.283900000
2557,17.444300000,1.122400000
2558,15.980200000,0.568200000
2559,16.689600000,0.246400000
2560,16.677100000,0.361500000
2561,20.509300000,3.859900000
2562,13.383400000,0.724000000
2563,15.756200000,0.412000000
2564,16.520300000,0.192200000
2565,23.066700000,0.414100000
2566,10.765600000,0.446400000
2567,19.241200000,0.466200000
2568,13.556700000,0.210900000
2569,19.117800000,0.206200000
2570,14.686400000,0.331800000
2571,16.730700000,0.288000000
2572,16.750000000,0.283300000
2573,18.390100000,1.189100000
2574,15.865700000,0.865600000
2575,17.311400000,0.948000000
2576,14.816200000,0.515100000
2577,16.612500000,0.278200000
2578,16.791600000,0.428100000
2579,16.940700000,0.508900000
2580,16.837500000,0.439000000
2581,21.846800000,5.319300000
2582,12.184400000,0.809900000
2583,16.642200000,0.500000000
2584,15.865100000,0.217700000
2585,16.832300000,0.469300000
2586,16.836500000,0.517700000
2587,18.301000000,2.868300000
2588,14.693200000,0.289600000
2589,19.274000000,1.351600000
2590,13.703100000,0.360900000
2591,16.788000000,0.244300000
2592,18.958900000,1.767700000
2593,14.783300000,0.368200000
2594,16.458400000,0.097300000
2595,17.736900000,0.698400000
2596,15.578200000,0.281800000
2597,16.721300000,0.292700000
2598,16.621900000,0.273900000
2599,16.810400000,0.371400000
2600,17.303600000,0.960400000
2601,15.551600000,0.128600000
2602,16.718800000,0.405700000
2603,17.116100000,0.194800000
2604,16.547400000,0.196400000
2605,16.116700000,0.253600000
2606,16.638500000,0.354200000
2607,16.752100000,0.259400000
2608,16.518200000,0.219300000
2609,16.576600000,0.208400000
2610,20.278100000,2.555200000
2611,13.883900000,0.392200000
2612,24.803600000,8.292200000
2613,10.720300000,2.108300000
2614,13.748500000,0.315700000
2615,16.816600000,0.467700000
2616,16.629700000,0.262000000
2617,17.200000000,0.367200000
2618,16.516200000,0.204700000
2619,16.761400000,0.403100000
2620,16.681300000,0.252100000
2621,19.542700000,0.264100000
2622,13.658300000,0.266100000
2623,17.256800000,0.598500000
2624,15.616100000,0.233800000
2625,16.647900000,0.234400000
2626,16.674000000,0.312000000
2627,16.672900000,0.276600000
2628,16.742200000,0.342700000
2629,16.896900000,0.320800000
2630,17.460900000,0.901600000
2631,15.746400000,0.283300000
2632,16.835900000,0.479700000
2633,17.323400000,0.941100000
2634,15.521400000,0.221400000
2635,17.718200000,0.278600000
2636,17.130200000,0.145300000
2637,15.823000000,0.489100000
2638,16.855200000,0.541200000
2639,16.828600000,0.278100000
2640,16.982800000,0.277100000
2641,16.102600000,0.204200000
2642,16.630800000,0.248900000
2643,17.727000000,0.332800000
2644,15.793800000,0.453100000
2645,16.835400000,0.249000000
2646,15.757800000,0.360900000
2647,17.408900000,0.393700000
2648,17.013000000,0.684400000
2649,16.825000000,1.479700000
2650,15.472900000,0.200000000
2651,16.584400000,0.232300000
2652,16.652600000,0.270300000
2653,17.061400000,0.651600000
2654,17.678700000,0.503200000
2655,15.810900000,0.336400000
2656,17.161500000,0.587500000
2657,16.121300000,0.767700000
2658,16.809400000,0.299000000
2659,18.566700000,0.274400000
2660,14.676000000,0.306200000
2661,17.433900000,0.935400000
2662,15.742200000,0.335400000
2663,16.689600000,0.234900000
2664,16.528600000,0.204700000
2665,17.439600000,0.746900000
2666,15.542700000,0.207800000
2667,18.106200000,0.678600000
2668,15.582900000,0.250000000
2669,16.913500000,0.303700000
2670,16.715600000,0.317200000
2671,17.216700000,0.523500000
2672,15.546900000,0.253100000
2673,17.282300000,0.758300000
2674,16.550000000,0.246300000
2675,16.667700000,0.223400000
2676,16.578600000,0.260900000
2677,17.072400000,0.327100000
2678,17.551600000,0.182300000
2679,17.989000000,0.853100000
2680,13.592700000,0.254200000
2681,16.676100000,0.224500000
2682,16.685900000,0.370300000
2683,16.583300000,0.248400000
2684,17.920400000,0.565600000
2685,15.854600000,0.479700000
2686,16.832900000,0.474500000
2687,16.756200000,0.273500000
2688,16.505700000,0.198900000
2689,18.077100000,1.527000000
2690,16.382300000,0.832800000
2691,16.430700000,0.857300000
2692,16.334900000,0.461900000
2693,16.881300000,1.537500000
2694,15.710400000,0.312500000
2695,20.028100000,2.429200000
2696,14.993300000,2.040600000
2697,14.609300000,0.230200000
2698,17.684400000,0.403600000
2699,17.331800000,0.368800000
2700,15.663500000,0.340600000
2701,16.668800000,0.283300000
2702,17.514000000,1.047400000
2703,18.129700000,2.406800000
2704,14.685400000,0.296900000
2705,17.007300000,0.446900000
2706,15.709900000,0.343700000
2707,17.686000000,0.876000000
2708,16.815600000,1.284900000
2709,15.823900000,0.419700000
2710,16.668300000,0.358900000
2711,16.654100000,0.154700000
2712,16.727100000,0.381700000
2713,16.743300000,0.252700000
2714,17.052600000,0.673900000
2715,16.152000000,0.738000000
2716,16.881300000,0.556800000
2717,17.453100000,1.072900000
2718,15.637500000,0.272400000
2719,19.933400000,0.481200000
2720,13.611400000,0.279200000
2721,17.423400000,0.710400000
2722,15.859900000,0.518700000
2723,17.711500000,0.746900000
2724,16.228100000,0.152100000
2725,17.177100000,0.714100000
2726,15.551600000,0.264100000
2727,16.834900000,0.365600000
2728,16.578600000,0.220800000
2729,17.058300000,0.621300000
2730,15.648500000,0.232800000
2731,16.845800000,0.440100000
2732,16.736000000,0.395800000
2733,16.970800000,0.271800000
2734,16.638500000,0.109300000
2735,17.762500000,0.177600000
2736,15.641200000,0.363100000
2737,18.050000000,1.336000000
2738,14.509900000,0.204200000
2739,16.693700000,0.339100000
2740,16.821900000,0.460900000
2741,16.755700000,0.271900000
2742,18.134900000,0.927100000
2743,17.651100000,0.122400000
2744,14.560400000,0.286000000
2745,17.448400000,1.135500000
2746,15.572400000,0.219200000
2747,16.833300000,0.512500000
2748,16.659900000,0.341600000
2749,16.859400000,0.391700000
2750,17.188000000,0.806300000
2751,15.521400000,0.224000000
2752,16.682800000,0.331300000
2753,16.568200000,0.255700000
2754,17.176100000,0.286400000
2755,16.701000000,0.259400000
2756,16.571400000,0.231800000
2757,17.350000000,0.995300000
2758,15.828600000,0.216700000
2759,16.786000000,0.153600000
2760,16.778600000,0.352100000
2761,19.926600000,1.923900000
2762,13.537500000,0.215100000
2763,19.540100000,0.291100000
2764,14.254100000,0.477600000
2765,15.701600000,0.373400000
2766,17.078600000,0.568200000
2767,16.736000000,0.139100000
2768,16.534400000,0.207800000
2769,19.260900000,0.452600000
2770,13.766700000,0.337500000
2771,16.926000000,0.493800000
2772,16.794300000,0.275000000
2773,17.136900000,0.454100000
2774,15.830800000,0.515100000
2775,17.506700000,0.910400000
2776,15.644300000,0.184900000
2777,18.764100000,0.193200000
2778,15.085400000,0.332800000
2779,17.458300000,0.886400000
2780,15.851600000,0.793200000
2781,16.879700000,0.281300000
2782,16.771900000,0.442700000
2783,17.102000000,0.712500000
2784,15.811500000,0.432800000
2785,16.726600000,0.238600000
2786,16.789500000,0.232800000
2787,16.923000000,0.615600000
2788,16.749400000,0.410900000
2789,17.167200000,0.306800000
2790,15.700500000,0.250000000
2791,19.705300000,0.358800000
2792,13.588000000,0.214600000
2793,18.657800000,2.271400000
2794,14.602100000,0.309900000
2795,17.031200000,0.640100000
2796,16.959900000,0.577100000
2797,17.802600000,2.371400000
2798,14.725000000,0.336500000
2799,18.869300000,0.559900000
2800,15.142700000,0.866100000
2801,16.753600000,0.240100000
2802,15.631300000,0.278700000
2803,18.566700000,0.936000000
2804,15.925500000,0.549000000
2805,16.965100000,0.293200000
2806,15.713000000,0.370800000
2807,16.735400000,0.252600000
2808,16.770900000,0.426600000
2809,19.563500000,0.320900000
2810,13.424500000,0.153600000
2811,18.462000000,0.138000000
2812,14.577000000,0.194800000
2813,16.593300000,0.251500000
2814,18.293200000,0.547900000
2815,17.010900000,0.665600000
2816,15.702600000,0.429600000
2817,17.220900000,0.281200000
2818,15.598900000,0.290600000
2819,16.717200000,0.306200000
2820,16.642200000,0.286500000
2821,18.321900000,1.041200000
2822,14.642200000,0.283300000
2823,17.257800000,0.729200000
2824,16.609900000,0.320900000
2825,16.815600000,0.473500000
2826,16.739100000,0.414100000
2827,16.896300000,0.417700000
2828,15.948500000,0.509900000
2829,16.992700000,0.539600000
2830,16.636900000,0.259900000
2831,17.590700000,0.357300000
2832,15.601000000,0.242700000
2833,18.148500000,0.176500000
2834,14.708300000,0.406300000
2835,19.172900000,2.405700000
2836,14.135900000,0.256300000
2837,20.658900000,3.912500000
2838,13.154700000,0.588600000
2839,17.484400000,0.415200000
2840,15.809300000,0.449500000
2841,16.811500000,0.164100000
2842,16.762500000,0.423400000
2843,17.060900000,0.662000000
2844,15.631800000,0.259400000
2845,16.667200000,0.189600000
2846,16.610900000,0.302000000
2847,16.901100000,0.547900000
2848,16.793700000,0.458900000
2849,16.748500000,0.138000000
2850,16.776500000,0.259900000
2851,17.374000000,0.669300000
2852,15.831700000,0.434900000
2853,17.194300000,0.443700000
2854,16.684400000,0.404700000
2855,16.929700000,0.538600000
2856,15.567200000,0.229700000
2857,22.699400000,2.777000000
2858,10.499000000,0.207300000
2859,18.141700000,1.753200000
2860,16.237500000,0.729600000
2861,15.559300000,0.197400000
2862,17.999000000,0.645900000
2863,15.614100000,0.235900000
2864,16.851000000,0.251600000
2865,24.933900000,0.729700000
2866,14.988500000,5.864600000
2867,11.721400000,1.814600000
2868,14.892700000,0.139100000
2869,17.279100000,0.217700000
2870,16.552600000,0.252100000
2871,17.445300000,0.784900000
2872,15.683400000,0.287000000
2873,17.210900000,0.749500000
2874,15.757300000,0.305200000
2875,17.296900000,0.987000000
2876,16.806200000,0.477100000
2877,18.258900000,1.838100000
2878,14.852600000,0.437000000
2879,17.007800000,0.344300000
2880,15.562000000,0.222400000
2881,18.030700000,0.467700000
2882,15.697400000,0.357800000
2883,21.113600000,3.236400000
2884,12.487500000,0.180200000
2885,17.087500000,0.550000000
2886,15.582200000,0.248900000
2887,17.988100000,0.110400000
2888,15.691100000,0.368700000
2889,16.762000000,0.393800000
2890,16.563000000,0.255700000
2891,17.476100000,1.174500000
2892,15.881200000,0.476100000
2893,17.358900000,0.544200000
2894,15.627000000,0.271900000
2895,16.575000000,0.219800000
2896,17.629700000,0.284900000
2897,17.493800000,0.883300000
2898,15.850000000,0.489600000
2899,16.948400000,0.465600000
2900,15.672400000,0.294800000
2901,18.091200000,0.706800000
2902,15.717700000,0.324400000
2903,17.307300000,0.537500000
2904,15.880200000,0.243200000
2905,17.205200000,0.113600000
2906,15.509300000,0.207800000
2907,18.171400000,0.678100000
2908,15.505700000,0.185400000
2909,16.835400000,0.459400000
2910,16.826600000,0.449500000
2911,17.278700000,0.242700000
2912,15.596800000,0.259300000
2913,19.154200000,0.574400000
2914,14.578100000,0.225500000
2915,16.665600000,0.285900000
2916,16.687000000,0.308800000
2917,16.841700000,0.380700000
2918,16.968700000,0.680200000
2919,17.384400000,0.810400000
2920,15.926100000,0.416200000
2921,17.230700000,0.622400000
2922,15.881800000,0.491600000
2923,16.845800000,0.231300000
2924,16.632300000,0.289100000
2925,17.028100000,0.459900000
2926,15.969800000,0.628200000
2927,21.535400000,0.980700000
2928,12.284900000,0.883800000
2929,15.489100000,0.197900000
2930,17.670300000,0.267200000
2931,17.164600000,0.625500000
2932,15.540600000,0.201000000
2933,16.728100000,0.415100000
2934,16.649000000,0.301600000
2935,16.932300000,0.543700000
2936,16.827100000,0.441600000
2937,16.880700000,0.366200000
2938,16.595300000,0.273500000
2939,16.965100000,0.271400000
2940,15.593800000,0.224500000
2941,19.901000000,0.429100000
2942,13.587000000,0.291200000
2943,16.929100000,0.536500000
2944,17.011000000,0.553200000
2945,18.245800000,1.062000000
2946,14.645300000,0.340600000
2947,18.428100000,1.266100000
2948,14.692800000,0.359400000
2949,16.727000000,0.413500000
2950,16.619300000,0.251100000
2951,16.992700000,0.528700000
2952,16.770900000,0.361400000
2953,19.261400000,2.889600000
2954,14.816700000,1.185500000
2955,17.991100000,0.234400000
2956,14.607800000,0.308300000
2957,16.837500000,0.476600000
2958,18.170300000,0.489100000
2959,14.721400000,0.371900000
2960,16.630200000,0.238600000
2961,18.565100000,2.118800000
2962,14.571900000,0.274400000
2963,17.801600000,1.361000000
2964,15.766600000,0.289100000
2965,17.031300000,0.442200000
2966,16.578100000,0.244800000
2967,17.171900000,0.382200000
2968,15.680200000,0.378200000
2969,16.881700000,0.534900000
2970,16.510500000,0.192700000
2971,17.618700000,0.680700000
2972,16.677600000,0.115600000
2973,15.732300000,0.409400000
2974,17.050500000,0.714000000
2975,16.622400000,0.258300000
2976,16.654700000,0.239600000
2977,17.079200000,0.560900000
2978,15.641600000,0.280200000
2979,18.038100000,0.489000000
2980,15.591100000,0.237000000
2981,16.868800000,0.505200000
2982,16.809900000,0.247400000
2983,16.575000000,0.189600000
2984,16.570300000,0.228100000
2985,18.845300000,1.791200000
2986,14.620300000,0.298000000
2987,18.222900000,0.172400000
2988,15.363600000,1.009900000
2989,16.679600000,0.285900000
2990,17.137000000,0.690700000
2991,16.465100000,0.618300000
2992,18.622900000,2.801000000
2993,13.634400000,0.210900000
2994,16.530700000,0.138600000
2995,18.844800000,0.994800000
2996,14.971900000,0.176100000
2997,17.318200000,0.623500000
2998,15.675000000,0.316700000
2999,16.490100000,0.190100000
3000,17.674500000,0.264600000
3001,19.147900000,2.581700000
3002,13.721400000,0.223400000
3003,17.343700000,0.916200000
3004,15.631300000,0.299500000
3005,17.056800000,0.430200000
3006,16.853600000,0.469300000
3007,19.529700000,0.282900000
3008,13.591100000,0.242200000
3009,17.002100000,0.348900000
3010,16.597900000,0.290100000
3011,17.917200000,1.011400000
3012,20.507800000,0.272900000
3013,13.322400000,0.333800000
3014,15.591700000,1.090100000
3015,17.324500000,0.497400000
3016,15.567200000,0.236500000
3017,17.468700000,0.750000000
3018,15.538000000,0.229600000
3019,17.458900000,0.736500000
3020,15.571400000,0.209400000
3021,21.559900000,1.987500000
3022,11.584800000,0.248500000
3023,16.605800000,0.235400000
3024,16.539000000,0.216600000
3025,17.717200000,0.271400000
3026,16.782800000,0.434400000
3027,15.639100000,0.327100000
3028,16.705700000,0.357200000
3029,16.937000000,0.502100000
3030,16.496400000,0.181300000
3031,17.158300000,0.237000000
3032,16.872900000,0.546900000
3033,16.567700000,0.203600000
3034,16.713000000,0.406800000
3035,21.176600000,4.668300000
3036,11.918200000,0.534900000
3037,17.319800000,0.306700000
3038,17.089100000,0.608300000
3039,15.934900000,0.539100000
3040,16.715600000,0.363500000
3041,17.112000000,0.706700000
3042,15.701000000,0.378600000
3043,17.017700000,0.196900000
3044,16.939600000,0.559400000
3045,15.697900000,0.308300000
3046,16.706300000,0.353700000
3047,16.627100000,0.195800000
3048,16.835400000,0.456300000
3049,16.760900000,0.251600000
3050,16.861500000,0.497900000
3051,18.157300000,1.757300000
3052,14.793200000,0.433900000
3053,18.998400000,0.592700000
3054,14.664600000,0.273400000
3055,16.713600000,0.283800000
3056,17.990100000,1.567700000
3057,16.959300000,1.540100000
3058,14.683900000,0.336500000
3059,19.849000000,2.214000000
3060,13.552600000,0.218800000
3061,17.017200000,0.494300000
3062,16.738000000,0.223500000
3063,16.754100000,0.427600000
3064,16.550000000,0.210500000
3065,16.995400000,0.606700000
3066,15.792100000,0.299500000
3067,17.091200000,0.813600000
3068,18.196300000,0.560400000
3069,14.521400000,0.203100000
3070,17.613000000,0.296300000
3071,16.562000000,0.239600000
3072,16.644300000,0.334900000
3073,17.136400000,0.297400000
3074,16.046400000,0.282800000
3075,17.435400000,0.993200000
3076,15.592700000,0.236500000
3077,16.760900000,0.272400000
3078,16.789600000,0.419300000
3079,18.978700000,0.406700000
3080,14.550500000,0.232300000
3081,17.484900000,0.382300000
3082,15.529200000,0.233300000
3083,16.663000000,0.282300000
3084,19.127100000,1.540600000
3085,18.776000000,0.706700000
3086,12.815600000,0.208800000
3087,16.158400000,0.709900000
3088,16.712500000,0.383400000
3089,16.706200000,0.351600000
3090,16.681300000,0.301100000
3091,20.082200000,3.522900000
3092,12.530300000,0.213500000
3093,18.845800000,0.380200000
3094,14.658800000,0.379200000
3095,18.692200000,2.329700000
3096,16.255800000,0.302000000
3097,16.082800000,0.214600000
3098,15.569200000,0.258300000
3099,16.625000000,0.175000000
3100,16.655800000,0.350600000
3101,16.860400000,0.486000000
3102,16.813500000,0.453100000
3103,17.393800000,0.454700000
3104,15.613000000,0.267700000
3105,19.291100000,2.793800000
3106,14.606300000,0.238500000
3107,16.994800000,0.653600000
3108,16.605200000,0.242700000
3109,17.115600000,0.393300000
3110,15.606800000,0.250500000
3111,16.767200000,0.227100000
3112,16.752600000,0.424000000
3113,16.740600000,0.241700000
3114,17.160900000,0.551000000
3115,17.724000000,1.349000000
3116,14.791700000,0.379700000
3117,18.721300000,2.396900000
3118,14.595300000,0.229100000
3119,17.321900000,0.289100000
3120,16.977600000,0.472900000
3121,17.975500000,2.429700000
3122,14.475000000,0.180800000
3123,17.331800000,0.195800000
3124,16.489100000,0.182300000
3125,16.887500000,0.377600000
3126,17.095800000,0.308900000
3127,17.469800000,1.613500000
3128,14.613500000,0.183400000
3129,17.001100000,0.675000000
3130,16.609400000,0.316700000
3131,16.660400000,0.321300000
3132,16.806700000,0.423400000
3133,16.592200000,0.250500000
3134,16.605800000,0.271800000
3135,16.726000000,0.183300000
3136,16.827600000,0.415100000
3137,16.808300000,0.277100000
3138,16.657300000,0.150000000
3139,16.808900000,0.341200000
3140,17.317700000,0.919300000
3141,17.318700000,1.774400000
3142,14.755800000,0.341200000
3143,16.710900000,0.215600000
3144,17.179700000,0.767700000
3145,16.992700000,0.545400000
3146,15.727600000,0.247900000
3147,17.078100000,0.626600000
3148,17.058400000,0.164600000
3149,15.526500000,0.231200000
3150,17.813100000,0.480700000
3151,15.916100000,0.292700000
3152,18.144800000,0.200000000
3153,15.971900000,0.648000000
3154,15.476500000,0.180700000
3155,19.159900000,0.199500000
3156,14.705200000,0.382300000
3157,16.600600000,0.234800000
3158,16.662500000,0.279100000
3159,20.495800000,1.708300000
3160,13.475000000,0.865100000
3161,16.662500000,0.238100000
3162,16.033800000,0.654700000
3163,16.660500000,0.289600000
3164,16.827000000,0.467700000
3165,17.648500000,0.930300000
3166,15.867200000,0.498400000
3167,16.726500000,0.314100000
3168,16.672400000,0.336400000
3169,16.969800000,0.590700000
3170,15.605700000,0.255700000
3171,17.603700000,0.319200000
3172,16.629700000,0.334400000
3173,16.663500000,0.279700000
3174,16.679700000,0.321900000
3175,16.893200000,0.508400000
3176,15.951100000,0.163000000
3177,17.251500000,0.727100000
3178,15.516700000,0.195800000
3179,19.017700000,0.366100000
3180,15.030700000,0.142200000
3181,16.604700000,0.237000000
3182,16.600600000,0.280700000
3183,17.296800000,0.758900000
3184,15.654200000,0.154200000
3185,17.425500000,0.914100000
3186,17.560400000,0.243200000
3187,15.754200000,0.428200000
3188,16.632300000,0.349500000
3189,17.352600000,0.891700000
3190,15.636500000,0.272400000
3191,17.055700000,0.594800000
3192,16.819300000,0.467200000
3193,16.909800000,0.545900000
3194,15.750600000,0.352600000
3195,16.731200000,0.351500000
3196,16.568800000,0.233800000
3197,16.917700000,0.525000000
3198,16.578100000,0.284900000
3199,17.231800000,0.148500000
3200,16.670300000,0.219800000
3201,16.539000000,0.222400000
3202,16.786000000,0.319800000
3203,17.193200000,0.490100000
3204,15.656800000,0.355800000
3205,16.698400000,0.277600000
3206,16.689600000,0.324000000
3207,18.919300000,0.306300000
3208,14.501500000,0.218700000
3209,16.627100000,0.282800000
3210,16.645900000,0.280200000
3211,17.271300000,0.274400000
3212,17.845800000,1.228100000
3213,15.033400000,0.245900000
3214,17.921300000,1.598400000
3215,15.796400000,0.272400000
3216,15.780200000,0.368800000
3217,16.599000000,0.202600000
3218,17.799400000,0.198400000
3219,15.941700000,0.299500000
3220,16.610400000,0.234900000
3221,16.827600000,0.403200000
3222,16.807800000,0.296800000
3223,17.744300000,1.380200000
3224,15.722900000,0.412000000
3225,20.652100000,1.019800000
3226,12.495300000,0.187000000
3227,17.231300000,0.359900000
3228,16.303600000,0.217200000
3229,16.764100000,0.400000000
3230,16.490100000,0.559400000
3231,20.955200000,4.608400000
3232,17.903600000,5.128600000
3233,12.672900000,0.372400000
3234,14.622400000,0.325000000
3235,16.709900000,0.317200000
3236,17.480800000,0.657800000
3237,15.870800000,0.493800000
3238,16.706800000,0.204200000
3239,17.129100000,0.464600000
3240,16.748500000,0.443800000
3241,16.534900000,0.155200000
3242,16.822400000,0.517700000
3243,15.930700000,0.574500000
3244,18.870300000,1.232300000
3245,14.548400000,0.210900000
3246,24.977700000,0.316700000
3247,18.399400000,9.548500000
3248,13.311500000,6.972300000
3249,11.072400000,1.603600000
3250,15.646300000,0.265100000
3251,18.188600000,0.252600000
3252,15.957300000,0.555700000
3253,16.369200000,0.718200000
3254,16.705300000,0.385900000
3255,15.704600000,0.208800000
3256,16.762500000,0.382800000
3257,16.709400000,0.352100000
3258,16.602100000,0.268300000
3259,16.858300000,0.458300000
3260,16.826100000,0.433800000
3261,17.453600000,0.562500000
3262,15.831300000,0.322400000
3263,16.751500000,0.332800000
3264,16.566200000,0.216200000
3265,16.696300000,0.321900000
3266,16.665100000,0.308300000
3267,16.801100000,0.310900000
3268,16.940600000,0.129700000
3269,16.658900000,0.270400000
3270,16.662500000,0.351600000
3271,17.136400000,0.553200000
3272,15.772900000,0.384900000
3273,16.576600000,0.224000000
3274,16.752600000,0.396900000
3275,17.514100000,0.202600000
3276,17.015600000,0.567200000
3277,15.871900000,0.528600000
3278,16.546800000,0.171400000
3279,17.474500000,0.198900000
3280,15.479200000,0.190600000
3281,17.373400000,0.930300000
3282,16.039600000,0.284900000
3283,16.896400000,0.286400000
3284,16.695300000,0.334400000
3285,16.669800000,0.271800000
3286,16.754100000,0.259900000
3287,17.311500000,0.453700000
3288,15.678100000,0.317700000
3289,16.514600000,0.194800000
3290,17.830700000,1.439100000
3291,15.934900000,0.481800000
3292,16.619800000,0.261000000
3293,16.485400000,0.183300000
3294,16.634400000,0.291200000
3295,16.516700000,0.127100000
3296,17.061400000,0.365100000
3297,16.586000000,0.204700000
3298,16.712500000,0.325500000
3299,16.628100000,0.268300000
3300,16.816100000,0.444800000
3301,19.120300000,0.470400000
3302,13.943800000,0.581300000
3303,17.853100000,0.196400000
3304,15.563600000,0.218200000
3305,16.784900000,0.204700000
3306,16.721800000,0.281200000
3307,17.642700000,1.020800000
3308,16.489600000,0.481800000
3309,15.825000000,0.440600000
3310,16.757800000,0.428600000
3311,16.592200000,0.238000000
3312,16.504200000,0.188600000
3313,16.816700000,0.276000000
3314,16.915100000,0.481200000
3315,16.836900000,0.508300000
3316,15.569300000,0.256800000
3317,16.819800000,0.315700000
3318,16.570800000,0.212500000
3319,17.274500000,0.200000000
3320,16.984900000,0.449500000
3321,16.794300000,0.125000000
3322,16.161400000,0.705200000
3323,16.867200000,0.455200000
3324,16.817200000,0.317200000
3325,18.099000000,1.025500000
3326,15.256700000,0.381800000
3327,16.833400000,0.303600000
3328,15.661400000,0.313000000
3329,16.683400000,0.422400000
3330,16.607800000,0.256300000
3331,16.939000000,0.525500000
3332,16.908900000,0.292200000
3333,17.230700000,0.816700000
3334,15.751100000,0.371400000
3335,18.756700000,0.186500000
3336,15.038100000,0.724500000
3337,19.492700000,0.508300000
3338,14.387500000,0.734300000
3339,15.548900000,0.232300000
3340,16.822900000,0.519700000
3341,16.951600000,0.593200000
3342,16.680200000,0.270300000
3343,16.984900000,0.183900000
3344,16.536000000,0.236400000
3345,18.151500000,1.723400000
3346,16.543800000,2.005200000
3347,14.858300000,0.503200000
3348,16.509400000,0.206800000
3349,16.881200000,0.507800000
3350,16.838000000,0.462000000
3351,17.189600000,0.305200000
3352,15.736500000,0.359900000
3353,17.350500000,0.913100000
3354,16.657300000,0.298400000
3355,19.680200000,0.349500000
3356,13.618800000,0.275000000
3357,17.139000000,0.220800000
3358,15.495300000,0.215100000
3359,16.655200000,0.299400000
3360,17.425000000,0.586400000
3361,16.850000000,0.318200000
3362,15.732300000,0.353100000
3363,20.070900000,3.557900000
3364,13.832800000,0.442200000
3365,17.879700000,1.448900000
3366,15.548400000,0.230700000
3367,16.588500000,0.238500000
3368,16.743300000,0.313000000
3369,16.954700000,0.552000000
3370,16.118700000,0.425000000
3371,17.424000000,0.993700000
3372,15.645800000,0.269800000
3373,17.568200000,0.809900000
3374,15.853200000,0.341200000
3375,17.239500000,0.873000000
3376,16.647400000,0.254200000
3377,17.776600000,1.190700000
3378,14.649000000,0.284900000
3379,17.715600000,0.276500000
3380,16.035400000,0.154700000
3381,18.944300000,2.355700000
3382,14.868200000,0.342200000
3383,17.025500000,0.626600000
3384,16.605200000,0.638000000
3385,15.659400000,0.363000000
3386,16.927600000,0.287000000
3387,16.765100000,0.286000000
3388,16.804200000,0.373400000
3389,17.012000000,0.599500000
3390,15.520800000,0.198400000
3391,21.572900000,1.218200000
3392,12.889100000,0.132300000
3393,16.120300000,0.779200000
3394,17.534400000,1.003100000
3395,15.615100000,0.321400000
3396,16.678100000,0.391700000
3397,17.078100000,0.664100000
3398,16.635900000,0.253100000
3399,16.977700000,0.358900000
3400,17.036400000,0.155200000
3401,15.491700000,0.177600000
3402,16.769200000,0.331200000
3403,16.677100000,0.315600000
3404,16.557300000,0.242200000
3405,17.647400000,1.219300000
3406,15.609900000,0.276000000
3407,16.813600000,0.413500000
3408,16.574400000,0.241100000
3409,16.557300000,0.202100000
3410,16.655800000,0.289600000
3411,16.603600000,0.217200000
3412,17.889100000,0.276500000
3413,15.998400000,0.575500000
3414,16.465100000,0.198400000
3415,16.869300000,0.140100000
3416,17.145300000,0.792700000
3417,20.574500000,5.053200000
3418,12.517700000,0.226600000
3419,17.610400000,0.474500000
3420,16.472400000,0.603700000
3421,15.943200000,0.293800000
3422,19.219800000,2.849000000
3423,13.613000000,0.251000000
3424,16.601600000,0.300500000
3425,16.695800000,0.173400000
3426,17.987000000,1.134400000
3427,15.960400000,0.499500000
3428,16.915100000,0.325500000
3429,16.220300000,0.871300000
3430,16.564600000,0.242700000
3431,17.469800000,0.966700000
3432,16.458300000,0.163000000
3433,16.506300000,0.900000000
3434,17.731200000,0.163500000
3435,18.147400000,2.189500000
3436,13.505800000,0.216700000
3437,16.958300000,0.545800000
3438,19.503100000,1.515100000
3439,13.688600000,0.269700000
3440,16.798400000,0.246900000
3441,16.889100000,0.468700000
3442,16.567200000,0.221900000
3443,16.686900000,0.276000000
3444,16.508900000,0.223400000
3445,16.803600000,0.437500000
3446,16.767200000,0.439600000
3447,17.368300000,0.960900000
3448,15.558800000,0.203100000
3449,17.742200000,0.994800000
3450,15.569300000,0.276600000
3451,16.572900000,0.217700000
3452,16.923900000,0.540100000
3453,18.538100000,2.107900000
3454,15.891600000,0.465100000
3455,19.433400000,3.541100000
3456,12.711400000,0.172900000
3457,16.582300000,0.188500000
3458,17.497900000,0.676500000
3459,15.769300000,0.122900000
3460,16.555200000,0.229200000
3461,16.814600000,0.315100000
3462,16.667700000,0.232300000
3463,16.743800000,0.338500000
3464,17.198400000,0.721400000
3465,15.884400000,0.502100000
3466,16.503600000,0.177100000
3467,16.685400000,0.363000000
3468,17.041200000,0.446400000
3469,16.689000000,0.265100000
3470,18.430200000,1.782300000
3471,14.772400000,0.438000000
3472,16.836500000,0.452100000
3473,16.801000000,0.284400000
3474,16.837000000,0.366700000
3475,17.603100000,1.098900000
3476,15.801600000,0.320300000
3477,17.056800000,0.141200000
3478,15.595800000,0.231800000
3479,16.876600000,0.495800000
3480,16.557800000,0.242200000
3481,16.640100000,0.256300000
3482,16.768700000,0.394300000
3483,16.894800000,0.330200000
3484,16.801100000,0.275000000
3485,17.026000000,0.618700000
3486,15.433300000,0.156200000
3487,17.713600000,0.253700000
3488,17.492200000,0.502100000
3489,15.935900000,0.169300000
3490,15.836000000,0.372300000
3491,16.719700000,0.328100000
3492,16.607300000,0.299500000
3493,16.675600000,0.306200000
3494,16.548400000,0.230200000
3495,16.697900000,0.324000000
3496,17.322900000,0.890700000
3497,17.279200000,0.719200000
3498,15.678100000,0.379700000
3499,16.733400000,0.296800000
3500,16.635900000,0.271900000
3501,16.697400000,0.211500000
3502,16.658300000,0.300000000
3503,16.484900000,0.190600000
3504,17.048500000,0.145300000
3505,17.258800000,0.248500000
3506,15.593800000,0.293300000
3507,16.304600000,0.084900000
3508,17.207900000,0.065100000
3509,16.320800000,0.162500000
3510,16.284900000,0.119300000
3511,18.119800000,0.767200000
3512,15.767700000,0.280200000
3513,17.258800000,0.892200000
3514,16.930800000,0.483800000
3515,15.524400000,0.202600000
3516,17.763600000,0.258900000
3517,18.517200000,2.202100000
3518,16.997400000,2.334300000
3519,13.962000000,0.497900000
3520,16.527600000,0.221900000
3521,17.223400000,0.671800000
3522,16.749000000,0.456700000
3523,16.597900000,0.136000000
3524,16.734300000,0.390100000
3525,16.917800000,0.560900000
3526,15.669700000,0.266100000
3527,16.471400000,0.181800000
3528,16.669300000,0.344300000
3529,16.725500000,0.223400000
3530,17.418700000,0.951100000
3531,16.639100000,0.230700000
3532,16.669300000,0.276600000
3533,16.662500000,0.260400000
3534,16.491600000,0.186900000
3535,16.683400000,0.292200000
3536,17.820800000,1.354200000
3537,15.841700000,0.363000000
3538,16.776500000,0.338000000
3539,15.757300000,0.381700000
3540,16.518300000,0.217800000
3541,16.619700000,0.281200000
3542,18.636000000,0.754100000
3543,15.918700000,0.491200000
3544,15.781800000,0.232300000
3545,16.618200000,0.194800000
3546,16.581300000,0.171400000
3547,16.607800000,0.254700000
3548,20.328600000,0.598400000
3549,13.888100000,0.511000000
3550,15.578100000,0.232800000
3551,17.813500000,0.269800000
3552,15.707800000,0.271300000
3553,16.914600000,0.515100000
3554,17.605800000,1.025000000
3555,16.121800000,0.710400000
3556,17.457800000,0.630800000
3557,16.084400000,0.682800000
3558,16.558900000,0.220900000
3559,16.837000000,0.306700000
3560,16.217100000,0.305200000
3561,21.479200000,1.534900000
3562,12.257300000,0.345400000
3563,17.516100000,0.176600000
3564,15.569300000,0.249500000
3565,16.933900000,0.426000000
3566,15.646800000,0.280800000
3567,17.575600000,0.272900000
3568,16.730700000,0.244300000
3569,16.864100000,0.470800000
3570,15.553100000,0.213600000
3571,17.096900000,0.737500000
3572,18.445800000,0.240100000
3573,14.725000000,0.404700000
3574,16.514100000,0.186500000
3575,16.684800000,0.318200000
3576,16.545900000,0.219800000
3577,17.348400000,0.257800000
3578,16.882300000,0.514600000
3579,16.806300000,0.484900000
3580,15.986900000,0.425000000
3581,16.733900000,0.285400000
3582,16.739600000,0.371400000
3583,16.890600000,0.283900000
3584,19.283300000,2.428600000
3585,13.772400000,0.481200000
3586,16.911000000,0.566700000
3587,16.995800000,0.567700000
3588,15.506300000,0.219200000
3589,17.789000000,0.397400000
3590,15.551100000,0.209900000
3591,17.630700000,0.259900000
3592,16.843200000,0.371300000
3593,15.605700000,0.256800000
3594,17.646900000,0.275500000
3595,16.730700000,0.281700000
3596,15.587500000,0.253100000
3597,17.502100000,0.201000000
3598,16.568300000,0.227600000
3599,16.922900000,0.516600000
