frame,frameMs,presentMs
1,8.754700000,0.457300000
2,16.720900000,0.390600000
3,17.011900000,0.273400000
4,15.873000000,0.492100000
5,16.754600000,0.352000000
6,17.382900000,0.941100000
7,16.080700000,0.343300000
8,18.391600000,1.948400000
9,15.301600000,0.921900000
10,16.939600000,0.556300000
11,15.666700000,0.277600000
12,16.571300000,0.233300000
13,16.684900000,0.260400000
14,16.665600000,0.269800000
15,16.877100000,0.497900000
16,16.795300000,0.415600000
17,16.686500000,0.289600000
18,16.860400000,0.483800000
19,16.713000000,0.271300000
20,17.511000000,1.008300000
21,15.815600000,0.403700000
22,16.604200000,0.276100000
23,16.636400000,0.334900000
24,16.603100000,0.284900000
25,17.091700000,0.425000000
26,17.052600000,0.641200000
27,16.511500000,0.338100000
28,15.882300000,0.504700000
29,16.870300000,0.460500000
30,16.638500000,0.254100000
31,16.937500000,0.557300000
32,19.340100000,2.914100000
33,13.687000000,0.260900000
34,17.149000000,0.817100000
35,15.878600000,0.288500000
36,16.671400000,0.297900000
37,17.315600000,0.538000000
38,18.925000000,2.468300000
39,13.610400000,0.264600000
40,16.847900000,0.271300000
41,16.800500000,0.460400000
42,16.744300000,0.376100000
43,16.720300000,0.385400000
44,19.569300000,2.768800000
45,13.951000000,0.209300000
46,17.218300000,0.543300000
47,15.608300000,0.237500000
48,16.473400000,0.182300000
49,17.586500000,0.244300000
50,19.763000000,0.322900000
51,12.666200000,0.296300000
52,17.808300000,0.433800000
53,16.101000000,0.359900000
54,16.579200000,0.194300000
55,17.096300000,0.571400000
56,18.328700000,1.922400000
57,14.996900000,0.598400000
58,16.986900000,0.562000000
59,15.796900000,0.359300000
60,17.318300000,0.616700000
61,16.191600000,0.285900000
62,17.689100000,0.806800000
63,16.107800000,0.725000000
64,17.003100000,0.149400000
65,16.028700000,0.245900000
66,17.228100000,0.920300000
67,15.712500000,0.315700000
68,16.686400000,0.289600000
69,17.058400000,0.670900000
70,16.521900000,0.213000000
71,18.941100000,0.309400000
72,18.598400000,0.242700000
73,12.622400000,0.216100000
74,17.495300000,0.209900000
75,15.618800000,0.247900000
76,16.811500000,0.223500000
77,17.108300000,0.757800000
78,20.326600000,0.207300000
79,14.860900000,2.387000000
80,15.420800000,0.214000000
81,15.853700000,0.378700000
82,17.275500000,0.888500000
83,15.767200000,0.359900000
84,16.966600000,0.495900000
85,17.999500000,1.503100000
86,14.900500000,0.464600000
87,17.008900000,0.593300000
88,17.002100000,0.707800000
89,15.758300000,0.444200000
90,18.798500000,2.078700000
91,14.609800000,0.244800000
92,16.575600000,0.285400000
93,17.218700000,0.687000000
94,16.740600000,0.377100000
95,17.607900000,0.646400000
96,15.651000000,0.324000000
97,16.762000000,0.340700000
98,18.568200000,2.193700000
99,14.685900000,0.335400000
100,20.579200000,0.265600000
101,13.821900000,1.345300000
102,16.133800000,0.807900000
103,15.664600000,0.233400000
104,16.633400000,0.321900000
105,17.029100000,0.592700000
106,17.696900000,1.310400000
107,16.009400000,0.628700000
108,15.642700000,0.306300000
109,16.618200000,0.261400000
110,19.108900000,1.774500000
111,14.700500000,0.179700000
112,16.482800000,0.179100000
113,16.647900000,0.266100000
114,18.319800000,0.270300000
115,15.837500000,0.448900000
116,16.022900000,0.597900000
117,16.817200000,0.145300000
118,17.438000000,0.397900000
119,15.892700000,0.521900000
120,16.666200000,0.320300000
121,17.002600000,0.572400000
122,17.582300000,1.173000000
123,15.513000000,0.131200000
124,16.875500000,0.501600000
125,16.768800000,0.424500000
126,17.275500000,0.710400000
127,15.915100000,0.492700000
128,18.472400000,0.278700000
129,14.621300000,0.230200000
130,16.633400000,0.265600000
131,16.809400000,0.444800000
132,16.524400000,0.210500000
133,16.967700000,0.346900000
134,17.333900000,0.926600000
135,16.048400000,0.565600000
136,16.814600000,0.343200000
137,23.741700000,7.655800000
138,17.390100000,4.046400000
139,15.813000000,5.753100000
140,15.500500000,6.100500000
141,12.564100000,1.592200000
142,14.842700000,0.518700000
143,16.783300000,0.447400000
144,15.640700000,0.327100000
145,17.727000000,0.394800000
146,20.522400000,5.057800000
147,12.795900000,0.431800000
148,15.577600000,0.273400000
149,18.097400000,0.307800000
150,15.920800000,0.498400000
151,17.097900000,0.631200000
152,15.799000000,0.378100000
153,17.731800000,1.056200000
154,16.220300000,0.783900000
155,16.989000000,0.515100000
156,15.784400000,0.295800000
157,16.761500000,0.283400000
158,17.081700000,0.613500000
159,17.634400000,0.562000000
160,17.813000000,2.183400000
161,15.167700000,0.645800000
162,15.684900000,0.281200000
163,17.078700000,0.626100000
164,16.608800000,0.229100000
165,17.284400000,0.909900000
166,16.325500000,0.883300000
167,15.692200000,0.304700000
168,18.544800000,2.180200000
169,15.552100000,0.219200000
170,18.037500000,1.626600000
171,14.739100000,0.372300000
172,16.684800000,0.332800000
173,16.741200000,0.349500000
174,17.345300000,0.785900000
175,15.954200000,0.569300000
176,16.551000000,0.216600000
177,16.846900000,0.519800000
178,18.088000000,1.648500000
179,16.153100000,0.790600000
180,15.990100000,0.411900000
181,16.748000000,0.367700000
182,18.831700000,2.430700000
183,14.719300000,0.213500000
184,17.441100000,1.007800000
185,15.648500000,0.255200000
186,16.716100000,0.373400000
187,16.819800000,0.354200000
188,18.028100000,1.559900000
189,14.982300000,0.247400000
190,17.799500000,0.435400000
191,15.651100000,0.279200000
192,16.680700000,0.292200000
193,18.190100000,0.907800000
194,17.422400000,3.037000000
195,14.716100000,0.233800000
196,15.881300000,0.292700000
197,16.692700000,0.328600000
198,16.714100000,0.309800000
199,17.080700000,0.663600000
200,16.576000000,0.246400000
201,16.631300000,0.215600000
202,16.715100000,0.345800000
203,16.584900000,0.246900000
204,17.452600000,1.141200000
205,15.578600000,0.245800000
206,16.540100000,0.223400000
207,16.624500000,0.257800000
208,17.052600000,0.169200000
209,18.405700000,1.881300000
210,14.590100000,0.227600000
211,16.570400000,0.214100000
212,16.963500000,0.206300000
213,16.603100000,0.266100000
214,16.891200000,0.517700000
215,16.726500000,0.341100000
216,16.587000000,0.250000000
217,16.895800000,0.496300000
218,16.672400000,0.139100000
219,16.570900000,0.220300000
220,16.732800000,0.332300000
221,16.608300000,0.263000000
222,16.733400000,0.240700000
223,16.773400000,0.363100000
224,18.051000000,1.477600000
225,14.588600000,0.226600000
226,16.796800000,0.265700000
227,16.905300000,0.517200000
228,17.032800000,0.638100000
229,17.240600000,0.269800000
230,18.039600000,2.428700000
231,14.631700000,0.271300000
232,19.424000000,2.292700000
233,18.424000000,3.017100000
234,12.961900000,0.674400000
235,15.708400000,0.376600000
236,16.515600000,0.215100000
237,16.653100000,0.248400000
238,17.112500000,0.464500000
239,17.180200000,0.785400000
240,15.587500000,0.244800000
241,17.497400000,1.030200000
242,15.919800000,0.509900000
243,17.072900000,0.633800000
244,16.493300000,0.139100000
245,16.811900000,0.470800000
246,16.858400000,0.194300000
247,16.675500000,0.284900000
248,17.839600000,1.434900000
249,15.033300000,0.679700000
250,17.556800000,0.570800000
251,15.709400000,0.293800000
252,16.527600000,0.233300000
253,16.583300000,0.246300000
254,16.558900000,0.235900000
255,16.830700000,0.500500000
256,17.245800000,0.792700000
257,17.018200000,0.580700000
258,15.589600000,0.257300000
259,16.740100000,0.316600000
260,16.847400000,0.451500000
261,16.908400000,0.442200000
262,18.863000000,1.383900000
263,15.073400000,0.601100000
264,15.632300000,0.264000000
265,17.003100000,0.130700000
266,17.311000000,0.843200000
267,16.118700000,0.387000000
268,16.500000000,0.186000000
269,16.851600000,0.480200000
270,16.623900000,0.288600000
271,16.627100000,0.304600000
272,17.489100000,0.882300000
273,16.153600000,0.658300000
274,16.594800000,0.214600000
275,16.884400000,0.520800000
276,15.631800000,0.278700000
277,17.761400000,0.320800000
278,15.965700000,0.590700000
279,17.872900000,0.281800000
280,15.700000000,0.305700000
281,17.134900000,0.690100000
282,18.843700000,3.475000000
283,14.414100000,0.716100000
284,15.879200000,0.490100000
285,16.632200000,0.289100000
286,16.709400000,0.242700000
287,16.617200000,0.248400000
288,16.670800000,0.282300000
289,17.046900000,0.464000000
290,17.531800000,1.041100000
291,15.613000000,0.217700000
292,16.674000000,0.316700000
293,16.853100000,0.472400000
294,16.782800000,0.441600000
295,16.672900000,0.266600000
296,16.617200000,0.327000000
297,16.964600000,0.563000000
298,17.195800000,0.780200000
299,15.892700000,0.525500000
300,16.979200000,0.578100000
301,15.890600000,0.526500000
302,16.722400000,0.309300000
303,17.142700000,0.748900000
304,16.892200000,0.270300000
305,19.687000000,3.294800000
306,12.717700000,0.286000000
307,17.208300000,0.392700000
308,17.934900000,1.202600000
309,17.245300000,0.634400000
310,14.490100000,0.192700000
311,16.677700000,0.397900000
312,16.540600000,0.201500000
313,16.831700000,0.508900000
314,16.652700000,0.325000000
315,17.044700000,0.703100000
316,16.842200000,0.512500000
317,17.245900000,0.875000000
318,16.044200000,0.416200000
319,16.957300000,0.503100000
320,15.765100000,0.269200000
321,17.746900000,0.247400000
322,15.534400000,0.135400000
323,19.687500000,0.713000000
324,13.583800000,0.293800000
325,16.786500000,0.365600000
326,16.678100000,0.312500000
327,17.027600000,0.682800000
328,16.591200000,0.261000000
329,17.929700000,1.267700000
330,16.835400000,1.528100000
331,15.592200000,0.298400000
332,17.019800000,0.709300000
333,15.727600000,0.333900000
334,16.810900000,0.311500000
335,16.835900000,0.378600000
336,16.860400000,0.373000000
337,16.698000000,0.307900000
338,19.505700000,3.126600000
339,14.005200000,0.540100000
340,16.090100000,0.628100000
341,16.688500000,0.304600000
342,18.390700000,1.996800000
343,14.713000000,0.244800000
344,17.087000000,0.589600000
345,17.181700000,0.648900000
346,15.844300000,0.332800000
347,17.467200000,1.022400000
348,15.648400000,0.311500000
349,16.801600000,0.342200000
350,23.009900000,6.600000000
351,10.559900000,0.119200000
352,16.647400000,0.307200000
353,16.605700000,0.316200000
354,16.876100000,0.381800000
355,16.625000000,0.272400000
356,18.476500000,2.066600000
357,15.014600000,0.694300000
358,17.126000000,0.538500000
359,15.994800000,0.608900000
360,16.784900000,0.233800000
361,18.305200000,1.831700000
362,16.682900000,2.278600000
363,14.744700000,0.204700000
364,16.887500000,0.486400000
365,16.826100000,0.444800000
366,16.782800000,0.316600000
367,17.119800000,0.714100000
368,15.592200000,0.230700000
369,17.156200000,0.796300000
370,16.753700000,0.346900000
371,16.889000000,0.469800000
372,15.662500000,0.282300000
373,16.873000000,0.498000000
374,16.725000000,0.283900000
375,16.792700000,0.394800000
376,16.642700000,0.228100000
377,16.607300000,0.252100000
378,16.679100000,0.289500000
379,16.703200000,0.292200000
380,16.906700000,0.464600000
381,17.093800000,0.563600000
382,15.857300000,0.445900000
383,17.927100000,0.806700000
384,16.522300000,0.194300000
385,19.190700000,3.410900000
386,14.020300000,0.656800000
387,15.661400000,0.333300000
388,16.661000000,0.272400000
389,16.595800000,0.282300000
390,16.739600000,0.405200000
391,17.156800000,0.709900000
392,17.487500000,1.039000000
393,16.153100000,0.677600000
394,15.889100000,0.130200000
395,17.450500000,0.436500000
396,15.517700000,0.190600000
397,18.460400000,1.048500000
398,17.258300000,1.808800000
399,15.047400000,0.617700000
400,16.704700000,0.298400000
401,17.203700000,0.800600000
402,16.084300000,0.630200000
403,17.061000000,0.669800000
404,15.671900000,0.298500000
405,16.579100000,0.221800000
406,17.905700000,0.400600000
407,15.529200000,0.192700000
408,16.637500000,0.266100000
409,17.100500000,0.273500000
410,16.951600000,0.428700000
411,17.688000000,0.680200000
412,16.068200000,0.405200000
413,15.687500000,0.396400000
414,16.906300000,0.401000000
415,17.261500000,0.131800000
416,15.569200000,0.236400000
417,17.646900000,0.296900000
418,17.104700000,0.506800000
419,15.584900000,0.251000000
420,17.060900000,0.468300000
421,16.629200000,0.235400000
422,16.637500000,0.246900000
423,16.991700000,0.552600000
424,16.602600000,0.246400000
425,16.794800000,0.456800000
426,17.022300000,0.692700000
427,16.068800000,0.682800000
428,17.750000000,1.150500000
429,16.124000000,0.613600000
430,16.059300000,0.570300000
431,17.739100000,0.225000000
432,15.572900000,0.240600000
433,16.876600000,0.502600000
434,20.448400000,3.970800000
435,13.074500000,0.477100000
436,15.617700000,0.247900000
437,16.690100000,0.267700000
438,16.454200000,0.177600000
439,18.117200000,0.688600000
440,15.653100000,0.127600000
441,16.738500000,0.414500000
442,16.726100000,0.313500000
443,16.594200000,0.231300000
444,17.250000000,0.842800000
445,16.616700000,0.248400000
446,17.188500000,0.787000000
447,15.950000000,0.177600000
448,16.987000000,0.510900000
449,17.327100000,0.941100000
450,15.958300000,0.528100000
451,16.669300000,0.287500000
452,17.185900000,0.395800000
453,15.835500000,0.398000000
454,16.686400000,0.309900000
455,16.694800000,0.283800000
456,17.221900000,0.776600000
457,15.785400000,0.275000000
458,16.713000000,0.272400000
459,16.977100000,0.170300000
460,16.649000000,0.254700000
461,17.329700000,0.779200000
462,15.803100000,0.413600000
463,17.501000000,0.250000000
464,15.856300000,0.373900000
465,16.807300000,0.379200000
466,16.845800000,0.374000000
467,17.626000000,1.201600000
468,15.606800000,0.261900000
469,16.859400000,0.499500000
470,16.787000000,0.479200000
471,15.572900000,0.222400000
472,17.813500000,0.369800000
473,15.768800000,0.328700000
474,16.768200000,0.315600000
475,16.815600000,0.253100000
476,16.713600000,0.336500000
477,17.035400000,0.591200000
478,16.723400000,0.317700000
479,17.506800000,1.080800000
480,16.054700000,0.625000000
481,15.851500000,0.395800000
482,16.838100000,0.227600000
483,16.772900000,0.304700000
484,16.933300000,0.395800000
485,17.759400000,0.602100000
486,15.655200000,0.297900000
487,16.628100000,0.243300000
488,16.969800000,0.630200000
489,16.268200000,0.282300000
490,17.370900000,0.946400000
491,16.176500000,0.791100000
492,15.680800000,0.251000000
493,17.117200000,0.239100000
494,16.703600000,0.267200000
495,16.522400000,0.155200000
496,16.665600000,0.317200000
497,16.909900000,0.529200000
498,17.036000000,0.628200000
499,15.730200000,0.337000000
500,16.784900000,0.329700000
501,16.954100000,0.585400000
502,21.827600000,4.676000000
503,12.216700000,0.790600000
504,15.690600000,0.328200000
505,17.246400000,0.829200000
506,17.408300000,0.227100000
507,18.663600000,1.396900000
508,14.037500000,0.569800000
509,17.049400000,0.685400000
510,16.038600000,0.245800000
511,16.773400000,0.306800000
512,17.516200000,0.928600000
513,16.279600000,0.769300000
514,15.989600000,0.309900000
515,17.803200000,0.450500000
516,15.936900000,0.217700000
517,16.676100000,0.282800000
518,17.512500000,1.060400000
519,15.816100000,0.179200000
520,16.592700000,0.243200000
521,16.909900000,0.554700000
522,15.785400000,0.391700000
523,16.537500000,0.219800000
524,20.812500000,4.118200000
525,12.563100000,0.254200000
526,16.936900000,0.577100000
527,16.953200000,0.555200000
528,16.861400000,0.478100000
529,17.295300000,0.807800000
530,15.576100000,0.150500000
531,16.633300000,0.217200000
532,17.034400000,0.627100000
533,16.582800000,0.270800000
534,16.959400000,0.580200000
535,16.589600000,0.207300000
536,16.867100000,0.572900000
537,15.630300000,0.328100000
538,16.755200000,0.342200000
539,16.756200000,0.345300000
540,16.795300000,0.382800000
541,16.602600000,0.233300000
542,18.872900000,0.353600000
543,14.500000000,0.111500000
544,16.677600000,0.275600000
545,16.671400000,0.240600000
546,16.600500000,0.257300000
547,17.005800000,0.253200000
548,17.825500000,1.392100000
549,15.934300000,0.595300000
550,15.973000000,0.454700000
551,16.913000000,0.457800000
552,17.912500000,0.941700000
553,28.904200000,13.479700000
554,13.737500000,9.471400000
555,24.190100000,18.155700000
556,11.338500000,10.760900000
557,16.077600000,9.596400000
558,7.702600000,0.777100000
559,16.769800000,0.869300000
560,16.534400000,0.398900000
561,15.403600000,0.160500000
562,17.536000000,0.197900000
563,16.679100000,0.265600000
564,19.118800000,2.279700000
565,17.140100000,3.009400000
566,13.683800000,0.268700000
567,18.328200000,1.872400000
568,14.736400000,0.305700000
569,16.790600000,0.447900000
570,16.776100000,0.304200000
571,16.721900000,0.222900000
572,16.790600000,0.427600000
573,20.614600000,3.515100000
574,12.541100000,0.216600000
575,16.802100000,0.417700000
576,17.221300000,0.580700000
577,15.753700000,0.317200000
578,17.018200000,0.621300000
579,16.898500000,0.527600000
580,17.084900000,0.672400000
581,15.745800000,0.245300000
582,17.287500000,0.716200000
583,15.709900000,0.206700000
584,17.167700000,0.322900000
585,16.802100000,0.449500000
586,17.112500000,0.733400000
587,15.777600000,0.387000000
588,17.079700000,0.377100000
589,16.673900000,0.286400000
590,18.474000000,1.669300000
591,15.124500000,0.696900000
592,15.800000000,0.436000000
593,17.401000000,0.990600000
594,18.251600000,1.292700000
595,15.106200000,0.734300000
596,20.637000000,0.287500000
597,12.748400000,0.327100000
598,17.562000000,0.480700000
599,15.660400000,0.256200000
600,16.807300000,0.501000000
601,17.070300000,0.582800000
602,15.814600000,0.319300000
603,17.170300000,0.736500000
604,16.170900000,0.783400000
605,16.745800000,0.321900000
606,17.013000000,0.606300000
607,17.148500000,0.600500000
608,16.244200000,0.779200000
609,15.752100000,0.332300000
610,17.077100000,0.177600000
611,17.562000000,0.174000000
612,15.681200000,0.347400000
613,16.831800000,0.471300000
614,16.860400000,0.228100000
615,16.592200000,0.248900000
616,16.515100000,0.201500000
617,17.024000000,0.594800000
618,16.793700000,0.441600000
619,15.757300000,0.425500000
620,17.287000000,0.301600000
621,16.746300000,0.267200000
622,16.898000000,0.508300000
623,15.805700000,0.460400000
624,16.606200000,0.223900000
625,17.042700000,0.667200000
626,16.795400000,0.354100000
627,18.567100000,0.217200000
628,14.906300000,0.434300000
629,16.772400000,0.235400000
630,19.338000000,2.962500000
631,13.667700000,0.281200000
632,16.952600000,0.568300000
633,16.925000000,0.508800000
634,15.755700000,0.315100000
635,17.067200000,0.652600000
636,16.758900000,0.289600000
637,16.690100000,0.307300000
638,17.049500000,0.615100000
639,15.786400000,0.351000000
640,16.761500000,0.355200000
641,16.950000000,0.237500000
642,19.264600000,2.130200000
643,15.437500000,0.124500000
644,16.219200000,0.433800000
645,15.633900000,0.324000000
646,20.539100000,0.233900000
647,12.807300000,0.259900000
648,17.208300000,0.833900000
649,15.743200000,0.301500000
650,17.416200000,0.930200000
651,16.715600000,0.349000000
652,16.928600000,0.497900000
653,16.029200000,0.642700000
654,19.183900000,1.738600000
655,13.835400000,0.433900000
656,16.744200000,0.299500000
657,16.884900000,0.426100000
658,17.127100000,0.345800000
659,16.848500000,0.422400000
660,15.957200000,0.666700000
661,16.580300000,0.228100000
662,17.651000000,0.845900000
663,15.729200000,0.267200000
664,16.747400000,0.286500000
665,16.771300000,0.273400000
666,16.787000000,0.155200000
667,16.802600000,0.447900000
668,16.659400000,0.271900000
669,16.554700000,0.106800000
670,16.747900000,0.297400000
671,18.666100000,2.274500000
672,14.840600000,0.488100000
673,16.053200000,0.639100000
674,17.386400000,0.433300000
675,16.254700000,0.270900000
676,17.113000000,0.796400000
677,15.577600000,0.244300000
678,16.776100000,0.324500000
679,16.620300000,0.274500000
680,17.626600000,0.205800000
681,15.680700000,0.354200000
682,16.652600000,0.281300000
683,16.649500000,0.256800000
684,17.203600000,0.736400000
685,16.844800000,0.321400000
686,17.545300000,1.026000000
687,16.400500000,0.907300000
688,18.657300000,0.620400000
689,14.183900000,0.167700000
690,16.541700000,0.216700000
691,16.833800000,0.437500000
692,17.716700000,0.857800000
693,16.571300000,1.139000000
694,15.952600000,0.505700000
695,15.933400000,0.566200000
696,16.992200000,0.653200000
697,16.998400000,0.632800000
698,15.678600000,0.254700000
699,16.728200000,0.386500000
700,16.723900000,0.382900000
701,16.791700000,0.512000000
702,16.704200000,0.257900000
703,16.616100000,0.251000000
704,18.267700000,0.741100000
705,15.891700000,0.492800000
706,16.071300000,0.688500000
707,17.392700000,0.886400000
708,16.341200000,0.969200000
709,16.738500000,0.387500000
710,15.871900000,0.334400000
711,17.426000000,0.224500000
712,15.815100000,0.438100000
713,17.012500000,0.628100000
714,17.404700000,0.928700000
715,16.423500000,0.655200000
716,15.870800000,0.447900000
717,16.595300000,0.241200000
718,16.919800000,0.262000000
719,17.350500000,0.825000000
720,16.278200000,0.838100000
721,16.690100000,0.283400000
722,16.658300000,0.266700000
723,16.957800000,0.565100000
724,17.445800000,0.895300000
725,15.803700000,0.343800000
726,17.002100000,0.599000000
727,15.921800000,0.543700000
728,18.032300000,1.600500000
729,15.746900000,0.347900000
730,16.950500000,0.502100000
731,15.640100000,0.283400000
732,16.798500000,0.487500000
733,16.651000000,0.248900000
734,18.189600000,1.270800000
735,15.890100000,0.510400000
736,16.606300000,1.206800000
737,16.282200000,0.805200000
738,18.078700000,1.571900000
739,14.557800000,0.198900000
740,17.826600000,0.423400000
741,15.605700000,0.228100000
742,16.716700000,0.332300000
743,16.764000000,0.420300000
744,17.328700000,0.938100000
745,16.666600000,0.253700000
746,16.884400000,0.392200000
747,15.601600000,0.239600000
748,17.742700000,0.243800000
749,15.858800000,0.553600000
750,19.471400000,3.111000000
751,15.262000000,0.772400000
752,17.595300000,1.267700000
753,14.516600000,0.221400000
754,17.219800000,0.880700000
755,16.665100000,0.338600000
756,17.949500000,1.453600000
757,15.144300000,0.564100000
758,16.994800000,0.604200000
759,15.690600000,0.297900000
760,16.980200000,0.539600000
761,16.980700000,0.547900000
762,17.155800000,0.158900000
763,15.667700000,0.274500000
764,17.052600000,0.704200000
765,16.726600000,0.422300000
766,16.557200000,0.131300000
767,17.098500000,0.664100000
768,17.085900000,0.684900000
769,16.618800000,0.907300000
770,16.483800000,0.184900000
771,15.606800000,0.186500000
772,21.960400000,0.679100000
773,17.580200000,0.404200000
774,10.489100000,0.183300000
775,16.819800000,0.472900000
776,17.820300000,0.946900000
777,16.287500000,0.548000000
778,15.969800000,0.154700000
779,16.822900000,0.374000000
780,17.221300000,0.226000000
781,18.288100000,2.208300000
782,14.516600000,0.215700000
783,17.090700000,0.143300000
784,16.968700000,0.644300000
785,15.957300000,0.555800000
786,19.345300000,2.941700000
787,13.893800000,0.471400000
788,20.706200000,1.321900000
789,12.785400000,0.338600000
790,16.615700000,0.207800000
791,16.652000000,0.326100000
792,16.782900000,0.128100000
793,17.386900000,0.240600000
794,15.704200000,0.306800000
795,16.774500000,0.393800000
796,16.771300000,0.232800000
797,16.578200000,0.215100000
798,17.497400000,1.042100000
799,15.689000000,0.295800000
800,16.664600000,0.251000000
801,16.708900000,0.336400000
802,16.628100000,0.255200000
803,16.892700000,0.449000000
804,16.725500000,0.258800000
805,19.322900000,2.445800000
806,14.076100000,0.481800000
807,19.407800000,0.772900000
808,13.794200000,0.353700000
809,16.862000000,0.137000000
810,16.547400000,0.218700000
811,16.933400000,0.584400000
812,16.772900000,0.321900000
813,15.503100000,0.185400000
814,20.191700000,0.773500000
815,13.681200000,0.268700000
816,17.028100000,0.542200000
817,16.680200000,0.245300000
818,17.020900000,0.574000000
819,15.944300000,0.523400000
820,17.685400000,1.176500000
821,16.085400000,0.603700000
822,21.071900000,0.236500000
823,11.551000000,0.118700000
824,16.808300000,0.389600000
825,17.640700000,0.553100000
826,15.717100000,0.407300000
827,16.687500000,0.263000000
828,16.664100000,0.290600000
829,16.847400000,0.471900000
830,17.199000000,0.775000000
831,15.918700000,0.539600000
832,16.723500000,0.327600000
833,19.246800000,2.668700000
834,16.769800000,2.338000000
835,13.858900000,0.464100000
836,18.946300000,2.482800000
837,14.692200000,0.277600000
838,16.936500000,0.353200000
839,16.836400000,0.363000000
840,15.627600000,0.269800000
841,17.959900000,0.559400000
842,15.950600000,0.575500000
843,16.875500000,0.474000000
844,16.708300000,0.324500000
845,16.770800000,0.253100000
846,17.047400000,0.267800000
847,15.575000000,0.231300000
848,18.100000000,1.734300000
849,15.845900000,0.510500000
850,17.075500000,0.613000000
851,15.649500000,0.300000000
852,16.746800000,0.394800000
853,16.658900000,0.264100000
854,16.849000000,0.440200000
855,17.162500000,0.757800000
856,18.413500000,0.265100000
857,15.708300000,0.343200000
858,17.760400000,1.994700000
859,14.940700000,0.344800000
860,16.042700000,0.681300000
861,16.845800000,0.414100000
862,16.708300000,0.265100000
863,16.651100000,0.347900000
864,17.100500000,0.602100000
865,15.726600000,0.289600000
866,17.716600000,1.270300000
867,25.715700000,5.272400000
868,7.989500000,1.453700000
869,15.588600000,0.217700000
870,16.962500000,0.133800000
871,16.639600000,0.251000000
872,16.821800000,0.222900000
873,16.830800000,0.458300000
874,16.778100000,1.397900000
875,16.012000000,0.597400000
876,16.725000000,0.251000000
877,20.209400000,3.277100000
878,12.788500000,0.421300000
879,16.752100000,0.374000000
880,18.683300000,2.128100000
881,14.884900000,0.433800000
882,16.750000000,0.367200000
883,16.651100000,0.279200000
884,17.318700000,0.206700000
885,15.661500000,0.301600000
886,16.940600000,0.493700000
887,16.669800000,0.219300000
888,18.410900000,1.928100000
889,14.801100000,0.425000000
890,16.595800000,0.221300000
891,16.683800000,0.309400000
892,16.615100000,0.241700000
893,16.919300000,0.168700000
894,19.171900000,2.700600000
895,13.712500000,0.312500000
896,17.030200000,0.604200000
897,16.666100000,0.313600000
898,16.967800000,0.468300000
899,16.627000000,0.278700000
900,16.571400000,0.220800000
901,16.961500000,0.531200000
902,18.993200000,0.168200000
903,13.751500000,0.405800000
904,17.857900000,0.278700000
905,15.791100000,0.281200000
906,17.070300000,0.555200000
907,15.669300000,0.281300000
908,17.024500000,0.555200000
909,17.168700000,0.240100000
910,15.719300000,0.300000000
911,16.629200000,0.244300000
912,16.775500000,0.363000000
913,16.710900000,0.327600000
914,16.757800000,0.303600000
915,16.754700000,0.342700000
916,16.720800000,0.350000000
917,16.577100000,0.123400000
918,18.485400000,2.054100000
919,15.296400000,0.613000000
920,16.905200000,0.322900000
921,15.753100000,0.400500000
922,17.098500000,0.733300000
923,16.946300000,0.444200000
924,29.360400000,4.152100000
925,6.547400000,2.847900000
926,14.027100000,0.640100000
927,16.565600000,0.225500000
928,17.003700000,0.532800000
929,17.182300000,0.189600000
930,22.006200000,0.741100000
931,10.858400000,0.536000000
932,16.782800000,0.503100000
933,19.820300000,1.262000000
934,13.290100000,0.194800000
935,16.904200000,0.589600000
936,15.833800000,0.509300000
937,17.026600000,0.373500000
938,16.791100000,0.336400000
939,17.720300000,0.519200000
940,15.894800000,0.502600000
941,16.063000000,0.663000000
942,16.979200000,0.598400000
943,16.798500000,0.471900000
944,16.955200000,0.352100000
945,15.910400000,0.508900000
946,16.883300000,0.478100000
947,16.949000000,0.462500000
948,19.853100000,2.145800000
949,13.138500000,0.741600000
950,17.012000000,0.637500000
951,16.929700000,0.502100000
952,15.693200000,0.306200000
953,16.746400000,0.348500000
954,17.385900000,0.893200000
955,15.830800000,0.409900000
956,16.741100000,0.320300000
957,16.915600000,0.537500000
958,17.483900000,0.653700000
959,16.003600000,0.543200000
960,17.047400000,0.592200000
961,15.701100000,0.315100000
962,38.044800000,21.564100000
963,14.350500000,14.100000000
964,12.618700000,8.668200000
965,14.278700000,5.858900000
966,13.404100000,3.438500000
967,14.417200000,0.935900000
968,15.927100000,0.546400000
969,18.181800000,0.381800000
970,14.847900000,0.477600000
971,16.932800000,0.532300000
972,16.874500000,0.550000000
973,15.790600000,0.309900000
974,17.026600000,0.529200000
975,17.181200000,0.697400000
976,15.941700000,0.476100000
977,19.530200000,3.135400000
978,13.596400000,0.209900000
979,17.003600000,0.667700000
980,16.971900000,0.623400000
981,17.620300000,0.218700000
982,15.787500000,0.157300000
983,17.552600000,0.943800000
984,15.847400000,0.456800000
985,15.826000000,0.443200000
986,16.730200000,0.345300000
987,16.861000000,0.175500000
988,16.781200000,0.392200000
989,18.432800000,0.888500000
990,15.145300000,0.590600000
991,16.781800000,0.449500000
992,16.699000000,0.271400000
993,17.782300000,0.359300000
994,14.876500000,0.396300000
995,16.778700000,0.390700000
996,17.196900000,0.598400000
997,16.750500000,0.308400000
998,16.811400000,0.232200000
999,15.943300000,0.539600000
1000,16.570800000,0.242200000
1001,17.788000000,0.251000000
1002,16.539100000,0.204700000
1003,15.677100000,0.387000000
1004,16.800500000,0.462000000
1005,17.326000000,0.879700000
1006,20.406300000,3.625600000
1007,12.732300000,0.312500000
1008,16.917200000,0.565100000
1009,15.720300000,0.352600000
1010,16.598900000,0.258800000
1011,16.757300000,0.341700000
1012,16.829700000,0.466200000
1013,16.576600000,0.222900000
1014,17.382300000,0.156800000
1015,17.631700000,2.266100000
1016,15.809400000,0.340100000
1017,15.645300000,0.302100000
1018,17.804200000,0.325000000
1019,16.107800000,0.605700000
1020,16.704700000,0.300500000
1021,17.130200000,0.746800000
1022,16.025500000,0.196900000
1023,17.022400000,0.618800000
1024,17.337500000,0.293300000
1025,15.617700000,0.256300000
1026,16.737000000,0.369800000
1027,16.752600000,0.394300000
1028,17.225500000,0.744800000
1029,16.870300000,0.226100000
1030,18.618800000,2.570800000
1031,14.050500000,0.693200000
1032,16.696900000,0.304700000
1033,17.082300000,0.622400000
1034,16.154700000,0.571900000
1035,16.816600000,0.477000000
1036,17.542700000,0.784400000
1037,16.182300000,0.757300000
1038,15.667700000,0.287500000
1039,16.618300000,0.252100000
1040,16.933300000,0.585900000
1041,17.349500000,0.158800000
1042,15.647900000,0.287000000
1043,20.694800000,0.205700000
1044,12.578100000,0.234900000
1045,16.728100000,0.378600000
1046,16.750600000,0.374400000
1047,16.701500000,0.239600000
1048,16.969800000,0.600500000
1049,18.550000000,2.175000000
1050,18.937500000,2.274000000
1051,14.165600000,0.304200000
1052,14.932800000,0.165100000
1053,18.162500000,0.181800000
1054,16.438100000,0.875500000
1055,15.644200000,0.357900000
1056,16.845900000,0.456800000
1057,16.989000000,0.545300000
1058,15.940100000,0.476600000
1059,17.608400000,1.145800000
1060,15.640600000,0.244800000
1061,16.977100000,0.615100000
1062,16.663500000,0.273900000
1063,21.175000000,4.823900000
1064,15.827600000,4.210400000
1065,12.734400000,0.312000000
1066,16.551600000,0.203100000
1067,17.127600000,0.691200000
1068,16.875000000,0.468200000
1069,15.908800000,0.500600000
1070,16.768800000,0.269300000
1071,17.218700000,0.133300000
1072,17.325500000,0.863000000
1073,16.624000000,1.244300000
1074,16.353100000,0.532800000
1075,15.427100000,0.160400000
1076,18.559400000,1.127600000
1077,15.525000000,0.211900000
1078,16.542700000,0.235900000
1079,16.663500000,0.365100000
1080,16.654700000,0.265100000
1081,17.480700000,1.055700000
1082,15.758900000,0.293200000
1083,16.735400000,0.285900000
1084,17.078700000,0.689000000
1085,26.595800000,0.824500000
1086,14.203100000,7.026000000
1087,11.373500000,2.938000000
1088,13.412500000,0.098400000
1089,18.130700000,0.601000000
1090,17.002600000,1.424500000
1091,16.233800000,0.837500000
1092,15.799500000,0.455700000
1093,17.080800000,0.156300000
1094,16.849400000,0.484300000
1095,17.154200000,0.797900000
1096,16.647400000,0.257800000
1097,15.702100000,0.275000000
1098,16.617700000,0.241100000
1099,16.624500000,0.254200000
1100,17.045300000,0.681800000
1101,16.697900000,0.277600000
1102,17.524000000,0.659400000
1103,16.667700000,1.222900000
1104,16.060400000,0.712000000
1105,15.756200000,0.270800000
1106,16.943300000,0.534400000
1107,16.838500000,0.358900000
1108,16.802600000,0.179200000
1109,18.129700000,1.715600000
1110,14.930700000,0.431700000
1111,16.713000000,0.346800000
1112,17.518300000,1.152100000
1113,15.745800000,0.286400000
1114,16.941700000,0.554200000
1115,16.590100000,0.246400000
1116,17.090100000,0.241100000
1117,15.711400000,0.399500000
1118,16.786500000,0.423400000
1119,18.322400000,1.529200000
1120,15.971300000,0.548400000
1121,15.718300000,0.343800000
1122,16.723400000,0.290600000
1123,16.624500000,0.227600000
1124,16.876600000,0.459900000
1125,16.916100000,0.524500000
1126,17.613000000,0.217700000
1127,16.034900000,0.618300000
1128,15.527100000,0.213500000
1129,18.546400000,0.253700000
1130,17.749400000,2.290100000
1131,26.515700000,0.257800000
1132,11.048900000,5.922900000
1133,9.899500000,0.622400000
1134,17.033900000,0.249400000
1135,16.475000000,0.174400000
1136,16.832800000,0.459900000
1137,16.597400000,0.217700000
1138,16.990100000,0.478700000
1139,17.195300000,0.181300000
1140,15.855700000,0.473900000
1141,18.843800000,2.155700000
1142,15.155200000,0.227100000
1143,16.298400000,0.589600000
1144,16.737500000,0.326000000
1145,16.035900000,0.622400000
1146,17.991700000,0.739100000
1147,21.098400000,2.782300000
1148,10.701100000,0.111500000
1149,16.866100000,0.522900000
1150,17.011500000,0.648500000
1151,16.835400000,0.446900000
1152,16.589600000,0.252100000
1153,16.549500000,0.228700000
1154,16.892700000,0.216100000
1155,16.941100000,0.581800000
1156,15.712500000,0.352600000
1157,17.043800000,0.511900000
1158,16.806200000,0.320300000
1159,17.041700000,0.486500000
1160,15.878100000,0.226500000
1161,16.876100000,0.276600000
1162,17.256700000,0.258800000
1163,15.680800000,0.310500000
1164,16.808800000,0.463500000
1165,16.644300000,0.214000000
1166,17.415100000,0.146900000
1167,15.617200000,0.268800000
1168,17.711400000,0.281200000
1169,15.651100000,0.258300000
1170,17.955700000,0.542200000
1171,15.677100000,0.243800000
1172,17.423400000,0.275000000
1173,15.896900000,0.123900000
1174,18.626000000,2.062500000
1175,14.626600000,0.291600000
1176,16.643200000,0.280700000
1177,16.910400000,0.533300000
1178,16.994300000,0.534400000
1179,16.790100000,0.403100000
1180,17.310400000,0.563100000
1181,16.171900000,0.539600000
1182,15.503100000,0.184900000
1183,19.932300000,1.642200000
1184,14.298500000,0.200000000
1185,17.575000000,0.432800000
1186,16.042700000,0.615200000
1187,15.519800000,0.221900000
1188,17.971800000,0.263500000
1189,15.742200000,0.336400000
1190,16.764100000,0.346900000
1191,17.904700000,1.123000000
1192,15.587000000,0.217800000
1193,16.685400000,0.239100000
1194,16.703100000,0.293200000
1195,16.880200000,0.390600000
1196,16.976600000,0.545300000
1197,20.244800000,4.021900000
1198,13.016100000,0.604700000
1199,15.663600000,0.265700000
1200,16.623400000,0.266700000
1201,18.532300000,0.399000000
1202,16.180200000,0.700500000
1203,18.225500000,0.480200000
1204,14.824500000,0.142700000
1205,15.821300000,0.439100000
1206,16.713600000,0.296900000
1207,18.491700000,0.259400000
1208,15.646800000,1.043200000
1209,15.774500000,0.414600000
1210,17.215600000,0.860400000
1211,17.130200000,0.413500000
1212,15.712000000,0.316100000
1213,16.842700000,0.451000000
1214,17.962000000,0.262500000
1215,17.795300000,1.742700000
1216,14.828100000,0.208400000
1217,15.839100000,0.497400000
1218,17.006300000,0.638600000
1219,17.350500000,0.977600000
1220,15.600500000,0.253600000
1221,16.744300000,0.346800000
1222,17.591100000,1.118800000
1223,15.815600000,0.304100000
1224,17.791700000,0.518700000
1225,20.060400000,0.213000000
1226,17.807300000,2.572400000
1227,14.179700000,2.602600000
1228,13.959900000,0.128200000
1229,17.490100000,0.252100000
1230,15.779700000,0.396300000
1231,16.732300000,0.407800000
1232,16.734400000,0.418800000
1233,16.602000000,0.235900000
1234,17.643800000,0.320300000
1235,32.569300000,17.115700000
1236,11.113000000,10.486400000
1237,10.474500000,4.046400000
1238,14.129600000,1.234400000
1239,16.908900000,0.148900000
1240,15.671400000,0.300600000
1241,16.616600000,0.235400000
1242,18.207800000,1.702600000
1243,14.573500000,0.226600000
1244,16.630700000,0.219800000
1245,16.787500000,0.385900000
1246,19.364100000,0.375000000
1247,13.756200000,0.407300000
1248,16.951600000,0.609900000
1249,17.164000000,0.281800000
1250,15.566200000,0.225000000
1251,17.731800000,0.368300000
1252,16.702000000,0.308400000
1253,15.631300000,0.241100000
1254,18.144300000,0.521900000
1255,15.716600000,0.395800000
1256,16.916700000,0.484900000
1257,16.628600000,0.250600000
1258,16.589100000,0.235900000
1259,16.781800000,0.331200000
1260,16.991600000,0.456700000
1261,16.963600000,1.281800000
1262,15.584400000,0.264600000
1263,16.640600000,0.259900000
1264,16.593200000,0.233300000
1265,16.510900000,0.189600000
1266,16.804200000,0.440600000
1267,16.599500000,0.226600000
1268,22.650500000,4.804700000
1269,11.009900000,0.564000000
1270,16.969800000,0.608400000
1271,17.653600000,0.305700000
1272,15.842800000,0.292200000
1273,16.718700000,0.314100000
1274,17.801600000,0.444300000
1275,15.440100000,0.218800000
1276,16.548400000,0.221300000
1277,17.552600000,1.168200000
1278,15.939100000,0.468800000
1279,16.788500000,0.415100000
1280,15.586500000,0.243800000
1281,17.676500000,0.261900000
1282,16.682900000,0.286000000
1283,17.201500000,0.279700000
1284,15.694800000,0.282800000
1285,16.739600000,0.319300000
1286,18.375500000,1.807800000
1287,14.870800000,0.500000000
1288,16.829200000,0.486400000
1289,17.345800000,0.934900000
1290,15.924000000,0.588000000
1291,16.715100000,0.297400000
1292,16.624500000,0.237000000
1293,16.675000000,0.301100000
1294,16.590100000,0.231200000
1295,16.981200000,0.609900000
1296,19.287000000,0.298400000
1297,13.653100000,0.218800000
1298,16.962500000,0.559900000
1299,17.724000000,0.166600000
1300,16.045300000,0.205200000
1301,15.518800000,0.238000000
1302,16.584300000,0.245800000
1303,17.808400000,0.452100000
1304,15.923900000,0.592200000
1305,16.597400000,0.206700000
1306,16.722400000,0.267200000
1307,17.111500000,0.744800000
1308,18.253100000,0.273400000
1309,15.456300000,1.092200000
1310,15.584300000,0.230200000
1311,16.649500000,0.352600000
1312,16.663600000,0.278700000
1313,16.871800000,0.254600000
1314,18.026600000,1.678600000
1315,15.829700000,0.487000000
1316,17.475500000,1.001500000
1317,16.238500000,0.795300000
1318,15.757900000,0.300000000
1319,16.711900000,0.166700000
1320,17.441200000,0.386900000
1321,16.156200000,0.527100000
1322,16.765700000,0.354100000
1323,16.766100000,0.384400000
1324,16.767200000,0.348400000
1325,23.759900000,1.418800000
1326,10.353600000,0.988000000
1327,15.571900000,0.205700000
1328,16.953100000,0.547400000
1329,18.017700000,0.184400000
1330,14.707300000,0.263500000
1331,17.190700000,0.578600000
1332,16.734300000,0.244700000
1333,16.936000000,0.534400000
1334,16.257800000,0.897400000
1335,17.667700000,0.237000000
1336,15.622400000,0.249000000
1337,18.947900000,1.640700000
1338,17.383900000,0.201600000
1339,13.548400000,0.242200000
1340,18.797400000,2.129700000
1341,14.791700000,0.422400000
1342,16.590600000,0.246400000
1343,17.451500000,0.995800000
1344,18.001600000,1.867200000
1345,14.873400000,0.504700000
1346,15.794800000,0.387000000
1347,16.709900000,0.331200000
1348,16.696900000,0.325500000
1349,16.768200000,0.244200000
1350,19.484900000,0.182200000
1351,14.184400000,0.546300000
1352,16.756800000,0.296400000
1353,16.668700000,0.251500000
1354,16.642200000,0.240100000
1355,17.488600000,1.060400000
1356,16.867100000,1.276000000
1357,15.822400000,0.168300000
1358,21.256300000,2.323400000
1359,11.678100000,0.379600000
1360,16.538000000,0.219300000
1361,16.706800000,0.232300000
1362,16.663000000,0.303100000
1363,16.691700000,0.204200000
1364,18.414600000,0.766200000
1365,14.623900000,0.114500000
1366,16.721400000,0.330200000
1367,18.139000000,1.176500000
1368,15.958400000,0.507800000
1369,16.686400000,0.247400000
1370,15.715700000,0.255800000
1371,20.055700000,1.761000000
1372,13.552100000,0.239100000
1373,16.463000000,0.168700000
1374,24.410400000,7.950500000
1375,20.150500000,6.594700000
1376,12.586000000,7.113500000
1377,12.035900000,2.730200000
1378,14.607800000,0.300000000
1379,16.768300000,0.394200000
1380,18.625500000,1.947400000
1381,15.631700000,0.875000000
1382,15.900000000,0.526600000
1383,17.423500000,0.162500000
1384,20.410900000,3.873900000
1385,11.429200000,0.110900000
1386,16.640600000,0.332300000
1387,16.747400000,0.231800000
1388,19.916700000,1.409300000
1389,14.876500000,0.969200000
1390,15.474000000,0.166200000
1391,21.112000000,0.235900000
1392,12.727100000,0.209900000
1393,16.484300000,0.187500000
1394,18.407800000,0.153600000
1395,14.663100000,0.274500000
1396,16.603600000,0.247900000
1397,16.751100000,0.301000000
1398,26.719200000,0.281800000
1399,11.501600000,3.905200000
1400,13.952600000,2.331200000
1401,14.899500000,0.228200000
1402,16.559300000,0.195400000
1403,16.607900000,0.269800000
1404,16.647900000,0.249500000
1405,16.580200000,0.237000000
1406,16.723900000,0.342800000
1407,16.707300000,0.219700000
1408,17.901600000,1.559800000
1409,16.137000000,0.765100000
1410,18.047400000,2.019300000
1411,14.622900000,0.279700000
1412,25.880200000,9.497400000
1413,6.942700000,0.491100000
1414,16.560400000,0.172900000
1415,17.987500000,0.870300000
1416,15.982300000,0.571800000
1417,16.854200000,0.501600000
1418,18.412500000,1.862500000
1419,15.529700000,0.233400000
1420,17.201500000,1.601000000
1421,14.499500000,0.193200000
1422,17.771400000,0.307900000
1423,16.177000000,0.791600000
1424,16.970900000,0.574500000
1425,16.841100000,0.444300000
1426,15.842200000,0.506800000
1427,16.979200000,0.572900000
1428,16.707800000,0.234400000
1429,16.633300000,0.272400000
1430,17.609900000,1.239000000
1431,15.669300000,0.266700000
1432,16.550500000,0.219200000
1433,19.105200000,1.926600000
1434,14.853100000,0.443200000
1435,15.517800000,0.119300000
1436,18.091100000,0.721900000
1437,16.720800000,0.686400000
1438,18.971400000,2.241700000
1439,13.865100000,0.514600000
1440,17.437500000,0.581800000
1441,15.584900000,0.268800000
1442,16.886400000,0.528600000
1443,16.975000000,0.531200000
1444,16.039100000,0.557300000
1445,16.633900000,0.214100000
1446,16.747900000,0.320300000
1447,16.657800000,0.266700000
1448,16.822900000,0.330700000
1449,16.812000000,0.398500000
1450,16.654700000,0.234400000
1451,17.230700000,0.775500000
1452,15.562500000,0.227600000
1453,16.777100000,0.231800000
1454,16.625500000,0.283800000
1455,16.643800000,0.246900000
1456,16.754600000,0.389500000
1457,16.640100000,0.245800000
1458,17.109400000,0.160900000
1459,32.205800000,14.870900000
1460,19.524400000,19.288000000
1461,10.342700000,10.156700000
1462,12.142700000,4.529100000
1463,12.434400000,0.914000000
1464,16.600000000,0.239000000
1465,16.668300000,0.242200000
1466,16.573400000,0.107800000
1467,16.708800000,0.398900000
1468,16.659400000,0.295300000
1469,16.700000000,0.320300000
1470,16.653700000,0.280700000
1471,16.916600000,0.394800000
1472,15.737000000,0.295800000
1473,16.706800000,0.327100000
1474,16.776500000,0.309300000
1475,16.641700000,0.264600000
1476,16.661500000,0.297400000
1477,17.037500000,0.640600000
1478,16.999400000,0.622900000
1479,16.701600000,0.381700000
1480,16.659900000,0.283300000
1481,17.203700000,0.732200000
1482,15.965600000,0.564100000
1483,16.567700000,0.192700000
1484,17.010900000,0.395300000
1485,15.918800000,0.525000000
1486,16.568200000,0.141100000
1487,16.942700000,0.539100000
1488,16.685400000,0.191100000
1489,17.307800000,0.188100000
1490,16.017200000,0.430200000
1491,17.761500000,1.259900000
1492,15.633800000,0.254100000
1493,16.695900000,0.263600000
1494,16.895300000,0.496400000
1495,16.770800000,0.150000000
1496,16.991200000,0.597400000
1497,15.763500000,0.382300000
1498,16.634900000,0.247400000
1499,22.333900000,1.787000000
1500,18.546800000,6.895800000
1501,14.880200000,5.267200000
1502,11.295400000,0.418700000
1503,16.722900000,0.320300000
1504,16.578100000,0.210400000
1505,16.874000000,0.456200000
1506,16.760900000,0.422900000
1507,16.555200000,0.227600000
1508,16.933900000,0.531200000
1509,15.675000000,0.322400000
1510,18.116600000,1.197900000
1511,15.789600000,0.386000000
1512,16.711500000,0.291700000
1513,17.227600000,0.321800000
1514,16.038500000,0.326000000
1515,16.650000000,0.244200000
1516,16.750500000,0.329700000
1517,16.759900000,0.357300000
1518,16.664600000,0.259900000
1519,17.066700000,0.531800000
1520,15.734300000,0.303700000
1521,16.592200000,0.227100000
1522,16.742200000,0.259900000
1523,17.079700000,0.688500000
1524,16.707300000,0.382300000
1525,16.842200000,0.419800000
1526,16.612000000,0.235400000
1527,17.084300000,0.698900000
1528,16.003700000,0.462500000
1529,16.897400000,0.521400000
1530,19.153100000,1.865100000
1531,14.037500000,0.582300000
1532,16.645300000,0.276000000
1533,16.871400000,0.524500000
1534,16.832300000,0.323500000
1535,15.838500000,0.384300000
1536,16.885900000,0.492700000
1537,16.902100000,0.550000000
1538,16.877600000,0.450000000
1539,17.382800000,0.963000000
1540,15.679700000,0.288600000
1541,16.641700000,0.214000000
1542,16.641700000,0.238600000
1543,16.793200000,0.330200000
1544,16.676000000,0.241700000
1545,16.773500000,0.423500000
1546,16.859400000,0.453700000
1547,15.578600000,0.238000000
1548,19.256200000,1.728100000
1549,15.220900000,0.873000000
1550,15.996300000,0.154700000
1551,16.748500000,0.302100000
1552,16.813500000,0.338000000
1553,19.076100000,0.255800000
1554,23.172400000,6.669800000
1555,12.291100000,4.785400000
1556,14.193700000,1.315100000
1557,14.568300000,0.245800000
1558,16.870300000,0.519800000
1559,16.796900000,0.389100000
1560,25.232800000,8.750000000
1561,15.672400000,7.297900000
1562,14.244200000,2.980700000
1563,11.930300000,1.616100000
1564,15.692700000,0.389100000
1565,16.995300000,0.583900000
1566,18.667700000,1.195300000
1567,15.147900000,0.172400000
1568,15.900000000,0.301000000
1569,16.826600000,0.502600000
1570,17.022400000,0.415200000
1571,16.708300000,0.296900000
1572,18.548400000,2.182800000
1573,14.884900000,0.488000000
1574,15.545300000,0.133400000
1575,17.714600000,0.403600000
1576,15.755200000,0.433800000
1577,17.477100000,0.480200000
1578,17.468800000,1.148400000
1579,15.958300000,0.617700000
1580,15.726600000,0.337500000
1581,16.663000000,0.272900000
1582,16.687000000,0.306800000
1583,16.693200000,0.289100000
1584,16.791700000,0.192700000
1585,16.760900000,0.333400000
1586,16.846300000,0.318300000
1587,16.772400000,0.409400000
1588,16.838600000,0.330200000
1589,16.702100000,0.311500000
1590,18.208300000,1.806800000
1591,14.677600000,0.320800000
1592,16.569300000,0.225000000
1593,16.793700000,0.458300000
1594,16.666200000,0.287500000
1595,17.071800000,0.699000000
1596,16.669300000,0.313500000
1597,17.181300000,0.321800000
1598,15.754100000,0.339100000
1599,16.894300000,0.314600000
1600,16.795800000,0.349400000
1601,16.683900000,0.311500000
1602,16.609900000,0.240600000
1603,28.608300000,0.324000000
1604,9.936000000,5.345800000
1605,11.783800000,0.478100000
1606,15.912000000,0.337000000
1607,17.420800000,0.615100000
1608,16.185400000,0.778700000
1609,17.149000000,0.793200000
1610,15.735900000,0.258400000
1611,16.634900000,0.147400000
1612,16.837000000,0.415100000
1613,17.102100000,0.683300000
1614,16.599000000,0.224000000
1615,16.814000000,0.454100000
1616,20.485400000,3.371800000
1617,14.971900000,0.275000000
1618,14.958900000,0.339500000
1619,16.294200000,0.925500000
1620,16.593300000,0.253100000
1621,16.847900000,0.426100000
1622,16.673900000,0.275000000
1623,16.621400000,0.226000000
1624,16.748400000,0.317700000
1625,16.961500000,0.506300000
1626,15.665100000,0.244300000
1627,16.589100000,0.241700000
1628,16.929600000,0.378700000
1629,17.017700000,0.663600000
1630,16.580800000,0.249500000
1631,17.023900000,0.601000000
1632,15.695900000,0.302100000
1633,16.702600000,0.319200000
1634,16.765600000,0.179700000
1635,17.014600000,0.524000000
1636,16.947900000,0.427100000
1637,16.930200000,0.195300000
1638,15.746900000,0.400500000
1639,16.767200000,0.388600000
1640,16.968200000,0.360400000
1641,16.719300000,0.225500000
1642,16.591100000,0.266600000
1643,17.082800000,0.576500000
1644,15.774000000,0.334400000
1645,18.152100000,0.138000000
1646,18.294800000,2.861500000
1647,15.206200000,0.243800000
1648,15.612000000,0.246900000
1649,16.914600000,0.480200000
1650,16.686400000,0.241600000
1651,17.076100000,0.711500000
1652,16.226000000,0.790100000
1653,17.208900000,0.785900000
1654,15.741600000,0.221900000
1655,17.116700000,0.553600000
1656,15.762500000,0.378600000
1657,16.827600000,0.445300000
1658,16.796900000,0.321900000
1659,16.980200000,0.581800000
1660,16.622900000,0.251000000
1661,16.850000000,0.270300000
1662,18.342200000,1.853700000
1663,14.746300000,0.383800000
1664,16.924000000,0.169700000
1665,19.339100000,1.920900000
1666,14.403100000,0.881300000
1667,16.030200000,0.551600000
1668,16.599000000,0.249500000
1669,16.727600000,0.404700000
1670,16.678600000,0.142700000
1671,16.671400000,0.300000000
1672,16.611400000,0.216100000
1673,17.065600000,0.669300000
1674,15.670400000,0.218800000
1675,24.525500000,7.481800000
1676,12.287500000,2.833900000
1677,13.999500000,0.651100000
1678,16.807200000,0.314100000
1679,16.775000000,0.334400000
1680,15.719800000,0.308800000
1681,17.526100000,0.305800000
1682,16.720800000,0.271300000
1683,16.151600000,0.316200000
1684,16.611400000,0.253700000
1685,16.975000000,0.368200000
1686,16.728200000,0.339100000
1687,17.866100000,0.255200000
1688,14.814600000,0.341700000
1689,16.936400000,0.587500000
1690,18.150000000,0.860500000
1691,15.796400000,0.439100000
1692,15.668800000,0.255700000
1693,16.561900000,0.231800000
1694,18.270300000,0.846300000
1695,15.891700000,0.468200000
1696,16.807800000,0.280200000
1697,16.791700000,0.411400000
1698,15.682800000,0.351600000
1699,16.686500000,0.280800000
1700,17.062500000,0.573900000
1701,16.770800000,0.284400000
1702,16.922400000,0.401600000
1703,17.013000000,0.634800000
1704,15.745800000,0.357900000
1705,17.190100000,0.515100000
1706,17.348500000,0.915100000
1707,16.131200000,0.227600000
1708,17.088100000,0.636000000
1709,15.715600000,0.279200000
1710,16.748900000,0.253700000
1711,17.027600000,0.614100000
1712,17.134400000,0.699500000
1713,15.742700000,0.340100000
1714,16.654700000,0.287500000
1715,16.633300000,0.268300000
1716,16.951100000,0.592700000
1717,16.960900000,0.582300000
1718,17.178200000,0.628100000
1719,15.711400000,0.278600000
1720,16.821900000,0.439600000
1721,16.804700000,0.394200000
1722,16.743200000,0.334900000
1723,16.867700000,0.361500000
1724,15.855200000,0.397900000
1725,17.332800000,0.782300000
1726,17.155200000,0.204700000
1727,18.979700000,3.594300000
1728,15.054200000,0.255200000
1729,14.852100000,0.145300000
1730,17.014600000,0.366100000
1731,16.979600000,0.653100000
1732,16.619300000,0.235500000
1733,16.824000000,0.487000000
1734,16.004700000,0.366600000
1735,16.893700000,0.536500000
1736,17.031800000,0.353100000
1737,17.275000000,0.856800000
1738,15.835400000,0.489000000
1739,16.950500000,0.543200000
1740,15.712000000,0.256800000
1741,19.872900000,0.258300000
1742,23.293200000,7.307800000
1743,11.850600000,4.536000000
1744,20.672900000,8.711000000
1745,14.279200000,5.503600000
1746,12.408800000,2.092700000
1747,14.847400000,0.276100000
1748,16.707300000,0.257800000
1749,16.769300000,0.430200000
1750,16.696800000,0.294800000
1751,16.834400000,0.305200000
1752,17.430200000,1.346900000
1753,15.839100000,0.174500000
1754,16.878100000,0.432800000
1755,16.110900000,0.638500000
1756,16.731800000,0.381200000
1757,16.791700000,0.254700000
1758,17.597900000,1.096300000
1759,15.710400000,0.283800000
1760,16.687500000,0.270300000
1761,16.656800000,0.283900000
1762,16.800500000,0.216100000
1763,16.871400000,0.516700000
1764,15.859900000,0.276600000
1765,17.235400000,0.294300000
1766,16.828600000,0.352600000
1767,15.901100000,0.465100000
1768,16.799400000,0.396900000
1769,17.191200000,0.266600000
1770,16.675500000,0.288000000
1771,16.721900000,0.263500000
1772,17.020800000,0.317700000
1773,16.213600000,0.326600000
1774,16.687500000,0.255200000
1775,16.899400000,0.488100000
1776,15.867200000,0.479100000
1777,16.642200000,0.286400000
1778,16.708300000,0.272400000
1779,16.721900000,0.317700000
1780,16.724000000,0.317700000
1781,16.772900000,0.339100000
1782,16.694300000,0.287500000
1783,17.013500000,0.613500000
1784,16.561500000,0.215600000
1785,17.289000000,0.848400000
1786,15.912000000,0.342200000
1787,16.818200000,0.433300000
1788,16.656300000,0.252100000
1789,16.901000000,0.486400000
1790,15.886000000,0.358300000
1791,16.622400000,0.258400000
1792,16.788000000,0.320900000
1793,16.697900000,0.279200000
1794,16.974500000,0.501500000
1795,16.812500000,0.464100000
1796,16.601000000,0.225000000
1797,16.891700000,0.493200000
1798,15.863000000,0.222900000
1799,16.792200000,0.301600000
1800,16.775500000,0.355700000
1801,16.996900000,0.545300000
1802,16.774000000,0.373500000
1803,16.835400000,0.461500000
1804,15.878600000,0.453100000
1805,16.757300000,0.206700000
1806,16.887500000,0.201600000
1807,16.726000000,0.336000000
1808,16.851600000,0.329700000
1809,16.856800000,0.445900000
1810,15.765100000,0.313000000
1811,17.280200000,0.290600000
1812,18.868200000,0.345800000
1813,14.680800000,0.267700000
1814,16.745300000,0.323000000
1815,15.666600000,0.293200000
1816,16.811500000,0.345300000
1817,17.087000000,0.530800000
1818,18.192200000,0.614600000
1819,14.619200000,0.246400000
1820,17.196900000,0.412000000
1821,16.635400000,0.269300000
1822,16.942200000,0.508300000
1823,17.070800000,0.486900000
1824,15.645400000,0.253100000
1825,17.613500000,1.186000000
1826,16.139100000,0.590600000
1827,16.705200000,0.288000000
1828,16.942200000,0.536500000
1829,17.073900000,0.681200000
1830,16.069800000,0.456800000
1831,16.915600000,0.455200000
1832,15.768800000,0.399500000
1833,16.684900000,0.289100000
1834,16.839000000,0.429700000
1835,18.544800000,1.783800000
1836,14.703700000,0.233800000
1837,17.168700000,0.206800000
1838,19.975500000,0.396900000
1839,14.711000000,1.009900000
1840,17.917200000,3.004100000
1841,14.664600000,0.246300000
1842,15.560400000,0.223900000
1843,16.617700000,0.240100000
1844,16.665600000,0.250500000
1845,16.695800000,0.282800000
1846,17.058400000,0.582300000
1847,16.677600000,0.270900000
1848,17.610900000,0.929700000
1849,16.250000000,0.262500000
1850,18.669300000,3.070800000
1851,13.761400000,0.438000000
1852,16.723000000,0.305300000
1853,17.031700000,0.657800000
1854,17.375500000,0.612500000
1855,15.624000000,0.275500000
1856,16.705200000,0.296900000
1857,16.774500000,0.393800000
1858,17.252100000,0.206800000
1859,16.030700000,0.565100000
1860,16.765100000,0.382300000
1861,17.183300000,0.716700000
1862,17.980800000,1.209800000
1863,14.966600000,0.439600000
1864,17.166200000,0.729200000
1865,16.240600000,0.538000000
1866,16.691700000,0.256800000
1867,16.931200000,0.474500000
1868,16.030800000,0.222400000
1869,16.923400000,0.553700000
1870,23.917700000,0.927100000
1871,13.437000000,3.836000000
1872,14.344800000,0.920800000
1873,14.656200000,0.308300000
1874,24.635400000,3.053100000
1875,9.863100000,0.547400000
1876,15.604600000,0.232300000
1877,16.644800000,0.316700000
1878,17.069300000,0.593800000
1879,16.669300000,0.254200000
1880,16.800500000,0.393700000
1881,16.745300000,0.429100000
1882,15.610400000,0.257800000
1883,17.904200000,0.527600000
1884,15.712000000,0.336500000
1885,16.706200000,0.156700000
1886,16.822900000,0.277100000
1887,16.608900000,0.216100000
1888,16.811500000,0.416700000
1889,16.629600000,0.270900000
1890,16.757300000,0.280200000
1891,16.987500000,0.630200000
1892,17.256300000,0.691700000
1893,15.679700000,0.264600000
1894,16.910400000,0.537500000
1895,16.908300000,0.505200000
1896,16.558400000,0.122900000
1897,16.737500000,0.361500000
1898,16.691100000,0.288500000
1899,17.064100000,0.716200000
1900,16.417200000,0.967700000
1901,15.676000000,0.306300000
1902,16.940600000,0.381300000
1903,16.653700000,0.274500000
1904,17.450000000,0.976600000
1905,15.997900000,0.301100000
1906,16.668700000,0.291100000
1907,17.320300000,0.534400000
1908,15.614600000,0.235900000
1909,17.419800000,0.191100000
1910,17.787000000,0.686500000
1911,20.992200000,0.182300000
1912,10.462500000,0.123900000
1913,16.871900000,0.434400000
1914,16.752600000,0.241200000
1915,16.768200000,0.354700000
1916,16.727600000,0.337000000
1917,17.614600000,1.255200000
1918,16.032300000,0.583900000
1919,16.769800000,0.357300000
1920,22.533300000,1.884400000
1921,10.606800000,0.192700000
1922,17.105200000,0.498400000
1923,16.037000000,0.576600000
1924,16.945300000,0.555800000
1925,16.780700000,0.429700000
1926,18.018200000,1.610900000
1927,15.101100000,0.577600000
1928,16.948400000,0.558300000
1929,15.644300000,0.260900000
1930,17.142200000,0.206800000
1931,17.284300000,0.449500000
1932,15.889600000,0.463000000
1933,18.174500000,1.199500000
1934,16.015100000,0.583900000
1935,15.820300000,0.293700000
1936,16.758900000,0.314100000
1937,17.291600000,0.577000000
1938,15.994800000,0.224400000
1939,17.558400000,1.145800000
1940,15.902600000,0.363500000
1941,17.910400000,0.493700000
1942,19.657300000,4.021900000
1943,12.893200000,0.516100000
1944,18.057800000,1.587000000
1945,14.850000000,0.441700000
1946,17.101100000,0.196900000
1947,16.195800000,0.838000000
1948,16.795300000,0.268200000
1949,16.714100000,0.299000000
1950,18.105700000,1.657800000
1951,14.677100000,0.319800000
1952,17.556800000,0.648500000
1953,15.728100000,0.312500000
1954,17.635400000,1.200500000
1955,15.877600000,0.502100000
1956,17.010400000,0.569800000
1957,16.690600000,0.316600000
1958,16.837500000,0.414000000
1959,16.909900000,0.499400000
1960,16.025000000,0.491700000
1961,16.764100000,0.358800000
1962,16.701600000,0.308900000
1963,16.986400000,0.557800000
1964,16.743200000,0.360400000
1965,16.652100000,0.264600000
1966,16.789100000,0.355200000
1967,15.958800000,0.183300000
1968,19.182300000,1.092200000
1969,14.930200000,0.536000000
1970,16.026100000,0.606700000
1971,16.773400000,0.196900000
1972,16.679200000,0.168300000
1973,16.885900000,0.449400000
1974,16.711500000,0.273900000
1975,17.025500000,0.510400000
1976,16.062000000,0.317700000
1977,16.742700000,0.362500000
1978,16.970300000,0.353100000
1979,15.970300000,0.464000000
1980,16.676100000,0.268200000
1981,17.209300000,0.219800000
1982,17.579700000,0.792700000
1983,15.858900000,0.480700000
1984,16.871900000,0.422400000
1985,16.299400000,0.908300000
1986,16.815700000,0.189100000
1987,16.628600000,0.260900000
1988,16.720300000,0.296900000
1989,16.652100000,0.306800000
1990,16.601600000,0.213500000
1991,16.831200000,0.445800000
1992,16.616200000,0.221900000
1993,18.093200000,0.679700000
1994,14.902100000,0.246400000
1995,17.056200000,0.239500000
1996,15.661500000,0.277600000
1997,16.983800000,0.589100000
1998,16.738600000,0.159900000
1999,18.128100000,0.540600000
2000,15.850500000,0.323400000
2001,15.692200000,0.291100000
2002,16.912000000,0.174500000
2003,19.041100000,0.309900000
2004,14.938100000,0.468700000
2005,16.442700000,1.001500000
2006,17.089500000,0.536500000
2007,17.155300000,1.686500000
2008,20.275500000,0.291200000
2009,14.255700000,1.218800000
2010,14.757800000,0.458900000
2011,17.227600000,0.746300000
2012,23.348500000,6.189100000
2013,8.651000000,0.177600000
2014,17.155700000,0.736500000
2015,16.889600000,0.295800000
2016,16.807800000,0.421900000
2017,15.994300000,0.463000000
2018,17.618700000,0.510900000
2019,15.875600000,0.512000000
2020,17.187500000,0.686000000
2021,15.908300000,0.547900000
2022,16.622900000,0.243700000
2023,17.197900000,0.864600000
2024,16.751600000,0.298400000
2025,18.189600000,1.691700000
2026,14.920300000,0.454200000
2027,16.912000000,0.339600000
2028,17.852100000,1.424000000
2029,14.685900000,0.325600000
2030,17.474500000,0.968300000
2031,17.439600000,1.058400000
2032,15.880200000,0.404100000
2033,17.448400000,1.057800000
2034,19.784400000,3.257800000
2035,12.790100000,0.419300000
2036,16.867700000,0.413500000
2037,15.931200000,0.557900000
2038,16.676100000,0.278100000
2039,17.002600000,0.583900000
2040,21.241700000,4.812000000
2041,13.090100000,0.595900000
2042,16.006700000,0.536400000
2043,16.490100000,0.685900000
2044,16.956300000,0.478100000
2045,15.982800000,0.592200000
2046,17.175000000,0.401100000
2047,16.462000000,1.000600000
2048,16.574500000,0.209300000
2049,16.906700000,0.573900000
2050,17.476100000,0.519200000
2051,16.194200000,0.449400000
2052,16.973000000,0.983300000
2053,15.909300000,0.516100000
2054,17.323500000,0.571800000
2055,15.869200000,0.434900000
2056,20.166700000,0.833400000
2057,14.338500000,1.951500000
2058,16.450600000,1.082800000
2059,15.831700000,0.154700000
2060,16.983400000,0.488000000
2061,15.830200000,0.427100000
2062,17.159900000,0.370800000
2063,16.711400000,0.269800000
2064,17.318800000,0.840100000
2065,16.056800000,0.175000000
2066,16.569700000,0.775500000
2067,16.595900000,0.265200000
2068,16.736400000,0.271900000
2069,16.972400000,0.589600000
2070,17.687500000,1.249000000
2071,14.721900000,0.363500000
2072,18.691200000,1.239600000
2073,14.589000000,0.241100000
2074,16.650500000,0.195900000
2075,16.742200000,0.346300000
2076,17.221900000,0.841700000
2077,16.850000000,0.179700000
2078,16.837000000,0.399000000
2079,15.739000000,0.338000000
2080,17.455200000,0.783400000
2081,16.692800000,0.308400000
2082,17.850000000,1.452700000
2083,15.136400000,0.692200000
2084,17.019300000,0.586000000
2085,17.111400000,0.459300000
2086,16.126600000,0.205200000
2087,16.762000000,0.179200000
2088,16.753600000,0.291200000
2089,17.536000000,0.805700000
2090,15.601000000,0.220900000
2091,16.790600000,0.439600000
2092,17.169300000,0.615600000
2093,15.719300000,0.271900000
2094,16.968200000,0.236400000
2095,17.420300000,0.191200000
2096,15.710400000,0.171900000
2097,16.565700000,0.231200000
2098,17.195300000,0.182800000
2099,15.761400000,0.444200000
2100,16.761000000,0.275500000
2101,17.926500000,1.544700000
2102,16.288600000,0.841200000
2103,15.683800000,0.300000000
2104,17.002100000,0.281700000
2105,16.635400000,0.254600000
2106,16.725000000,0.384300000
2107,17.169300000,0.423900000
2108,15.845800000,0.265600000
2109,16.788100000,0.394200000
2110,16.921300000,0.177600000
2111,17.035900000,0.619300000
2112,17.390100000,0.827600000
2113,16.031800000,0.677600000
2114,15.970300000,0.162000000
2115,16.537000000,0.210400000
2116,16.723400000,0.287500000
2117,16.669800000,0.261000000
2118,17.011000000,0.579700000
2119,16.956700000,0.604200000
2120,16.842200000,0.404100000
2121,15.651100000,0.299000000
2122,17.356200000,0.194200000
2123,16.825500000,0.156700000
2124,18.455300000,0.289600000
2125,16.257800000,0.239500000
2126,14.692700000,0.361000000
2127,17.704100000,1.318700000
2128,15.886500000,0.292700000
2129,17.028100000,0.614100000
2130,17.812500000,1.282300000
2131,14.614600000,0.239600000
2132,17.178100000,0.478100000
2133,16.958900000,0.364100000
2134,17.118200000,0.513000000
2135,15.638600000,0.260400000
2136,18.031700000,0.992700000
2137,15.997900000,0.606700000
2138,17.243300000,0.578200000
2139,15.901000000,0.555200000
2140,17.005200000,0.600000000
2141,15.714600000,0.298400000
2142,17.798400000,1.120800000
2143,15.725600000,0.308300000
2144,17.552600000,1.092700000
2145,15.743200000,0.245800000
2146,17.230700000,0.769200000
2147,16.705200000,0.313100000
2148,16.743300000,0.268200000
2149,15.651500000,0.267100000
2150,18.304700000,0.812500000
2151,15.636500000,0.263500000
2152,17.576000000,0.752700000
2153,16.167700000,0.690600000
2154,17.181800000,0.809900000
2155,16.664600000,1.327100000
2156,16.927600000,1.221900000
2157,17.113000000,0.837000000
2158,14.696400000,0.229100000
2159,16.560900000,0.257300000
2160,19.351600000,2.310400000
2161,15.766600000,0.585400000
2162,15.699000000,0.304200000
2163,18.321300000,0.247400000
2164,14.942200000,0.190100000
2165,16.827600000,0.413500000
2166,15.712000000,0.347300000
2167,16.747900000,0.368200000
2168,17.683900000,0.350000000
2169,15.670300000,0.296300000
2170,17.674500000,0.357800000
2171,15.938500000,0.523400000
2172,16.655700000,0.279600000
2173,16.780800000,0.394200000
2174,16.898400000,0.217700000
2175,17.310400000,0.870300000
2176,15.578700000,0.218700000
2177,17.446300000,1.022900000
2178,15.611000000,0.249000000
2179,16.716600000,0.295300000
2180,17.489600000,0.331800000
2181,16.677100000,0.258300000
2182,17.113500000,0.555700000
2183,16.136500000,0.736500000
2184,16.787000000,0.290100000
2185,15.969200000,0.587500000
2186,26.855300000,1.837500000
2187,16.145300000,6.677100000
2188,12.583800000,5.037000000
2189,12.086000000,0.622400000
2190,15.590600000,0.265600000
2191,16.640600000,0.280200000
2192,17.081800000,0.512500000
2193,16.595800000,0.306700000
2194,17.686500000,0.722900000
2195,15.762500000,0.325000000
2196,17.018700000,0.544300000
2197,15.844800000,0.460400000
2198,17.738000000,0.574400000
2199,15.700000000,0.297900000
2200,17.681300000,0.692200000
2201,17.394300000,2.002100000
2202,15.365600000,0.191600000
2203,16.841100000,0.414000000
2204,17.301600000,0.155200000
2205,15.748400000,0.405700000
2206,18.320900000,1.715600000
2207,16.576500000,1.922900000
2208,14.531300000,0.122400000
2209,16.837500000,0.454200000
2210,16.996800000,0.435400000
2211,16.634900000,0.244200000
2212,17.318300000,0.620800000
2213,16.009300000,0.564500000
2214,17.180800000,0.237000000
2215,15.639600000,0.265100000
2216,16.895300000,0.556300000
2217,16.736400000,0.377100000
2218,17.015700000,0.595300000
2219,17.207200000,0.763500000
2220,15.669800000,0.296900000
2221,16.702600000,0.333400000
2222,17.070400000,0.267200000
2223,16.564500000,0.238000000
2224,22.835500000,2.654100000
2225,16.657800000,2.656200000
2226,11.010900000,0.629700000
2227,15.537000000,0.190100000
2228,18.564000000,0.407200000
2229,15.501600000,0.213000000
2230,17.790100000,0.670300000
2231,16.343200000,0.984900000
2232,16.103700000,0.228100000
2233,17.546300000,0.755700000
2234,16.066700000,0.267700000
2235,15.584400000,0.261500000
2236,16.938000000,0.135400000
2237,16.811500000,0.357300000
2238,16.969200000,0.500500000
2239,17.140100000,0.638600000
2240,16.508900000,0.271400000
2241,15.783300000,0.269200000
2242,17.093300000,0.488000000
2243,17.185400000,0.714000000
2244,15.917200000,0.574500000
2245,17.256700000,0.719700000
2246,17.270300000,1.900000000
2247,16.731800000,0.768800000
2248,16.051600000,0.401000000
2249,15.817200000,0.431800000
2250,18.887500000,1.472900000
2251,14.544800000,0.194300000
2252,16.940100000,0.258400000
2253,16.489500000,0.198000000
2254,17.939100000,0.300500000
2255,15.684400000,0.282300000
2256,16.721900000,0.347900000
2257,17.146800000,0.684800000
2258,16.469300000,0.883900000
2259,15.802100000,0.342200000
2260,18.042700000,0.877600000
2261,15.768700000,0.346300000
2262,16.649500000,0.231200000
2263,17.730800000,1.329100000
2264,15.677000000,0.244300000
2265,17.745900000,1.374500000
2266,15.866600000,0.469800000
2267,15.619300000,0.237500000
2268,17.719300000,0.300500000
2269,15.772400000,0.369800000
2270,16.915100000,0.390100000
2271,16.841600000,0.467200000
2272,16.727100000,0.159300000
2273,17.372900000,0.642700000
2274,16.340700000,0.516700000
2275,16.997400000,0.544300000
2276,16.295300000,0.652600000
2277,16.609900000,0.246400000
2278,17.920800000,0.271400000
2279,23.024500000,0.274500000
2280,9.509400000,0.763600000
2281,22.706700000,0.170300000
2282,9.574000000,0.233300000
2283,17.322400000,0.675500000
2284,16.234900000,0.079700000
2285,16.257800000,0.093300000
2286,16.254200000,0.092700000
2287,18.361900000,0.878600000
2288,15.323500000,0.133900000
2289,16.815600000,0.463500000
2290,16.759400000,0.353700000
2291,16.790100000,0.278700000
2292,17.856200000,1.263500000
2293,16.068300000,0.587500000
2294,17.030200000,1.634900000
2295,16.018200000,0.607300000
2296,16.944800000,0.546400000
2297,16.963000000,0.279600000
2298,16.312500000,0.409900000
2299,16.745800000,0.311000000
2300,15.771400000,0.450500000
2301,16.593200000,0.240100000
2302,17.048500000,0.589100000
2303,16.758300000,0.345900000
2304,20.190600000,3.443200000
2305,12.718300000,0.347900000
2306,16.702000000,0.232800000
2307,17.274500000,0.332800000
2308,16.854700000,0.405200000
2309,16.849500000,0.438000000
2310,16.228100000,0.716100000
2311,18.376600000,0.269300000
2312,14.778600000,0.202600000
2313,17.040600000,0.246800000
2314,16.741700000,0.361000000
2315,16.895800000,0.459900000
2316,16.263100000,0.537500000
2317,16.804600000,0.211400000
2318,17.169800000,0.309900000
2319,15.520400000,0.197400000
2320,17.533800000,0.825000000
2321,16.225000000,0.756800000
2322,17.417700000,1.010900000
2323,16.345300000,0.940600000
2324,17.459400000,1.632300000
2325,17.018200000,1.286500000
2326,15.669300000,1.288000000
2327,15.645300000,0.272400000
2328,17.396400000,0.803200000
2329,16.589000000,0.222900000
2330,16.906800000,0.402000000
2331,15.730700000,0.300500000
2332,16.966700000,0.593700000
2333,16.967700000,0.552600000
2334,16.662500000,0.253600000
2335,17.088000000,0.164000000
2336,16.554700000,0.806200000
2337,15.746900000,0.383900000
2338,18.306800000,1.374500000
2339,16.067700000,0.543800000
2340,17.567700000,1.546400000
2341,14.533800000,0.222900000
2342,17.795900000,0.289100000
2343,15.766100000,0.342700000
2344,17.492700000,0.949500000
2345,15.981800000,0.225000000
2346,16.962000000,0.588600000
2347,16.653100000,0.284300000
2348,16.730700000,0.148900000
2349,17.554200000,1.208300000
2350,15.862000000,0.371900000
2351,17.104700000,0.609900000
2352,17.934900000,2.481200000
2353,15.026000000,0.282300000
2354,17.530200000,1.018800000
2355,15.654200000,0.320800000
2356,17.016600000,0.468800000
2357,15.632300000,0.267100000
2358,16.991200000,0.504600000
2359,16.672400000,0.211500000
2360,16.788000000,0.391200000
2361,17.216700000,0.619800000
2362,16.485400000,0.406300000
2363,16.826500000,0.284900000
2364,15.702600000,0.240100000
2365,16.739600000,0.379100000
2366,16.601100000,0.145300000
2367,16.660400000,0.250500000
2368,17.098400000,0.722900000
2369,17.196900000,0.755200000
2370,15.961500000,0.332800000
2371,16.757200000,0.349400000
2372,17.384400000,0.703600000
2373,16.257800000,0.844800000
2374,16.646900000,0.259400000
2375,18.713000000,2.329200000
2376,17.334900000,2.936500000
2377,14.244300000,0.860400000
2378,16.788000000,0.350600000
2379,15.545300000,0.205700000
2380,18.219800000,0.157800000
2381,15.981300000,0.556300000
2382,18.309900000,1.491700000
2383,14.811900000,0.426500000
2384,17.042200000,0.621800000
2385,15.727100000,0.322400000
2386,16.577100000,0.135400000
2387,18.683300000,0.984300000
2388,17.391700000,1.992700000
2389,15.135900000,0.642700000
2390,16.790100000,1.284900000
2391,15.590700000,0.245300000
2392,17.576500000,0.289000000
2393,16.199000000,0.598400000
2394,16.781800000,0.304700000
2395,16.706700000,0.272900000
2396,16.647900000,0.258400000
2397,16.671400000,0.283800000
2398,17.421400000,0.454600000
2399,15.764000000,0.319800000
2400,16.728100000,0.329700000
2401,16.738100000,0.284900000
2402,17.503100000,1.141700000
2403,15.580700000,0.245800000
2404,17.152600000,0.651000000
2405,16.251100000,0.168300000
2406,18.110400000,0.398400000
2407,14.662500000,0.293700000
2408,17.522900000,1.176600000
2409,17.267700000,0.908800000
2410,16.859400000,0.752100000
2411,16.082300000,0.504200000
2412,18.079700000,2.654200000
2413,14.730200000,0.313500000
2414,19.023400000,0.237000000
2415,15.266700000,0.855700000
2416,16.286900000,0.833900000
2417,15.608400000,0.234900000
2418,17.489600000,1.130800000
2419,16.800500000,0.353100000
2420,16.096300000,0.682800000
2421,16.899500000,0.478600000
2422,16.944800000,0.300500000
2423,16.012500000,0.375500000
2424,16.785400000,0.454600000
2425,16.885400000,0.452600000
2426,17.079700000,0.629100000
2427,15.949500000,0.555200000
2428,16.782300000,0.359900000
2429,16.743200000,0.174400000
2430,16.788600000,0.214600000
2431,16.806200000,0.349500000
2432,17.236000000,0.586000000
2433,15.695800000,0.336500000
2434,17.603100000,0.179700000
2435,15.988000000,0.562000000
2436,17.887000000,0.241600000
2437,15.539600000,0.111900000
2438,17.259900000,0.606300000
2439,15.716700000,0.345400000
2440,16.893200000,0.189000000
2441,17.194300000,0.806300000
2442,18.073900000,0.317700000
2443,14.631800000,0.285400000
2444,17.201000000,0.574000000
2445,15.948500000,0.572400000
2446,18.162000000,0.881800000
2447,15.729100000,0.390700000
2448,17.678100000,0.947400000
2449,15.979200000,0.593700000
2450,15.690600000,0.182300000
2451,16.592700000,0.242700000
2452,17.159900000,0.273000000
2453,16.764600000,0.338500000
2454,17.775500000,1.220900000
2455,16.021900000,0.534900000
2456,16.224500000,0.847900000
2457,16.647400000,0.310400000
2458,17.234900000,0.777100000
2459,15.665600000,0.326600000
2460,16.693800000,0.358400000
2461,17.896800000,0.217800000
2462,17.638600000,0.904200000
2463,14.573900000,0.216700000
2464,17.028700000,0.474400000
2465,16.643200000,0.247900000
2466,17.556800000,1.052600000
2467,15.645300000,0.234900000
2468,17.318200000,0.238500000
2469,15.923500000,0.570800000
2470,17.418700000,0.295800000
2471,17.780700000,0.182800000
2472,15.206300000,0.293800000
2473,15.875500000,0.464600000
2474,17.008300000,0.151600000
2475,16.942200000,0.541100000
2476,16.608900000,0.208300000
2477,16.808800000,0.430200000
2478,17.304700000,0.897300000
2479,15.729700000,0.345800000
2480,16.663600000,0.249000000
2481,16.731700000,0.308300000
2482,17.087500000,0.633800000
2483,15.744300000,0.278100000
2484,16.889100000,0.143200000
2485,16.795800000,0.374500000
2486,17.662000000,0.254700000
2487,15.738500000,0.361900000
2488,17.238000000,0.428100000
2489,15.701600000,0.248400000
2490,17.436500000,1.052100000
2491,16.862500000,0.926600000
2492,15.877600000,0.399500000
2493,16.580200000,0.220300000
2494,17.381200000,0.963500000
2495,15.934400000,0.415600000
2496,16.924000000,0.569800000
2497,16.647900000,0.277100000
2498,17.241600000,0.182300000
2499,15.489600000,0.193200000
2500,18.730800000,0.376000000
2501,15.014500000,0.573900000
2502,16.961000000,0.229200000
2503,16.778600000,0.290600000
2504,16.995900000,0.621300000
2505,15.877000000,0.516600000
2506,17.322400000,0.926000000
2507,16.810400000,0.359900000
2508,15.617800000,0.247900000
2509,16.856700000,0.474500000
2510,18.215100000,1.627100000
2511,15.711000000,0.341700000
2512,16.971800000,0.549400000
2513,15.726100000,0.302600000
2514,18.137500000,1.695300000
2515,15.765600000,0.390100000
2516,16.956300000,0.526600000
2517,15.892100000,0.475500000
2518,16.806800000,0.460900000
2519,16.799000000,0.278700000
2520,16.863000000,0.324000000
2521,18.450000000,1.827600000
2522,15.256200000,0.315100000
2523,15.626100000,0.246900000
2524,18.829200000,2.356200000
2525,25.506700000,8.350000000
2526,8.770300000,3.315600000
2527,15.087500000,1.519200000
2528,16.144300000,0.147400000
2529,15.659400000,0.313000000
2530,17.451000000,1.050500000
2531,16.838000000,0.347400000
2532,15.977100000,0.663000000
2533,16.590700000,0.240100000
2534,18.186900000,0.407800000
2535,15.840700000,0.482800000
2536,16.981700000,0.200000000
2537,15.963600000,0.536000000
2538,17.555200000,0.509400000
2539,15.778100000,0.351600000
2540,17.563500000,0.745300000
2541,15.881300000,0.324500000
2542,17.257300000,0.807300000
2543,15.716700000,0.276100000
2544,17.368200000,0.187500000
2545,17.991100000,2.549500000
2546,15.093300000,0.158400000
2547,16.895300000,0.457300000
2548,16.685900000,0.300000000
2549,15.737000000,0.357300000
2550,16.683800000,0.312500000
2551,16.933400000,0.567200000
2552,17.285900000,0.665600000
2553,15.963600000,0.562000000
2554,17.472900000,0.939600000
2555,15.789600000,0.392200000
2556,18.038000000,1.669300000
2557,16.057300000,0.666200000
2558,18.479100000,0.400600000
2559,14.651100000,0.275000000
2560,17.113000000,0.704200000
2561,15.972900000,0.584300000
2562,16.736000000,0.228200000
2563,16.786400000,0.413000000
2564,16.781300000,0.295800000
2565,16.687500000,0.324000000
2566,18.548400000,1.960500000
2567,14.715600000,0.242200000
2568,16.701100000,0.211500000
2569,18.619200000,0.494800000
2570,14.962500000,0.556800000
2571,15.751100000,0.376600000
2572,17.839600000,1.172400000
2573,16.963000000,1.329200000
2574,16.738000000,0.169200000
2575,16.027600000,0.676100000
2576,16.053700000,0.721800000
2577,16.596800000,0.239600000
2578,16.869800000,0.433300000
2579,16.868200000,0.375500000
2580,16.719800000,0.295800000
2581,17.152600000,0.631200000
2582,15.871400000,0.360900000
2583,16.985400000,0.293300000
2584,17.799000000,0.308300000
2585,15.800500000,0.404700000
2586,15.855200000,0.408900000
2587,17.220300000,0.364600000
2588,18.620300000,1.296900000
2589,14.716700000,0.326600000
2590,17.315600000,0.343800000
2591,15.632800000,0.243800000
2592,17.713100000,0.649500000
2593,16.323400000,0.278700000
2594,15.692700000,0.266100000
2595,16.610400000,0.249000000
2596,16.590600000,0.233900000
2597,16.882900000,0.300500000
2598,16.615100000,0.244300000
2599,16.616100000,0.268200000
2600,16.669800000,0.276500000
2601,16.589100000,0.244800000
2602,16.967100000,0.568800000
2603,19.873500000,2.752100000
2604,14.736400000,1.376000000
2605,16.175000000,0.170800000
2606,17.094300000,1.510900000
2607,17.107800000,1.375600000
2608,15.626600000,1.256300000
2609,15.916700000,0.515600000
2610,16.554100000,0.229200000
2611,16.987000000,0.618300000
2612,17.512000000,0.316200000
2613,15.987500000,0.594300000
2614,17.763500000,0.849500000
2615,15.678100000,0.299400000
2616,17.221400000,0.808800000
2617,15.979700000,0.587500000
2618,17.502600000,0.332300000
2619,15.868200000,0.478100000
2620,17.597400000,0.367100000
2621,15.791200000,0.329200000
2622,26.600000000,0.931200000
2623,17.583800000,9.582300000
2624,12.328700000,6.995900000
2625,12.075000000,2.762500000
2626,14.520300000,0.187000000
2627,17.023400000,0.616200000
2628,18.329200000,1.631800000
2629,15.907300000,1.483300000
2630,16.083300000,0.312000000
2631,15.662000000,0.290100000
2632,16.827600000,0.469800000
2633,16.780200000,0.331800000
2634,17.127600000,0.725500000
2635,16.893700000,0.402600000
2636,16.253700000,0.731800000
2637,16.757300000,0.304700000
2638,17.290600000,0.678600000
2639,15.834400000,0.371300000
2640,17.956800000,1.516200000
2641,16.310400000,0.384900000
2642,16.066600000,0.702000000
2643,17.444800000,0.933800000
2644,16.557800000,0.287000000
2645,15.694800000,0.271400000
2646,17.799000000,0.803600000
2647,16.003600000,0.218300000
2648,15.685500000,0.196900000
2649,16.535400000,0.203200000
2650,18.192200000,0.573500000
2651,15.703600000,0.265600000
2652,18.704200000,0.182800000
2653,14.809300000,0.429100000
2654,16.979700000,0.507800000
2655,15.693800000,0.263600000
2656,17.013500000,0.479100000
2657,17.342700000,0.814100000
2658,15.725000000,0.271300000
2659,17.387500000,0.960400000
2660,16.954700000,0.157300000
2661,15.787000000,0.410900000
2662,16.614100000,0.264100000
2663,17.002000000,0.568700000
2664,17.161000000,0.755700000
2665,16.517200000,0.296300000
2666,17.012000000,0.628100000
2667,15.744200000,0.415100000
2668,18.009400000,1.377100000
2669,15.747900000,0.323500000
2670,18.577600000,0.609900000
2671,15.253700000,0.678100000
2672,16.995300000,1.590600000
2673,16.093200000,0.150500000
2674,15.925500000,0.530700000
2675,16.782300000,0.263500000
2676,17.974500000,1.536400000
2677,15.884900000,0.347400000
2678,17.132300000,0.692700000
2679,15.638500000,0.261500000
2680,16.787500000,0.352600000
2681,16.797400000,0.245800000
2682,16.762500000,0.419300000
2683,16.707800000,0.391200000
2684,18.134400000,0.368800000
2685,14.514600000,0.209400000
2686,16.879200000,0.454700000
2687,17.225500000,0.766200000
2688,18.906200000,2.267700000
2689,13.766200000,0.306800000
2690,16.795800000,0.330200000
2691,20.028100000,3.555200000
2692,14.305800000,0.969800000
2693,15.608300000,0.236500000
2694,16.991700000,0.334400000
2695,17.065100000,0.667700000
2696,17.027100000,0.503700000
2697,15.792100000,0.458400000
2698,17.883400000,1.275000000
2699,15.772900000,0.360900000
2700,16.720300000,0.182800000
2701,24.408300000,3.140100000
2702,10.339100000,1.266700000
2703,14.669300000,0.374000000
2704,16.826000000,0.281700000
2705,17.431300000,0.594800000
2706,15.647400000,0.256300000
2707,16.737500000,0.311400000
2708,25.732800000,0.312500000
2709,20.069200000,10.485400000
2710,15.413100000,10.600000000
2711,12.564500000,7.279700000
2712,11.065700000,0.154700000
2713,15.791600000,0.365600000
2714,16.449000000,0.155800000
2715,16.584400000,0.253600000
2716,16.554700000,0.235400000
2717,16.628100000,0.254700000
2718,16.581800000,0.241200000
2719,16.907800000,0.548400000
2720,17.213000000,0.378100000
2721,15.929700000,0.516100000
2722,16.801500000,0.436000000
2723,16.581800000,0.231700000
2724,16.580700000,0.243300000
2725,16.667200000,0.310400000
2726,16.569800000,0.234900000
2727,16.669800000,0.345800000
2728,16.692200000,0.283800000
2729,16.609400000,0.240600000
2730,16.644800000,0.307300000
2731,16.700500000,0.340100000
2732,16.760900000,0.363000000
2733,16.762000000,0.322900000
2734,16.615100000,0.266100000
2735,17.021400000,0.648500000
2736,19.507200000,3.154600000
2737,14.028700000,0.629200000
2738,18.630200000,0.680800000
2739,21.574500000,5.965600000
2740,11.928600000,0.703600000
2741,17.877100000,2.060900000
2742,14.818200000,0.547900000
2743,14.614100000,0.326000000
2744,16.860400000,0.452100000
2745,16.630700000,0.283400000
2746,17.130300000,0.729700000
2747,17.085900000,0.322900000
2748,18.324000000,2.939000000
2749,13.708300000,0.324000000
2750,16.941100000,0.518200000
2751,16.638600000,0.328200000
2752,16.688000000,0.287000000
2753,16.863500000,0.433900000
2754,16.968300000,0.570900000
2755,16.872900000,0.429700000
2756,17.023400000,1.689600000
2757,15.600000000,0.235400000
2758,16.675000000,0.270800000
2759,16.633400000,0.251600000
2760,16.595800000,0.245300000
2761,16.666700000,0.312500000
2762,16.886400000,0.288500000
2763,16.617700000,0.255700000
2764,17.181300000,0.448500000
2765,16.843700000,0.367700000
2766,15.670900000,0.263600000
2767,16.854600000,0.303100000
2768,17.454200000,0.606200000
2769,16.228700000,0.507800000
2770,23.511400000,0.833900000
2771,10.470300000,0.676600000
2772,15.548500000,0.252600000
2773,17.028100000,0.314600000
2774,16.866100000,0.438500000
2775,16.750600000,0.353700000
2776,16.850500000,0.471300000
2777,15.744200000,0.271300000
2778,16.969300000,0.506200000
2779,16.816200000,0.367800000
2780,16.877600000,0.517700000
2781,16.692700000,0.300500000
2782,16.886400000,0.565600000
2783,16.321400000,0.867200000
2784,16.902600000,0.454700000
2785,16.800000000,0.336500000
2786,15.640100000,0.288000000
2787,16.876000000,0.461400000
2788,16.909400000,0.524000000
2789,17.051100000,0.600500000
2790,16.700000000,0.283400000
2791,16.712500000,0.296800000
2792,16.706700000,0.236400000
2793,18.106300000,1.753200000
2794,14.737000000,0.372300000
2795,16.747300000,0.388500000
2796,18.029200000,1.542700000
2797,15.764600000,0.269800000
2798,17.509900000,1.847400000
2799,15.670300000,0.244200000
2800,17.831300000,1.366600000
2801,14.686400000,0.271800000
2802,16.641700000,0.265100000
2803,16.609900000,0.255700000
2804,17.878600000,0.151100000
2805,18.263000000,2.806200000
2806,15.731800000,0.277100000
2807,15.997400000,0.584300000
2808,17.674500000,0.284400000
2809,14.957800000,0.633300000
2810,22.237500000,5.208400000
2811,11.056800000,0.553100000
2812,17.055700000,0.692200000
2813,16.872400000,0.427100000
2814,15.924500000,0.533400000
2815,17.077600000,0.490600000
2816,17.365600000,0.927100000
2817,15.676000000,0.316700000
2818,17.901600000,1.505700000
2819,15.753100000,0.286500000
2820,17.773000000,1.389000000
2821,15.868200000,0.364600000
2822,15.688000000,0.225500000
2823,16.989100000,0.299000000
2824,17.375000000,0.965100000
2825,15.699400000,0.280200000
2826,16.888600000,0.398000000
2827,16.692700000,0.331800000
2828,18.324500000,1.901600000
2829,14.623400000,0.242700000
2830,18.530700000,1.041700000
2831,18.580200000,2.128200000
2832,17.466200000,4.120800000
2833,12.625500000,0.270300000
2834,16.541700000,0.215600000
2835,18.635400000,0.180200000
2836,14.592200000,0.228200000
2837,16.572400000,0.228700000
2838,17.226500000,0.906800000
2839,17.052100000,0.588500000
2840,15.821400000,0.428100000
2841,16.635900000,0.301000000
2842,17.152600000,0.782800000
2843,16.725000000,0.333900000
2844,17.975000000,1.065100000
2845,14.734900000,0.344200000
2846,16.738600000,0.325600000
2847,16.570300000,0.239600000
2848,16.990600000,0.632300000
2849,17.392700000,0.499000000
2850,15.649500000,0.276600000
2851,17.079700000,0.718200000
2852,17.298400000,0.917200000
2853,15.920800000,0.392100000
2854,16.790100000,0.391600000
2855,17.482300000,0.345300000
2856,16.119800000,0.766600000
2857,16.814600000,0.284900000
2858,15.690600000,0.223900000
2859,16.960500000,0.557900000
2860,16.895800000,0.230200000
2861,17.073400000,0.249500000
2862,18.149500000,1.491700000
2863,14.819300000,0.294800000
2864,18.098900000,0.312000000
2865,14.934400000,0.469800000
2866,16.895800000,0.503100000
2867,17.177100000,0.808900000
2868,15.615100000,0.262500000
2869,17.756800000,0.307800000
2870,15.802600000,0.140100000
2871,17.351000000,0.901500000
2872,17.359900000,0.221800000
2873,15.687000000,0.302600000
2874,16.663000000,0.195800000
2875,16.702100000,0.355200000
2876,17.227600000,0.676500000
2877,15.578200000,0.234900000
2878,16.651500000,0.306700000
2879,17.152600000,0.616600000
2880,17.029700000,0.647900000
2881,16.824500000,0.349000000
2882,15.621300000,0.224500000
2883,16.619800000,0.260500000
2884,17.098500000,0.366700000
2885,16.686400000,0.314600000
2886,16.654700000,0.247900000
2887,16.782800000,0.320800000
2888,17.218800000,0.817700000
2889,15.857800000,0.502600000
2890,16.975500000,0.487500000
2891,16.760400000,0.230200000
2892,17.002600000,0.550500000
2893,16.747400000,0.321800000
2894,16.037000000,0.607800000
2895,16.806300000,0.426100000
2896,17.343700000,0.980700000
2897,16.049000000,0.619300000
2898,17.851000000,0.426500000
2899,15.979200000,0.387000000
2900,16.603600000,0.710400000
2901,15.864600000,0.478600000
2902,17.819800000,0.819800000
2903,15.876000000,0.405200000
2904,18.092200000,1.713000000
2905,14.817700000,0.448900000
2906,17.023500000,0.632800000
2907,16.975000000,0.586500000
2908,17.480200000,0.189600000
2909,15.671300000,0.287000000
2910,19.093800000,2.377000000
2911,13.608800000,0.259400000
2912,16.791700000,0.397400000
2913,17.058900000,0.630800000
2914,16.692700000,0.208300000
2915,16.650500000,0.262500000
2916,19.778600000,3.232800000
2917,13.781300000,0.356800000
2918,16.914000000,0.571400000
2919,15.790700000,0.443200000
2920,16.643700000,0.250000000
2921,16.680200000,0.287000000
2922,21.710400000,5.317700000
2923,11.760500000,0.366100000
2924,16.976500000,0.563500000
2925,16.665700000,0.317700000
2926,17.011900000,0.692700000
2927,15.879700000,0.497400000
2928,17.487000000,0.662500000
2929,16.566700000,0.318300000
2930,17.491100000,0.589100000
2931,16.978100000,1.631200000
2932,14.865700000,0.542200000
2933,17.182300000,0.596900000
2934,16.806700000,0.316100000
2935,17.568800000,0.217200000
2936,16.768700000,1.410500000
2937,15.640100000,0.257200000
2938,17.926600000,0.472900000
2939,14.633800000,0.269200000
2940,16.847400000,0.518200000
2941,16.884400000,0.491700000
2942,16.702100000,0.346900000
2943,16.617200000,0.287000000
2944,17.303600000,0.914000000
2945,16.206300000,0.719300000
2946,16.553100000,0.209400000
2947,16.854700000,0.502100000
2948,16.897900000,0.491100000
2949,16.068200000,0.246900000
2950,16.715700000,0.221900000
2951,17.265600000,0.696400000
2952,16.168200000,0.494800000
2953,16.745900000,0.359300000
2954,16.591600000,0.245800000
2955,16.852600000,0.246900000
2956,16.754700000,0.309900000
2957,16.545300000,0.208300000
2958,16.602100000,0.239000000
2959,16.990100000,0.606200000
2960,15.682800000,0.323900000
2961,16.722400000,0.313500000
2962,16.672900000,0.309300000
2963,16.890100000,0.451100000
2964,18.483400000,2.136000000
2965,14.596800000,0.239600000
2966,16.833400000,0.252100000
2967,17.081800000,0.344300000
2968,17.281700000,0.807800000
2969,15.742700000,0.362500000
2970,16.646900000,0.259400000
2971,16.742700000,0.335400000
2972,16.622900000,0.246800000
2973,16.658400000,0.276600000
2974,16.696800000,0.289100000
2975,17.569300000,0.277600000
2976,15.895300000,0.437000000
2977,16.731800000,0.321900000
2978,16.850000000,0.463500000
2979,16.754200000,0.292700000
2980,17.851500000,1.316100000
2981,15.073500000,0.658300000
2982,16.823400000,0.471900000
2983,16.720300000,0.364600000
2984,17.343800000,0.964100000
2985,15.593700000,0.209300000
2986,16.610400000,0.284900000
2987,17.798500000,1.356800000
2988,17.853100000,2.431800000
2989,15.025500000,0.582300000
2990,17.194300000,0.849000000
2991,15.840100000,0.505700000
2992,16.846900000,0.368200000
2993,16.749400000,0.311500000
2994,18.556800000,0.242700000
2995,14.926100000,0.459300000
2996,17.887500000,1.407800000
2997,15.353600000,0.176000000
2998,18.473400000,1.664600000
2999,15.356800000,0.952600000
3000,15.920800000,0.532300000
3001,16.779700000,0.373500000
3002,17.107300000,0.770800000
3003,15.709900000,0.285400000
3004,16.923500000,0.543200000
3005,16.676000000,0.254700000
3006,17.212000000,0.794300000
3007,15.846300000,0.457200000
3008,16.875500000,0.414500000
3009,16.981300000,0.597900000
3010,17.495300000,1.131800000
3011,15.722400000,0.303100000
3012,16.669800000,0.248400000
3013,16.785400000,0.375000000
3014,16.612000000,0.241700000
3015,16.806800000,0.431800000
3016,16.934300000,0.517700000
3017,15.602100000,0.229700000
3018,16.856800000,0.484400000
3019,17.214600000,0.572400000
3020,17.972900000,1.429200000
3021,14.791100000,0.428100000
3022,18.406800000,1.321800000
3023,16.006300000,0.597400000
3024,15.741600000,0.372400000
3025,16.765100000,0.262000000
3026,16.808400000,0.436000000
3027,16.967200000,0.614000000
3028,17.815100000,0.605800000
3029,14.816100000,0.378600000
3030,16.735900000,0.305700000
3031,17.046400000,0.570800000
3032,16.843200000,0.333300000
3033,16.750500000,0.347900000
3034,17.372400000,0.970300000
3035,15.798000000,0.376000000
3036,18.504100000,1.818700000
3037,14.843300000,0.440100000
3038,16.577600000,0.236000000
3039,16.618200000,0.298500000
3040,17.374500000,0.994800000
3041,15.623900000,0.253100000
3042,16.650000000,0.240100000
3043,16.752100000,0.377600000
3044,16.726600000,0.245800000
3045,17.017700000,0.674000000
3046,17.396900000,1.067700000
3047,15.770800000,0.377600000
3048,21.958300000,5.604700000
3049,11.886000000,0.276600000
3050,15.638500000,0.227600000
3051,17.049000000,0.586500000
3052,16.840100000,0.502600000
3053,16.681200000,0.274500000
3054,18.936500000,0.871300000
3055,15.080200000,0.625000000
3056,15.969800000,0.523500000
3057,16.959900000,0.575600000
3058,17.088500000,0.298000000
3059,16.158900000,0.769800000
3060,18.026500000,1.676600000
3061,14.631800000,0.250000000
3062,16.647900000,0.207300000
3063,16.718200000,0.406800000
3064,16.603200000,0.267700000
3065,17.112500000,0.683900000
3066,17.750500000,1.342200000
3067,15.984400000,0.482300000
3068,18.087500000,1.507800000
3069,14.594800000,0.258300000
3070,17.873400000,1.239600000
3071,15.913000000,0.508300000
3072,24.697900000,8.207200000
3073,9.262000000,0.844800000
3074,15.838500000,0.467200000
3075,16.552100000,0.218300000
3076,16.876600000,0.533900000
3077,16.660900000,0.286500000
3078,18.543800000,2.206800000
3079,14.804700000,0.416700000
3080,16.643200000,0.267200000
3081,16.595800000,0.235900000
3082,16.863100000,0.519800000
3083,16.702600000,0.314100000
3084,16.664500000,0.242200000
3085,16.659400000,0.238000000
3086,16.984400000,0.578700000
3087,15.723400000,0.295300000
3088,16.634900000,0.303200000
3089,16.925000000,0.535900000
3090,16.722400000,0.288500000
3091,16.992200000,0.647400000
3092,17.630700000,1.278700000
3093,15.868300000,0.446800000
3094,16.776500000,0.375000000
3095,15.986500000,0.593800000
3096,16.627100000,0.269300000
3097,16.866600000,0.525000000
3098,17.156800000,0.593700000
3099,16.147400000,0.739100000
3100,16.694300000,0.233900000
3101,16.838500000,0.359900000
3102,17.717200000,1.184400000
3103,15.650500000,0.238000000
3104,19.420300000,3.044200000
3105,13.662500000,0.302700000
3106,16.739100000,0.296300000
3107,16.755200000,0.279700000
3108,17.829200000,1.459400000
3109,15.768700000,0.306800000
3110,17.089600000,0.695300000
3111,15.690100000,0.269300000
3112,16.732800000,0.275500000
3113,17.006300000,0.591600000
3114,16.645300000,0.284900000
3115,16.563000000,0.119200000
3116,17.017200000,0.584400000
3117,15.991100000,0.604700000
3118,17.096400000,0.719800000
3119,16.849000000,0.445300000
3120,17.643700000,1.228600000
3121,15.797400000,0.346400000
3122,17.113000000,0.757800000
3123,16.146400000,0.737500000
3124,17.883300000,1.486400000
3125,15.290100000,0.529700000
3126,18.264100000,1.771900000
3127,14.796800000,0.428100000
3128,16.774500000,0.438000000
3129,16.605800000,0.262500000
3130,18.304100000,0.928100000
3131,15.030800000,0.375500000
3132,16.884300000,0.480200000
3133,16.826600000,0.419800000
3134,16.932800000,0.269300000
3135,15.541100000,0.228600000
3136,16.612500000,0.226600000
3137,16.638600000,0.251500000
3138,21.614100000,1.161000000
3139,13.052000000,0.304700000
3140,15.904200000,0.259900000
3141,16.808300000,0.224500000
3142,16.812500000,0.326500000
3143,16.710500000,0.250000000
3144,18.945300000,1.676100000
3145,13.764500000,0.308300000
3146,16.757900000,0.403100000
3147,16.551000000,0.235400000
3148,16.828100000,0.442700000
3149,16.639100000,0.241100000
3150,16.632800000,0.259900000
3151,16.818200000,0.480200000
3152,16.918800000,0.569200000
3153,16.285400000,0.247400000
3154,16.714600000,0.259900000
3155,17.120800000,0.293200000
3156,17.183300000,0.785400000
3157,16.109900000,0.744800000
3158,17.759400000,1.315100000
3159,15.762500000,0.322400000
3160,15.914600000,0.505200000
3161,16.596400000,0.224500000
3162,16.598400000,0.249400000
3163,16.860400000,0.319800000
3164,16.976600000,0.525500000
3165,16.545300000,0.215600000
3166,18.391100000,1.545800000
3167,15.074500000,0.605200000
3168,17.053700000,0.604200000
3169,15.994200000,0.319700000
3170,16.845900000,0.299000000
3171,17.591600000,0.694200000
3172,15.788600000,0.461500000
3173,16.710400000,0.286500000
3174,20.148900000,0.621300000
3175,12.561500000,0.250000000
3176,16.819800000,0.523900000
3177,16.804200000,0.154200000
3178,17.136900000,0.780800000
3179,16.783900000,0.775600000
3180,18.464600000,1.125500000
3181,21.729700000,7.068700000
3182,21.997900000,6.091700000
3183,15.001000000,10.917200000
3184,11.952100000,4.695900000
3185,11.070800000,0.779700000
3186,15.520900000,0.214600000
3187,17.849500000,0.505200000
3188,16.323400000,0.902100000
3189,16.763500000,0.319300000
3190,16.933900000,0.174500000
3191,16.179200000,0.697900000
3192,19.530700000,3.108900000
3193,13.677600000,0.290600000
3194,16.708300000,0.305300000
3195,16.527600000,0.202600000
3196,16.614100000,0.272400000
3197,17.218200000,0.164100000
3198,18.603100000,0.314000000
3199,14.828200000,0.348000000
3200,15.910900000,0.443200000
3201,16.804700000,0.438000000
3202,17.348400000,0.784900000
3203,15.717700000,0.277700000
3204,16.900000000,0.518700000
3205,16.602600000,0.236500000
3206,16.955200000,0.520300000
3207,20.854200000,0.390100000
3208,13.017200000,0.646900000
3209,15.726600000,0.400500000
3210,18.344800000,1.995300000
3211,15.670300000,0.247400000
3212,17.399400000,0.998400000
3213,18.042800000,2.496400000
3214,13.603100000,0.231800000
3215,17.702100000,0.269800000
3216,15.680700000,0.317200000
3217,16.631200000,0.255200000
3218,17.126600000,0.792700000
3219,16.625000000,0.283300000
3220,16.919800000,0.513500000
3221,16.708900000,0.280200000
3222,16.739500000,0.370800000
3223,16.790100000,0.310400000
3224,18.170900000,1.303600000
3225,14.902100000,0.519300000
3226,16.845300000,0.451600000
3227,17.514000000,1.339100000
3228,15.711500000,0.250000000
3229,16.700500000,0.349000000
3230,17.127600000,0.789600000
3231,15.642200000,0.305700000
3232,16.806800000,0.279700000
3233,16.637000000,0.276500000
3234,17.038000000,0.258800000
3235,28.908800000,12.589100000
3236,10.755800000,6.196400000
3237,13.709900000,4.272400000
3238,13.340100000,0.785500000
3239,16.721800000,0.296800000
3240,16.788600000,0.436500000
3241,16.663500000,0.277100000
3242,16.953100000,0.458800000
3243,16.001600000,0.484900000
3244,16.765600000,0.388000000
3245,16.737000000,0.319300000
3246,18.029700000,1.664600000
3247,15.687500000,0.252600000
3248,16.264600000,0.564100000
3249,16.652100000,0.243800000
3250,16.931200000,0.550500000
3251,17.183900000,0.731200000
3252,15.710400000,0.329200000
3253,16.777100000,0.374000000
3254,16.679700000,0.150000000
3255,18.186900000,1.599000000
3256,14.857300000,0.205200000
3257,20.489600000,3.100500000
3258,12.572900000,0.294800000
3259,16.666700000,0.280700000
3260,16.890100000,0.245300000
3261,16.580200000,0.237500000
3262,16.978600000,0.595800000
3263,19.229700000,0.244800000
3264,13.740700000,0.280200000
3265,16.591600000,0.241100000
3266,16.740700000,0.154100000
3267,17.340600000,0.491700000
3268,16.624500000,0.263500000
3269,16.946800000,0.543200000
3270,15.904700000,0.531700000
3271,17.079700000,0.632300000
3272,16.728100000,0.357800000
3273,16.591200000,0.244300000
3274,16.923400000,0.520300000
3275,17.272900000,0.847900000
3276,15.628200000,0.262500000
3277,16.998400000,0.649500000
3278,16.730700000,0.283800000
3279,18.375000000,1.808900000
3280,14.639600000,0.122900000
3281,16.779200000,0.340100000
3282,16.662500000,0.281800000
3283,19.192700000,0.254700000
3284,14.125500000,0.638600000
3285,16.787000000,0.390600000
3286,17.120800000,0.698500000
3287,15.788000000,0.256200000
3288,18.716700000,1.958900000
3289,14.615600000,0.273400000
3290,16.790700000,0.319200000
3291,16.592100000,0.229100000
3292,16.692200000,0.306700000
3293,16.704200000,0.272900000
3294,17.760900000,0.991100000
3295,15.937000000,0.585900000
3296,16.805700000,0.420900000
3297,16.709900000,0.347400000
3298,15.584900000,0.222400000
3299,18.343300000,0.714100000
3300,17.607300000,2.252600000
3301,14.940600000,0.591200000
3302,16.594800000,0.262500000
3303,16.622900000,0.238500000
3304,16.972900000,0.555200000
3305,15.740600000,0.291600000
3306,16.555200000,0.213100000
3307,17.840100000,0.434900000
3308,16.009900000,0.551500000
3309,16.676100000,0.270300000
3310,17.070300000,0.144800000
3311,17.318200000,0.544300000
3312,17.087500000,1.715100000
3313,15.747900000,0.333300000
3314,15.760400000,0.319200000
3315,16.543800000,0.224500000
3316,17.063500000,0.171300000
3317,17.168800000,0.706700000
3318,16.747900000,0.428600000
3319,15.717700000,0.266700000
3320,16.928100000,0.606300000
3321,16.684900000,0.305700000
3322,17.105800000,0.663100000
3323,16.628600000,0.216600000
3324,16.610400000,0.233300000
3325,16.655800000,0.320900000
3326,17.551500000,0.775500000
3327,15.756300000,0.309400000
3328,16.905200000,0.526000000
3329,16.903600000,0.525000000
3330,16.137000000,0.652600000
3331,16.978100000,0.600500000
3332,16.674500000,0.253100000
3333,17.101000000,0.660400000
3334,15.898500000,0.533900000
3335,16.802600000,0.305200000
3336,16.640100000,0.282800000
3337,16.622400000,0.278100000
3338,16.664100000,0.269300000
3339,16.797900000,0.441200000
3340,16.854100000,0.433900000
3341,16.698000000,0.275600000
3342,15.997300000,0.546400000
3343,16.616200000,0.264600000
3344,16.866100000,0.432900000
3345,16.788600000,0.313500000
3346,16.922900000,0.556800000
3347,16.597400000,0.240600000
3348,19.953100000,0.631200000
3349,13.686000000,0.116700000
3350,15.721300000,0.341100000
3351,16.674500000,0.243200000
3352,16.864600000,0.494800000
3353,16.821800000,0.377600000
3354,16.695900000,0.319800000
3355,16.745300000,0.355700000
3356,16.707300000,0.133300000
3357,16.819800000,0.360400000
3358,16.626000000,0.258800000
3359,17.045300000,0.453600000
3360,15.825000000,0.446900000
3361,17.271900000,0.590100000
3362,16.658900000,0.257800000
3363,16.684900000,0.275500000
3364,16.767700000,0.243700000
3365,16.554700000,0.198400000
3366,16.798900000,0.355800000
3367,15.680700000,0.158900000
3368,17.044300000,0.481800000
3369,16.846900000,0.484400000
3370,16.963000000,0.396400000
3371,17.109400000,0.671400000
3372,19.331200000,0.283300000
3373,12.584900000,0.263500000
3374,17.725500000,0.288600000
3375,15.558400000,0.220300000
3376,18.337000000,0.982300000
3377,15.880700000,0.249000000
3378,17.660900000,1.251000000
3379,15.903700000,0.293800000
3380,15.794800000,0.431800000
3381,16.977000000,0.608400000
3382,16.561500000,0.219700000
3383,17.077100000,0.595800000
3384,18.241100000,1.759400000
3385,16.117700000,0.977600000
3386,15.796900000,0.421300000
3387,17.234900000,0.868200000
3388,15.873500000,0.505700000
3389,16.750500000,0.413100000
3390,16.759900000,0.375000000
3391,16.929100000,0.276100000
3392,16.183900000,0.613000000
3393,16.782300000,0.320300000
3394,16.623400000,0.231200000
3395,17.006300000,0.518200000
3396,15.722400000,0.397400000
3397,16.844800000,0.489100000
3398,17.007800000,0.542700000
3399,16.843200000,0.493200000
3400,16.906800000,0.542200000
3401,15.763000000,0.341700000
3402,17.050000000,0.615600000
3403,16.736400000,0.239600000
3404,16.762000000,0.457800000
3405,16.596400000,0.250500000
3406,16.880200000,0.551600000
3407,17.060400000,0.601600000
3408,16.208900000,0.721900000
3409,17.011400000,0.607300000
3410,15.632800000,0.208300000
3411,16.930200000,0.456800000
3412,16.558900000,0.222900000
3413,16.693700000,0.263000000
3414,16.627100000,0.254700000
3415,16.832800000,0.274500000
3416,16.730800000,0.283900000
3417,16.576500000,0.210900000
3418,17.145300000,0.815700000
3419,16.646900000,0.268800000
3420,16.801100000,0.448000000
3421,17.144800000,0.764600000
3422,16.098400000,0.218200000
3423,16.671300000,0.223000000
3424,16.651100000,0.292200000
3425,17.074500000,0.638600000
3426,15.544800000,0.219800000
3427,16.916100000,0.540600000
3428,17.752100000,0.642700000
3429,16.007800000,0.200600000
3430,16.999000000,0.636000000
3431,15.773900000,0.357800000
3432,16.640600000,0.262500000
3433,16.735500000,0.303600000
3434,19.098400000,0.252100000
3435,14.777600000,0.139500000
3436,16.783900000,0.468700000
3437,16.975000000,0.401100000
3438,15.585900000,0.246800000
3439,16.827100000,0.500500000
3440,17.104700000,0.503100000
3441,16.524400000,0.184900000
3442,23.528700000,3.889600000
3443,13.923900000,2.661900000
3444,12.591200000,0.244300000
3445,16.876000000,0.510400000
3446,16.917200000,0.552100000
3447,15.721900000,0.245800000
3448,16.793200000,0.454700000
3449,16.719800000,0.295300000
3450,17.270800000,0.685400000
3451,16.652100000,0.276600000
3452,16.697900000,0.333900000
3453,15.968300000,0.581300000
3454,16.950000000,0.136500000
3455,17.041100000,0.631200000
3456,20.104200000,3.725500000
3457,12.822400000,0.265100000
3458,16.569300000,0.226600000
3459,17.241600000,0.892700000
3460,15.982800000,0.584900000
3461,16.983900000,0.139100000
3462,16.777100000,0.350000000
3463,17.054100000,0.563000000
3464,16.139600000,0.610900000
3465,16.610400000,0.234300000
3466,16.836000000,0.459400000
3467,17.409400000,0.775000000
3468,15.903100000,0.532300000
3469,17.319200000,0.657300000
3470,15.723000000,0.251000000
3471,16.736400000,0.293200000
3472,16.780200000,0.292100000
3473,17.781300000,0.426100000
3474,16.439600000,0.998000000
3475,15.810900000,0.393200000
3476,16.699500000,0.311500000
3477,16.744300000,0.293700000
3478,16.652000000,0.257300000
3479,16.883400000,0.403700000
3480,17.874400000,1.408300000
3481,14.782900000,0.165700000
3482,17.175000000,0.733300000
3483,17.715600000,1.083900000
3484,16.012000000,0.491100000
3485,15.831200000,0.180700000
3486,16.801600000,0.454200000
3487,16.704700000,0.323500000
3488,16.858800000,0.454700000
3489,16.688600000,0.271400000
3490,17.472900000,0.131200000
3491,16.244200000,0.477600000
3492,16.268800000,0.447900000
3493,18.163500000,0.628600000
3494,14.842700000,0.272900000
3495,16.912500000,0.258400000
3496,16.795400000,0.319800000
3497,16.878100000,0.464600000
3498,16.550500000,0.227600000
3499,16.878700000,0.234900000
3500,15.841600000,0.376500000
3501,16.999500000,0.167700000
3502,16.656800000,0.275600000
3503,16.826500000,0.246300000
3504,18.421900000,2.024000000
3505,17.712000000,2.062000000
3506,13.926500000,0.419800000
3507,17.467800000,0.151100000
3508,15.580200000,0.216700000
3509,17.180700000,0.216100000
3510,15.573400000,0.233800000
3511,18.057300000,0.404700000
3512,15.808400000,0.380800000
3513,16.733800000,0.279100000
3514,16.917700000,0.529700000
3515,17.010400000,0.565600000
3516,15.584400000,0.246800000
3517,17.664100000,0.704600000
3518,15.812000000,0.342700000
3519,19.496300000,0.903600000
3520,14.328100000,0.857800000
3521,16.981800000,0.252600000
3522,16.697900000,0.320800000
3523,15.891700000,0.506800000
3524,16.926000000,0.487000000
3525,17.101100000,0.166700000
3526,18.835400000,1.365700000
3527,13.732800000,0.235400000
3528,18.133900000,1.015600000
3529,15.894200000,0.266200000
3530,16.832300000,0.159900000
3531,16.091200000,0.737500000
3532,16.843200000,0.416700000
3533,16.923900000,0.521400000
3534,17.296400000,0.650000000
3535,16.892200000,1.039600000
3536,15.688500000,0.394700000
3537,17.652600000,1.292200000
3538,15.688100000,0.329700000
3539,17.275000000,0.856800000
3540,15.614000000,0.231700000
3541,17.202600000,0.579600000
3542,16.593300000,0.222400000
3543,16.893200000,0.535400000
3544,16.066100000,0.295300000
3545,18.145300000,0.333900000
3546,16.125000000,0.756300000
3547,15.644800000,0.236900000
3548,18.138600000,0.214100000
3549,18.007800000,0.512000000
3550,13.632300000,0.261500000
3551,17.080700000,0.700500000
3552,16.580700000,0.226000000
3553,16.575600000,0.238600000
3554,16.703100000,0.272900000
3555,18.587500000,1.277600000
3556,14.550000000,0.200500000
3557,17.023400000,0.548900000
3558,16.803100000,0.448500000
3559,17.383400000,0.258300000
3560,15.947400000,0.293200000
3561,16.700500000,0.331800000
3562,16.839600000,0.454200000
3563,16.745800000,0.346400000
3564,17.097400000,0.723500000
3565,15.943800000,0.281800000
3566,23.438000000,0.243700000
3567,9.989000000,0.624500000
3568,16.540100000,0.223000000
3569,16.860500000,0.368300000
3570,16.870300000,0.486000000
3571,15.649500000,0.297300000
3572,16.750500000,0.408900000
3573,16.994200000,0.606700000
3574,16.634900000,0.265100000
3575,17.350600000,0.962500000
3576,15.678600000,0.282300000
3577,16.655200000,0.276500000
3578,16.733900000,0.232800000
3579,17.041600000,0.248000000
3580,16.809400000,0.367700000
3581,16.874000000,0.370300000
3582,16.573400000,0.230700000
3583,16.741700000,0.330700000
3584,16.845300000,0.459400000
3585,15.591700000,0.217200000
3586,17.845300000,0.517200000
3587,16.933800000,0.269300000
3588,15.640600000,0.261400000
3589,17.161500000,0.655200000
3590,22.394300000,5.757300000
3591,14.432800000,3.741700000
3592,15.121900000,2.301000000
3593,15.514000000,0.200000000
3594,15.994800000,0.617200000
3595,15.704700000,0.377100000
3596,27.069300000,0.512500000
3597,13.263000000,6.857200000
3598,13.895800000,4.431200000
3599,13.136000000,0.229700000
