frame,frameMs,presentMs
1,4.463500000,1.030200000
2,16.189100000,0.800000000
3,16.280200000,0.966100000
4,18.027600000,1.216700000
5,19.310400000,0.236500000
6,12.789100000,0.472900000
7,16.930200000,0.560400000
8,15.791700000,0.332300000
9,16.739500000,0.288600000
10,16.720400000,0.358900000
11,16.991100000,0.579200000
12,16.694800000,0.377600000
13,16.907800000,0.463100000
14,18.249000000,1.398400000
15,14.960400000,0.483300000
16,16.772400000,0.469800000
17,17.024500000,0.330800000
18,26.175000000,10.325500000
19,6.823900000,0.425000000
20,17.109400000,0.342700000
21,16.333300000,0.684400000
22,16.894300000,0.501100000
23,17.567700000,2.080700000
24,14.902100000,0.344300000
25,16.704200000,0.329200000
26,16.601500000,0.290600000
27,16.634900000,0.294800000
28,17.005200000,0.647400000
29,19.133400000,2.744800000
30,14.043200000,0.459400000
31,16.708800000,0.345800000
32,17.651100000,0.671400000
33,15.993200000,0.491200000
34,16.883300000,0.467700000
35,15.906300000,0.542700000
36,16.778600000,0.401500000
37,17.520900000,0.620800000
38,15.677600000,0.332300000
39,16.723400000,0.347400000
40,16.670300000,0.331200000
41,18.194800000,1.639100000
42,18.107800000,2.722400000
43,13.806800000,0.384900000
44,17.031300000,0.694800000
45,16.709300000,0.346900000
46,17.361000000,1.022400000
47,17.675000000,0.509300000
48,14.984300000,0.511500000
49,17.137500000,0.732800000
50,16.896900000,1.562500000
51,15.691200000,0.388600000
52,16.780200000,0.457800000
53,16.767200000,0.452700000
54,16.677000000,0.343700000
55,16.823500000,0.423000000
56,17.278100000,0.608400000
57,15.735400000,0.336400000
58,16.796400000,0.372300000
59,18.028600000,1.358400000
60,15.093200000,0.456200000
61,16.967800000,0.540100000
62,17.494700000,0.472400000
63,16.284900000,0.923400000
64,15.968800000,0.330200000
65,17.078600000,0.715700000
66,15.659400000,0.308300000
67,16.729200000,0.408400000
68,17.562500000,1.062500000
69,20.964600000,4.559900000
70,12.126500000,0.672900000
71,16.993800000,0.517700000
72,15.789600000,0.420300000
73,17.142700000,0.576600000
74,17.360400000,0.529100000
75,15.779700000,0.412000000
76,16.581200000,0.272900000
77,17.549000000,1.190100000
78,15.804700000,0.402600000
79,17.008800000,0.543300000
80,18.233400000,0.986400000
81,14.628600000,0.302600000
82,16.669800000,0.341700000
83,18.131800000,1.697900000
84,16.176000000,0.737000000
85,15.566200000,0.267200000
86,16.806200000,0.406800000
87,17.072400000,0.506800000
88,16.662500000,0.314600000
89,19.817200000,1.069800000
90,13.910900000,0.436000000
91,15.967700000,0.580200000
92,17.803200000,1.235900000
93,15.973400000,0.626600000
94,17.616700000,1.092200000
95,16.190100000,0.384300000
96,15.913500000,0.527100000
97,16.973400000,0.555800000
98,17.656800000,0.605700000
99,15.666700000,0.326600000
100,16.637000000,0.312500000
101,17.252600000,0.644300000
102,15.736900000,0.373900000
103,16.931300000,0.501100000
104,17.255700000,0.474000000
105,16.140100000,0.674500000
106,16.837000000,0.316600000
107,17.047400000,0.579200000
108,15.663000000,0.339600000
109,16.621400000,0.315700000
110,17.491100000,1.030200000
111,15.909400000,0.389600000
112,16.825500000,0.491700000
113,17.662500000,1.170800000
114,15.969800000,0.614600000
115,17.475000000,1.019800000
116,19.151600000,1.483300000
117,13.209300000,0.670800000
118,16.639600000,0.321300000
119,17.378200000,0.979100000
120,15.980700000,0.600500000
121,17.303600000,0.688100000
122,18.263100000,1.017700000
123,14.906200000,0.488000000
124,16.228100000,0.706700000
125,17.204700000,0.569300000
126,15.972900000,0.547400000
127,16.740100000,0.380700000
128,17.302100000,0.890100000
129,16.061000000,0.708800000
130,16.759300000,0.391100000
131,17.820900000,1.062000000
132,15.927000000,0.511900000
133,16.174000000,0.725000000
134,17.378700000,0.510900000
135,15.984800000,0.526000000
136,16.875600000,0.431700000
137,17.123900000,0.409900000
138,15.626600000,0.311500000
139,16.699500000,0.348000000
140,18.546800000,2.094200000
141,14.936500000,0.420800000
142,17.026000000,0.675500000
143,17.696400000,0.509400000
144,15.875500000,0.443300000
145,15.990600000,0.482300000
146,17.463600000,0.989600000
147,18.964600000,3.161400000
148,13.700500000,0.363000000
149,17.039100000,0.653100000
150,16.894200000,0.439000000
151,15.631300000,0.301100000
152,16.651000000,0.337000000
153,17.037000000,0.478600000
154,17.246900000,0.775500000
155,17.455200000,1.897400000
156,15.863500000,0.432300000
157,15.683900000,0.328700000
158,16.716100000,0.365100000
159,16.941700000,0.425600000
160,16.900500000,0.457800000
161,17.443800000,1.102600000
162,15.802000000,0.382300000
163,16.666200000,0.282300000
164,17.160400000,0.753600000
165,15.752100000,0.401100000
166,16.839600000,0.422900000
167,17.742200000,1.250000000
168,15.926500000,0.546900000
169,17.059900000,0.511500000
170,16.814600000,0.297900000
171,16.105200000,0.397400000
172,16.868200000,0.418700000
173,16.907300000,0.351500000
174,15.730800000,0.384900000
175,17.070800000,0.518700000
176,17.204700000,0.788100000
177,16.201500000,0.502100000
178,17.041700000,0.613600000
179,18.007800000,1.217700000
180,14.845900000,0.404600000
181,16.800500000,0.444800000
182,17.376000000,0.976500000
183,15.930700000,0.490600000
184,16.941200000,0.451000000
185,17.391100000,0.479700000
186,15.715700000,0.387500000
187,16.778600000,0.413600000
188,17.672900000,0.378100000
189,16.226600000,0.846300000
190,16.415600000,0.633300000
191,15.833900000,0.479600000
192,16.941100000,0.470800000
193,16.846400000,0.444800000
194,17.504700000,1.116200000
195,16.073900000,0.764100000
196,17.094300000,0.547400000
197,16.247900000,0.826100000
198,16.782300000,0.369300000
199,16.121300000,0.603700000
200,17.663600000,0.774400000
201,15.687000000,0.342700000
202,16.675500000,0.353100000
203,17.901500000,1.420300000
204,15.670900000,0.321900000
205,18.051500000,0.584400000
206,15.118800000,0.614000000
207,17.049500000,0.672400000
208,16.742200000,0.370400000
209,17.057800000,1.332800000
210,16.900000000,1.242200000
211,15.760400000,0.331800000
212,17.129700000,0.501000000
213,16.191100000,0.646400000
214,16.846900000,0.434900000
215,17.477100000,0.534900000
216,15.855200000,0.371900000
217,17.526000000,1.046900000
218,16.434400000,0.537000000
219,16.131800000,0.452100000
220,15.833300000,0.392700000
221,16.725000000,0.338600000
222,16.684900000,0.337500000
223,16.809400000,0.364100000
224,17.214000000,0.876000000
225,17.193300000,0.598400000
226,15.920800000,0.484900000
227,17.425000000,0.580700000
228,16.074000000,0.758300000
229,17.933300000,1.513000000
230,15.449500000,1.023500000
231,17.323400000,0.825600000
232,15.727600000,0.366700000
233,17.018200000,0.644800000
234,15.626100000,0.295300000
235,18.476600000,0.439600000
236,16.312500000,0.514600000
237,16.337500000,0.480700000
238,16.759800000,0.496800000
239,16.216700000,0.817200000
240,16.762500000,0.371400000
241,17.122400000,0.557300000
242,17.250000000,0.716200000
243,15.753700000,0.383800000
244,16.806700000,0.387500000
245,16.383400000,0.969200000
246,17.102600000,0.741700000
247,15.827000000,0.450500000
248,16.972400000,0.625000000
249,16.740100000,0.309900000
250,16.864100000,0.356200000
251,15.927100000,0.438100000
252,16.971900000,0.511500000
253,16.882800000,0.390100000
254,17.571300000,0.597900000
255,15.993300000,0.488000000
256,15.833800000,0.408900000
257,16.784900000,0.435900000
258,16.638600000,0.313600000
259,18.001000000,1.638600000
260,15.831800000,0.523500000
261,16.803600000,0.403600000
262,18.543200000,1.438500000
263,15.500000000,0.947400000
264,16.331800000,0.446900000
265,16.135400000,0.715600000
266,17.293300000,0.700500000
267,15.733300000,0.411500000
268,16.849500000,0.418200000
269,17.083800000,0.469800000
270,16.004200000,0.503600000
271,16.933800000,0.494300000
272,17.138100000,0.389600000
273,16.374400000,0.810900000
274,16.874500000,0.449500000
275,16.439100000,1.029200000
276,16.653100000,0.337500000
277,16.737000000,0.396400000
278,17.029700000,0.392200000
279,16.309400000,0.916600000
280,17.380200000,0.819300000
281,19.421800000,1.789100000
282,12.564600000,0.268700000
283,17.182800000,0.837000000
284,17.053700000,0.449000000
285,15.810900000,0.334400000
286,18.827100000,0.383300000
287,15.426000000,1.060400000
288,15.896900000,0.351000000
289,16.920900000,0.501500000
290,18.402600000,0.820800000
291,14.900000000,0.613600000
292,16.750500000,0.388000000
293,18.390600000,1.263000000
294,15.086500000,0.689100000
295,16.890100000,0.394800000
296,15.784900000,0.386400000
297,17.177000000,0.723900000
298,17.178700000,0.465600000
299,15.763500000,0.367700000
300,17.136500000,0.444800000
301,17.291100000,0.777100000
302,16.184400000,0.778200000
303,17.062000000,0.415100000
304,16.077100000,0.429100000
305,17.459300000,0.853100000
306,16.676600000,1.262500000
307,15.894800000,0.417700000
308,17.075500000,0.478100000
309,16.323500000,0.367700000
310,16.757300000,0.413000000
311,17.394200000,0.508900000
312,15.956300000,0.468200000
313,17.182800000,0.434900000
314,15.989000000,0.663500000
315,17.116200000,0.739000000
316,16.981800000,1.427600000
317,16.594800000,0.725000000
318,15.797900000,0.406700000
319,17.228100000,0.647900000
320,15.679200000,0.318800000
321,16.881700000,0.348400000
322,17.769800000,1.354700000
323,16.628200000,1.302100000
324,15.660900000,0.330200000
325,16.742200000,0.357900000
326,17.083300000,0.715100000
327,16.653100000,0.282300000
328,16.648000000,0.327600000
329,17.226500000,0.569800000
330,15.892700000,0.300500000
331,16.752600000,0.367200000
332,16.984400000,0.412500000
333,16.459900000,0.490700000
334,16.647900000,0.329200000
335,17.028100000,0.455200000
336,17.380200000,0.731200000
337,15.679700000,0.321800000
338,16.898000000,0.451000000
339,16.903600000,1.307300000
340,15.929700000,0.322900000
341,17.242200000,0.347900000
342,16.902100000,0.476600000
343,16.389000000,0.873400000
344,16.211500000,0.837500000
345,16.902100000,0.296400000
346,15.591100000,0.296400000
347,18.049500000,0.405200000
348,16.304200000,0.916600000
349,17.153100000,0.723900000
350,16.253600000,0.834900000
351,16.064600000,0.432300000
352,16.717700000,0.371300000
353,16.959400000,0.590100000
354,16.824500000,0.417700000
355,16.734900000,0.384900000
356,16.252000000,0.591200000
357,17.602700000,1.135400000
358,16.009300000,0.496400000
359,17.555200000,0.544800000
360,15.762500000,0.389000000
361,17.012500000,0.544800000
362,17.319800000,1.543200000
363,15.863600000,0.441100000
364,16.272400000,0.639600000
365,16.886400000,0.569800000
366,16.801600000,0.376100000
367,16.398900000,0.503100000
368,17.910500000,1.071900000
369,14.809300000,0.494200000
370,17.799500000,1.429200000
371,17.949000000,2.502600000
372,14.868200000,0.432300000
373,16.928100000,0.399500000
374,15.844300000,0.454700000
375,16.656200000,0.297900000
376,16.930300000,0.515600000
377,21.061400000,4.705700000
378,13.029200000,0.621900000
379,15.692200000,0.333800000
380,16.638000000,0.312500000
381,17.380700000,0.752000000
382,16.696400000,0.347900000
383,29.259300000,3.989100000
384,5.376100000,1.587000000
385,14.690600000,0.407300000
386,17.226600000,0.623500000
387,16.839000000,0.537500000
388,16.666700000,0.472900000
389,15.972400000,0.436000000
390,16.597400000,0.296900000
391,17.449500000,1.087500000
392,15.837500000,0.515700000
393,16.835900000,0.347400000
394,17.583900000,1.205200000
395,16.369200000,0.971900000
396,16.975600000,0.443200000
397,15.999400000,0.481800000
398,18.832900000,2.449500000
399,14.952600000,0.545900000
400,15.653100000,0.313600000
401,17.440600000,0.907300000
402,16.475500000,0.669200000
403,16.819300000,0.437000000
404,17.092200000,0.414600000
405,16.734900000,1.175500000
406,16.184900000,0.759300000
407,17.081200000,0.371900000
408,16.031800000,0.570900000
409,16.948400000,0.501600000
410,16.867700000,0.364500000
411,16.639100000,0.756300000
412,16.128700000,0.703600000
413,17.982800000,1.652600000
414,16.169200000,0.798900000
415,16.003200000,0.525500000
416,18.556200000,0.946900000
417,14.733300000,0.378600000
418,17.479700000,0.917200000
419,16.505800000,0.452600000
420,15.810900000,0.524500000
421,16.885900000,0.482800000
422,17.496900000,0.400500000
423,16.733900000,1.255700000
424,17.732800000,0.847400000
425,15.772400000,1.328600000
426,15.838000000,0.404200000
427,19.167700000,2.771900000
428,15.024000000,0.662000000
429,16.257300000,0.773500000
430,15.661400000,0.310400000
431,16.634400000,0.314600000
432,16.786400000,0.426000000
433,16.779700000,0.401000000
434,17.168800000,0.834400000
435,15.935900000,0.475000000
436,17.873500000,1.140600000
437,15.839000000,0.491700000
438,16.835400000,0.405700000
439,17.006300000,0.542700000
440,16.623900000,0.844300000
441,15.957900000,0.533400000
442,16.629600000,0.310900000
443,17.065700000,0.741700000
444,17.298900000,0.385400000
445,15.928700000,0.456700000
446,17.273400000,0.484400000
447,15.988600000,0.547400000
448,17.282200000,0.802100000
449,16.910500000,1.460900000
450,16.785900000,0.855200000
451,15.887000000,0.469800000
452,16.908300000,0.305200000
453,15.612000000,0.326000000
454,17.075500000,0.451600000
455,17.132800000,0.731800000
456,16.667700000,0.344800000
457,17.190700000,0.760400000
458,15.804600000,0.444200000
459,16.697400000,0.350600000
460,16.643800000,0.330800000
461,17.569800000,0.747400000
462,16.195300000,0.731700000
463,17.352600000,0.891200000
464,17.066100000,1.690100000
465,14.752100000,0.338000000
466,17.946900000,0.339000000
467,16.516700000,1.164100000
468,15.867200000,0.344800000
469,17.178600000,0.696900000
470,18.634400000,2.627700000
471,14.947400000,0.439000000
472,15.794200000,0.286400000
473,17.141200000,0.630200000
474,16.642200000,0.317700000
475,16.964000000,0.619300000
476,16.823500000,1.472900000
477,15.839600000,0.398900000
478,16.809900000,0.390700000
479,16.852000000,0.536400000
480,16.828200000,0.443200000
481,18.455700000,1.870300000
482,15.168700000,0.418700000
483,16.350600000,0.406300000
484,16.595800000,0.292700000
485,17.633300000,1.000500000
486,16.360400000,0.323400000
487,15.707300000,0.370300000
488,17.114100000,0.651600000
489,17.732300000,1.372400000
490,14.833800000,0.500000000
491,17.107300000,0.765100000
492,18.177100000,1.653100000
493,14.452100000,0.218800000
494,17.935400000,0.354700000
495,15.981300000,0.234300000
496,17.296800000,0.336400000
497,15.580300000,0.351000000
498,16.666600000,0.342200000
499,16.471900000,0.205300000
500,18.131200000,0.529600000
501,15.693800000,0.373900000
502,19.895300000,3.539100000
503,14.006300000,0.705300000
504,17.098900000,0.625500000
505,15.333900000,0.168800000
506,16.670300000,0.343700000
507,16.527100000,0.278600000
508,17.672900000,0.355200000
509,16.980200000,0.466100000
510,28.224500000,8.917200000
511,4.772900000,0.483300000
512,18.181800000,1.150500000
513,14.736400000,0.275500000
514,16.778700000,0.374000000
515,17.107800000,0.720300000
516,15.610900000,0.305200000
517,17.586000000,0.287500000
518,17.361900000,0.557200000
519,16.052100000,0.347900000
520,16.678700000,0.312500000
521,17.675500000,0.469300000
522,14.742700000,0.322900000
523,17.042700000,0.538600000
524,17.272400000,0.844200000
525,16.053100000,0.588500000
526,17.821900000,1.286400000
527,18.024000000,2.397900000
528,14.795300000,0.439100000
529,16.297400000,0.836000000
530,17.140100000,0.354100000
531,16.091100000,0.454200000
532,17.857300000,0.911500000
533,16.892700000,0.631200000
534,14.705200000,0.331800000
535,16.904200000,0.469800000
536,17.576500000,1.083900000
537,17.756800000,1.682800000
538,15.096400000,0.612500000
539,17.900000000,1.290100000
540,15.795800000,0.399500000
541,15.852100000,0.445300000
542,16.650500000,0.312000000
543,16.933900000,0.486400000
544,17.491600000,0.890100000
545,16.621400000,1.186900000
546,16.046300000,0.578100000
547,17.189600000,0.675000000
548,15.824500000,0.523900000
549,17.353600000,0.400500000
550,16.035500000,0.428600000
551,17.639500000,1.183900000
552,16.074000000,0.718700000
553,17.627100000,1.100500000
554,15.925500000,0.392700000
555,15.734400000,0.400500000
556,16.803600000,0.397900000
557,17.389100000,1.056300000
558,16.728600000,0.363500000
559,15.727600000,0.360500000
560,18.180800000,1.292200000
561,15.734300000,0.368700000
562,16.617800000,0.293300000
563,17.444200000,0.483400000
564,15.769800000,0.388500000
565,17.388600000,0.500000000
566,15.786900000,0.292800000
567,17.115700000,0.539000000
568,17.251000000,0.841100000
569,18.285900000,2.900500000
570,14.118300000,0.529100000
571,17.018700000,0.539100000
572,18.159900000,0.891700000
573,14.768200000,0.385400000
574,16.798000000,0.481800000
575,17.163500000,0.843200000
576,15.842200000,0.399400000
577,16.829700000,0.397400000
578,16.964000000,0.535400000
579,16.730300000,0.352600000
580,17.441600000,1.130200000
581,16.586500000,1.201100000
582,15.721900000,0.328200000
583,16.651500000,0.324400000
584,18.735400000,2.338000000
585,14.821400000,0.366100000
586,16.953100000,0.628100000
587,17.254200000,0.405200000
588,17.113500000,0.525000000
589,14.626600000,0.331300000
590,18.684900000,0.933400000
591,16.130200000,0.575600000
592,15.993200000,0.526100000
593,18.964100000,0.838500000
594,14.117700000,0.642200000
595,18.635400000,1.072400000
596,15.011500000,0.500000000
597,16.701500000,0.346300000
598,17.684900000,0.392200000
599,16.244800000,0.365100000
600,15.815600000,0.481300000
601,16.709900000,0.342700000
602,17.683900000,0.629200000
603,15.583300000,0.275000000
604,16.664100000,0.317700000
605,16.917700000,0.577100000
606,16.691700000,0.317700000
607,16.647900000,0.325000000
608,18.716600000,1.209900000
609,17.874500000,3.472400000
610,12.689100000,0.360400000
611,16.773400000,0.397900000
612,21.578100000,4.515100000
613,13.027100000,1.037500000
614,16.430200000,1.032800000
615,15.748500000,0.375600000
616,17.015100000,0.580200000
617,17.136400000,0.325500000
618,16.678200000,0.791100000
619,16.713000000,1.109400000
620,15.740100000,0.369300000
621,16.778100000,0.403700000
622,16.856800000,0.463500000
623,17.928100000,1.542100000
624,15.881300000,0.394800000
625,15.645800000,0.329700000
626,16.909900000,0.439600000
627,16.809400000,0.306800000
628,17.133300000,0.350500000
629,16.757800000,0.297400000
630,17.650000000,1.034900000
631,16.126000000,0.570300000
632,17.306300000,1.731800000
633,15.154200000,0.632800000
634,17.754700000,0.569200000
635,15.947300000,0.655700000
636,18.639100000,1.203700000
637,15.356300000,0.931200000
638,15.916600000,0.558300000
639,17.578200000,0.989000000
640,16.532200000,1.109900000
641,16.084900000,0.664600000
642,15.717700000,0.369200000
643,17.040200000,0.620300000
644,17.945800000,1.540100000
645,15.619800000,0.303700000
646,17.521300000,1.060400000
647,16.522400000,1.118200000
648,16.358900000,0.604700000
649,15.983300000,0.500600000
650,17.965600000,1.482300000
651,15.956800000,0.495300000
652,16.791700000,0.384400000
653,15.585900000,0.229700000
654,16.693800000,0.365100000
655,16.572900000,0.272400000
656,18.030700000,0.424000000
657,15.876600000,0.416100000
658,16.818200000,0.468700000
659,17.162000000,0.840700000
660,15.777100000,0.392700000
661,16.694800000,0.346400000
662,16.672900000,0.331800000
663,16.626000000,0.313000000
664,16.758300000,0.393200000
665,17.282900000,0.911400000
666,15.915100000,0.516100000
667,18.115100000,1.555700000
668,18.150000000,1.677100000
669,14.072900000,0.688000000
670,17.345800000,1.031200000
671,16.251600000,0.774500000
672,17.156800000,0.716600000
673,16.109300000,0.507900000
674,18.331300000,0.498400000
675,14.844200000,0.489500000
676,16.768300000,0.349500000
677,17.504100000,1.182800000
678,16.365100000,1.005200000
679,15.942200000,0.571300000
680,16.898500000,0.568200000
681,16.780700000,0.474500000
682,17.276000000,0.935400000
683,16.153700000,0.754200000
684,16.492200000,0.823900000
685,17.615100000,1.026600000
686,21.355200000,0.644700000
687,13.522900000,3.100500000
688,13.671900000,0.345900000
689,19.122400000,2.626600000
690,15.012000000,0.591700000
691,15.770800000,0.391100000
692,17.604200000,1.183900000
693,16.235400000,0.702600000
694,20.487000000,0.382200000
695,13.170300000,0.783800000
696,16.566600000,0.957300000
697,17.001100000,0.480200000
698,16.009900000,0.674000000
699,17.086900000,0.752100000
700,16.361500000,0.846900000
701,17.566700000,0.961500000
702,15.780200000,0.414600000
703,17.444300000,0.865600000
704,17.778600000,0.906800000
705,15.003600000,0.564600000
706,16.592800000,0.920800000
707,17.307800000,0.625500000
708,15.919800000,0.505200000
709,18.507800000,1.889600000
710,15.125500000,0.827600000
711,15.816100000,0.392200000
712,17.008400000,0.467100000
713,19.173900000,2.726500000
714,14.425000000,0.849000000
715,16.594800000,0.275000000
716,17.641700000,0.525500000
717,15.848400000,0.427100000
718,16.793300000,0.417200000
719,16.488000000,1.043800000
720,17.037000000,0.738500000
721,15.757200000,0.440100000
722,17.618300000,1.015100000
723,16.066600000,0.566200000
724,21.432900000,4.254700000
725,12.955200000,0.340700000
726,15.721800000,0.402700000
727,18.420300000,1.714100000
728,15.715700000,1.255200000
729,15.818700000,0.400000000
730,16.762500000,0.384400000
731,17.089600000,0.403100000
732,16.037500000,0.604700000
733,17.094300000,0.762500000
734,15.884900000,0.488500000
735,17.328100000,0.843300000
736,17.204200000,0.587000000
737,16.411900000,1.045800000
738,15.957300000,0.611400000
739,16.891700000,0.438100000
740,18.876000000,0.404700000
741,14.855800000,0.454700000
742,18.340100000,2.084400000
743,14.808300000,0.258300000
744,16.706300000,0.353200000
745,15.763000000,0.386000000
746,17.206800000,0.792200000
747,16.919700000,0.451000000
748,17.346400000,0.626600000
749,16.200500000,0.901000000
750,16.309900000,0.468800000
751,17.258300000,0.755700000
752,16.151600000,0.574500000
753,16.910400000,0.456800000
754,16.085400000,0.506800000
755,17.252100000,0.301500000
756,17.720300000,2.247400000
757,14.857300000,0.415100000
758,17.435400000,0.966600000
759,15.946900000,0.440600000
760,17.444300000,0.922900000
761,15.681800000,0.401100000
762,16.913000000,0.487500000
763,17.180700000,0.699500000
764,18.493800000,1.530200000
765,14.880700000,0.406800000
766,16.825000000,0.358900000
767,15.723400000,0.289000000
768,16.709400000,0.344800000
769,16.765100000,0.409900000
770,17.974500000,1.570800000
771,15.650000000,0.295800000
772,19.409400000,1.746300000
773,14.547400000,1.138500000
774,16.086400000,0.598400000
775,16.705700000,0.352600000
776,18.103200000,1.809400000
777,15.178600000,0.725000000
778,19.505700000,1.635400000
779,13.894300000,0.565100000
780,16.748500000,0.357300000
781,17.221300000,0.748000000
782,16.689100000,1.082800000
783,15.872400000,0.306800000
784,17.326000000,0.815700000
785,16.943800000,1.297400000
786,16.731200000,1.017700000
787,16.355200000,0.430200000
788,16.765600000,1.196800000
789,16.179200000,0.315100000
790,17.133900000,0.317200000
791,18.273900000,2.278100000
792,14.673500000,0.338600000
793,16.587500000,0.287000000
794,19.747400000,0.771900000
795,13.848400000,0.400600000
796,16.088000000,0.643200000
797,17.233300000,0.897400000
798,16.602700000,1.168700000
799,15.872900000,0.403100000
800,19.060900000,2.305700000
801,14.976600000,0.434400000
802,17.980200000,0.829700000
803,15.705200000,1.314100000
804,16.043200000,0.707300000
805,16.774500000,0.481800000
806,17.254700000,0.690100000
807,15.993200000,0.422400000
808,25.952600000,8.816200000
809,6.695300000,0.347400000
810,16.973500000,0.561900000
811,17.224400000,0.884900000
812,17.009900000,0.498400000
813,15.995900000,0.412500000
814,17.830200000,0.386500000
815,15.878100000,0.345800000
816,18.775500000,0.451500000
817,13.765100000,0.388000000
818,16.844800000,0.502600000
819,17.301600000,0.751500000
820,17.091600000,0.619200000
821,16.201100000,0.799000000
822,16.779200000,0.372400000
823,16.082200000,0.344700000
824,17.934900000,1.474000000
825,15.859900000,0.426000000
826,18.081300000,1.480200000
827,16.128600000,1.749500000
828,17.351100000,0.878200000
829,14.800000000,0.388100000
830,17.184400000,0.496300000
831,16.420800000,0.893800000
832,18.478600000,0.423900000
833,15.366200000,1.063100000
834,17.843700000,1.051500000
835,14.620900000,0.307900000
836,17.127000000,0.630200000
837,16.350000000,0.633800000
838,17.368300000,0.446800000
839,15.641100000,0.326500000
840,17.027600000,0.652100000
841,18.074000000,0.530200000
842,14.698400000,0.332300000
843,16.936000000,0.511500000
844,17.124400000,0.679200000
845,16.936500000,0.277100000
846,15.887000000,0.459300000
847,16.976500000,0.589000000
848,17.769300000,0.378100000
849,15.696900000,0.325000000
850,16.773400000,0.390100000
851,16.777600000,0.275500000
852,15.953100000,0.531200000
853,16.750600000,0.401000000
854,17.927600000,1.438000000
855,15.876500000,0.425000000
856,17.211500000,0.495300000
857,16.259900000,0.826100000
858,15.645800000,0.312500000
859,16.625000000,0.326000000
860,18.321900000,0.445300000
861,16.975500000,1.521300000
862,16.929700000,1.442700000
863,15.574000000,1.227600000
864,16.248900000,0.845900000
865,17.182800000,0.549500000
866,17.412500000,0.464100000
867,15.964100000,0.502100000
868,16.596900000,1.175500000
869,17.320800000,1.717700000
870,15.568800000,0.281300000
871,17.299400000,0.969300000
872,16.611000000,1.234900000
873,16.882300000,1.429200000
874,15.906200000,0.453700000
875,17.908900000,0.764100000
876,16.190100000,1.653200000
877,15.555700000,0.270800000
878,17.203100000,0.922400000
879,17.066700000,0.553100000
880,16.300000000,0.812000000
881,17.231800000,0.319800000
882,15.932300000,0.569800000
883,18.955200000,2.363500000
884,14.474400000,0.781800000
885,16.658900000,0.310900000
886,17.513000000,0.876000000
887,16.655200000,0.537500000
888,17.927600000,0.714600000
889,14.971400000,1.470800000
890,15.729700000,0.342700000
891,16.902600000,0.474000000
892,17.002100000,0.632900000
893,17.541100000,0.930700000
894,16.873400000,1.351600000
895,15.270400000,0.751100000
896,17.036400000,0.722400000
897,16.626100000,0.280200000
898,16.706700000,0.302000000
899,16.880200000,0.289000000
900,15.656300000,0.287500000
901,17.984900000,0.459900000
902,16.232800000,0.893200000
903,16.349500000,0.929700000
904,17.378100000,0.502100000
905,16.353600000,0.404700000
906,15.702100000,0.354200000
907,18.060400000,1.577600000
908,16.425000000,0.407300000
909,16.052600000,0.446300000
910,20.413100000,2.265700000
911,13.079700000,0.723900000
912,16.631700000,0.323400000
913,17.078200000,0.689500000
914,18.362500000,2.678600000
915,15.317100000,0.825500000
916,18.484900000,1.701600000
917,14.806800000,1.392200000
918,15.955700000,0.567200000
919,17.043300000,0.585400000
920,17.291600000,1.583300000
921,16.834400000,1.097900000
922,14.747900000,0.383800000
923,17.156300000,0.656700000
924,17.693200000,1.284900000
925,16.309400000,0.875000000
926,15.750500000,0.408300000
927,16.968700000,0.521400000
928,18.105300000,1.598400000
929,17.079100000,2.232800000
930,23.197400000,0.540100000
931,8.683400000,0.966100000
932,15.719200000,0.241100000
933,16.901600000,0.396900000
934,16.685900000,0.335400000
935,17.630200000,0.372400000
936,18.772400000,0.615100000
937,15.272400000,0.499000000
938,17.517700000,2.895300000
939,15.034900000,0.527100000
940,16.067200000,0.370800000
941,17.918200000,0.877600000
942,17.262500000,0.679600000
943,14.935500000,0.345400000
944,18.052600000,0.332300000
945,16.397400000,1.967700000
946,15.688000000,0.361500000
947,17.331200000,0.299500000
948,15.578200000,0.281300000
949,16.629100000,0.313500000
950,16.595300000,0.289100000
951,16.678700000,0.365600000
952,16.840100000,0.533900000
953,18.714000000,1.929100000
954,14.778200000,0.399500000
955,17.681700000,1.054100000
956,16.090100000,0.587500000
957,15.697400000,0.322400000
958,16.726100000,0.347900000
959,16.987500000,0.659900000
960,16.771900000,0.368700000
961,16.656700000,0.314500000
962,17.469800000,0.588100000
963,16.122400000,0.569800000
964,17.427100000,0.635900000
965,16.707300000,0.966100000
966,15.701000000,0.378700000
967,34.242700000,9.683900000
968,3.540700000,3.405700000
969,14.753600000,0.221900000
970,16.740600000,0.340100000
971,16.229200000,0.800000000
972,16.989100000,0.604100000
973,16.739000000,0.423900000
974,17.187000000,0.647400000
975,15.789600000,0.403200000
976,17.102600000,0.680200000
977,16.393700000,0.895900000
978,18.427700000,0.459900000
979,15.381200000,0.993800000
980,16.289100000,0.683900000
981,16.766600000,0.391100000
982,17.032800000,0.479700000
983,15.974000000,0.488100000
984,17.023400000,0.516700000
985,15.861500000,0.448500000
986,17.037000000,0.534900000
987,18.342200000,1.793200000
988,15.000500000,0.526600000
989,18.454200000,1.539600000
990,15.540100000,0.580200000
991,18.228600000,1.695400000
992,15.873400000,0.324000000
993,14.729700000,0.384400000
994,17.080200000,0.702600000
995,17.173500000,0.593200000
996,16.168700000,0.532300000
997,17.083400000,0.494800000
998,18.576500000,1.424000000
999,15.141200000,0.555200000
1000,16.272400000,0.680200000
1001,17.445800000,0.956200000
1002,17.175000000,1.570300000
1003,15.254200000,0.553700000
1004,16.964000000,0.501000000
1005,16.234400000,0.473000000
1006,17.141100000,0.618800000
1007,16.228700000,0.701100000
1008,18.919800000,2.053600000
1009,15.522900000,1.021300000
1010,17.467700000,1.197900000
1011,15.022400000,0.515100000
1012,17.332300000,0.613600000
1013,16.339100000,0.578700000
1014,16.434900000,0.963000000
1015,16.608300000,0.739600000
1016,16.563500000,0.536500000
1017,17.018800000,0.535900000
1018,16.654100000,1.014100000
1019,15.984900000,0.516100000
1020,17.073000000,0.586400000
1021,16.978600000,0.503100000
1022,17.301600000,1.058300000
1023,15.904100000,0.450500000
1024,16.683400000,0.964600000
1025,15.886900000,0.454200000
1026,16.804200000,0.408900000
1027,16.947400000,0.500600000
1028,17.250500000,0.636500000
1029,16.272900000,0.810900000
1030,16.202100000,0.514100000
1031,17.084900000,0.525000000
1032,17.022900000,0.542200000
1033,15.743300000,0.352600000
1034,17.161900000,0.646400000
1035,17.002100000,0.505800000
1036,17.074500000,0.943700000
1037,16.069300000,0.528100000
1038,16.255700000,0.739100000
1039,17.113000000,0.571900000
1040,16.028200000,0.527100000
1041,17.136400000,0.578700000
1042,17.576100000,0.910400000
1043,16.380200000,0.768700000
1044,18.171300000,2.145900000
1045,13.713000000,0.353600000
1046,17.527600000,1.061000000
1047,17.681300000,1.062000000
1048,17.669800000,1.740100000
1049,14.957300000,0.490600000
1050,17.410400000,1.770800000
1051,15.769800000,0.395300000
1052,16.002600000,0.536400000
1053,18.015600000,1.558300000
1054,16.010400000,0.543200000
1055,16.062000000,0.571300000
1056,17.017700000,0.501600000
1057,17.161500000,0.713500000
1058,16.357300000,0.750600000
1059,16.404100000,0.730800000
1060,17.244300000,0.657300000
1061,16.234900000,0.562000000
1062,18.745800000,2.254700000
1063,14.020900000,0.547400000
1064,17.208300000,0.729700000
1065,16.891100000,0.448400000
1066,16.472400000,0.900000000
1067,17.187000000,0.581300000
1068,16.396400000,0.867700000
1069,16.388000000,0.841100000
1070,17.469300000,0.577000000
1071,16.989000000,1.459900000
1072,14.883900000,0.412000000
1073,16.976500000,0.430200000
1074,16.884900000,0.434900000
1075,16.625600000,0.305700000
1076,17.142200000,0.653100000
1077,16.085900000,0.565100000
1078,17.380200000,0.928100000
1079,16.304200000,0.767200000
1080,17.875500000,1.296900000
1081,15.059900000,0.530800000
1082,16.939000000,0.481800000
1083,17.981300000,1.008300000
1084,14.912500000,0.453600000
1085,17.319300000,0.719800000
1086,17.473400000,1.785900000
1087,16.302600000,0.707300000
1088,15.974500000,0.513000000
1089,16.992700000,0.527600000
1090,16.943700000,1.263500000
1091,16.618800000,0.566600000
1092,17.983300000,1.878700000
1093,15.694800000,0.906800000
1094,15.991200000,0.451500000
1095,15.745800000,0.360400000
1096,17.625500000,1.130200000
1097,16.405200000,0.668800000
1098,19.078200000,2.539100000
1099,14.643700000,0.941700000
1100,16.069300000,0.565600000
1101,19.252600000,2.209400000
1102,14.437500000,0.694800000
1103,17.494800000,0.687000000
1104,15.801000000,0.413600000
1105,17.092700000,0.578200000
1106,16.932800000,1.144800000
1107,16.095300000,0.532800000
1108,16.156300000,0.559900000
1109,17.155200000,0.601600000
1110,16.420800000,0.507800000
1111,17.107300000,0.592700000
1112,16.127100000,0.461500000
1113,20.116700000,2.760900000
1114,13.549500000,0.759900000
1115,16.261900000,0.589600000
1116,17.205800000,0.775000000
1117,16.182800000,0.721300000
1118,17.460900000,0.968800000
1119,15.959400000,0.437000000
1120,17.559400000,1.017700000
1121,16.088000000,0.554100000
1122,19.888000000,3.143200000
1123,12.751600000,0.374500000
1124,16.898900000,0.476000000
1125,16.973500000,0.505700000
1126,17.655700000,0.876000000
1127,16.203100000,0.702600000
1128,16.542700000,0.775500000
1129,16.531300000,0.974500000
1130,16.682300000,0.640100000
1131,15.991100000,0.527600000
1132,17.146900000,0.589100000
1133,16.470800000,0.937000000
1134,17.426600000,0.907800000
1135,16.158300000,0.559900000
1136,16.238000000,0.726600000
1137,17.039100000,0.546300000
1138,16.071400000,0.508300000
1139,17.000500000,0.374000000
1140,17.091100000,0.625000000
1141,16.149000000,0.730200000
1142,17.322400000,0.693200000
1143,15.983300000,0.503200000
1144,17.490100000,0.929100000
1145,16.611000000,0.879200000
1146,17.082200000,1.371400000
1147,16.224000000,0.688100000
1148,16.359400000,0.815100000
1149,16.067200000,0.498900000
1150,18.227000000,1.616700000
1151,15.106800000,0.598000000
1152,17.227600000,0.614100000
1153,15.929700000,0.486000000
1154,17.903700000,1.071900000
1155,16.401000000,0.871800000
1156,17.204700000,1.481700000
1157,21.533300000,5.944200000
1158,11.941700000,1.289500000
1159,18.389000000,2.868200000
1160,13.838600000,0.431800000
1161,16.921300000,0.484900000
1162,16.419300000,0.600000000
1163,17.064100000,0.528100000
1164,15.996900000,0.509400000
1165,17.617700000,1.063000000
1166,16.132300000,0.422900000
1167,16.883800000,0.443200000
1168,15.789600000,0.331300000
1169,16.816700000,0.432300000
1170,17.959300000,1.357300000
1171,15.981800000,0.513600000
1172,16.462000000,0.829200000
1173,18.038500000,1.533900000
1174,16.408400000,1.760400000
1175,16.426500000,0.926100000
1176,17.501100000,1.741200000
1177,15.823900000,1.122900000
1178,16.637500000,1.154700000
1179,16.095300000,0.572400000
1180,16.022900000,0.463000000
1181,17.113600000,0.566600000
1182,17.942700000,1.416700000
1183,14.877100000,0.462500000
1184,16.865600000,0.452600000
1185,17.149000000,0.588500000
1186,16.184300000,0.657900000
1187,17.180200000,0.573500000
1188,15.995900000,0.497900000
1189,17.021900000,0.583800000
1190,17.279600000,0.649500000
1191,18.188600000,2.323000000
1192,15.637500000,0.782800000
1193,16.072400000,0.560400000
1194,16.493200000,0.789000000
1195,16.144300000,0.516700000
1196,18.889000000,0.738000000
1197,15.639100000,0.964000000
1198,16.566700000,0.855800000
1199,17.038000000,0.561400000
1200,15.072900000,0.542200000
1201,17.526100000,0.561400000
1202,16.119700000,0.489600000
1203,17.070900000,0.567700000
1204,15.959900000,0.500000000
1205,17.330200000,0.593700000
1206,16.428600000,0.671300000
1207,17.286500000,0.547400000
1208,16.401000000,0.544300000
1209,16.007800000,0.522900000
1210,17.358900000,0.906700000
1211,16.588500000,1.239100000
1212,15.775600000,0.366700000
1213,16.872900000,0.447900000
1214,18.046300000,1.230200000
1215,16.017200000,0.499400000
1216,16.160400000,0.596900000
1217,16.891700000,0.486000000
1218,16.006200000,0.571900000
1219,17.529200000,0.914100000
1220,16.953700000,0.553700000
1221,15.988000000,0.501500000
1222,18.025000000,1.522400000
1223,15.389600000,0.577100000
1224,17.465100000,0.790100000
1225,16.639000000,0.595900000
1226,16.620300000,0.976100000
1227,15.958400000,0.468300000
1228,16.881200000,0.475000000
1229,16.169300000,0.723900000
1230,16.813000000,0.417700000
1231,16.999500000,0.473000000
1232,15.957300000,0.481700000
1233,17.028600000,0.534900000
1234,19.018300000,2.414600000
1235,14.419800000,0.907300000
1236,16.971300000,0.500000000
1237,16.316200000,0.833900000
1238,17.706700000,1.089000000
1239,16.162500000,0.470300000
1240,16.082300000,0.534900000
1241,16.945900000,0.519700000
1242,15.886400000,0.459900000
1243,16.856800000,0.443800000
1244,17.516100000,0.813500000
1245,16.599500000,0.625000000
1246,16.284900000,0.718700000
1247,17.038000000,0.529700000
1248,15.930200000,0.483800000
1249,16.997900000,0.485900000
1250,17.116200000,0.504600000
1251,17.339600000,1.616200000
1252,16.114000000,0.617200000
1253,16.167700000,0.574500000
1254,17.117200000,0.555800000
1255,16.778700000,1.121400000
1256,16.802600000,0.739000000
1257,17.638000000,1.714100000
1258,16.346400000,1.742700000
1259,15.038000000,0.732800000
1260,17.753600000,0.935400000
1261,15.537000000,0.259400000
1262,16.833900000,0.444800000
1263,17.013500000,0.409400000
1264,15.592200000,0.290100000
1265,17.090600000,0.593200000
1266,16.802100000,0.459900000
1267,17.100500000,0.541200000
1268,16.230700000,0.637000000
1269,17.018300000,0.398000000
1270,16.814600000,0.443700000
1271,15.885400000,0.426600000
1272,16.703100000,0.372400000
1273,16.691700000,0.370900000
1274,17.518700000,1.055800000
1275,15.656300000,0.318800000
1276,19.124400000,0.363500000
1277,16.449000000,0.876600000
1278,14.695800000,0.345300000
1279,19.830200000,0.510400000
1280,14.652100000,0.365100000
1281,16.188600000,0.318800000
1282,15.780700000,0.359900000
1283,16.647400000,0.345800000
1284,18.527600000,1.155800000
1285,15.380200000,0.913500000
1286,16.784400000,0.372900000
1287,17.742700000,1.218200000
1288,15.957800000,1.437500000
1289,16.540100000,0.567700000
1290,16.114100000,0.675500000
1291,17.615100000,0.566700000
1292,15.812000000,0.349500000
1293,16.515600000,0.745300000
1294,16.770800000,0.360900000
1295,17.260400000,0.606200000
1296,15.801100000,0.337000000
1297,16.589600000,0.287500000
1298,16.667100000,0.329600000
1299,16.713600000,0.348500000
1300,16.742200000,0.362500000
1301,17.513500000,0.984400000
1302,16.270800000,0.846900000
1303,17.431300000,0.456800000
1304,15.708300000,0.347400000
1305,17.109400000,0.433400000
1306,16.007800000,0.610900000
1307,17.463600000,1.055300000
1308,15.879100000,0.427100000
1309,17.415100000,1.022400000
1310,17.608900000,2.197400000
1311,14.804200000,0.402600000
1312,17.673400000,1.267100000
1313,16.323400000,0.435900000
1314,15.804200000,0.396900000
1315,16.820800000,0.397400000
1316,16.678700000,0.327600000
1317,16.715600000,0.332800000
1318,16.798400000,0.419300000
1319,16.868300000,0.493300000
1320,17.381700000,1.067200000
1321,16.532800000,0.601000000
1322,15.889100000,0.461900000
1323,16.860400000,0.421400000
1324,16.946400000,0.501600000
1325,16.929100000,0.377600000
1326,16.444300000,0.783800000
1327,17.376600000,0.851500000
1328,17.542700000,2.153700000
1329,15.804200000,1.371900000
1330,15.576000000,0.293200000
1331,17.932300000,1.290700000
1332,15.885400000,0.501100000
1333,15.624500000,0.308400000
1334,16.773900000,0.361400000
1335,16.775600000,0.393300000
1336,16.748900000,0.376500000
1337,16.677100000,0.358300000
1338,16.800500000,0.408900000
1339,16.778700000,0.404600000
1340,17.041600000,0.489600000
1341,17.720900000,1.080800000
1342,14.823400000,0.427100000
1343,16.893200000,0.475500000
1344,16.926600000,0.450000000
1345,17.391100000,1.070800000
1346,16.022400000,0.297400000
1347,16.875000000,0.501500000
1348,16.692800000,0.357200000
1349,16.431700000,0.965100000
1350,18.888600000,1.261500000
1351,14.657300000,0.305800000
1352,17.092100000,0.590600000
1353,15.892200000,0.420300000
1354,16.888600000,0.395800000
1355,16.950500000,0.558800000
1356,15.875000000,0.498500000
1357,17.602600000,1.155200000
1358,15.826600000,0.472400000
1359,16.633300000,0.307800000
1360,17.455200000,1.036500000
1361,15.977600000,0.563600000
1362,17.241700000,0.472400000
1363,15.937000000,0.560900000
1364,16.827600000,0.427100000
1365,16.628100000,0.321900000
1366,17.243700000,0.779200000
1367,16.644800000,1.175500000
1368,15.909900000,0.405700000
1369,16.804200000,0.407900000
1370,16.988500000,0.530700000
1371,17.625000000,0.711500000
1372,16.405200000,0.656700000
1373,16.040700000,0.421300000
1374,16.897400000,0.481200000
1375,16.160400000,0.595300000
1376,16.925500000,0.465600000
1377,17.109400000,0.505200000
1378,15.783800000,0.421300000
1379,17.129700000,0.453700000
1380,16.667700000,0.318200000
1381,16.669300000,0.330700000
1382,17.039600000,0.586000000
1383,15.841100000,0.320300000
1384,18.124000000,1.427100000
1385,15.908300000,0.572400000
1386,15.790600000,0.405700000
1387,19.670900000,1.007800000
1388,13.667700000,0.332800000
1389,16.586400000,0.286400000
1390,16.646900000,0.317700000
1391,16.669300000,0.302100000
1392,16.898900000,0.580200000
1393,16.968800000,0.563500000
1394,16.996300000,0.519800000
1395,16.714600000,0.353100000
1396,15.622400000,0.304700000
1397,18.295300000,0.967200000
1398,18.012000000,2.578100000
1399,16.554700000,0.994800000
1400,15.095800000,0.461900000
1401,15.718300000,0.417200000
1402,18.010900000,1.172900000
1403,16.087000000,0.540100000
1404,16.929100000,1.441600000
1405,16.647400000,1.201600000
1406,16.108400000,0.547900000
1407,16.690100000,0.356800000
1408,16.756800000,0.459800000
1409,18.321800000,0.337000000
1410,14.877600000,0.477600000
1411,16.717200000,0.347400000
1412,16.897400000,0.452600000
1413,15.763000000,0.372900000
1414,16.633900000,0.317700000
1415,16.809400000,0.443300000
1416,16.607300000,0.298500000
1417,17.626000000,0.465700000
1418,15.952100000,0.493300000
1419,16.817200000,0.416600000
1420,16.919200000,0.521300000
1421,16.671400000,0.330200000
1422,16.895300000,0.420400000
1423,15.838000000,0.423400000
1424,17.005800000,0.478100000
1425,16.663000000,0.326600000
1426,16.693700000,0.350500000
1427,16.662000000,0.300000000
1428,16.626000000,0.305700000
1429,16.648500000,0.326000000
1430,16.825500000,0.487500000
1431,16.853100000,0.489000000
1432,16.913600000,0.509800000
1433,15.873400000,0.533800000
1434,16.688000000,0.281200000
1435,16.814600000,0.437500000
1436,16.819800000,0.444300000
1437,17.171900000,0.492200000
1438,15.923900000,0.473900000
1439,17.091200000,0.523400000
1440,16.834900000,0.419800000
1441,16.728600000,0.360400000
1442,15.956300000,0.460400000
1443,17.142200000,0.486500000
1444,16.976000000,0.654700000
1445,15.925500000,0.564000000
1446,16.924000000,0.494200000
1447,16.934400000,0.471300000
1448,18.840600000,0.494200000
1449,14.088000000,0.499400000
1450,17.643800000,0.541600000
1451,15.619700000,0.275600000
1452,16.705800000,0.362000000
1453,16.765100000,0.388000000
1454,16.823900000,0.416700000
1455,17.871900000,1.404700000
1456,15.678100000,0.389000000
1457,16.698000000,0.391700000
1458,16.769200000,0.407800000
1459,15.789600000,0.397900000
1460,17.247400000,0.686500000
1461,16.824000000,0.429700000
1462,16.754700000,0.420300000
1463,15.641100000,0.297900000
1464,17.104200000,0.503600000
1465,16.705700000,0.353100000
1466,17.138000000,0.772900000
1467,16.611000000,0.305200000
1468,16.999400000,0.436000000
1469,15.878200000,0.405200000
1470,16.728600000,0.327100000
1471,18.851000000,2.301100000
1472,15.518800000,0.590100000
1473,15.645300000,0.309400000
1474,18.472400000,1.194800000
1475,14.755700000,0.415100000
1476,16.808400000,0.413600000
1477,16.740600000,0.381300000
1478,16.708300000,0.301600000
1479,16.742700000,0.390600000
1480,16.856800000,0.499000000
1481,16.592200000,0.274000000
1482,16.815100000,0.433400000
1483,15.797400000,0.402600000
1484,16.848400000,0.393200000
1485,16.712000000,0.336500000
1486,17.281300000,0.683300000
1487,18.140100000,0.843800000
1488,15.063500000,0.597400000
1489,16.642200000,0.332800000
1490,17.643700000,1.205200000
1491,15.700000000,0.331700000
1492,17.226600000,0.844300000
1493,15.849000000,0.422400000
1494,16.668200000,0.333300000
1495,16.676000000,0.331700000
1496,16.984900000,0.517200000
1497,17.119800000,0.469800000
1498,15.586500000,0.283300000
1499,16.698400000,0.376500000
1500,16.766200000,0.357300000
1501,16.989500000,0.549500000
1502,16.908400000,0.424500000
1503,16.768200000,0.391200000
1504,15.799500000,0.350000000
1505,18.063000000,0.343200000
1506,18.514600000,1.394800000
1507,14.082300000,0.573500000
1508,16.996300000,0.367700000
1509,15.657800000,0.316100000
1510,16.728700000,0.426000000
1511,17.807800000,0.464600000
1512,15.969300000,0.434900000
1513,17.340100000,0.752100000
1514,16.771300000,1.336400000
1515,15.950000000,0.452600000
1516,16.139600000,0.317700000
1517,17.262000000,0.822400000
1518,17.366700000,0.701000000
1519,15.625000000,0.295300000
1520,16.673900000,0.333800000
1521,17.247400000,0.583300000
1522,15.762500000,0.379200000
1523,17.181800000,0.730200000
1524,16.842200000,0.452700000
1525,16.792700000,0.406800000
1526,17.358300000,0.531800000
1527,15.701600000,0.321900000
1528,16.595300000,0.280700000
1529,16.884400000,0.316200000
1530,17.046800000,0.318700000
1531,15.709900000,0.361400000
1532,16.896400000,0.458900000
1533,18.050000000,1.077000000
1534,23.825000000,0.741200000
1535,8.117200000,0.709900000
1536,16.668200000,0.377100000
1537,16.689100000,0.355200000
1538,16.751000000,0.342200000
1539,16.819300000,0.479200000
1540,17.757800000,1.229200000
1541,15.576600000,0.282300000
1542,16.924400000,0.536500000
1543,15.891200000,0.463000000
1544,17.283800000,0.914100000
1545,16.787000000,0.420300000
1546,16.875000000,0.352600000
1547,16.437500000,1.080200000
1548,18.120300000,1.183300000
1549,15.090100000,0.704200000
1550,17.538100000,0.554700000
1551,16.602600000,1.119800000
1552,15.647400000,0.263000000
1553,16.846800000,0.412000000
1554,18.781800000,1.584900000
1555,14.667700000,0.324500000
1556,17.221900000,0.509400000
1557,17.040100000,0.932800000
1558,15.705700000,0.330700000
1559,16.763600000,0.345800000
1560,17.014500000,0.651000000
1561,15.809400000,0.344300000
1562,17.405200000,0.748500000
1563,15.976100000,0.429700000
1564,16.808300000,0.276000000
1565,17.074000000,0.398000000
1566,16.170300000,0.711500000
1567,16.793200000,0.410900000
1568,17.058900000,0.448900000
1569,15.979600000,0.381800000
1570,17.438100000,1.101100000
1571,16.333800000,0.362000000
1572,18.097900000,1.439100000
1573,14.894800000,0.595300000
1574,16.878200000,0.448900000
1575,16.702600000,0.368700000
1576,17.154100000,0.618800000
1577,16.875000000,0.449000000
1578,16.365600000,0.909900000
1579,15.651600000,0.337000000
1580,18.415100000,1.518200000
1581,15.730200000,0.358800000
1582,17.738600000,0.951000000
1583,15.555200000,1.054100000
1584,16.925500000,0.473900000
1585,16.544800000,1.151600000
1586,15.670300000,0.343700000
1587,16.746400000,0.376000000
1588,16.779600000,0.393200000
1589,17.349500000,0.687000000
1590,16.916200000,0.505200000
1591,16.828100000,0.448400000
1592,16.464600000,0.307300000
1593,16.800500000,0.910900000
1594,15.776000000,0.401600000
1595,17.014600000,0.418800000
1596,16.855700000,0.487500000
1597,16.681800000,0.338000000
1598,16.905200000,0.531200000
1599,15.759900000,0.371900000
1600,17.374000000,0.954200000
1601,16.741100000,0.297900000
1602,16.001100000,0.439000000
1603,17.265600000,0.844300000
1604,17.136500000,0.486500000
1605,16.058800000,0.349000000
1606,17.618200000,0.977600000
1607,16.375000000,0.768200000
1608,15.671400000,0.328100000
1609,16.672400000,0.316200000
1610,16.650500000,0.335900000
1611,16.794800000,0.441700000
1612,18.248400000,1.805200000
1613,15.146900000,0.513100000
1614,18.070300000,1.602600000
1615,15.163600000,0.361400000
1616,16.850500000,0.532300000
1617,16.690600000,0.358300000
1618,16.914100000,0.588600000
1619,16.550500000,1.042700000
1620,16.958800000,0.556700000
1621,16.455300000,0.832800000
1622,15.846300000,0.325000000
1623,17.007300000,0.379700000
1624,16.644300000,0.335400000
1625,17.622900000,0.354200000
1626,17.672400000,2.229700000
1627,14.727600000,0.350000000
1628,17.040600000,0.527600000
1629,17.738600000,0.892800000
1630,15.931700000,0.533300000
1631,16.581800000,0.355700000
1632,15.952600000,0.421400000
1633,16.815100000,0.482300000
1634,16.757300000,0.343200000
1635,17.788500000,0.937000000
1636,16.076100000,0.755300000
1637,15.897900000,0.494800000
1638,16.664100000,0.319300000
1639,16.734900000,0.340200000
1640,17.319200000,0.881800000
1641,16.368300000,0.781700000
1642,17.682800000,1.221900000
1643,16.202100000,0.603100000
1644,16.325500000,0.834300000
1645,15.820800000,0.332300000
1646,16.634400000,0.316700000
1647,17.238000000,0.837000000
1648,17.719800000,1.150500000
1649,16.540100000,1.083900000
1650,15.819300000,0.417700000
1651,16.741600000,0.400500000
1652,16.981800000,0.547400000
1653,16.328100000,0.514100000
1654,18.514600000,1.108900000
1655,15.476100000,0.786400000
1656,15.756700000,0.377100000
1657,16.795900000,0.420300000
1658,16.698900000,0.344800000
1659,16.733400000,0.374400000
1660,16.992700000,0.601500000
1661,17.434900000,1.568200000
1662,17.950500000,0.792200000
1663,13.804700000,0.402000000
1664,16.732300000,0.367200000
1665,17.406200000,0.380200000
1666,15.978700000,0.468200000
1667,16.837500000,0.375000000
1668,17.071800000,0.637500000
1669,16.999500000,0.420300000
1670,16.038500000,0.574000000
1671,17.134400000,0.731200000
1672,15.808900000,0.486000000
1673,17.141600000,0.435400000
1674,17.706800000,1.332300000
1675,16.184400000,0.709900000
1676,15.867700000,0.526000000
1677,16.753600000,0.345800000
1678,16.809900000,0.474000000
1679,16.736500000,0.374000000
1680,16.888000000,0.469300000
1681,15.967700000,0.416700000
1682,17.057300000,0.672400000
1683,17.035400000,0.354200000
1684,15.739100000,0.427600000
1685,17.812500000,0.897900000
1686,15.651600000,0.316700000
1687,17.159900000,0.369300000
1688,16.692700000,0.345800000
1689,17.010400000,0.621900000
1690,15.871300000,0.449500000
1691,17.217700000,0.401000000
1692,15.715100000,0.347400000
1693,16.927100000,0.506300000
1694,16.795300000,0.395300000
1695,17.859400000,1.309400000
1696,17.020300000,1.585400000
1697,14.999000000,0.584900000
1698,16.889600000,0.446300000
1699,17.316100000,0.826600000
1700,16.345900000,0.570800000
1701,17.975500000,1.437500000
1702,14.644200000,0.303700000
1703,17.118800000,0.758900000
1704,16.845800000,0.352100000
1705,16.964100000,0.602000000
1706,15.842200000,0.439100000
1707,18.339000000,1.650500000
1708,15.773000000,0.424000000
1709,17.295300000,1.879600000
1710,16.122400000,0.691100000
1711,15.895300000,0.394800000
1712,16.768200000,0.308800000
1713,16.655200000,0.325000000
1714,16.725500000,0.392200000
1715,18.239600000,1.095300000
1716,15.328100000,0.926100000
1717,17.172400000,0.813000000
1718,15.853200000,0.497900000
1719,19.064500000,2.521400000
1720,14.857900000,0.472400000
1721,16.494800000,0.381800000
1722,17.026500000,0.320800000
1723,16.108900000,0.753600000
1724,16.876000000,0.527100000
1725,16.813000000,0.378100000
1726,15.837000000,0.385900000
1727,17.328700000,0.408300000
1728,16.633800000,0.307300000
1729,16.670800000,0.328600000
1730,16.796900000,0.420300000
1731,17.905700000,1.517700000
1732,15.013600000,0.514100000
1733,16.687500000,0.261500000
1734,16.640600000,0.322900000
1735,16.909400000,0.463500000
1736,16.708800000,0.362500000
1737,16.761500000,0.409400000
1738,17.592700000,1.152600000
1739,17.654200000,0.458400000
1740,16.215100000,1.886500000
1741,15.278100000,0.514600000
1742,16.341200000,0.594800000
1743,17.186900000,0.583800000
1744,15.718800000,0.354700000
1745,17.542200000,0.487500000
1746,15.600000000,0.302100000
1747,17.445300000,0.979700000
1748,16.856800000,0.439000000
1749,15.913500000,0.618700000
1750,16.874000000,0.487500000
1751,16.804100000,0.382300000
1752,16.882300000,0.562000000
1753,16.879700000,0.415100000
1754,16.792700000,0.441200000
1755,16.029700000,0.430200000
1756,16.716700000,0.363000000
1757,16.917700000,0.434400000
1758,16.749400000,0.334900000
1759,17.229700000,0.784900000
1760,16.007800000,0.485400000
1761,16.658400000,0.309400000
1762,16.845800000,0.444800000
1763,17.331300000,0.853600000
1764,15.732300000,0.333900000
1765,17.548400000,0.474000000
1766,15.951600000,0.592700000
1767,17.599400000,0.704700000
1768,15.839100000,0.452100000
1769,17.158900000,0.691100000
1770,15.902600000,0.465100000
1771,16.852000000,0.497900000
1772,16.638600000,0.299500000
1773,18.352600000,1.512500000
1774,15.205200000,0.712000000
1775,16.755700000,0.567700000
1776,15.738600000,0.355700000
1777,18.062500000,1.223900000
1778,15.847900000,0.413600000
1779,16.646300000,0.282300000
1780,17.932800000,1.626000000
1781,14.850600000,0.469200000
1782,16.802100000,0.309900000
1783,17.477000000,1.050000000
1784,15.858900000,0.404700000
1785,16.719300000,0.323500000
1786,16.664000000,0.336500000
1787,17.787500000,1.292200000
1788,15.864100000,0.346400000
1789,17.237000000,0.598500000
1790,15.872400000,0.420800000
1791,16.793200000,0.328100000
1792,16.612500000,0.280200000
1793,17.160400000,0.396900000
1794,16.525000000,0.889500000
1795,17.020300000,0.449500000
1796,15.974500000,0.431800000
1797,16.868200000,0.407300000
1798,17.351600000,0.998500000
1799,17.605200000,0.415100000
1800,14.712000000,0.384400000
1801,18.169800000,1.760500000
1802,14.951500000,0.475000000
1803,17.243800000,0.925000000
1804,16.862500000,0.417200000
1805,16.675000000,1.216100000
1806,15.721300000,0.356200000
1807,18.548500000,1.850000000
1808,15.609300000,1.124000000
1809,17.665700000,1.336000000
1810,16.105200000,0.693300000
1811,16.568700000,0.792200000
1812,15.631800000,0.320300000
1813,17.260900000,0.904700000
1814,17.057300000,0.660400000
1815,15.801600000,0.470900000
1816,16.815100000,0.415100000
1817,18.407300000,0.959400000
1818,14.712500000,0.344300000
1819,16.839600000,0.310900000
1820,16.689000000,0.389600000
1821,16.589600000,0.294300000
1822,17.760400000,1.265600000
1823,17.817700000,2.166100000
1824,14.980800000,0.498400000
1825,17.690600000,1.226100000
1826,14.780700000,0.383400000
1827,17.197900000,0.852600000
1828,16.796400000,0.374500000
1829,17.241700000,0.909400000
1830,15.736400000,0.386500000
1831,17.787000000,0.790100000
1832,15.787000000,0.397400000
1833,16.606800000,0.296400000
1834,18.163000000,0.494200000
1835,15.240600000,0.807900000
1836,18.168200000,1.717200000
1837,18.716200000,0.317700000
1838,12.840100000,0.436500000
1839,19.050500000,2.741700000
1840,15.425000000,1.115600000
1841,16.508900000,0.435900000
1842,15.653600000,0.327600000
1843,17.672400000,1.111000000
1844,17.802600000,1.611500000
1845,16.709900000,1.974500000
1846,15.712500000,1.148900000
1847,16.789100000,1.334300000
1848,15.980200000,0.595800000
1849,15.678600000,0.381300000
1850,16.819300000,0.502100000
1851,16.987500000,0.612500000
1852,16.783800000,0.402700000
1853,16.868800000,0.436900000
1854,16.922900000,0.476600000
1855,16.097900000,0.440600000
1856,16.718200000,0.341700000
1857,17.078700000,0.715700000
1858,15.667200000,0.323500000
1859,18.122400000,0.396400000
1860,15.795300000,0.394700000
1861,17.118200000,0.425000000
1862,16.170300000,0.522400000
1863,16.584400000,0.279100000
1864,16.787500000,0.479700000
1865,16.834400000,0.419800000
1866,18.039600000,1.462500000
1867,16.102600000,1.378600000
1868,15.777600000,0.428600000
1869,17.795800000,1.334900000
1870,15.743800000,0.428100000
1871,17.594200000,0.789100000
1872,15.942700000,0.473900000
1873,16.627100000,0.718200000
1874,16.182300000,0.416700000
1875,16.747900000,0.420300000
1876,16.661500000,0.318200000
1877,16.687000000,0.339000000
1878,18.067700000,1.293700000
1879,16.042200000,1.320800000
1880,15.651000000,0.333800000
1881,16.717200000,0.369300000
1882,17.009900000,0.575000000
1883,18.265600000,1.640100000
1884,14.844800000,0.424500000
1885,17.533300000,1.137500000
1886,15.742200000,0.416700000
1887,17.164600000,0.302100000
1888,15.828700000,0.416600000
1889,17.859800000,1.221900000
1890,15.770400000,0.389000000
1891,17.289000000,0.926600000
1892,16.189100000,0.872900000
1893,16.806200000,0.347900000
1894,17.046400000,0.493300000
1895,20.909900000,0.432800000
1896,15.291100000,3.568700000
1897,12.647900000,0.327600000
1898,24.956300000,8.338600000
1899,9.199500000,0.729700000
1900,17.986400000,1.622400000
1901,16.579200000,1.373400000
1902,14.800500000,0.323400000
1903,17.627100000,0.732300000
1904,15.926600000,0.471400000
1905,16.759300000,0.346900000
1906,22.010500000,3.331200000
1907,13.191100000,0.472400000
1908,14.730200000,0.369300000
1909,17.102600000,0.474500000
1910,16.798500000,0.458400000
1911,16.961400000,0.846900000
1912,16.346900000,0.673400000
1913,17.478600000,1.072400000
1914,15.961000000,0.639600000
1915,17.929100000,0.315600000
1916,14.788600000,0.468800000
1917,16.723400000,0.311400000
1918,17.055700000,0.597400000
1919,16.717800000,0.337000000
1920,16.916100000,0.576100000
1921,15.998400000,0.525000000
1922,17.537000000,0.728700000
1923,19.687500000,0.651600000
1924,12.715100000,0.369800000
1925,19.807800000,3.141200000
1926,14.195300000,0.454700000
1927,16.724000000,1.373400000
1928,15.777100000,0.300000000
1929,16.992700000,0.584900000
1930,16.797400000,0.451500000
1931,16.876000000,0.395800000
1932,17.468300000,0.925500000
1933,15.881200000,0.438600000
1934,16.167200000,0.690600000
1935,17.992700000,1.154700000
1936,15.714600000,0.390100000
1937,17.472900000,0.427100000
1938,17.439100000,1.254100000
1939,14.964000000,0.611500000
1940,16.993300000,0.519300000
1941,17.913500000,2.397400000
1942,14.748400000,0.277600000
1943,17.820900000,1.363000000
1944,17.150000000,1.752100000
1945,14.941100000,0.562000000
1946,17.034400000,0.659900000
1947,17.224000000,0.424400000
1948,16.092700000,0.733900000
1949,17.913500000,0.978600000
1950,15.598400000,0.293200000
1951,17.281300000,0.570300000
1952,15.905200000,0.457800000
1953,17.133300000,0.705700000
1954,16.024000000,0.610900000
1955,17.881800000,1.377100000
1956,15.767200000,0.394800000
1957,17.115600000,0.469800000
1958,16.734900000,0.505200000
1959,17.311400000,1.792200000
1960,15.094800000,0.727600000
1961,17.102600000,0.682300000
1962,16.809400000,0.467700000
1963,15.640600000,0.333800000
1964,17.698500000,0.344300000
1965,15.638000000,0.321900000
1966,17.839000000,0.360900000
1967,15.738100000,0.412500000
1968,16.659900000,0.303200000
1969,17.215100000,0.732800000
1970,16.898400000,0.474000000
1971,15.730200000,0.356800000
1972,16.744800000,0.381200000
1973,16.812500000,0.427100000
1974,16.578100000,0.282200000
1975,17.728200000,1.405700000
1976,16.218700000,0.919300000
1977,16.571900000,0.270800000
1978,16.745300000,0.399500000
1979,17.028600000,0.495800000
1980,15.995400000,0.548900000
1981,16.910400000,0.465100000
1982,17.559300000,0.642700000
1983,15.723500000,0.426600000
1984,17.287000000,0.879200000
1985,16.541100000,0.960400000
1986,16.189600000,0.438600000
1987,17.602600000,1.149400000
1988,15.877100000,0.442200000
1989,19.220800000,2.302600000
1990,13.945300000,0.495300000
1991,17.509900000,0.927600000
1992,15.689600000,0.320800000
1993,17.173400000,0.813500000
1994,15.938600000,0.475500000
1995,18.909900000,1.440200000
1996,14.690600000,0.318800000
1997,20.470800000,4.065100000
1998,13.453200000,0.802600000
1999,15.851500000,0.381300000
2000,17.069800000,0.704200000
2001,17.870800000,0.778700000
2002,16.276600000,0.314100000
2003,15.997400000,0.467700000
2004,18.405200000,1.959900000
2005,15.534400000,0.371400000
2006,16.334400000,0.490700000
2007,15.980200000,0.538000000
2008,16.816600000,0.410400000
2009,17.178700000,0.799500000
2010,15.819300000,0.425000000
2011,17.883800000,1.471900000
2012,15.746900000,0.371900000
2013,19.107800000,2.679200000
2014,13.634400000,0.338000000
2015,17.701500000,1.063500000
2016,18.084400000,2.094200000
2017,15.156800000,0.827600000
2018,17.072400000,0.512500000
2019,15.584400000,0.327100000
2020,17.017100000,0.620300000
2021,16.811500000,0.451600000
2022,16.632800000,0.289100000
2023,16.821900000,0.445400000
2024,16.997400000,0.492800000
2025,17.839600000,2.442700000
2026,15.301500000,0.797900000
2027,15.583900000,0.280700000
2028,17.775500000,0.404700000
2029,16.424000000,0.936900000
2030,16.650000000,0.328700000
2031,16.929100000,0.495300000
2032,16.293800000,0.738000000
2033,19.133300000,0.374500000
2034,14.879200000,1.516200000
2035,17.984400000,2.218700000
2036,15.116100000,0.298900000
2037,15.987500000,0.496400000
2038,17.206200000,0.731200000
2039,16.523000000,1.101600000
2040,16.840100000,0.538600000
2041,15.986900000,0.316100000
2042,16.954200000,0.472400000
2043,18.097400000,1.622900000
2044,15.251100000,0.772400000
2045,16.901500000,0.427100000
2046,16.833300000,0.500000000
2047,16.881800000,1.001000000
2048,16.314100000,0.458900000
2049,18.314000000,1.475000000
2050,15.136000000,0.543800000
2051,15.802100000,0.376100000
2052,17.311900000,0.944200000
2053,16.951600000,0.612000000
2054,16.627600000,0.489600000
2055,15.938600000,0.345800000
2056,17.553100000,1.220900000
2057,15.660400000,0.358300000
2058,16.613000000,0.286900000
2059,16.911500000,0.460400000
2060,17.406700000,1.025500000
2061,15.733400000,0.369800000
2062,16.950500000,0.472400000
2063,16.827100000,0.421900000
2064,17.776500000,1.465100000
2065,15.663600000,0.305200000
2066,17.703600000,1.073900000
2067,15.685400000,0.401000000
2068,16.642800000,0.335500000
2069,16.432800000,0.194200000
2070,16.732800000,0.380700000
2071,16.710400000,0.382800000
2072,16.651600000,0.326000000
2073,16.734900000,0.391100000
2074,17.243700000,0.828100000
2075,18.102100000,2.769300000
2076,14.768200000,0.452600000
2077,16.629200000,0.308900000
2078,16.638500000,0.311400000
2079,16.926600000,0.366700000
2080,15.672900000,0.329200000
2081,17.335900000,0.728100000
2082,16.858400000,0.355800000
2083,17.030200000,0.714600000
2084,15.917200000,0.477600000
2085,17.135900000,0.601500000
2086,17.768200000,0.909900000
2087,15.013600000,0.434900000
2088,17.483300000,1.143300000
2089,15.750000000,0.429200000
2090,16.819800000,0.414600000
2091,16.906800000,0.456300000
2092,17.268700000,0.803700000
2093,15.904700000,0.568700000
2094,16.602100000,0.283300000
2095,17.268700000,0.926000000
2096,15.791200000,0.442700000
2097,16.868200000,0.460900000
2098,16.875500000,0.400000000
2099,20.145900000,3.073500000
2100,12.685900000,0.351000000
2101,16.663000000,0.323900000
2102,16.937500000,0.568800000
2103,16.607300000,0.310400000
2104,16.863600000,0.378200000
2105,17.064600000,0.514100000
2106,16.814000000,0.417200000
2107,16.057800000,0.476600000
2108,17.444300000,0.569800000
2109,15.959900000,0.621900000
2110,17.192700000,0.760400000
2111,16.229700000,0.871900000
2112,16.672400000,0.344800000
2113,18.482800000,1.094800000
2114,14.727100000,0.367700000
2115,16.770300000,0.376600000
2116,17.055200000,0.695300000
2117,15.894300000,0.442200000
2118,16.701000000,0.371300000
2119,17.653700000,0.560400000
2120,15.851500000,0.410400000
2121,16.824500000,0.417700000
2122,17.814100000,1.358800000
2123,19.703100000,4.240100000
2124,13.155700000,0.803700000
2125,16.334400000,0.334900000
2126,16.750000000,0.413600000
2127,15.828100000,0.489600000
2128,16.904700000,0.449500000
2129,17.568200000,1.129100000
2130,16.173500000,0.632200000
2131,16.785400000,0.398500000
2132,17.389600000,0.945300000
2133,15.815600000,0.423400000
2134,16.938000000,0.560900000
2135,15.817700000,0.452100000
2136,16.866700000,0.418200000
2137,18.663000000,2.235400000
2138,14.591700000,0.283900000
2139,16.878600000,0.552600000
2140,17.251600000,0.673900000
2141,15.735400000,0.391200000
2142,16.619300000,0.305800000
2143,16.700000000,0.354700000
2144,16.907300000,0.598500000
2145,17.123900000,0.763500000
2146,16.699000000,0.381800000
2147,17.106800000,0.542200000
2148,18.745800000,0.574500000
2149,13.798400000,0.401000000
2150,16.686500000,0.327100000
2151,16.946300000,0.601000000
2152,16.729200000,0.378700000
2153,16.804200000,0.403600000
2154,15.980700000,0.592700000
2155,16.777600000,0.348500000
2156,16.652100000,0.333300000
2157,16.626600000,0.308400000
2158,18.396300000,1.923000000
2159,16.959400000,2.522400000
2160,14.581200000,0.300000000
2161,16.690700000,0.354100000
2162,17.546800000,0.960900000
2163,15.772900000,0.393700000
2164,16.779700000,0.389600000
2165,17.577600000,0.726000000
2166,15.859400000,0.431800000
2167,17.092700000,0.535500000
2168,19.654200000,1.258300000
2169,12.966700000,0.440600000
2170,16.606200000,0.288500000
2171,17.634900000,0.904200000
2172,15.833900000,0.516200000
2173,17.550500000,1.092700000
2174,15.978100000,0.431300000
2175,16.817200000,0.402600000
2176,17.332300000,0.392700000
2177,25.557800000,1.445300000
2178,10.093200000,3.512500000
2179,13.983400000,0.589600000
2180,17.085900000,1.776100000
2181,16.443700000,0.867700000
2182,15.725600000,0.316700000
2183,17.178100000,0.731300000
2184,16.820300000,0.526000000
2185,15.495300000,0.227100000
2186,17.588600000,0.352000000
2187,16.672900000,0.295800000
2188,16.723400000,0.367200000
2189,17.159900000,0.794200000
2190,15.684400000,0.360400000
2191,17.382800000,0.544300000
2192,15.994800000,0.313600000
2193,17.198400000,0.906200000
2194,17.783900000,1.468800000
2195,14.691600000,0.334900000
2196,17.112500000,0.380200000
2197,16.627600000,0.302600000
2198,16.624000000,0.301000000
2199,16.693200000,0.354700000
2200,16.909400000,0.571300000
2201,16.788000000,0.346300000
2202,16.728200000,0.390100000
2203,17.067100000,0.447400000
2204,19.514100000,1.715600000
2205,13.319800000,0.338600000
2206,17.754700000,1.452600000
2207,15.912500000,0.543300000
2208,15.847900000,0.501000000
2209,16.957300000,0.519200000
2210,17.274000000,0.576100000
2211,16.571300000,1.092200000
2212,15.953100000,0.615100000
2213,17.026600000,0.623900000
2214,16.971300000,0.542200000
2215,16.146400000,0.532900000
2216,17.043800000,0.370300000
2217,16.632800000,0.304200000
2218,16.952000000,0.456200000
2219,15.927100000,0.458300000
2220,16.745900000,0.379700000
2221,16.966600000,0.574000000
2222,17.362000000,1.008900000
2223,15.374000000,0.319800000
2224,16.691600000,0.352700000
2225,16.804200000,0.447400000
2226,16.887500000,0.445900000
2227,16.946900000,0.496300000
2228,17.102600000,0.728100000
2229,16.767200000,1.314100000
2230,16.753100000,0.418200000
2231,15.979200000,0.531300000
2232,16.807300000,0.293700000
2233,16.965100000,0.477100000
2234,16.033800000,0.441200000
2235,16.891700000,0.580300000
2236,16.870800000,0.542200000
2237,16.156800000,0.782300000
2238,17.097900000,0.613100000
2239,16.819300000,0.418700000
2240,15.719800000,0.380300000
2241,17.068700000,0.481800000
2242,17.245800000,0.866100000
2243,16.003200000,0.679200000
2244,17.073400000,0.327600000
2245,17.006300000,0.542700000
2246,16.070300000,0.514600000
2247,16.928600000,0.496400000
2248,16.863600000,0.469200000
2249,17.080700000,1.071300000
2250,15.948900000,0.498900000
2251,17.541200000,0.853600000
2252,16.023400000,0.507800000
2253,15.725500000,0.347400000
2254,16.632300000,0.315600000
2255,17.148000000,0.741700000
2256,17.183300000,0.745300000
2257,16.287500000,0.571900000
2258,17.598900000,0.932800000
2259,19.182900000,2.750000000
2260,12.706700000,0.367700000
2261,17.019300000,0.681300000
2262,16.640100000,0.322400000
2263,17.117700000,0.702600000
2264,16.964100000,0.491100000
2265,15.937500000,0.503600000
2266,17.032300000,0.534300000
2267,17.081200000,0.534400000
2268,15.688600000,0.345300000
2269,16.692700000,0.304700000
2270,16.745800000,0.440100000
2271,17.003100000,0.620300000
2272,16.978700000,0.590600000
2273,15.612500000,0.302000000
2274,17.610400000,0.303700000
2275,17.616100000,0.818300000
2276,16.075000000,0.566100000
2277,16.396400000,0.932300000
2278,16.259900000,0.924500000
2279,16.938000000,0.365100000
2280,16.801000000,0.444800000
2281,15.709900000,0.348900000
2282,17.019300000,0.526500000
2283,17.076100000,0.408400000
2284,17.473900000,1.121900000
2285,16.043200000,0.445800000
2286,16.666700000,0.321900000
2287,16.967700000,0.503700000
2288,15.974500000,0.487000000
2289,16.839100000,0.417700000
2290,16.846300000,0.481800000
2291,17.766200000,1.108300000
2292,14.907800000,0.500500000
2293,17.217700000,0.645400000
2294,16.779100000,0.468300000
2295,16.656800000,0.339000000
2296,16.829700000,0.490600000
2297,15.879700000,0.571800000
2298,17.372400000,0.675500000
2299,16.021900000,0.598900000
2300,16.835400000,0.475000000
2301,16.751000000,0.371900000
2302,16.709400000,0.369800000
2303,17.157300000,0.518700000
2304,16.008300000,0.558900000
2305,16.807300000,0.472400000
2306,16.877600000,0.490100000
2307,17.063600000,0.603100000
2308,15.967700000,0.569700000
2309,17.356700000,0.846400000
2310,19.702100000,3.041200000
2311,13.286500000,0.808300000
2312,18.671300000,1.533800000
2313,14.773000000,0.465700000
2314,15.643700000,0.312000000
2315,17.012000000,0.579700000
2316,16.936400000,0.417200000
2317,17.198000000,0.441600000
2318,15.707800000,0.356200000
2319,17.102600000,0.663000000
2320,17.954700000,0.589600000
2321,22.498400000,6.919800000
2322,9.591100000,0.300500000
2323,16.844800000,0.422900000
2324,17.554200000,0.383900000
2325,15.735400000,0.399000000
2326,17.808400000,1.342700000
2327,15.807800000,0.383300000
2328,15.673400000,0.335400000
2329,17.212500000,0.711500000
2330,16.826000000,0.363500000
2331,18.992200000,1.897400000
2332,13.599500000,0.281700000
2333,18.295800000,0.936500000
2334,15.800600000,0.337500000
2335,16.810400000,0.401100000
2336,16.835400000,0.403200000
2337,15.941100000,0.507800000
2338,17.705300000,0.468200000
2339,15.714000000,0.357300000
2340,17.158300000,0.690100000
2341,17.044300000,0.471400000
2342,16.482800000,0.455200000
2343,16.137500000,0.546300000
2344,16.687500000,0.358300000
2345,19.881800000,0.670300000
2346,13.551000000,0.260400000
2347,17.004200000,0.555200000
2348,15.839600000,0.396900000
2349,17.091700000,0.727600000
2350,17.092700000,0.644200000
2351,18.001500000,2.633300000
2352,14.774500000,0.475500000
2353,17.159400000,0.824500000
2354,16.784400000,0.744200000
2355,15.837500000,0.434900000
2356,17.021300000,0.416100000
2357,17.048500000,0.409900000
2358,15.585900000,0.284900000
2359,17.176000000,0.542700000
2360,17.019800000,0.435400000
2361,18.027100000,1.622400000
2362,15.431300000,0.859900000
2363,17.045800000,0.512500000
2364,16.404200000,0.352100000
2365,15.665100000,0.340100000
2366,16.906700000,0.296300000
2367,17.242200000,0.942200000
2368,16.976600000,0.632800000
2369,16.207300000,0.518200000
2370,17.033300000,0.608300000
2371,15.871900000,0.337500000
2372,16.638500000,0.310900000
2373,17.095300000,0.803100000
2374,17.037500000,0.688000000
2375,16.571900000,1.088000000
2376,16.675500000,0.620900000
2377,17.108900000,0.359900000
2378,15.818700000,0.441100000
2379,18.295900000,0.491100000
2380,14.663500000,0.328600000
2381,17.081800000,0.505200000
2382,16.959900000,0.566700000
2383,16.588000000,0.291700000
2384,16.821400000,0.464000000
2385,15.977600000,0.476600000
2386,17.607200000,0.450500000
2387,16.196900000,0.873900000
2388,17.462000000,1.059400000
2389,16.229700000,0.758800000
2390,17.852100000,0.747900000
2391,14.813500000,0.380700000
2392,21.506800000,3.389600000
2393,11.791100000,0.425500000
2394,16.622400000,0.312000000
2395,16.688000000,0.328100000
2396,17.506800000,1.001600000
2397,16.169300000,0.712000000
2398,17.095800000,0.690600000
2399,15.732800000,0.401500000
2400,17.276100000,0.780300000
2401,16.645300000,0.319800000
2402,16.673400000,0.347400000
2403,17.770900000,1.354700000
2404,15.900000000,0.423400000
2405,15.710900000,0.361500000
2406,16.676600000,0.321400000
2407,16.589500000,0.292100000
2408,16.925600000,0.308800000
2409,16.610400000,0.307300000
2410,17.784400000,1.176600000
2411,16.041100000,0.455300000
2412,17.821400000,1.360400000
2413,14.655200000,0.323000000
2414,16.985400000,0.441200000
2415,16.832800000,0.429200000
2416,17.287500000,0.745800000
2417,17.186500000,1.509900000
2418,18.871300000,2.770400000
2419,13.774500000,0.386500000
2420,16.571900000,0.280300000
2421,16.829100000,0.526500000
2422,15.752100000,0.380200000
2423,18.180700000,1.794800000
2424,16.045900000,0.598500000
2425,15.983300000,0.367700000
2426,17.689600000,0.560500000
2427,17.223400000,1.725500000
2428,15.709900000,0.373400000
2429,17.450500000,0.790600000
2430,15.690700000,0.310400000
2431,17.070800000,0.765100000
2432,15.841700000,0.430700000
2433,16.883800000,0.446400000
2434,17.197400000,0.739100000
2435,16.230700000,0.457300000
2436,16.814600000,0.309300000
2437,17.093300000,0.634900000
2438,17.095800000,1.616100000
2439,16.964100000,1.517200000
2440,16.045300000,0.490600000
2441,15.746800000,0.392200000
2442,16.823500000,0.379200000
2443,16.760900000,0.377100000
2444,16.983900000,0.377100000
2445,17.359300000,1.018800000
2446,15.699500000,0.313000000
2447,16.650500000,0.289000000
2448,16.751600000,0.394300000
2449,16.773400000,0.420800000
2450,17.256800000,0.695300000
2451,15.806800000,0.416100000
2452,17.253100000,0.727600000
2453,15.866700000,0.565600000
2454,18.882300000,2.353100000
2455,15.400500000,0.952600000
2456,15.908300000,0.347900000
2457,16.627100000,0.315100000
2458,16.950500000,0.554100000
2459,17.456800000,0.972900000
2460,18.933300000,3.264600000
2461,13.677100000,0.376000000
2462,17.257300000,0.604200000
2463,15.967700000,0.443800000
2464,17.700500000,1.208400000
2465,16.644800000,0.396400000
2466,18.108400000,1.251500000
2467,13.963500000,0.594800000
2468,16.925000000,0.324500000
2469,17.612500000,1.167700000
2470,16.255200000,0.436000000
2471,15.879200000,0.395400000
2472,16.429100000,0.593700000
2473,16.866700000,0.542700000
2474,17.510900000,0.728700000
2475,16.043800000,0.427100000
2476,17.168700000,0.820300000
2477,15.925000000,0.584300000
2478,18.752100000,0.756800000
2479,14.872400000,0.440100000
2480,18.706800000,1.126600000
2481,15.123400000,0.688600000
2482,16.479700000,0.450000000
2483,16.357800000,0.829200000
2484,16.866700000,0.283300000
2485,16.572400000,0.296900000
2486,19.144800000,2.697900000
2487,14.177100000,0.805800000
2488,16.988000000,0.525500000
2489,15.778100000,0.423400000
2490,16.914600000,0.547400000
2491,16.860900000,0.329100000
2492,16.723000000,0.348900000
2493,16.591600000,0.291600000
2494,17.183900000,0.881800000
2495,16.020300000,0.576600000
2496,17.013500000,0.374000000
2497,16.650000000,0.332800000
2498,16.732800000,0.384300000
2499,15.577600000,0.276100000
2500,18.080800000,0.671900000
2501,16.963500000,1.606800000
2502,15.754700000,0.370300000
2503,18.142200000,1.678600000
2504,16.079700000,0.728700000
2505,15.800000000,0.411400000
2506,17.889600000,0.611400000
2507,17.002600000,0.491600000
2508,14.993200000,0.668800000
2509,18.120300000,0.567700000
2510,14.589100000,0.295300000
2511,16.819200000,0.457800000
2512,16.809400000,0.428700000
2513,17.065600000,0.523400000
2514,17.208400000,0.433400000
2515,17.905700000,0.994800000
2516,14.886500000,0.489000000
2517,16.700000000,0.353700000
2518,18.163500000,1.736000000
2519,14.695800000,0.373900000
2520,16.783900000,0.430200000
2521,17.059400000,0.630200000
2522,16.997400000,0.703100000
2523,16.090600000,0.736500000
2524,16.926600000,0.531200000
2525,16.882800000,0.371300000
2526,15.988000000,0.463600000
2527,17.248400000,0.466700000
2528,16.846400000,0.436000000
2529,16.191100000,0.735400000
2530,17.674000000,0.440600000
2531,15.692200000,0.342200000
2532,16.711900000,0.377000000
2533,17.896400000,0.383900000
2534,15.647900000,0.304700000
2535,16.961500000,0.390100000
2536,16.708300000,0.690100000
2537,15.651100000,0.327100000
2538,17.066100000,0.605200000
2539,17.152100000,0.496800000
2540,16.259400000,0.822900000
2541,16.883800000,0.449500000
2542,17.870800000,1.176600000
2543,15.763100000,1.287000000
2544,16.322900000,0.505800000
2545,16.784400000,0.392200000
2546,16.799400000,0.353100000
2547,15.893300000,0.426500000
2548,17.171300000,0.618700000
2549,16.703100000,0.337500000
2550,17.683400000,1.377100000
2551,15.752600000,0.380800000
2552,17.533300000,0.339100000
2553,15.965600000,0.409400000
2554,16.415700000,0.983300000
2555,16.950500000,0.444800000
2556,16.045300000,0.584400000
2557,17.285400000,0.802000000
2558,19.683900000,0.511400000
2559,13.029100000,0.521800000
2560,17.381300000,1.076600000
2561,16.096300000,0.371300000
2562,16.930200000,0.591100000
2563,17.770900000,0.458400000
2564,15.865600000,1.388500000
2565,15.590100000,0.279700000
2566,16.843200000,0.434900000
2567,16.932900000,0.433800000
2568,17.900000000,1.501000000
2569,16.482800000,1.051100000
2570,16.007300000,0.512500000
2571,15.897900000,0.547300000
2572,18.418200000,0.986500000
2573,14.845300000,0.502100000
2574,16.724500000,0.392200000
2575,16.774500000,0.374400000
2576,17.241600000,0.459900000
2577,18.164100000,1.433300000
2578,18.207300000,3.175000000
2579,13.901000000,0.331200000
2580,15.828200000,0.460400000
2581,16.993200000,0.498900000
2582,17.288500000,0.616700000
2583,15.963600000,0.510900000
2584,16.858800000,0.424500000
2585,16.955200000,0.605200000
2586,15.814600000,0.449500000
2587,16.667200000,0.353600000
2588,16.918800000,0.500000000
2589,16.766600000,0.300000000
2590,17.143800000,0.780700000
2591,16.092200000,0.483800000
2592,19.004100000,2.569800000
2593,15.014100000,0.568200000
2594,16.091700000,0.570800000
2595,16.915100000,0.467800000
2596,19.516600000,1.170800000
2597,13.764100000,0.302100000
2598,18.244300000,1.312000000
2599,14.851000000,0.456800000
2600,16.582300000,0.287000000
2601,16.555200000,0.269800000
2602,16.838500000,0.442200000
2603,17.106800000,0.544800000
2604,18.642700000,1.583900000
2605,14.961000000,0.424400000
2606,18.145300000,1.206800000
2607,14.604700000,0.309900000
2608,18.008800000,1.527600000
2609,15.685400000,0.669800000
2610,15.904700000,0.434900000
2611,16.854200000,0.432900000
2612,17.784400000,1.091100000
2613,15.947900000,0.578200000
2614,17.635900000,0.308300000
2615,15.888000000,0.438600000
2616,16.112000000,0.776600000
2617,16.764600000,0.368800000
2618,16.631200000,0.309900000
2619,16.687000000,0.349500000
2620,17.368800000,0.962500000
2621,15.957800000,0.441700000
2622,17.183800000,0.574000000
2623,16.111000000,0.537000000
2624,18.904100000,2.566100000
2625,14.729700000,0.401000000
2626,17.653700000,0.859400000
2627,16.242700000,0.876500000
2628,15.787000000,0.356200000
2629,16.954100000,0.592200000
2630,17.054200000,0.706300000
2631,15.859900000,0.439100000
2632,18.542700000,1.926600000
2633,15.794300000,0.473000000
2634,17.654700000,2.215100000
2635,14.605200000,0.302100000
2636,16.905700000,0.507300000
2637,17.000500000,0.546900000
2638,16.668800000,0.372400000
2639,16.966600000,0.509400000
2640,16.605200000,0.765100000
2641,16.201100000,0.703100000
2642,19.402600000,0.835400000
2643,14.064600000,0.634900000
2644,16.916100000,0.528200000
2645,16.086000000,0.632300000
2646,22.189000000,5.201100000
2647,11.687000000,0.346400000
2648,15.826600000,0.519800000
2649,17.298400000,0.525000000
2650,16.944300000,0.523400000
2651,20.914600000,3.306200000
2652,18.593200000,0.401600000
2653,9.627600000,0.305700000
2654,18.330700000,1.157300000
2655,16.693200000,1.380700000
2656,15.767200000,0.422900000
2657,17.442200000,0.626600000
2658,16.136500000,0.717200000
2659,15.980700000,0.471300000
2660,16.646900000,0.324500000
2661,16.590600000,0.289000000
2662,17.464600000,1.111500000
2663,15.721300000,0.390600000
2664,16.695400000,0.335500000
2665,16.785400000,0.393800000
2666,17.566600000,0.563500000
2667,16.026600000,0.514600000
2668,18.317200000,1.756200000
2669,15.081200000,0.682800000
2670,16.938100000,0.531700000
2671,15.607800000,0.299500000
2672,18.018700000,0.488000000
2673,15.822900000,0.413000000
2674,19.379700000,2.844300000
2675,13.915100000,0.535400000
2676,18.761000000,2.412500000
2677,14.776500000,0.397400000
2678,17.121400000,0.429100000
2679,15.967700000,0.421900000
2680,17.414100000,0.960900000
2681,15.795300000,0.430200000
2682,19.080700000,0.533900000
2683,15.873400000,1.414100000
2684,15.956300000,0.589600000
2685,15.915100000,0.452600000
2686,16.755700000,0.328100000
2687,17.022400000,0.564100000
2688,16.859400000,0.428700000
2689,15.709400000,0.356800000
2690,18.980700000,1.513000000
2691,14.599000000,0.296900000
2692,16.626000000,0.299000000
2693,16.705700000,0.334900000
2694,16.891200000,0.437500000
2695,16.983800000,0.498400000
2696,16.790700000,0.421300000
2697,16.247900000,0.886400000
2698,17.227600000,0.847900000
2699,16.991600000,1.492700000
2700,15.814600000,0.367700000
2701,16.573500000,0.280200000
2702,16.863000000,0.444800000
2703,16.747900000,0.376600000
2704,17.042700000,0.703600000
2705,15.841200000,0.427100000
2706,16.945300000,0.418700000
2707,16.991100000,0.490100000
2708,15.719300000,0.364100000
2709,16.581200000,0.266600000
2710,18.024500000,0.615600000
2711,16.238600000,0.697900000
2712,17.076500000,0.477100000
2713,15.869800000,0.352600000
2714,17.435900000,0.402600000
2715,16.016200000,0.572900000
2716,16.705200000,0.360400000
2717,16.800000000,0.461500000
2718,19.833900000,0.698400000
2719,13.872900000,0.509300000
2720,16.431200000,0.545300000
2721,16.695900000,0.306800000
2722,17.306700000,0.858900000
2723,15.866700000,0.381200000
2724,17.662000000,1.116700000
2725,16.455200000,0.930700000
2726,15.826500000,0.329100000
2727,16.729700000,0.314000000
2728,16.891200000,0.496900000
2729,15.894800000,0.482800000
2730,17.692200000,1.317100000
2731,15.713500000,0.377100000
2732,17.648400000,1.127100000
2733,16.615700000,1.246900000
2734,15.666600000,0.344800000
2735,16.966700000,0.529100000
2736,17.039600000,0.449400000
2737,16.917700000,0.459300000
2738,18.410400000,0.440600000
2739,15.693700000,1.089000000
2740,16.318300000,0.316200000
2741,15.795300000,0.319800000
2742,17.035400000,0.393800000
2743,15.990600000,0.466700000
2744,17.109400000,0.497400000
2745,16.892700000,0.446400000
2746,18.391700000,2.741100000
2747,15.065600000,0.681300000
2748,16.371900000,0.955300000
2749,16.653100000,0.328100000
2750,16.919800000,0.475600000
2751,16.087500000,0.664100000
2752,16.916100000,0.466700000
2753,16.988600000,0.576000000
2754,20.501500000,0.578700000
2755,11.669300000,0.331700000
2756,16.889100000,0.562000000
2757,17.605200000,1.187500000
2758,16.585900000,1.135400000
2759,17.221400000,0.390700000
2760,15.972900000,0.483300000
2761,16.602100000,0.303600000
2762,16.974500000,0.530200000
2763,15.935400000,0.447900000
2764,16.857300000,0.417100000
2765,17.299400000,0.446300000
2766,15.765700000,0.317700000
2767,17.388000000,1.044800000
2768,16.059900000,0.512500000
2769,18.025000000,1.070300000
2770,16.164100000,0.392700000
2771,15.709800000,0.383800000
2772,18.737500000,2.251500000
2773,14.952100000,0.491100000
2774,17.408400000,0.964000000
2775,15.942700000,0.482300000
2776,17.097400000,0.748400000
2777,15.779700000,0.340700000
2778,16.776500000,0.366700000
2779,17.019300000,0.400600000
2780,17.005700000,0.525500000
2781,16.504200000,1.042700000
2782,18.360900000,1.938000000
2783,15.137500000,0.465600000
2784,15.662000000,0.345300000
2785,17.007300000,0.434800000
2786,17.172400000,0.463600000
2787,17.546900000,1.178100000
2788,16.274400000,0.812000000
2789,15.794300000,0.367200000
2790,20.127600000,3.268200000
2791,12.871900000,0.496900000
2792,17.071900000,0.582800000
2793,16.870300000,0.444200000
2794,17.078100000,0.513100000
2795,15.882300000,0.566200000
2796,19.209400000,0.381300000
2797,13.980200000,0.496300000
2798,19.368700000,0.637000000
2799,14.208900000,0.447900000
2800,18.004700000,1.266700000
2801,15.419800000,0.932300000
2802,17.273400000,0.828700000
2803,15.640600000,0.326000000
2804,17.629200000,0.904700000
2805,15.987000000,0.549000000
2806,17.367200000,0.999000000
2807,16.756700000,0.373900000
2808,15.858400000,0.478100000
2809,17.376500000,1.010400000
2810,16.478200000,1.104100000
2811,15.998900000,0.596400000
2812,17.425500000,1.005700000
2813,16.097900000,0.704700000
2814,19.463600000,3.041600000
2815,15.685400000,0.776100000
2816,15.319300000,0.897400000
2817,16.225000000,0.444300000
2818,17.329100000,0.714600000
2819,16.902600000,1.515600000
2820,16.441700000,0.376600000
2821,15.555700000,0.267100000
2822,16.858900000,0.503700000
2823,17.191100000,0.772900000
2824,17.511500000,1.033400000
2825,16.297900000,0.403600000
2826,15.620300000,0.301000000
2827,16.719300000,0.430700000
2828,16.997900000,0.509900000
2829,16.877100000,0.391700000
2830,17.587000000,0.715600000
2831,15.652100000,0.327100000
2832,18.117200000,1.078600000
2833,14.995800000,0.634900000
2834,16.822400000,0.428200000
2835,16.728100000,0.365100000
2836,16.748400000,0.372900000
2837,16.815700000,0.490700000
2838,15.916600000,0.338000000
2839,16.757800000,0.442700000
2840,16.978200000,0.330800000
2841,17.012500000,0.617200000
2842,16.205700000,0.746300000
2843,16.926600000,0.328100000
2844,20.260900000,3.884400000
2845,12.920300000,0.255700000
2846,18.523500000,1.012000000
2847,14.991100000,0.426100000
2848,17.382800000,0.878700000
2849,15.822900000,0.414000000
2850,16.814600000,0.371900000
2851,17.152600000,0.729700000
2852,17.123500000,1.743300000
2853,15.911900000,0.421900000
2854,16.616200000,1.206700000
2855,16.073900000,0.642200000
2856,17.019300000,0.653200000
2857,16.725500000,0.372400000
2858,17.869300000,1.142200000
2859,14.686500000,0.329200000
2860,17.189500000,0.537000000
2861,17.159900000,0.513600000
2862,15.887000000,0.432300000
2863,17.193200000,0.393300000
2864,17.344800000,0.899500000
2865,16.494800000,1.079700000
2866,19.152600000,3.755200000
2867,14.241700000,0.524500000
2868,15.879200000,0.439500000
2869,16.918200000,0.434400000
2870,16.982800000,0.520800000
2871,16.103100000,0.500000000
2872,17.375000000,0.950500000
2873,16.303200000,0.306800000
2874,17.716600000,1.359400000
2875,15.659900000,0.320300000
2876,17.132300000,0.690100000
2877,15.668200000,0.330800000
2878,16.799500000,0.397900000
2879,18.757800000,1.711000000
2880,21.847900000,7.179200000
2881,9.827700000,0.324400000
2882,15.989000000,0.577600000
2883,16.974500000,0.612000000
2884,17.223400000,0.857300000
2885,16.337000000,0.345300000
2886,17.925500000,1.495800000
2887,14.800600000,0.377000000
2888,17.217700000,0.768700000
2889,17.639000000,0.789500000
2890,15.640600000,0.327000000
2891,17.224000000,0.759900000
2892,15.856300000,0.437500000
2893,17.035900000,0.681800000
2894,17.002600000,0.656800000
2895,15.808900000,0.395300000
2896,17.652000000,1.220300000
2897,16.027600000,0.457800000
2898,17.298000000,0.896900000
2899,15.774400000,0.382800000
2900,17.135500000,0.694300000
2901,17.947900000,0.931800000
2902,14.699400000,0.352600000
2903,18.002100000,1.653100000
2904,17.746400000,2.288600000
2905,14.744800000,0.382300000
2906,19.349500000,2.766100000
2907,14.563000000,1.124500000
2908,18.395800000,3.043200000
2909,14.220800000,0.852000000
2910,17.098500000,0.418800000
2911,15.879700000,0.499400000
2912,16.850500000,0.352100000
2913,17.425500000,0.758800000
2914,15.882300000,0.521400000
2915,17.306300000,0.606700000
2916,15.884800000,0.482300000
2917,16.681800000,0.344800000
2918,17.288000000,0.907300000
2919,17.578200000,1.212500000
2920,17.781700000,2.257300000
2921,14.890100000,0.466700000
2922,16.219300000,0.352100000
2923,19.142700000,1.113000000
2924,13.592200000,0.298400000
2925,16.706800000,0.374500000
2926,16.747400000,0.374500000
2927,17.432800000,0.639000000
2928,17.695300000,1.352600000
2929,14.758300000,0.393200000
2930,16.813100000,0.430200000
2931,16.903100000,0.546400000
2932,16.742200000,0.371400000
2933,17.230200000,0.864100000
2934,16.064000000,0.743300000
2935,16.757800000,0.460500000
2936,16.869300000,0.468800000
2937,17.757800000,0.687000000
2938,16.116200000,0.398400000
2939,15.850000000,0.508900000
2940,18.102100000,1.573900000
2941,16.310400000,0.313500000
2942,15.589600000,0.324400000
2943,19.454100000,0.352600000
2944,13.512000000,0.241700000
2945,16.380200000,0.189600000
2946,24.137500000,1.559900000
2947,9.390100000,0.166100000
2948,16.330200000,0.168200000
2949,18.157800000,0.486900000
2950,15.692700000,0.362500000
2951,16.941200000,0.516700000
2952,16.788000000,0.393700000
2953,16.844300000,0.416700000
2954,22.547400000,0.556300000
2955,11.199500000,0.433800000
2956,16.623900000,0.833900000
2957,16.271900000,0.254700000
2958,17.024500000,0.643300000
2959,16.390600000,0.432300000
2960,18.602100000,0.369300000
2961,14.372900000,0.174500000
2962,16.414600000,0.219800000
2963,17.261400000,0.936400000
2964,16.747400000,0.413600000
2965,17.087500000,0.596800000
2966,16.150000000,0.417700000
2967,16.640100000,0.320400000
2968,20.069800000,0.399500000
2969,12.793300000,0.443200000
2970,17.116600000,0.632300000
2971,16.748500000,0.305200000
2972,18.803600000,0.365600000
2973,13.652100000,0.333900000
2974,16.696900000,0.342200000
2975,18.111900000,1.481700000
2976,15.619300000,0.309900000
2977,17.314100000,0.875500000
2978,16.143200000,0.591600000
2979,16.697900000,0.355200000
2980,20.387500000,1.015100000
2981,13.084400000,0.778100000
2982,16.749500000,0.319800000
2983,17.165100000,0.472900000
2984,16.770800000,1.338000000
2985,17.673500000,1.479700000
2986,15.480700000,1.034900000
2987,16.309900000,0.870900000
2988,18.227100000,1.372400000
2989,15.496800000,1.152600000
2990,16.162500000,0.537000000
2991,17.971900000,1.209900000
2992,15.766700000,1.290600000
2993,15.888000000,0.466200000
2994,18.049500000,1.696900000
2995,16.597900000,1.039100000
2996,15.444300000,0.227100000
2997,17.041600000,0.705700000
2998,17.066200000,0.728700000
2999,15.635900000,0.312500000
3000,16.695300000,0.367200000
3001,16.980200000,0.595800000
3002,16.973000000,0.333900000
3003,17.032800000,0.400000000
3004,15.750500000,0.349000000
3005,17.334400000,0.997900000
3006,15.751500000,0.311400000
3007,17.474000000,1.158900000
3008,16.659900000,0.332300000
3009,16.636400000,0.312000000
3010,16.663100000,0.341200000
3011,16.702000000,0.311500000
3012,16.788600000,0.478700000
3013,15.655700000,0.314600000
3014,17.914100000,0.330700000
3015,15.720800000,0.400000000
3016,16.631300000,0.313600000
3017,17.716100000,1.190100000
3018,15.762500000,0.383900000
3019,18.105200000,0.568800000
3020,15.892700000,0.431300000
3021,15.739100000,0.350000000
3022,16.871300000,0.556300000
3023,16.896400000,0.361500000
3024,16.906200000,0.478600000
3025,16.768300000,0.381300000
3026,17.272400000,0.714100000
3027,15.792700000,0.380300000
3028,18.938000000,1.295300000
3029,17.506800000,0.515100000
3030,14.774400000,1.208300000
3031,16.130800000,0.380800000
3032,15.723400000,0.299400000
3033,18.428700000,1.607300000
3034,14.690100000,0.352600000
3035,16.859300000,0.470300000
3036,16.670400000,0.325000000
3037,16.838000000,0.525000000
3038,16.690600000,0.351600000
3039,16.790100000,0.363000000
3040,17.106800000,0.789000000
3041,15.708800000,0.383800000
3042,16.680200000,0.341600000
3043,18.151600000,0.600500000
3044,15.805700000,0.452600000
3045,16.978700000,0.649500000
3046,16.153600000,0.804200000
3047,16.872900000,0.518700000
3048,16.906300000,0.319300000
3049,15.641700000,0.289600000
3050,16.849400000,0.515100000
3051,16.927600000,0.329200000
3052,16.721900000,0.356200000
3053,16.839100000,0.391200000
3054,17.022900000,0.642200000
3055,15.765100000,0.410900000
3056,16.783300000,0.389000000
3057,16.855800000,0.430200000
3058,17.479600000,1.075500000
3059,15.906300000,0.534400000
3060,16.779200000,0.412500000
3061,20.352000000,1.143200000
3062,14.069800000,1.646300000
3063,16.293300000,0.859300000
3064,18.838500000,3.493200000
3065,13.675000000,0.306200000
3066,17.863000000,0.747400000
3067,16.753200000,1.371900000
3068,15.932200000,0.567700000
3069,16.323500000,0.972400000
3070,18.302100000,1.698400000
3071,14.888000000,0.353100000
3072,16.832300000,0.505800000
3073,17.653600000,1.258900000
3074,16.842200000,0.447400000
3075,17.184400000,1.304200000
3076,14.663000000,0.346400000
3077,16.999500000,0.350000000
3078,16.828600000,0.398400000
3079,16.911500000,0.554700000
3080,15.796900000,0.391200000
3081,16.742700000,0.362500000
3082,16.827600000,0.441200000
3083,16.771900000,0.377100000
3084,16.584300000,0.295800000
3085,16.584400000,0.284400000
3086,16.639100000,0.323000000
3087,16.614500000,0.285500000
3088,16.888600000,0.439600000
3089,17.703600000,0.727100000
3090,16.364100000,0.447400000
3091,16.440600000,0.610400000
3092,16.106800000,0.377600000
3093,16.687500000,0.334900000
3094,18.955700000,2.116700000
3095,15.917700000,0.316100000
3096,15.003700000,0.686500000
3097,16.677600000,0.346400000
3098,16.721300000,0.356700000
3099,16.648500000,0.318800000
3100,17.487000000,1.117700000
3101,16.505700000,0.904700000
3102,15.985900000,0.452000000
3103,16.774500000,0.456800000
3104,19.256800000,0.516700000
3105,13.635900000,0.343200000
3106,16.676000000,0.336500000
3107,16.996400000,0.649000000
3108,17.968200000,0.529700000
3109,15.672900000,0.348500000
3110,16.876100000,0.529200000
3111,15.897900000,0.495900000
3112,16.658300000,0.288000000
3113,18.314600000,1.669800000
3114,15.653100000,0.339000000
3115,16.628200000,0.315700000
3116,17.582300000,0.523900000
3117,16.050000000,0.640100000
3118,15.667200000,0.343700000
3119,16.793200000,0.446900000
3120,16.947400000,0.495300000
3121,16.920300000,0.330200000
3122,17.187000000,0.822400000
3123,15.985400000,0.550000000
3124,17.744300000,1.439600000
3125,15.804100000,0.356800000
3126,16.658400000,0.346800000
3127,16.679100000,0.347900000
3128,17.138000000,0.747400000
3129,15.643300000,0.319300000
3130,17.556200000,0.528100000
3131,16.367700000,1.026500000
3132,16.856800000,0.458400000
3133,15.605200000,0.304200000
3134,17.044800000,0.424500000
3135,17.208900000,0.377700000
3136,16.879100000,0.507800000
3137,16.040600000,0.630200000
3138,21.561000000,4.857800000
3139,11.946900000,0.444800000
3140,19.906200000,0.387000000
3141,13.654700000,0.314600000
3142,17.070300000,0.365100000
3143,16.230700000,0.802100000
3144,16.699000000,0.358300000
3145,17.618700000,1.003100000
3146,15.970900000,0.419800000
3147,15.670800000,0.332800000
3148,17.906800000,1.241700000
3149,15.779200000,0.403600000
3150,17.205200000,0.745300000
3151,16.108800000,0.488600000
3152,16.988600000,0.586900000
3153,17.676000000,1.284400000
3154,15.984900000,0.565100000
3155,16.128600000,0.735400000
3156,16.820900000,0.409900000
3157,17.202600000,0.873000000
3158,18.249500000,1.656200000
3159,15.559300000,1.185400000
3160,15.845300000,0.353600000
3161,17.012500000,0.491100000
3162,15.853200000,0.499400000
3163,16.700000000,0.330700000
3164,18.561400000,1.246400000
3165,14.627600000,0.309800000
3166,18.388100000,1.466600000
3167,15.077600000,0.698500000
3168,17.000000000,0.432300000
3169,16.786900000,0.397400000
3170,16.919300000,0.482300000
3171,16.109400000,0.376100000
3172,17.815100000,0.967700000
3173,16.288500000,0.962000000
3174,15.749000000,0.369800000
3175,16.704700000,0.366200000
3176,17.482300000,0.526000000
3177,15.825000000,0.405200000
3178,17.205200000,0.560900000
3179,16.993200000,1.402100000
3180,16.029700000,0.606200000
3181,16.615600000,0.323400000
3182,16.686500000,0.345300000
3183,16.775500000,0.366700000
3184,17.078100000,0.625600000
3185,16.437500000,0.508300000
3186,15.829700000,0.470300000
3187,17.048400000,0.628100000
3188,16.730300000,0.347300000
3189,17.218200000,0.392200000
3190,15.800000000,0.446900000
3191,17.002100000,0.650500000
3192,17.088500000,0.728700000
3193,16.107800000,0.438500000
3194,17.107300000,0.700600000
3195,16.667700000,0.321300000
3196,16.766700000,0.414100000
3197,16.131800000,0.519800000
3198,16.876000000,0.437000000
3199,16.820300000,0.409900000
3200,16.719300000,0.367200000
3201,17.917700000,1.593300000
3202,14.987000000,0.472900000
3203,16.852100000,0.385900000
3204,16.657200000,0.302000000
3205,17.195400000,0.768700000
3206,17.404100000,1.795900000
3207,17.042200000,1.539600000
3208,14.591700000,0.295800000
3209,16.997900000,0.700500000
3210,16.857300000,0.424500000
3211,16.704200000,0.353600000
3212,17.078100000,0.514600000
3213,16.268200000,0.781800000
3214,16.855200000,0.552600000
3215,16.063000000,0.290100000
3216,16.708400000,0.366200000
3217,16.721800000,0.353100000
3218,16.881800000,0.379200000
3219,17.089100000,0.456800000
3220,15.705200000,0.365100000
3221,16.685400000,0.355200000
3222,16.777100000,0.397900000
3223,16.969800000,0.512000000
3224,17.245300000,0.519700000
3225,15.836400000,0.382200000
3226,16.557900000,0.267700000
3227,18.123400000,1.781800000
3228,15.868700000,0.493200000
3229,16.622400000,0.305200000
3230,16.766200000,0.403100000
3231,16.689100000,0.330700000
3232,16.088000000,0.442700000
3233,18.836400000,0.486000000
3234,14.792700000,0.385400000
3235,16.607900000,0.309300000
3236,16.664500000,0.324500000
3237,16.838600000,0.503200000
3238,16.946900000,0.549000000
3239,16.163000000,0.565100000
3240,16.796800000,0.386400000
3241,17.421900000,0.960400000
3242,17.043800000,1.531300000
3243,16.116100000,0.612500000
3244,15.782300000,0.425000000
3245,16.821400000,0.391100000
3246,17.171300000,0.863000000
3247,16.673500000,0.385400000
3248,15.923400000,0.480200000
3249,16.746300000,0.392200000
3250,18.365700000,2.027000000
3251,16.095300000,1.126000000
3252,15.720300000,0.374500000
3253,16.709900000,0.359900000
3254,16.812000000,0.442100000
3255,16.690100000,0.358900000
3256,17.026500000,0.578100000
3257,16.070400000,0.350000000
3258,18.065100000,0.834300000
3259,14.968700000,0.420300000
3260,17.019800000,0.483800000
3261,16.738500000,0.406300000
3262,17.438600000,1.105200000
3263,15.920300000,0.376600000
3264,20.405200000,4.043800000
3265,12.702600000,0.320800000
3266,17.105700000,0.571400000
3267,17.069800000,0.461500000
3268,15.709400000,0.340600000
3269,19.472900000,1.186400000
3270,15.284900000,1.333800000
3271,15.432300000,0.425000000
3272,16.920800000,0.461500000
3273,16.890100000,0.437000000
3274,16.198500000,0.855700000
3275,17.217700000,0.736500000
3276,16.131200000,0.444800000
3277,16.844800000,0.473900000
3278,17.479200000,1.038600000
3279,17.908900000,1.531800000
3280,13.968700000,0.369300000
3281,17.494300000,0.639500000
3282,17.567700000,0.835400000
3283,16.135900000,0.382800000
3284,16.195300000,0.626600000
3285,16.800600000,0.408300000
3286,16.573900000,0.503100000
3287,19.196900000,1.629200000
3288,13.719800000,0.383900000
3289,17.290100000,0.520900000
3290,16.790100000,0.822900000
3291,15.977600000,0.411000000
3292,16.697900000,0.316100000
3293,16.826600000,0.405800000
3294,16.932300000,0.475500000
3295,16.576000000,1.155800000
3296,17.207300000,0.586400000
3297,16.354200000,0.867200000
3298,16.312500000,0.834900000
3299,16.861400000,0.528100000
3300,16.776100000,0.409300000
3301,15.764500000,0.397900000
3302,16.812000000,0.450000000
3303,17.250000000,0.846900000
3304,18.745300000,1.670300000
3305,13.575000000,0.266200000
3306,19.629700000,1.722400000
3307,15.292700000,0.387000000
3308,18.451600000,0.442200000
3309,13.692200000,0.342800000
3310,18.159400000,1.448400000
3311,15.689500000,0.292200000
3312,19.523000000,0.465600000
3313,13.694700000,0.346800000
3314,16.834400000,0.494800000
3315,17.536000000,1.131200000
3316,15.828600000,0.463600000
3317,16.903700000,0.475000000
3318,16.093200000,0.483900000
3319,16.716100000,0.340100000
3320,16.717200000,0.348900000
3321,16.794300000,0.404200000
3322,16.711400000,0.387500000
3323,16.899000000,0.442200000
3324,16.301000000,0.533900000
3325,16.716200000,0.389600000
3326,16.979200000,0.392200000
3327,15.668700000,0.326600000
3328,16.769300000,0.441200000
3329,17.474500000,0.699500000
3330,16.772900000,0.395300000
3331,16.215100000,0.475600000
3332,16.713000000,0.318200000
3333,16.733900000,0.419200000
3334,17.041100000,0.512500000
3335,16.109900000,0.485900000
3336,16.822400000,0.483300000
3337,16.909400000,0.439000000
3338,19.101500000,1.642700000
3339,15.716700000,2.330200000
3340,14.889100000,0.572400000
3341,16.724400000,0.285400000
3342,18.205800000,1.801600000
3343,14.763000000,0.396400000
3344,16.835400000,0.408300000
3345,16.764600000,0.389600000
3346,17.130700000,0.671400000
3347,15.983900000,0.659900000
3348,16.904100000,0.493200000
3349,16.968800000,0.439600000
3350,17.546900000,1.082800000
3351,15.885400000,0.390700000
3352,16.415600000,0.489600000
3353,16.835900000,0.402600000
3354,16.654200000,0.331200000
3355,16.808900000,0.308400000
3356,15.629600000,0.320300000
3357,16.788100000,0.375000000
3358,16.982800000,0.422400000
3359,17.614600000,0.673900000
3360,16.081200000,0.666600000
3361,16.949500000,0.574500000
3362,16.099500000,0.742700000
3363,17.373400000,0.778200000
3364,15.659900000,0.313000000
3365,17.146400000,0.642200000
3366,18.183800000,1.148900000
3367,14.833300000,0.458300000
3368,17.430300000,0.970800000
3369,16.033800000,0.517200000
3370,17.104700000,0.605700000
3371,16.091700000,0.665600000
3372,18.155200000,1.878200000
3373,16.146300000,0.842200000
3374,15.605200000,0.303200000
3375,16.726600000,0.390600000
3376,16.674000000,0.343800000
3377,18.168700000,0.414100000
3378,15.856300000,0.343800000
3379,16.475000000,0.831200000
3380,17.465600000,0.644800000
3381,15.891100000,0.441700000
3382,16.837500000,0.426000000
3383,15.669300000,0.315100000
3384,17.255200000,0.952100000
3385,16.834900000,0.419800000
3386,16.994800000,0.525500000
3387,15.857300000,0.417200000
3388,17.698900000,1.227000000
3389,15.744300000,0.341100000
3390,16.983900000,0.484900000
3391,17.345800000,0.396900000
3392,16.112500000,0.636000000
3393,16.885400000,0.442700000
3394,16.139600000,0.468300000
3395,16.976000000,0.391600000
3396,16.702600000,0.337500000
3397,16.943800000,0.519300000
3398,16.009400000,0.543700000
3399,17.017200000,0.461400000
3400,16.954600000,0.457800000
3401,15.788600000,0.444800000
3402,18.488000000,1.744800000
3403,15.163000000,0.529200000
3404,16.992700000,0.535400000
3405,16.031800000,0.546800000
3406,18.243800000,0.469300000
3407,15.813000000,0.394300000
3408,16.076500000,0.542200000
3409,20.011500000,0.668300000
3410,13.892200000,0.401600000
3411,16.166100000,0.365600000
3412,16.882300000,0.566100000
3413,16.642700000,0.298900000
3414,18.347400000,1.971900000
3415,14.753700000,0.381800000
3416,16.755700000,0.384900000
3417,16.594300000,0.295400000
3418,17.176000000,0.795800000
3419,16.618200000,1.218700000
3420,15.810500000,0.356200000
3421,16.633300000,0.308300000
3422,16.672400000,0.352100000
3423,16.811500000,0.355200000
3424,16.889000000,0.462500000
3425,19.631800000,0.493200000
3426,13.821900000,0.433300000
3427,17.367100000,0.882200000
3428,16.669800000,0.585400000
3429,15.667700000,0.299500000
3430,16.887000000,0.450500000
3431,17.197900000,0.405200000
3432,15.956800000,0.403600000
3433,16.567700000,0.265600000
3434,18.149000000,0.601500000
3435,15.741100000,0.355200000
3436,17.338000000,0.989100000
3437,15.965200000,0.478600000
3438,16.842700000,0.456800000
3439,16.938000000,0.446900000
3440,15.694300000,0.367200000
3441,20.448900000,1.456800000
3442,12.679200000,0.334900000
3443,16.758300000,0.399000000
3444,16.720300000,0.351500000
3445,18.271900000,0.532300000
3446,15.851600000,0.443700000
3447,16.835400000,0.437000000
3448,16.788500000,0.664600000
3449,15.894300000,0.546900000
3450,16.953100000,0.488500000
3451,16.647400000,0.316100000
3452,16.613600000,0.305700000
3453,16.683800000,0.342200000
3454,16.699000000,0.382800000
3455,17.046800000,0.383300000
3456,15.950600000,0.505700000
3457,17.006700000,0.434900000
3458,16.780800000,0.362000000
3459,16.665600000,0.337000000
3460,17.808800000,0.849000000
3461,15.109400000,0.718200000
3462,16.701600000,0.363600000
3463,16.925000000,0.339600000
3464,16.937500000,0.472900000
3465,15.599500000,0.287500000
3466,18.563000000,1.095900000
3467,16.168200000,0.513600000
3468,16.080700000,0.417700000
3469,17.018800000,0.545300000
3470,15.702100000,0.345900000
3471,17.228600000,0.553600000
3472,16.963000000,0.511400000
3473,16.904700000,1.506800000
3474,15.832800000,0.473400000
3475,18.428700000,1.962500000
3476,14.900000000,0.509300000
3477,17.231200000,0.827100000
3478,17.291200000,0.349000000
3479,17.474500000,0.326600000
3480,14.774400000,0.340100000
3481,16.865100000,0.463000000
3482,16.001100000,0.290600000
3483,16.672400000,0.342700000
3484,16.970300000,0.557200000
3485,16.915600000,0.457300000
3486,16.682800000,0.349000000
3487,17.326600000,0.892700000
3488,16.153100000,0.577600000
3489,16.683900000,0.287000000
3490,17.041600000,0.380200000
3491,16.094300000,0.352600000
3492,17.091700000,0.444300000
3493,17.354100000,1.496900000
3494,15.886500000,0.379200000
3495,16.680700000,0.337500000
3496,17.292700000,0.977600000
3497,15.863100000,0.446300000
3498,17.007800000,0.495300000
3499,15.647900000,0.313500000
3500,16.685400000,0.338000000
3501,17.062500000,0.366700000
3502,16.653600000,0.307200000
3503,17.212000000,0.652600000
3504,15.805200000,0.462500000
3505,16.980800000,0.384900000
3506,16.833800000,0.385900000
3507,16.990600000,0.612000000
3508,16.909400000,0.438500000
3509,16.689100000,0.384900000
3510,15.867200000,0.471800000
3511,19.895800000,1.358900000
3512,16.101600000,0.465100000
3513,13.927000000,0.440100000
3514,19.114600000,2.345300000
3515,14.788600000,0.462000000
3516,16.594200000,0.296400000
3517,16.813100000,0.349500000
3518,15.669200000,0.336400000
3519,18.643800000,1.090600000
3520,14.819800000,0.429200000
3521,16.997900000,0.542700000
3522,16.881200000,0.332800000
3523,18.000000000,1.592700000
3524,15.161000000,0.704700000
3525,16.830200000,0.452100000
3526,16.963500000,0.572900000
3527,17.256300000,0.503100000
3528,15.681200000,0.342200000
3529,16.943800000,0.502100000
3530,16.683800000,0.328600000
3531,16.668800000,0.283900000
3532,16.895800000,0.518200000
3533,16.399500000,0.936500000
3534,17.525000000,0.611500000
3535,15.919300000,0.451500000
3536,16.907300000,0.457800000
3537,16.075500000,0.548900000
3538,17.798900000,0.551500000
3539,20.637000000,0.401600000
3540,11.711500000,0.350500000
3541,18.947400000,2.474500000
3542,13.810900000,0.405700000
3543,16.637000000,0.341100000
3544,16.900500000,0.455700000
3545,17.303700000,0.700500000
3546,15.952600000,0.492200000
3547,19.222400000,1.170300000
3548,14.900500000,0.435500000
3549,16.711400000,1.241700000
3550,16.439600000,0.615100000
3551,16.895300000,0.426000000
3552,17.216200000,0.979700000
3553,15.638500000,0.306200000
3554,16.912500000,0.583800000
3555,16.980700000,0.529700000
3556,16.066200000,0.566100000
3557,17.391700000,0.907800000
3558,16.009900000,0.409900000
3559,17.005700000,0.283900000
3560,15.873900000,0.553200000
3561,17.666200000,1.036500000
3562,16.249500000,0.559900000
3563,16.790100000,0.343200000
3564,16.705200000,0.333900000
3565,19.193700000,1.680700000
3566,14.200000000,0.556800000
3567,16.056300000,0.609400000
3568,16.748400000,0.392700000
3569,16.339600000,0.525000000
3570,17.674000000,0.364600000
3571,15.923400000,0.489600000
3572,16.846900000,0.440700000
3573,16.782800000,0.404200000
3574,17.053600000,0.581800000
3575,18.216200000,0.482300000
3576,14.661400000,0.326500000
3577,16.799500000,0.425500000
3578,16.709900000,0.320300000
3579,17.040100000,0.645900000
3580,15.907300000,0.474500000
3581,17.008300000,0.429700000
3582,17.064100000,0.667200000
3583,16.791100000,0.477100000
3584,15.966200000,0.511000000
3585,18.086500000,0.385900000
3586,14.797300000,0.415100000
3587,17.813600000,1.445300000
3588,16.356800000,0.992200000
3589,15.757300000,0.283400000
3590,16.860400000,0.429600000
3591,17.375500000,0.532300000
3592,16.710400000,1.093800000
3593,21.520300000,5.297900000
3594,11.600000000,0.305700000
3595,16.655200000,0.332800000
3596,16.858400000,0.533900000
3597,15.873900000,0.457800000
3598,16.870900000,0.447400000
3599,17.182800000,0.565100000
3600,16.753100000,0.469300000
3601,16.025500000,0.620300000
