frame,frameMs,presentMs
1,7.179700000,0.637000000
2,17.133400000,1.744800000
3,16.248900000,0.883300000
4,15.666700000,0.346400000
5,16.649500000,0.332300000
6,17.708300000,0.376000000
7,16.350000000,0.885400000
8,16.979200000,0.370300000
9,16.070300000,0.675600000
10,16.997900000,0.548400000
11,15.900000000,0.460400000
12,18.168200000,1.021400000
13,19.330200000,1.449500000
14,13.326100000,0.926100000
15,15.690600000,0.346400000
16,17.389100000,1.061400000
17,16.998900000,0.604200000
18,16.364600000,1.006300000
19,16.763500000,0.358800000
20,17.132300000,0.409400000
21,16.063600000,0.581200000
22,18.327100000,1.259900000
23,15.617200000,1.188000000
24,16.550000000,0.535900000
25,15.891600000,0.457300000
26,17.197900000,0.640600000
27,16.299500000,0.906800000
28,17.942200000,1.015600000
29,16.268800000,0.396300000
30,16.167100000,0.561900000
31,16.980800000,1.547900000
32,15.808300000,0.386500000
33,16.905700000,0.428700000
34,16.679700000,0.331300000
35,17.152100000,0.769300000
36,16.738500000,1.190100000
37,15.842800000,0.472900000
38,16.672300000,0.380200000
39,16.972400000,0.528100000
40,17.274000000,0.891200000
41,15.719800000,0.345800000
42,17.166700000,0.506800000
43,19.802600000,2.475000000
44,16.513000000,3.046900000
45,14.237000000,0.603700000
46,15.658300000,0.353100000
47,16.613500000,0.306200000
48,17.365700000,0.728100000
49,15.921800000,0.492700000
50,16.744300000,0.401000000
51,17.017200000,0.640100000
52,16.963000000,0.572900000
53,16.497900000,0.952100000
54,16.883900000,0.448500000
55,15.788000000,0.403700000
56,16.854700000,0.440100000
57,17.452600000,0.940100000
58,16.263500000,0.866100000
59,18.568300000,0.818200000
60,14.808300000,0.358400000
61,16.706800000,0.364600000
62,18.046300000,1.194800000
63,15.467700000,0.685900000
64,17.170900000,1.653600000
65,16.485400000,1.137000000
66,16.379200000,0.804200000
67,15.801000000,0.404700000
68,16.908900000,0.468700000
69,16.979100000,0.510400000
70,17.832300000,0.585400000
71,15.781800000,1.077000000
72,17.609900000,0.825000000
73,15.687500000,1.285500000
74,16.956200000,0.449000000
75,19.872400000,0.434900000
76,13.614600000,0.628200000
77,15.551600000,0.267200000
78,17.879100000,1.169800000
79,16.386000000,0.894200000
80,16.609900000,0.722400000
81,15.997400000,0.628100000
82,16.636400000,0.321300000
83,17.173500000,0.802100000
84,17.090600000,1.707800000
85,15.921300000,0.452100000
86,17.867200000,1.480700000
87,14.688600000,0.346900000
88,16.729100000,0.393800000
89,16.979700000,0.504200000
90,16.876600000,0.417200000
91,16.614600000,0.303700000
92,17.108300000,0.743800000
93,15.992200000,0.603100000
94,17.830700000,0.966200000
95,16.215600000,0.786500000
96,16.728700000,1.317200000
97,15.782800000,0.401600000
98,17.698400000,0.822900000
99,15.720900000,0.349400000
100,18.406700000,2.001600000
101,15.007300000,0.485900000
102,20.171900000,1.796400000
103,14.147400000,0.731800000
104,17.188000000,0.690600000
105,17.428700000,1.051500000
106,16.167200000,0.920800000
107,14.901500000,0.554700000
108,17.524000000,0.548000000
109,15.810400000,0.458400000
110,17.367200000,0.951100000
111,16.097400000,0.450600000
112,21.204700000,1.279200000
113,11.981700000,0.536400000
114,17.468300000,0.930200000
115,15.624400000,0.327600000
116,16.936000000,0.440700000
117,16.582300000,0.285400000
118,16.717700000,0.364600000
119,16.652600000,0.342700000
120,18.115100000,0.502600000
121,16.175000000,0.748500000
122,15.695300000,0.352600000
123,16.736500000,0.332300000
124,16.841100000,0.426100000
125,17.217700000,0.800500000
126,16.955700000,0.969800000
127,15.994300000,0.421400000
128,18.979200000,1.012500000
129,13.775500000,0.416700000
130,16.622900000,0.316100000
131,16.786500000,0.408400000
132,16.942700000,0.599500000
133,16.932300000,0.499000000
134,17.700500000,1.306800000
135,16.257300000,0.837500000
136,15.618700000,0.308800000
137,16.842200000,0.408800000
138,17.034400000,0.404200000
139,16.696900000,0.357300000
140,17.556200000,0.828600000
141,15.862000000,0.420800000
142,16.262500000,0.845800000
143,16.987500000,0.580200000
144,17.290600000,0.905200000
145,15.770900000,0.399000000
146,17.375500000,0.989600000
147,16.504700000,1.106300000
148,16.301000000,0.856800000
149,17.658400000,0.759900000
150,16.104600000,0.616700000
151,15.958900000,0.509300000
152,17.673400000,1.088000000
153,15.892700000,0.418700000
154,16.559400000,0.267200000
155,20.149000000,3.817700000
156,13.360400000,0.999000000
157,16.957300000,0.549000000
158,17.027100000,1.628100000
159,15.772400000,0.405800000
160,17.022900000,0.521300000
161,15.778600000,0.375500000
162,17.055200000,0.613500000
163,18.363600000,0.625500000
164,14.731700000,0.378600000
165,16.786000000,0.404700000
166,18.921900000,0.507800000
167,15.717700000,1.219200000
168,15.791100000,0.406800000
169,16.807300000,0.423500000
170,17.605700000,1.094200000
171,15.871900000,0.322900000
172,15.785400000,0.394300000
173,16.774500000,0.400000000
174,16.982800000,0.358800000
175,16.716700000,0.369800000
176,17.017700000,0.659400000
177,16.243200000,0.722400000
178,17.001600000,0.448000000
179,17.629100000,0.426000000
180,15.716700000,0.372400000
181,16.666200000,0.327100000
182,17.148900000,0.462500000
183,16.324000000,0.545800000
184,16.731700000,1.339000000
185,15.691700000,0.357800000
186,17.537000000,0.676100000
187,15.598400000,0.305700000
188,17.892700000,0.955700000
189,15.745900000,0.385900000
190,17.133800000,0.558400000
191,18.770900000,2.330200000
192,14.619200000,0.308800000
193,16.858900000,0.565100000
194,18.992200000,3.525000000
195,13.887000000,0.494800000
196,17.605200000,0.607300000
197,15.702000000,0.303100000
198,18.065100000,0.719200000
199,16.024000000,0.694300000
200,15.960400000,0.466100000
201,16.947900000,0.497400000
202,16.823500000,0.446900000
203,15.631200000,0.310900000
204,17.746400000,0.414100000
205,16.101000000,0.532800000
206,16.631800000,0.309400000
207,16.627600000,0.324000000
208,18.142700000,1.704200000
209,16.217200000,0.515700000
210,16.227100000,0.509300000
211,15.915600000,0.474500000
212,18.595300000,1.106300000
213,14.878100000,0.438500000
214,17.000600000,0.667700000
215,18.076500000,0.587500000
216,17.294300000,0.562000000
217,15.317200000,0.943800000
218,15.691100000,0.338500000
219,16.884400000,0.539100000
220,17.606800000,0.742700000
221,15.627100000,0.330300000
222,18.114500000,1.711900000
223,14.823000000,0.403600000
224,17.689500000,1.287000000
225,15.967700000,0.559900000
226,16.764600000,0.474500000
227,17.195900000,0.754100000
228,17.035400000,0.475500000
229,15.902600000,0.434400000
230,18.251000000,1.787000000
231,15.404200000,0.688500000
232,15.582800000,0.253100000
233,18.821400000,0.827000000
234,15.747900000,1.349400000
235,16.580200000,1.069200000
236,16.069300000,0.500000000
237,16.759300000,0.378600000
238,17.019300000,0.654200000
239,17.132300000,0.496300000
240,16.651600000,0.792700000
241,15.884300000,0.467700000
242,16.624000000,0.300500000
243,17.342200000,0.933900000
244,15.730200000,0.369800000
245,16.893700000,0.388000000
246,16.786000000,0.374000000
247,17.102100000,0.597900000
248,15.711400000,0.350000000
249,17.582800000,1.175500000
250,15.803700000,0.438000000
251,16.783800000,0.408300000
252,17.559400000,0.549000000
253,16.206300000,0.323900000
254,19.606700000,0.834900000
255,13.928100000,0.469300000
256,17.330300000,0.767800000
257,16.075500000,0.722900000
258,17.581700000,0.403600000
259,15.738600000,0.388100000
260,15.867200000,0.522900000
261,17.091100000,0.670800000
262,17.641200000,0.864500000
263,16.097400000,0.741100000
264,16.748400000,1.323500000
265,15.832800000,0.433900000
266,16.910400000,0.400500000
267,16.602100000,0.281700000
268,17.319300000,0.886000000
269,15.945300000,0.463000000
270,17.681800000,0.513000000
271,15.902600000,0.475000000
272,17.318200000,0.919800000
273,15.765600000,0.370300000
274,17.329200000,0.918800000
275,16.062500000,0.541700000
276,17.255200000,0.497400000
277,15.843200000,0.422900000
278,16.877100000,0.436500000
279,16.708300000,0.397400000
280,16.861000000,0.474000000
281,17.389000000,0.988500000
282,16.138600000,0.642100000
283,16.913000000,0.450500000
284,15.715600000,0.384900000
285,16.891200000,0.447400000
286,17.334400000,0.933300000
287,15.725500000,0.371900000
288,21.003600000,0.841200000
289,19.275500000,1.006800000
290,9.592200000,0.274500000
291,18.283400000,0.946900000
292,15.719200000,0.368700000
293,17.097400000,0.690700000
294,16.587000000,0.475500000
295,16.282300000,0.539500000
296,18.463500000,0.926100000
297,14.686500000,0.338500000
298,16.632800000,0.318200000
299,16.781300000,0.435900000
300,17.479100000,0.534300000
301,16.071400000,0.536400000
302,18.460900000,2.044800000
303,15.462500000,1.026600000
304,17.028100000,0.754700000
305,16.307300000,0.856700000
306,16.854700000,0.707800000
307,15.889100000,0.460900000
308,17.116700000,0.702100000
309,15.692100000,0.387500000
310,17.348500000,0.902600000
311,17.257300000,0.578600000
312,15.965100000,0.445400000
313,16.629100000,0.319200000
314,17.178200000,0.781200000
315,15.870300000,0.449000000
316,16.759900000,0.358900000
317,17.712500000,1.305700000
318,16.162500000,0.498900000
319,17.664600000,0.851000000
320,14.642100000,0.327000000
321,16.774500000,0.442700000
322,16.941700000,0.516600000
323,17.368700000,0.960900000
324,16.859900000,0.989100000
325,16.044300000,0.387500000
326,19.860900000,3.406700000
327,13.812500000,0.426000000
328,15.779700000,0.396900000
329,16.665100000,0.317700000
330,16.956800000,0.554200000
331,17.134900000,0.709400000
332,16.844300000,0.517200000
333,16.078600000,0.573400000
334,16.785400000,0.392700000
335,17.761000000,1.357300000
336,16.063000000,0.387000000
337,15.734900000,0.377600000
338,19.726000000,3.319800000
339,14.403200000,1.053600000
340,15.622400000,0.317700000
341,18.250000000,0.401000000
342,16.270300000,0.664000000
343,15.973900000,0.540600000
344,16.719300000,0.304200000
345,17.119800000,0.741200000
346,17.455200000,1.831200000
347,16.327100000,0.817800000
348,16.283300000,0.516200000
349,15.806300000,0.420400000
350,16.860400000,0.442800000
351,16.787000000,0.407800000
352,18.205200000,1.526000000
353,14.796800000,0.401000000
354,17.553200000,0.584900000
355,15.832300000,0.309900000
356,19.141600000,1.250000000
357,15.724500000,0.628200000
358,15.757800000,0.359900000
359,17.527100000,1.242700000
360,18.682300000,1.328700000
361,13.907300000,0.479700000
362,17.087000000,0.425500000
363,15.866600000,0.458800000
364,17.313600000,0.930700000
365,16.555200000,0.991700000
366,16.372900000,0.912500000
367,17.466700000,0.547900000
368,17.876500000,2.215700000
369,15.033400000,0.629100000
370,15.947400000,0.382300000
371,17.783300000,1.294200000
372,16.136400000,0.427600000
373,16.318800000,0.881800000
374,19.204200000,0.912500000
375,13.911900000,0.492700000
376,18.291700000,1.816700000
377,14.750000000,0.368700000
378,18.033300000,1.310900000
379,15.853700000,0.361000000
380,19.357800000,1.657300000
381,13.887000000,0.513100000
382,16.890100000,0.414100000
383,17.732300000,0.576100000
384,15.805700000,0.351100000
385,15.736500000,0.304700000
386,17.552000000,0.718700000
387,16.178700000,0.743200000
388,17.716700000,0.502000000
389,16.656200000,1.255700000
390,15.687500000,0.342200000
391,16.962500000,0.505200000
392,17.652100000,0.403700000
393,16.221300000,0.734900000
394,17.328700000,1.932300000
395,14.805700000,0.405200000
396,17.577100000,0.614000000
397,15.783300000,0.391100000
398,16.733400000,0.366200000
399,16.629700000,0.324400000
400,17.498400000,0.456300000
401,17.098400000,1.198400000
402,15.990100000,0.355700000
403,17.068300000,0.465600000
404,15.788000000,0.413100000
405,16.662500000,0.344300000
406,17.037000000,0.519200000
407,17.461900000,1.037000000
408,16.610500000,0.957800000
409,15.878100000,0.485500000
410,18.418700000,1.952600000
411,21.071400000,0.418800000
412,10.790600000,0.391100000
413,15.567200000,0.291600000
414,17.739600000,0.453100000
415,17.185400000,0.818300000
416,17.760900000,2.066600000
417,14.751100000,0.367200000
418,19.242200000,1.846300000
419,14.732300000,1.243200000
420,17.442200000,1.314000000
421,14.680700000,0.355200000
422,16.822400000,0.503200000
423,16.607300000,0.307300000
424,17.033800000,0.486000000
425,17.163600000,0.743700000
426,17.122900000,0.716600000
427,16.414000000,0.729200000
428,18.118300000,2.703600000
429,14.796800000,0.411400000
430,16.894800000,0.486500000
431,15.904700000,0.441100000
432,17.359900000,0.800500000
433,15.881300000,0.423500000
434,16.915600000,0.481800000
435,16.594800000,0.288500000
436,17.362000000,0.930200000
437,15.829700000,0.422400000
438,17.441100000,0.679200000
439,15.954200000,0.506800000
440,19.117700000,2.525500000
441,15.178100000,0.701500000
442,16.364600000,0.428600000
443,15.805200000,0.444800000
444,16.805200000,0.454200000
445,16.919300000,0.363600000
446,17.217200000,0.820300000
447,16.086900000,0.373900000
448,17.040700000,0.533800000
449,17.518700000,0.327600000
450,17.916200000,0.816100000
451,14.762500000,0.377600000
452,16.087500000,0.442200000
453,16.799400000,0.409900000
454,17.538100000,0.922400000
455,16.482800000,1.025000000
456,16.457800000,0.450000000
457,16.076000000,0.677100000
458,17.581300000,1.164100000
459,15.944200000,0.484900000
460,17.726100000,0.917200000
461,16.408800000,1.015100000
462,15.975000000,0.439600000
463,17.023000000,0.624400000
464,17.477000000,0.628100000
465,15.963600000,0.481700000
466,15.796900000,0.433300000
467,17.606200000,1.119300000
468,16.589600000,0.370800000
469,15.888500000,0.466700000
470,17.378700000,0.964600000
471,16.241100000,0.870300000
472,17.152100000,0.412500000
473,15.983900000,0.571300000
474,16.719800000,0.315700000
475,18.184300000,0.375000000
476,15.106800000,0.646400000
477,17.065600000,0.667200000
478,17.344800000,0.958400000
479,16.418200000,1.048400000
480,16.236000000,0.395300000
481,16.967200000,0.506700000
482,16.597900000,0.944700000
483,18.027100000,1.752600000
484,16.731700000,0.871900000
485,15.312000000,0.947400000
486,16.169800000,0.403700000
487,16.902100000,0.492800000
488,18.184400000,2.679600000
489,16.344200000,1.172900000
490,14.799500000,0.470800000
491,16.650500000,0.329600000
492,17.593300000,0.689500000
493,15.857300000,0.441600000
494,19.454100000,2.739100000
495,13.973500000,0.520300000
496,16.906700000,0.360400000
497,17.206800000,0.889100000
498,16.497900000,0.495800000
499,16.084400000,0.700500000
500,19.151600000,1.725000000
501,14.394200000,0.958800000
502,17.059900000,0.377100000
503,15.706800000,0.347900000
504,17.201000000,0.642700000
505,16.877100000,0.477100000
506,18.942700000,3.419800000
507,13.842700000,0.374500000
508,16.801100000,0.479700000
509,17.163000000,0.807800000
510,16.885400000,0.718300000
511,16.037000000,0.607300000
512,17.400000000,0.981300000
513,17.886500000,2.205700000
514,15.403100000,1.061000000
515,15.669300000,0.330800000
516,17.473400000,0.489500000
517,15.775500000,0.410900000
518,19.344800000,2.844800000
519,14.809400000,0.344300000
520,17.601500000,1.976000000
521,14.773500000,0.399500000
522,17.890100000,0.880200000
523,15.786400000,0.410400000
524,17.630300000,0.948900000
525,15.965100000,0.572900000
526,17.300500000,0.439100000
527,16.643700000,1.045300000
528,16.313000000,0.804700000
529,16.871900000,0.477600000
530,17.486500000,1.664000000
531,15.178100000,0.694800000
532,18.649000000,2.046900000
533,15.341600000,0.898500000
534,16.680800000,1.340700000
535,15.784300000,0.408800000
536,16.907300000,0.479700000
537,16.728700000,0.425600000
538,19.167200000,0.463500000
539,13.882800000,0.459300000
540,17.923900000,1.198500000
541,16.309900000,0.880200000
542,16.641700000,1.252600000
543,15.683300000,0.351000000
544,17.391200000,0.853600000
545,17.755200000,0.530700000
546,15.861400000,0.962500000
547,15.672400000,0.378100000
548,17.972400000,1.311500000
549,16.287500000,0.689600000
550,17.210400000,1.558400000
551,16.371900000,0.911500000
552,16.935400000,0.842700000
553,15.845400000,0.397900000
554,17.376500000,0.445800000
555,15.976600000,0.604700000
556,17.053100000,0.491100000
557,15.889100000,0.527600000
558,17.441600000,0.487000000
559,16.215700000,0.476000000
560,18.031700000,1.223400000
561,15.336500000,0.887000000
562,19.697400000,1.519200000
563,14.321300000,0.484900000
564,15.813600000,0.425500000
565,16.796300000,0.421900000
566,17.350000000,0.370300000
567,16.355800000,0.589600000
568,16.268700000,0.755700000
569,17.467700000,1.057800000
570,16.269300000,0.416700000
571,15.895300000,0.480200000
572,17.316100000,0.939000000
573,16.565700000,1.050000000
574,17.116600000,0.355700000
575,16.314600000,0.809400000
576,19.145900000,3.729100000
577,14.435400000,0.853600000
578,16.654700000,1.118200000
579,15.805200000,0.304700000
580,18.097900000,1.123900000
581,16.015600000,0.677600000
582,16.563600000,0.897900000
583,16.111900000,0.682300000
584,17.742200000,1.313000000
585,16.084900000,0.664600000
586,16.735400000,0.904200000
587,15.757800000,0.397900000
588,17.751600000,1.216600000
589,17.195300000,1.769800000
590,17.110400000,1.714600000
591,14.931800000,0.541200000
592,17.877100000,1.463600000
593,16.352600000,0.330800000
594,21.081200000,2.424000000
595,16.543800000,0.500000000
596,18.966700000,1.026600000
597,14.175500000,3.133900000
598,11.746300000,0.409400000
599,16.654700000,0.307800000
600,16.589100000,0.284900000
601,16.830200000,0.567200000
602,17.122900000,0.764600000
603,15.597400000,0.282800000
604,17.117700000,0.644800000
605,17.239100000,0.822400000
606,17.602100000,0.580200000
607,14.790600000,0.463100000
608,16.868700000,0.451600000
609,17.907300000,1.379200000
610,16.890700000,1.498400000
611,16.006200000,0.711500000
612,16.208300000,0.333800000
613,16.975000000,0.502600000
614,16.749000000,1.316600000
615,15.760900000,0.384400000
616,18.481800000,1.181300000
617,16.087500000,0.382300000
618,16.317200000,0.746900000
619,15.808800000,0.429200000
620,17.815100000,0.891700000
621,15.716700000,0.371300000
622,17.518800000,1.086400000
623,15.977000000,0.471300000
624,18.350000000,1.836400000
625,15.150600000,0.721300000
626,17.643700000,1.259400000
627,15.551600000,0.268800000
628,16.945800000,0.507200000
629,17.414600000,0.661000000
630,15.709400000,0.359400000
631,16.681700000,0.368300000
632,17.223000000,0.860900000
633,15.809300000,0.363500000
634,18.232800000,1.758300000
635,16.095400000,0.397400000
636,15.795800000,0.441600000
637,16.983800000,0.532300000
638,21.797400000,0.556200000
639,11.993300000,0.610400000
640,16.625000000,1.140600000
641,16.747400000,1.155700000
642,15.882300000,0.437000000
643,16.798900000,0.426600000
644,17.573500000,1.006700000
645,16.051500000,0.653700000
646,18.119800000,1.674000000
647,14.836500000,0.429700000
648,17.705200000,0.990100000
649,16.169200000,0.499000000
650,15.901600000,0.479200000
651,16.759900000,0.364100000
652,17.845300000,1.395300000
653,16.426100000,0.996300000
654,15.873900000,0.433800000
655,16.820300000,0.419800000
656,20.317200000,1.950000000
657,13.023500000,0.584900000
658,17.472400000,1.075500000
659,16.614500000,1.222900000
660,17.337500000,1.627600000
661,15.103200000,0.390700000
662,17.352000000,0.846300000
663,16.015700000,0.528100000
664,17.728100000,1.100000000
665,16.189100000,0.778100000
666,15.911900000,0.624400000
667,17.116200000,0.750000000
668,17.592200000,0.942100000
669,15.831200000,0.426000000
670,16.766700000,1.303100000
671,15.807800000,0.402600000
672,16.863000000,0.391700000
673,16.939100000,0.579200000
674,18.218700000,1.802600000
675,14.976600000,0.527600000
676,18.124500000,1.467700000
677,14.946800000,0.469700000
678,17.023000000,0.403100000
679,16.862500000,0.513500000
680,17.695800000,1.088600000
681,16.027100000,0.635900000
682,15.880700000,0.467200000
683,17.129200000,0.730200000
684,17.633300000,1.096400000
685,16.471400000,1.071400000
686,16.998900000,1.638600000
687,15.306800000,0.430700000
688,17.841100000,1.346300000
689,15.942200000,0.584900000
690,15.846900000,0.516700000
691,17.137000000,0.459400000
692,17.472900000,1.106300000
693,15.926600000,0.483800000
694,17.166100000,0.787500000
695,17.453100000,2.058800000
696,15.549500000,1.117200000
697,15.719800000,0.404700000
698,17.461500000,1.067700000
699,16.946800000,0.483300000
700,15.932800000,0.455200000
701,17.784400000,0.645300000
702,16.268300000,0.959300000
703,15.862500000,0.508300000
704,19.766600000,2.142700000
705,14.032300000,0.599500000
706,17.817700000,1.019800000
707,16.239600000,0.390100000
708,16.773400000,0.694300000
709,16.416700000,0.597900000
710,15.782300000,0.395300000
711,16.649000000,0.333400000
712,17.132200000,0.483400000
713,17.350600000,0.563000000
714,15.812500000,0.387500000
715,16.895300000,0.401600000
716,18.722900000,3.063500000
717,13.732300000,0.367700000
718,17.032300000,0.520300000
719,17.489000000,0.979200000
720,16.288600000,0.765600000
721,16.744300000,0.405700000
722,15.616600000,0.310400000
723,18.017200000,0.666700000
724,16.019300000,0.653100000
725,17.308300000,0.856200000
726,15.935400000,0.320800000
727,16.882300000,0.539600000
728,17.098500000,0.522900000
729,15.733800000,0.353100000
730,17.183900000,0.811900000
731,17.142700000,0.737000000
732,16.105200000,0.606700000
733,16.796900000,0.401500000
734,17.482800000,0.855200000
735,15.612000000,0.318200000
736,17.729600000,1.321900000
737,16.446900000,0.953700000
738,16.089600000,0.611400000
739,16.981200000,0.486500000
740,15.849000000,0.431300000
741,16.749500000,0.389100000
742,17.769300000,1.153600000
743,16.690600000,0.542700000
744,16.916100000,1.246300000
745,15.620900000,0.308900000
746,17.975500000,1.598500000
747,14.913500000,0.400500000
748,17.919300000,1.152600000
749,16.646300000,1.246900000
750,15.760500000,0.409300000
751,17.056200000,0.679700000
752,15.649500000,0.312000000
753,16.597900000,0.284900000
754,18.074500000,0.474400000
755,16.202600000,0.806800000
756,16.632300000,0.321400000
757,16.766100000,0.380700000
758,22.978200000,6.110400000
759,10.033300000,0.457800000
760,19.791700000,0.976000000
761,14.519700000,0.446300000
762,15.871400000,0.560900000
763,17.110900000,0.628700000
764,16.399500000,0.871400000
765,16.103700000,0.700500000
766,17.288000000,0.473900000
767,15.621300000,0.319300000
768,16.691200000,0.378100000
769,16.688000000,0.355200000
770,16.986500000,0.596300000
771,16.793200000,0.400000000
772,17.020800000,0.592700000
773,17.070300000,0.682300000
774,16.121900000,0.586500000
775,16.966200000,0.533800000
776,15.847900000,0.420400000
777,16.917700000,0.394800000
778,17.131800000,0.492200000
779,17.391100000,0.732300000
780,16.191700000,0.456200000
781,15.879700000,0.453100000
782,16.769200000,0.388600000
783,17.159400000,0.827600000
784,15.862500000,0.348400000
785,16.700000000,0.353100000
786,17.343800000,0.715600000
787,21.049400000,1.431300000
788,12.570900000,1.015100000
789,16.028600000,0.638000000
790,16.925000000,0.498500000
791,17.189100000,0.751500000
792,17.828600000,1.922900000
793,15.989600000,1.597900000
794,16.246900000,0.908400000
795,15.784900000,0.397900000
796,17.673900000,1.294800000
797,16.180800000,0.801100000
798,16.112500000,0.722900000
799,16.781700000,0.401600000
800,19.578200000,3.130700000
801,14.262500000,0.478100000
802,16.461900000,0.694300000
803,17.089600000,0.730700000
804,15.922900000,0.459900000
805,16.897400000,0.455700000
806,17.121900000,0.723500000
807,15.862000000,0.527600000
808,17.850500000,1.525000000
809,16.023400000,0.675000000
810,16.289100000,0.848500000
811,16.903100000,0.451600000
812,19.518300000,2.888000000
813,13.831700000,0.421300000
814,16.810400000,0.509900000
815,16.651100000,1.341200000
816,15.979700000,0.490600000
817,16.673900000,0.340600000
818,16.800600000,0.368800000
819,16.779100000,0.402100000
820,17.187000000,0.494800000
821,16.137000000,0.650500000
822,16.691600000,0.384400000
823,16.740200000,0.390600000
824,17.141600000,0.688000000
825,15.815100000,0.412000000
826,16.970900000,0.558300000
827,17.782800000,0.502600000
828,16.200000000,0.876000000
829,15.753100000,0.407300000
830,16.924000000,0.514100000
831,16.715100000,0.357800000
832,22.409900000,0.494300000
833,10.882800000,0.397400000
834,18.014500000,0.513500000
835,16.618300000,1.109900000
836,16.084900000,0.377600000
837,16.826000000,0.443300000
838,16.152600000,0.814100000
839,17.178100000,0.413000000
840,16.044300000,0.465600000
841,23.899500000,1.622900000
842,9.178600000,0.813000000
843,16.783900000,0.397900000
844,17.046300000,0.765600000
845,15.694300000,0.345300000
846,16.887000000,0.574000000
847,16.832300000,0.424400000
848,17.193200000,0.741600000
849,15.860400000,0.520300000
850,16.768300000,0.340100000
851,16.630200000,0.320900000
852,17.306200000,0.487000000
853,16.690600000,0.377600000
854,17.333900000,0.647400000
855,15.864600000,0.404700000
856,17.593200000,1.040100000
857,16.190100000,0.758400000
858,15.946400000,0.466200000
859,16.663000000,0.333900000
860,16.713000000,0.376600000
861,16.783900000,0.409900000
862,17.653100000,1.194200000
863,17.087500000,1.605200000
864,15.518200000,1.115100000
865,16.761000000,0.398500000
866,15.800500000,0.425000000
867,17.152600000,0.608800000
868,17.062000000,0.537500000
869,15.900000000,0.443800000
870,17.143200000,0.721300000
871,16.853100000,0.429700000
872,17.060400000,0.445300000
873,18.437500000,1.443200000
874,13.715100000,0.364100000
875,16.905200000,0.478600000
876,17.016200000,0.422300000
877,16.738000000,0.442700000
878,17.448500000,1.071900000
879,15.858300000,0.433400000
880,17.018700000,0.551100000
881,16.566200000,0.843200000
882,16.576500000,1.258800000
883,16.715100000,0.418200000
884,15.984900000,0.639600000
885,16.707900000,0.351100000
886,16.624400000,0.326000000
887,17.530200000,0.646900000
888,15.884400000,0.501100000
889,16.789600000,0.380800000
890,16.856300000,0.505200000
891,17.030700000,0.424500000
892,15.595800000,0.312500000
893,16.732800000,0.407300000
894,16.941700000,0.640100000
895,16.656200000,0.334900000
896,17.696900000,1.058900000
897,16.024000000,0.439100000
898,18.713500000,2.121900000
899,16.824500000,0.477100000
900,14.784900000,0.400600000
901,15.825500000,0.327600000
902,16.750000000,0.346900000
903,16.715600000,0.361400000
904,18.320400000,1.839500000
905,15.835900000,1.236500000
906,15.695800000,0.370300000
907,17.025000000,0.444800000
908,17.190600000,0.772400000
909,16.039600000,0.332800000
910,16.724000000,0.367200000
911,17.388000000,0.972900000
912,16.232800000,0.719300000
913,16.842200000,0.408400000
914,17.258900000,0.448400000
915,15.739000000,0.383300000
916,18.058900000,1.227600000
917,14.776000000,0.370800000
918,16.898500000,0.514500000
919,17.101500000,0.637500000
920,16.817200000,0.515600000
921,16.575000000,0.296300000
922,16.737500000,0.355200000
923,16.849000000,0.559400000
924,15.852100000,0.490100000
925,17.033800000,0.503700000
926,17.409400000,1.003100000
927,16.141100000,0.437500000
928,17.213600000,0.455700000
929,16.933300000,1.439000000
930,16.018800000,0.706700000
931,15.894200000,0.396400000
932,16.718800000,0.376000000
933,17.404100000,0.659400000
934,15.956800000,0.409400000
935,16.709900000,0.302100000
936,17.145300000,0.527100000
937,16.697900000,0.357300000
938,17.312000000,0.624500000
939,15.843800000,0.442700000
940,17.651500000,1.195300000
941,16.731800000,0.667200000
942,16.024000000,0.628100000
943,15.796300000,0.421900000
944,17.171400000,0.669300000
945,17.165600000,0.694200000
946,15.809900000,0.409400000
947,17.570800000,1.013600000
948,16.242200000,0.513500000
949,16.739600000,0.380200000
950,17.880200000,0.665600000
951,15.228600000,0.413000000
952,17.052600000,0.477600000
953,16.886000000,1.511000000
954,16.048400000,0.646400000
955,16.842200000,0.416700000
956,19.840600000,2.892700000
957,12.820900000,0.427100000
958,16.667700000,0.361000000
959,16.821300000,0.415600000
960,16.947900000,0.433300000
961,17.412000000,0.665600000
962,16.745900000,1.140100000
963,18.528100000,0.467700000
964,14.826000000,1.381800000
965,15.582300000,0.276500000
966,16.818200000,0.428100000
967,16.904700000,0.495300000
968,20.522400000,3.183300000
969,12.771900000,0.401100000
970,16.743800000,0.420800000
971,17.002000000,0.643200000
972,15.952600000,0.318200000
973,16.903700000,0.562000000
974,17.075000000,0.642700000
975,16.209400000,0.782300000
976,17.810900000,1.406800000
977,16.117700000,0.731800000
978,15.795800000,0.515600000
979,17.112500000,0.370800000
980,16.970900000,0.584300000
981,16.149500000,0.715100000
982,17.664500000,1.249500000
983,16.173000000,0.753100000
984,15.928600000,0.495400000
985,16.947900000,0.421900000
986,17.255200000,0.821400000
987,17.076600000,0.370900000
988,16.305200000,0.454600000
989,17.051600000,1.579100000
990,15.840600000,0.453100000
991,17.068700000,0.489100000
992,16.627600000,1.322400000
993,16.696400000,1.318300000
994,15.756200000,0.412500000
995,17.569800000,1.093200000
996,16.507300000,0.805200000
997,22.929700000,1.360400000
998,10.593800000,1.229200000
999,15.878600000,0.490100000
1000,16.733900000,0.420900000
1001,17.139000000,0.660900000
1002,16.052100000,0.677600000
1003,17.097900000,0.617700000
1004,16.944800000,0.581800000
1005,15.613000000,0.303700000
1006,16.604700000,0.313000000
1007,17.095900000,0.548000000
1008,16.869200000,0.419800000
1009,16.956300000,0.438000000
1010,17.916100000,0.734400000
1011,15.245900000,0.813500000
1012,16.829100000,0.439600000
1013,16.866200000,0.561000000
1014,16.052600000,0.492200000
1015,16.867200000,0.485400000
1016,17.005700000,0.676100000
1017,16.289100000,0.834900000
1018,17.186900000,0.594300000
1019,15.798500000,0.441700000
1020,16.850500000,0.356800000
1021,17.222400000,0.471900000
1022,15.898400000,0.463000000
1023,16.767200000,0.420300000
1024,16.967700000,0.627100000
1025,19.039600000,1.250000000
1026,14.197900000,0.354700000
1027,17.903700000,0.313100000
1028,16.086400000,0.438000000
1029,16.167200000,0.759400000
1030,16.900000000,0.551600000
1031,15.813000000,0.445800000
1032,16.679700000,0.362500000
1033,17.358900000,0.639000000
1034,17.023400000,0.657300000
1035,15.662000000,0.330800000
1036,17.002600000,0.565600000
1037,17.034900000,0.592700000
1038,17.178600000,0.825000000
1039,16.255800000,0.421900000
1040,15.918200000,0.484400000
1041,16.770300000,0.438500000
1042,16.827600000,0.438000000
1043,17.107800000,0.802100000
1044,16.959900000,0.564100000
1045,16.249000000,0.836900000
1046,16.971300000,0.603600000
1047,15.752600000,0.382800000
1048,17.292200000,0.806200000
1049,16.919800000,0.601600000
1050,16.350000000,0.977100000
1051,17.821400000,1.443300000
1052,16.222900000,0.504200000
1053,15.765100000,0.429700000
1054,17.837000000,1.165600000
1055,16.929100000,0.414100000
1056,14.742200000,0.397400000
1057,17.080800000,0.653600000
1058,17.169200000,0.744800000
1059,16.242200000,0.741600000
1060,16.919800000,0.458400000
1061,17.576600000,0.508300000
1062,15.675000000,0.353100000
1063,17.261400000,0.625000000
1064,15.747400000,0.380200000
1065,17.035400000,0.466700000
1066,17.266700000,0.778700000
1067,16.150500000,0.859400000
1068,16.915100000,0.544800000
1069,16.708900000,1.229100000
1070,15.827600000,0.422400000
1071,16.943700000,0.568200000
1072,17.903200000,0.975500000
1073,16.117100000,0.743700000
1074,15.726600000,0.306200000
1075,17.534400000,0.708300000
1076,15.968200000,0.484900000
1077,17.090600000,0.486500000
1078,16.796400000,0.397400000
1079,15.860900000,0.427600000
1080,17.100600000,0.638500000
1081,17.167100000,0.415100000
1082,16.628200000,1.002600000
1083,16.488000000,1.071800000
1084,15.943700000,0.525500000
1085,17.356300000,0.701100000
1086,16.778600000,0.357300000
1087,16.077100000,0.705200000
1088,17.617200000,1.229600000
1089,16.091700000,0.560900000
1090,16.873900000,0.433900000
1091,15.600000000,0.294700000
1092,17.275000000,0.868700000
1093,17.797400000,1.313600000
1094,16.460400000,0.677600000
1095,16.919300000,0.531800000
1096,15.344300000,0.412500000
1097,16.999500000,0.634400000
1098,16.865100000,0.371900000
1099,15.796800000,0.424500000
1100,16.705200000,0.361400000
1101,17.666700000,1.108400000
1102,15.891700000,0.452100000
1103,17.046900000,0.664600000
1104,16.863000000,0.434400000
1105,15.892200000,0.456700000
1106,17.472400000,1.016200000
1107,16.077000000,0.582800000
1108,17.695400000,0.988500000
1109,16.127000000,0.538000000
1110,16.873000000,0.471900000
1111,15.804600000,0.400000000
1112,17.621900000,1.297900000
1113,16.603700000,1.189000000
1114,15.989000000,0.340100000
1115,18.379700000,1.159400000
1116,15.843200000,0.512000000
1117,16.127600000,0.708800000
1118,17.289100000,0.874000000
1119,16.447400000,0.813100000
1120,17.851600000,2.422900000
1121,14.577600000,0.275000000
1122,16.976000000,0.568200000
1123,16.941700000,0.549400000
1124,17.090600000,0.788000000
1125,16.009400000,0.580200000
1126,16.908800000,0.535400000
1127,17.309400000,0.400000000
1128,15.937000000,0.473900000
1129,17.129700000,0.613000000
1130,16.471300000,1.044300000
1131,16.465100000,0.983800000
1132,17.355800000,0.868700000
1133,16.127600000,0.763000000
1134,16.055200000,0.684400000
1135,17.128600000,0.435400000
1136,17.839600000,0.812000000
1137,14.900000000,0.523400000
1138,16.660400000,0.335900000
1139,16.869800000,0.393800000
1140,17.282300000,0.464600000
1141,15.804700000,0.398400000
1142,17.557800000,1.072400000
1143,17.414100000,1.977600000
1144,17.464600000,1.769800000
1145,15.188000000,0.822900000
1146,16.232800000,0.376000000
1147,16.789000000,0.393700000
1148,16.803200000,0.502100000
1149,16.483300000,0.482800000
1150,17.170300000,0.556800000
1151,15.460400000,0.218200000
1152,16.739100000,0.392700000
1153,16.447400000,0.212000000
1154,16.774500000,0.328600000
1155,16.703100000,0.361400000
1156,16.691700000,0.347400000
1157,17.075500000,0.693300000
1158,17.268700000,0.407300000
1159,19.232800000,3.260400000
1160,14.175000000,0.725000000
1161,15.911000000,0.517700000
1162,16.990100000,0.460400000
1163,17.223900000,0.475500000
1164,16.606800000,0.689600000
1165,16.222400000,0.470900000
1166,17.282800000,0.602100000
1167,16.844300000,0.732800000
1168,15.853100000,0.466100000
1169,16.951600000,0.619800000
1170,15.742700000,0.461900000
1171,16.927100000,0.450000000
1172,17.525500000,1.108900000
1173,15.860900000,0.447400000
1174,16.951600000,0.461500000
1175,17.688000000,0.393200000
1176,15.813000000,0.455200000
1177,16.225000000,0.787000000
1178,17.455200000,0.994800000
1179,16.390200000,0.642200000
1180,15.781700000,0.388000000
1181,17.664600000,0.652100000
1182,15.957300000,0.658900000
1183,20.353100000,1.310900000
1184,13.494300000,0.853100000
1185,16.899000000,0.454700000
1186,16.423400000,0.991600000
1187,17.658800000,0.577600000
1188,15.812000000,0.417700000
1189,15.868800000,0.451500000
1190,16.587500000,0.294300000
1191,16.892200000,0.435400000
1192,17.057800000,0.470300000
1193,17.105200000,0.746400000
1194,16.180200000,0.487000000
1195,17.483800000,1.066100000
1196,16.084400000,0.684900000
1197,16.096900000,0.637500000
1198,17.008300000,0.513600000
1199,18.344800000,1.888500000
1200,15.105200000,0.455700000
1201,17.171900000,0.788000000
1202,15.784400000,0.333900000
1203,17.528100000,0.767200000
1204,17.281800000,1.919800000
1205,15.240100000,0.513100000
1206,16.943700000,0.764600000
1207,18.019300000,0.466200000
1208,16.753100000,2.266100000
1209,15.689600000,1.301100000
1210,15.645300000,0.332800000
1211,16.678100000,0.341600000
1212,17.046900000,0.780200000
1213,16.865100000,0.284400000
1214,18.508400000,1.716100000
1215,15.336900000,0.553600000
1216,16.146900000,0.620300000
1217,19.950500000,1.912000000
1218,13.128200000,0.814600000
1219,16.783300000,0.399000000
1220,16.797900000,0.482300000
1221,17.456800000,0.747900000
1222,16.354100000,0.588500000
1223,17.292800000,1.952100000
1224,14.567700000,0.281300000
1225,18.308800000,1.014100000
1226,15.637000000,0.320300000
1227,17.575500000,1.127100000
1228,16.086500000,0.652100000
1229,17.935400000,0.631200000
1230,15.218200000,0.660400000
1231,16.671900000,0.339600000
1232,17.392700000,0.883800000
1233,16.879200000,0.839600000
1234,16.083300000,0.728700000
1235,15.642700000,0.322900000
1236,17.642200000,1.288500000
1237,17.220800000,0.819800000
1238,15.654700000,0.311900000
1239,16.986500000,0.624400000
1240,17.609900000,0.967700000
1241,16.273900000,0.949000000
1242,16.843300000,1.189600000
1243,16.743700000,1.319800000
1244,16.328100000,0.856800000
1245,15.842200000,0.441600000
1246,16.929700000,0.412000000
1247,17.125000000,0.818200000
1248,16.132800000,0.593700000
1249,17.580200000,1.216100000
1250,16.914100000,0.649500000
1251,17.019800000,1.140600000
1252,15.710400000,0.428700000
1253,15.662000000,0.341700000
1254,16.805700000,0.468200000
1255,17.178100000,0.862500000
1256,17.178700000,0.432300000
1257,17.441100000,0.870300000
1258,16.454200000,0.806800000
1259,16.557300000,0.501600000
1260,15.889000000,0.555200000
1261,15.648500000,0.338100000
1262,16.729700000,0.392700000
1263,16.916100000,0.452600000
1264,18.080700000,1.662500000
1265,15.870400000,0.571400000
1266,16.621300000,0.316700000
1267,16.726100000,0.380800000
1268,16.933300000,0.406800000
1269,16.506800000,0.480700000
1270,15.641100000,0.322400000
1271,16.627600000,0.290600000
1272,16.906800000,0.569300000
1273,16.640600000,0.326000000
1274,17.613500000,1.002600000
1275,15.749000000,0.345800000
1276,16.531800000,0.257800000
1277,17.003600000,0.586500000
1278,16.981300000,0.442700000
1279,17.440100000,1.002100000
1280,16.548400000,1.068700000
1281,15.837500000,0.414100000
1282,16.887000000,0.475000000
1283,19.207800000,1.795300000
1284,14.026600000,0.402000000
1285,16.708800000,0.362500000
1286,16.790100000,0.467700000
1287,16.847400000,0.434900000
1288,16.174000000,0.702100000
1289,18.387500000,1.990700000
1290,15.303100000,0.438000000
1291,16.772900000,0.385400000
1292,16.179200000,0.489500000
1293,16.727100000,0.335400000
1294,16.596800000,0.290100000
1295,18.752100000,2.434400000
1296,15.543800000,0.821900000
1297,15.985900000,0.565100000
1298,17.018200000,0.678600000
1299,15.761000000,0.402600000
1300,16.860900000,0.477100000
1301,17.163000000,0.836400000
1302,16.815700000,0.509900000
1303,15.834900000,0.394800000
1304,16.652000000,0.325500000
1305,16.858400000,0.463000000
1306,17.375500000,0.786500000
1307,15.727100000,0.400000000
1308,18.657800000,0.492800000
1309,15.810900000,1.425000000
1310,15.902100000,0.466700000
1311,16.965600000,0.284900000
1312,18.553700000,1.689600000
1313,15.007800000,0.625000000
1314,16.133300000,0.791600000
1315,16.754700000,0.404200000
1316,17.294300000,0.839100000
1317,16.319800000,0.453600000
1318,17.047400000,0.560400000
1319,15.738500000,0.460900000
1320,16.815100000,0.390100000
1321,16.762000000,0.387000000
1322,17.124500000,0.752100000
1323,15.855200000,0.425600000
1324,16.967700000,0.501100000
1325,20.463000000,0.497400000
1326,13.446900000,0.492700000
1327,16.131200000,0.715100000
1328,16.883900000,0.549000000
1329,17.669800000,1.095900000
1330,19.885900000,1.100000000
1331,13.867700000,2.177100000
1332,14.683400000,0.382300000
1333,17.133800000,0.746400000
1334,17.082300000,0.647400000
1335,15.987000000,0.572900000
1336,18.670300000,2.110400000
1337,15.799000000,1.263600000
1338,15.686900000,0.369200000
1339,16.701100000,0.351600000
1340,17.078600000,0.643200000
1341,16.146900000,0.709400000
1342,17.582300000,0.522900000
1343,17.170300000,1.780200000
1344,15.210400000,0.515100000
1345,17.337500000,0.467200000
1346,15.917700000,0.478600000
1347,16.773000000,0.394300000
1348,17.040100000,0.726600000
1349,17.744200000,0.413000000
1350,14.757800000,0.427100000
1351,16.751100000,0.391700000
1352,16.907800000,0.491700000
1353,18.347400000,1.242100000
1354,14.612000000,0.313100000
1355,16.838500000,0.452100000
1356,16.983300000,0.494300000
1357,18.015700000,1.350000000
1358,16.585900000,0.970800000
1359,15.924000000,0.299500000
1360,16.392200000,1.031300000
1361,17.221800000,0.875000000
1362,16.502100000,0.546900000
1363,15.724500000,0.366200000
1364,16.663000000,0.332800000
1365,17.583300000,1.067100000
1366,15.798000000,0.394300000
1367,17.756700000,1.229700000
1368,15.939600000,0.430700000
1369,16.788600000,0.398400000
1370,17.002600000,0.623400000
1371,15.870800000,0.518200000
1372,16.834900000,0.426100000
1373,16.598400000,0.280200000
1374,17.086000000,0.387500000
1375,17.723400000,1.240600000
1376,16.099500000,0.491200000
1377,15.790600000,0.404700000
1378,17.033900000,0.618700000
1379,17.151000000,0.725000000
1380,16.496400000,0.443700000
1381,16.345800000,0.476100000
1382,17.281200000,0.466600000
1383,15.748000000,0.368700000
1384,17.606700000,1.199500000
1385,15.592200000,0.311400000
1386,17.176600000,0.402600000
1387,16.701500000,0.360400000
1388,17.264600000,0.508900000
1389,16.794800000,1.295900000
1390,15.892200000,0.469800000
1391,17.144300000,0.380200000
1392,15.795800000,0.456800000
1393,16.907300000,0.339600000
1394,16.705700000,0.430200000
1395,16.862500000,0.451600000
1396,17.111500000,0.581700000
1397,16.850500000,1.418800000
1398,16.252100000,0.372400000
1399,15.903100000,0.463500000
1400,17.358900000,0.902000000
1401,16.010400000,0.461400000
1402,16.930700000,0.503700000
1403,17.502100000,0.421900000
1404,16.402600000,0.374500000
1405,15.712000000,0.366200000
1406,19.816100000,2.198400000
1407,13.824500000,0.417200000
1408,16.725000000,0.410400000
1409,16.954200000,0.648500000
1410,16.763500000,0.393200000
1411,16.909900000,0.447900000
1412,15.820800000,0.334300000
1413,16.669800000,0.342700000
1414,16.746400000,0.379200000
1415,16.644800000,0.341700000
1416,17.348400000,0.678200000
1417,16.334400000,0.505300000
1418,17.050500000,0.493800000
1419,15.755700000,0.364500000
1420,16.649000000,0.317700000
1421,17.721400000,0.907800000
1422,16.383300000,0.706800000
1423,15.786500000,0.375000000
1424,16.837500000,0.413000000
1425,16.831700000,0.426500000
1426,16.880800000,0.470300000
1427,17.971300000,0.537000000
1428,15.285400000,0.390600000
1429,17.203100000,0.468700000
1430,15.662000000,0.360400000
1431,16.676600000,0.351600000
1432,16.648400000,0.359400000
1433,16.614100000,0.330200000
1434,16.876600000,0.359800000
1435,17.142700000,0.483800000
1436,18.885900000,1.864100000
1437,13.771400000,0.358300000
1438,16.611900000,0.282300000
1439,16.764100000,0.448400000
1440,16.837500000,0.410400000
1441,16.857300000,0.453700000
1442,17.030700000,0.622900000
1443,16.852100000,0.434900000
1444,15.912000000,0.471300000
1445,17.343700000,0.945300000
1446,16.420300000,0.957300000
1447,17.446900000,0.982800000
1448,15.628100000,0.309900000
1449,16.781300000,0.387500000
1450,16.764600000,0.398900000
1451,17.383800000,1.063000000
1452,15.906800000,0.478700000
1453,16.833900000,0.485400000
1454,16.835900000,0.503700000
1455,15.681800000,0.349400000
1456,16.942700000,0.494800000
1457,16.641100000,0.312500000
1458,16.712500000,0.319300000
1459,16.897400000,0.492200000
1460,17.125500000,0.675000000
1461,16.735400000,1.169300000
1462,15.953200000,0.481700000
1463,17.481200000,0.883300000
1464,15.911000000,0.417200000
1465,16.664000000,0.314000000
1466,16.740600000,0.372900000
1467,17.205300000,0.436900000
1468,15.961400000,0.508900000
1469,17.574000000,0.778100000
1470,17.175500000,0.580200000
1471,17.085400000,1.691700000
1472,14.834900000,0.358900000
1473,16.663500000,0.351500000
1474,16.725600000,0.414600000
1475,16.548400000,0.265100000
1476,17.147400000,0.530800000
1477,16.994300000,0.430200000
1478,16.101500000,0.740600000
1479,16.611000000,0.327000000
1480,16.866100000,0.483800000
1481,17.265100000,0.929700000
1482,15.903100000,0.413500000
1483,17.159400000,0.738500000
1484,15.729700000,0.378700000
1485,16.939100000,0.545800000
1486,16.544800000,0.263500000
1487,16.736900000,0.386400000
1488,17.102100000,0.602100000
1489,17.060400000,0.624500000
1490,15.897400000,0.430700000
1491,17.329200000,0.289000000
1492,15.627100000,0.309400000
1493,18.401600000,1.489000000
1494,15.739500000,0.326500000
1495,16.780800000,0.405200000
1496,18.778600000,1.539500000
1497,13.834900000,0.540100000
1498,17.657300000,1.280800000
1499,15.959900000,0.671400000
1500,16.758300000,0.319800000
1501,17.242700000,0.876600000
1502,16.506800000,1.079700000
1503,15.676600000,0.340700000
1504,16.777600000,0.408800000
1505,16.918700000,0.553100000
1506,17.002600000,0.420300000
1507,17.688600000,1.167100000
1508,16.192200000,0.765100000
1509,15.784900000,0.360900000
1510,17.473900000,0.516700000
1511,15.591200000,0.267700000
1512,17.093200000,0.700000000
1513,16.664600000,0.338500000
1514,17.046800000,0.584400000
1515,17.392200000,0.919800000
1516,16.241700000,0.878100000
1517,15.974500000,0.409900000
1518,16.837000000,0.410400000
1519,17.411900000,0.390600000
1520,15.639600000,0.321300000
1521,16.776600000,0.400500000
1522,16.936400000,0.633800000
1523,17.049000000,0.582800000
1524,15.950000000,0.667700000
1525,17.293200000,0.386500000
1526,15.573500000,0.278200000
1527,18.029700000,0.543700000
1528,17.628100000,0.516600000
1529,14.899500000,0.451000000
1530,16.671300000,0.409300000
1531,16.824500000,0.436000000
1532,17.156200000,0.768300000
1533,16.395400000,0.505200000
1534,16.940100000,0.478100000
1535,17.237500000,1.740100000
1536,15.845800000,0.433300000
1537,16.746900000,0.392700000
1538,15.986900000,0.469300000
1539,17.232300000,0.396300000
1540,17.225600000,0.678100000
1541,16.721300000,1.283900000
1542,16.437000000,0.400500000
1543,16.130200000,0.590700000
1544,17.403600000,0.982300000
1545,17.390700000,1.054600000
1546,16.675000000,0.808300000
1547,14.989000000,0.558300000
1548,16.659400000,0.316100000
1549,16.937000000,0.380200000
1550,16.969300000,0.623500000
1551,15.839500000,0.437500000
1552,16.834400000,0.431800000
1553,17.461500000,1.064600000
1554,15.940600000,0.431300000
1555,16.995300000,0.392700000
1556,17.563000000,0.712500000
1557,15.635400000,0.300000000
1558,16.898000000,0.559400000
1559,18.049400000,1.063000000
1560,15.451100000,0.803100000
1561,16.355700000,0.454700000
1562,16.979200000,0.606700000
1563,17.011400000,1.526100000
1564,16.436000000,0.611000000
1565,16.009900000,0.368300000
1566,16.843700000,0.422400000
1567,16.883900000,0.445800000
1568,17.798900000,1.031300000
1569,15.196900000,0.763000000
1570,16.576100000,0.275000000
1571,17.572900000,0.437000000
1572,15.961900000,0.494300000
1573,17.025600000,0.458300000
1574,17.245800000,0.392200000
1575,15.787000000,0.316200000
1576,16.651000000,0.333300000
1577,17.372900000,0.992700000
1578,16.355200000,0.446900000
1579,16.583400000,1.107300000
1580,15.904100000,0.430700000
1581,17.011000000,0.419300000
1582,16.915600000,0.485400000
1583,17.582300000,0.598500000
1584,15.579200000,0.279200000
1585,16.866100000,0.410400000
1586,18.503700000,1.493800000
1587,15.750500000,0.839000000
1588,15.726500000,0.359900000
1589,17.075600000,0.765600000
1590,15.988000000,0.470900000
1591,16.894300000,0.459900000
1592,17.593700000,0.861500000
1593,15.872900000,0.440600000
1594,15.624000000,0.308900000
1595,18.276500000,0.479200000
1596,16.091200000,0.408300000
1597,16.384400000,0.394300000
1598,17.825000000,1.296400000
1599,15.645800000,0.315600000
1600,16.611500000,0.320900000
1601,19.393700000,1.889100000
1602,14.391200000,0.814600000
1603,15.809800000,0.519700000
1604,17.176100000,0.770900000
1605,17.473400000,0.521900000
1606,16.344800000,0.911000000
1607,16.325000000,0.694300000
1608,16.057300000,0.482300000
1609,16.772900000,0.419300000
1610,17.063000000,0.681200000
1611,17.278200000,0.778100000
1612,16.211400000,0.790100000
1613,15.731300000,0.356300000
1614,16.861400000,0.540600000
1615,17.628700000,1.066700000
1616,15.546300000,0.264600000
1617,16.936000000,0.464100000
1618,16.976000000,0.470900000
1619,18.330700000,0.364600000
1620,14.968300000,0.364100000
1621,16.875000000,0.547400000
1622,17.117700000,0.728600000
1623,15.951000000,0.347900000
1624,16.629700000,0.315600000
1625,17.297900000,0.900500000
1626,15.881800000,0.403600000
1627,17.107800000,0.386000000
1628,17.601600000,1.034900000
1629,16.697900000,1.232800000
1630,15.219800000,0.495400000
1631,17.251000000,0.838000000
1632,16.503200000,0.419800000
1633,16.794200000,0.397400000
1634,16.757800000,0.999400000
1635,16.541200000,1.221300000
1636,15.945800000,0.392200000
1637,16.882300000,0.522400000
1638,16.679700000,0.325500000
1639,17.668200000,1.233400000
1640,16.624500000,0.499000000
1641,16.808300000,0.589000000
1642,15.793800000,0.498500000
1643,17.415100000,1.095800000
1644,15.755200000,0.331300000
1645,16.783300000,0.413500000
1646,17.179200000,0.880300000
1647,16.286500000,0.831200000
1648,17.490100000,0.675000000
1649,17.731200000,1.144800000
1650,14.694800000,0.302600000
1651,17.234400000,0.477100000
1652,15.936400000,0.472400000
1653,17.192700000,0.716700000
1654,17.179700000,1.644200000
1655,16.180800000,0.771900000
1656,16.172900000,0.825000000
1657,16.820800000,0.408300000
1658,18.282300000,1.456300000
1659,15.434400000,0.735400000
1660,16.613500000,1.017700000
1661,16.788600000,0.671900000
1662,15.857800000,0.499400000
1663,17.463000000,0.874500000
1664,15.854700000,0.427100000
1665,20.179100000,0.495300000
1666,14.995900000,1.437000000
1667,16.727600000,0.578600000
1668,14.690600000,0.325000000
1669,16.689600000,0.361500000
1670,17.262000000,0.953200000
1671,16.909300000,0.426000000
1672,17.136500000,1.701500000
1673,16.534900000,0.625600000
1674,15.866100000,0.431700000
1675,17.261000000,0.448400000
1676,15.837000000,0.439000000
1677,17.363000000,0.933800000
1678,15.669300000,0.297900000
1679,18.141100000,1.333400000
1680,15.917200000,0.452000000
1681,17.627100000,0.364000000
1682,16.054700000,0.673900000
1683,17.649400000,2.150600000
1684,15.933900000,1.529200000
1685,17.890100000,2.557800000
1686,14.735400000,0.379200000
1687,16.895800000,0.468200000
1688,16.093800000,0.633400000
1689,18.714600000,2.231700000
1690,16.207300000,1.756300000
1691,14.965600000,0.546400000
1692,16.726600000,0.378600000
1693,17.301500000,0.462000000
1694,15.853700000,0.411900000
1695,20.201500000,1.393200000
1696,13.654700000,0.344300000
1697,17.766200000,0.332900000
1698,15.983300000,0.617700000
1699,16.417200000,0.944200000
1700,17.497900000,0.762500000
1701,15.940100000,0.437000000
1702,15.931800000,0.603700000
1703,17.161400000,0.660900000
1704,16.780800000,0.397400000
1705,18.267200000,1.322400000
1706,15.263000000,0.815600000
1707,15.804700000,0.399000000
1708,17.208800000,0.913000000
1709,17.109400000,0.774000000
1710,16.129200000,0.418700000
1711,16.945800000,0.470300000
1712,17.884900000,0.633900000
1713,15.376000000,0.734900000
1714,16.559400000,0.281800000
1715,17.721900000,0.597900000
1716,15.880200000,0.449000000
1717,16.661400000,0.343200000
1718,15.658900000,0.343200000
1719,17.163000000,0.846900000
1720,17.014100000,0.690100000
1721,16.981800000,0.606800000
1722,15.988500000,0.479600000
1723,20.615600000,0.389100000
1724,13.371900000,0.662000000
1725,16.358300000,0.927100000
1726,17.179700000,0.845800000
1727,16.601100000,1.248500000
1728,15.970800000,0.413000000
1729,18.325000000,1.069300000
1730,14.736400000,0.324400000
1731,16.983400000,0.537500000
1732,16.877600000,0.432900000
1733,20.179200000,2.354700000
1734,13.156200000,0.636500000
1735,18.655200000,2.247400000
1736,15.325000000,0.479200000
1737,15.728700000,0.360400000
1738,16.998900000,0.640100000
1739,17.857800000,1.539000000
1740,15.012500000,0.694200000
1741,16.730200000,0.395800000
1742,17.288100000,0.921400000
1743,15.926500000,0.462500000
1744,18.398500000,2.010400000
1745,16.980700000,2.162000000
1746,14.841100000,0.388500000
1747,18.463600000,2.080700000
1748,15.863500000,0.411400000
1749,16.423500000,1.069200000
1750,15.659800000,0.371300000
1751,17.476600000,1.079200000
1752,16.138000000,0.646900000
1753,16.784900000,0.410400000
1754,17.476100000,1.029700000
1755,16.487500000,1.048400000
1756,16.163000000,0.634900000
1757,18.110900000,1.358900000
1758,15.092700000,0.298400000
1759,17.145900000,0.673400000
1760,15.925500000,0.419300000
1761,17.552100000,0.841100000
1762,15.823400000,0.439100000
1763,16.572400000,0.266100000
1764,16.967700000,0.437500000
1765,16.810400000,0.412000000
1766,16.989100000,0.705200000
1767,15.644800000,0.307300000
1768,16.842700000,0.520300000
1769,16.696300000,0.348400000
1770,17.098000000,0.377000000
1771,17.447900000,0.419800000
1772,16.579700000,0.935900000
1773,15.764000000,0.380200000
1774,16.711500000,0.369300000
1775,17.942700000,0.656800000
1776,15.721900000,0.350500000
1777,16.049500000,0.474500000
1778,17.751500000,1.140100000
1779,15.962000000,0.519800000
1780,17.863500000,1.075500000
1781,16.697400000,1.008300000
1782,15.063600000,0.728700000
1783,16.835400000,0.450000000
1784,17.217200000,0.777600000
1785,16.356700000,0.866200000
1786,16.852700000,0.402600000
1787,17.477000000,0.360400000
1788,16.459900000,0.904100000
1789,16.157800000,0.815100000
1790,15.866700000,0.440100000
1791,17.769800000,1.356800000
1792,16.100000000,0.698000000
1793,19.097900000,1.113000000
1794,15.240600000,1.825000000
1795,15.945900000,0.491100000
1796,16.965600000,1.370900000
1797,15.715100000,0.378100000
1798,16.589100000,0.313100000
1799,16.803600000,0.456200000
1800,16.845300000,0.407300000
1801,16.857300000,0.435400000
1802,17.125000000,0.514100000
1803,16.721900000,1.405200000
1804,15.785900000,0.398900000
1805,17.856300000,1.467200000
1806,15.631200000,0.341100000
1807,16.768800000,0.397400000
1808,18.557800000,2.111400000
1809,15.078600000,0.630200000
1810,15.956300000,0.592700000
1811,17.392700000,0.840600000
1812,16.190600000,0.747400000
1813,17.105800000,0.457800000
1814,15.799400000,0.418200000
1815,18.166200000,0.369800000
1816,15.827600000,0.439600000
1817,17.723900000,0.998400000
1818,15.850600000,0.441100000
1819,15.727000000,0.319800000
1820,16.788100000,0.423400000
1821,16.871300000,0.416700000
1822,16.764600000,0.389600000
1823,17.170300000,0.788600000
1824,16.199000000,0.839600000
1825,16.936400000,0.504700000
1826,17.706300000,1.000000000
1827,16.057300000,0.817100000
1828,15.720300000,0.338600000
1829,18.558800000,0.440600000
1830,15.685500000,0.951500000
1831,16.456200000,0.979200000
1832,16.680700000,0.881300000
1833,15.584900000,0.298400000
1834,17.890100000,0.348900000
1835,16.630200000,1.153100000
1836,15.825600000,0.487500000
1837,16.673900000,0.332300000
1838,17.717700000,1.328200000
1839,16.250600000,0.618700000
1840,17.772300000,1.350000000
1841,14.536000000,0.243700000
1842,17.566100000,0.288000000
1843,17.078200000,0.693200000
1844,15.876500000,0.467200000
1845,17.742700000,1.290100000
1846,15.646400000,0.323500000
1847,17.877600000,1.433300000
1848,16.694300000,0.466100000
1849,16.593200000,0.450000000
1850,17.114600000,1.822400000
1851,15.344200000,0.796300000
1852,19.324000000,1.347400000
1853,14.567200000,1.057300000
1854,16.040600000,0.436500000
1855,17.082800000,0.674000000
1856,15.683400000,0.346300000
1857,17.334300000,0.783900000
1858,16.736500000,0.423500000
1859,17.045800000,0.480200000
1860,15.720900000,0.360400000
1861,16.792100000,0.387000000
1862,16.693800000,0.358900000
1863,17.261500000,0.793700000
1864,15.874400000,0.529200000
1865,16.805800000,0.415600000
1866,17.316100000,0.876600000
1867,16.604700000,0.548400000
1868,16.888500000,1.226000000
1869,17.314600000,1.512000000
1870,15.926100000,0.490100000
1871,15.868700000,0.387500000
1872,16.922900000,0.388500000
1873,17.402600000,0.874000000
1874,15.647400000,0.321300000
1875,16.700500000,0.350500000
1876,17.428700000,0.957200000
1877,17.132800000,1.257900000
1878,15.826000000,0.439000000
1879,16.897400000,0.568700000
1880,18.508400000,0.643300000
1881,14.943200000,0.434900000
1882,16.757800000,0.965700000
1883,16.032800000,0.662500000
1884,16.609400000,0.293700000
1885,17.269800000,0.854700000
1886,15.711500000,0.343300000
1887,17.342100000,0.901000000
1888,16.896900000,0.293200000
1889,15.840100000,0.375000000
1890,19.059400000,1.365100000
1891,14.785400000,0.431200000
1892,17.561500000,0.414100000
1893,15.958800000,0.403100000
1894,17.509900000,1.166700000
1895,17.024500000,1.698400000
1896,15.167700000,0.519300000
1897,17.007300000,0.610400000
1898,17.934900000,0.467200000
1899,14.691700000,0.322900000
1900,17.648900000,1.230700000
1901,17.476600000,1.968300000
1902,14.943700000,0.519300000
1903,17.014100000,0.528200000
1904,17.132300000,0.655700000
1905,15.841700000,0.317200000
1906,16.752600000,0.381700000
1907,17.816600000,1.344300000
1908,16.181800000,0.637000000
1909,16.107800000,0.438600000
1910,16.697400000,0.346400000
1911,17.287500000,0.887000000
1912,16.174000000,0.487500000
1913,18.678100000,2.138100000
1914,14.782300000,0.354700000
1915,17.350000000,0.976000000
1916,16.342200000,0.877600000
1917,16.742700000,1.077700000
1918,16.345300000,0.894800000
1919,17.368700000,1.055700000
1920,17.527100000,0.478600000
1921,15.948500000,1.380800000
1922,16.517100000,1.120300000
1923,16.375600000,0.606200000
1924,15.571800000,0.280200000
1925,16.619300000,0.291100000
1926,17.669300000,0.704200000
1927,16.553600000,0.391700000
1928,15.836500000,0.307800000
1929,17.042700000,0.684400000
1930,16.672400000,0.343800000
1931,16.914600000,0.586500000
1932,16.772900000,0.422300000
1933,17.599000000,1.086500000
1934,16.389000000,0.816100000
1935,17.051600000,1.604200000
1936,16.548900000,1.006800000
1937,16.352100000,0.475500000
1938,15.852600000,0.432300000
1939,17.346400000,0.955800000
1940,17.226000000,1.764100000
1941,16.479700000,0.425500000
1942,16.384400000,0.925000000
1943,16.550500000,1.100600000
1944,15.925500000,0.427100000
1945,18.164100000,1.790700000
1946,14.664000000,0.340100000
1947,17.446900000,0.509400000
1948,16.709900000,0.357800000
1949,17.240600000,1.406300000
1950,16.031300000,0.646900000
1951,17.394800000,0.452600000
1952,15.855200000,0.512500000
1953,16.821300000,0.336400000
1954,15.790700000,0.435400000
1955,16.948900000,0.347900000
1956,17.367200000,0.675000000
1957,20.762500000,4.957300000
1958,11.673500000,0.338100000
1959,16.976000000,0.453100000
1960,17.690600000,1.260900000
1961,15.687500000,0.353600000
1962,17.104700000,0.416700000
1963,16.262000000,0.848400000
1964,17.691700000,1.172300000
1965,16.668200000,1.266700000
1966,16.729200000,0.997900000
1967,17.171800000,1.816700000
1968,14.926100000,0.422400000
1969,17.504700000,1.070800000
1970,16.534900000,1.071400000
1971,17.243200000,1.694800000
1972,16.652100000,1.015100000
1973,16.016100000,0.674000000
1974,16.294800000,0.889600000
1975,18.197400000,1.690600000
1976,14.921400000,0.423900000
1977,17.352600000,0.600600000
1978,15.784900000,0.474400000
1979,16.814500000,0.421900000
1980,17.588600000,1.116200000
1981,15.885900000,0.487500000
1982,16.992200000,0.634900000
1983,16.981300000,0.616600000
1984,15.954600000,0.466100000
1985,18.059400000,1.680700000
1986,15.589100000,0.282800000
1987,17.725000000,1.300000000
1988,16.131200000,0.496300000
1989,15.775500000,0.409300000
1990,18.086000000,1.601500000
1991,16.359400000,0.474500000
1992,16.654600000,1.097400000
1993,15.755300000,0.427100000
1994,16.993700000,0.535400000
1995,18.931300000,1.883300000
1996,14.028600000,0.505200000
1997,18.937000000,0.687500000
1998,14.663500000,0.345300000
1999,16.976100000,0.619800000
2000,15.851500000,0.437000000
2001,18.517700000,1.250000000
2002,15.456300000,0.478600000
2003,17.158800000,1.766100000
2004,15.991200000,0.568200000
2005,16.889000000,0.468700000
2006,15.803200000,0.505200000
2007,16.913000000,0.508300000
2008,18.020300000,1.561000000
2009,16.416700000,0.494800000
2010,16.198400000,0.592200000
2011,17.286500000,0.559900000
2012,15.588000000,0.288000000
2013,17.295300000,0.827100000
2014,15.749500000,0.424000000
2015,17.171300000,0.810900000
2016,17.069800000,0.451500000
2017,16.208900000,0.743700000
2018,16.994800000,0.579700000
2019,17.660400000,1.608300000
2020,14.923400000,0.580200000
2021,16.708400000,0.351100000
2022,17.941600000,1.403600000
2023,15.924500000,0.449500000
2024,17.150500000,0.489100000
2025,16.019800000,0.412500000
2026,17.065100000,0.627100000
2027,17.358400000,1.490100000
2028,15.718200000,0.351600000
2029,16.927600000,0.474500000
2030,15.838500000,0.433300000
2031,19.570300000,2.980200000
2032,13.861000000,0.456200000
2033,19.326000000,2.627100000
2034,14.209900000,0.792200000
2035,21.803100000,0.490600000
2036,12.313600000,0.984400000
2037,15.813000000,0.316600000
2038,16.761500000,0.390600000
2039,16.908800000,0.586500000
2040,16.751100000,0.394800000
2041,17.988000000,1.591700000
2042,14.749500000,0.250500000
2043,16.789500000,0.440100000
2044,17.156300000,0.726000000
2045,16.204200000,0.892200000
2046,16.832800000,0.358800000
2047,16.877600000,0.466100000
2048,17.927600000,1.212500000
2049,14.827600000,0.417200000
2050,16.654200000,0.321800000
2051,16.671800000,0.345800000
2052,16.826600000,0.396900000
2053,16.945800000,0.456300000
2054,17.029200000,0.658800000
2055,17.574500000,2.098400000
2056,17.347400000,0.714000000
2057,14.985900000,0.663500000
2058,15.905200000,0.609400000
2059,16.995800000,0.598400000
2060,17.127100000,0.672400000
2061,15.830800000,0.410500000
2062,18.414000000,0.945300000
2063,18.827100000,0.994300000
2064,12.706800000,0.384900000
2065,17.071300000,0.692200000
2066,17.492700000,1.147400000
2067,16.183900000,0.535400000
2068,18.006200000,1.017700000
2069,16.247400000,1.844300000
2070,16.068300000,0.469200000
2071,17.042200000,1.614000000
2072,15.642700000,0.313600000
2073,16.944800000,0.414600000
2074,16.806700000,0.395800000
2075,16.189600000,0.808900000
2076,17.974500000,1.515600000
2077,16.202100000,0.664500000
2078,15.594200000,0.286900000
2079,17.098000000,0.423500000
2080,18.674400000,2.179200000
2081,15.013600000,0.689100000
2082,16.027600000,0.665100000
2083,17.100000000,0.682300000
2084,17.692700000,1.363000000
2085,15.858800000,0.522900000
2086,15.840100000,0.478600000
2087,18.487500000,1.568800000
2088,14.936000000,0.508300000
2089,17.223400000,0.669300000
2090,17.167200000,0.865100000
2091,15.879200000,0.544800000
2092,18.695800000,0.582300000
2093,16.555700000,1.965700000
2094,14.967700000,0.483300000
2095,17.413100000,0.987500000
2096,15.591100000,0.298400000
2097,16.969800000,0.664000000
2098,17.094300000,0.671900000
2099,16.859900000,1.158300000
2100,15.789000000,0.454200000
2101,16.888100000,0.344800000
2102,16.896800000,0.570800000
2103,16.205800000,0.760900000
2104,17.529600000,1.077600000
2105,16.452100000,0.806300000
2106,16.415700000,1.092200000
2107,16.750500000,0.401600000
2108,15.732800000,0.369300000
2109,16.979700000,0.512500000
2110,17.048900000,0.692700000
2111,18.731800000,2.349000000
2112,15.048400000,0.596900000
2113,19.773500000,4.339000000
2114,12.714000000,0.365100000
2115,17.324000000,0.869300000
2116,16.003600000,0.563100000
2117,16.632900000,0.309900000
2118,17.327000000,0.607300000
2119,15.963600000,0.517200000
2120,16.801000000,0.401000000
2121,16.815700000,0.412000000
2122,16.871300000,0.536900000
2123,17.242200000,0.895300000
2124,16.098400000,0.354100000
2125,17.086500000,0.686000000
2126,15.993200000,0.495800000
2127,16.817200000,0.413000000
2128,16.750500000,0.391600000
2129,17.153700000,0.766700000
2130,15.814600000,0.395300000
2131,17.256200000,0.553100000
2132,16.169800000,0.752600000
2133,17.091700000,0.403700000
2134,17.217200000,0.584900000
2135,16.235900000,0.577600000
2136,16.367700000,0.953200000
2137,18.114100000,1.714000000
2138,14.746800000,0.357300000
2139,17.246400000,0.852600000
2140,17.322400000,0.612500000
2141,16.823900000,1.422400000
2142,15.773500000,0.391200000
2143,16.969800000,0.414600000
2144,15.832300000,0.442700000
2145,16.806700000,0.421300000
2146,17.241700000,0.751100000
2147,16.849000000,1.476000000
2148,16.423900000,1.014000000
2149,17.477600000,1.098400000
2150,16.558900000,0.494800000
2151,15.948400000,0.416700000
2152,16.949500000,0.456300000
2153,16.435400000,0.942800000
2154,16.842200000,0.285400000
2155,16.137000000,0.706200000
2156,16.855700000,0.516600000
2157,18.489600000,1.868700000
2158,14.872400000,0.340600000
2159,17.383300000,0.991700000
2160,19.765600000,1.238000000
2161,13.050600000,0.567700000
2162,15.945800000,0.602600000
2163,17.223400000,0.888600000
2164,17.167200000,0.846900000
2165,17.084400000,1.553100000
2166,16.004200000,0.485400000
2167,16.757800000,1.307900000
2168,15.969800000,0.278700000
2169,17.218700000,0.559400000
2170,16.637000000,1.060500000
2171,17.109400000,1.651000000
2172,15.878600000,0.405200000
2173,16.850500000,0.421300000
2174,17.459900000,0.694300000
2175,15.532800000,0.273000000
2176,16.647400000,0.353600000
2177,18.179200000,1.708400000
2178,15.031800000,0.559900000
2179,17.603600000,1.198400000
2180,16.635400000,1.080200000
2181,15.887000000,0.539000000
2182,16.604700000,0.316700000
2183,17.604700000,1.276600000
2184,17.082300000,1.327100000
2185,17.650500000,0.428100000
2186,15.067200000,0.677700000
2187,15.827100000,0.415100000
2188,17.134400000,0.696900000
2189,16.707800000,0.441700000
2190,16.700000000,0.360500000
2191,17.806700000,0.825000000
2192,14.708900000,0.350000000
2193,16.831800000,0.415100000
2194,17.849400000,1.105200000
2195,18.023000000,2.503100000
2196,14.836900000,0.425500000
2197,21.820900000,1.240100000
2198,14.801000000,0.392700000
2199,14.105700000,0.543200000
2200,15.649000000,0.348400000
2201,17.906800000,1.399500000
2202,16.093200000,0.679200000
2203,17.357800000,1.244700000
2204,15.076600000,0.558900000
2205,16.888500000,0.542200000
2206,16.713000000,0.351000000
2207,18.738100000,1.626000000
2208,15.125500000,0.515600000
2209,18.370300000,2.796900000
2210,14.799500000,0.476100000
2211,15.704100000,0.340600000
2212,16.758900000,0.450000000
2213,16.691700000,0.356300000
2214,16.692700000,0.364500000
2215,16.725000000,0.378600000
2216,17.394200000,1.066100000
2217,15.941700000,0.443800000
2218,16.689100000,0.329200000
2219,16.630700000,0.329200000
2220,17.278600000,0.675000000
2221,16.979700000,0.516200000
2222,15.864600000,0.446400000
2223,17.055200000,0.682800000
2224,18.294300000,1.443800000
2225,15.239600000,0.896900000
2226,16.791100000,1.369800000
2227,15.651100000,0.321400000
2228,17.059900000,0.322400000
2229,16.748400000,0.401600000
2230,16.986500000,0.615100000
2231,17.543700000,0.499500000
2232,16.076000000,0.573500000
2233,16.475600000,0.939100000
2234,15.840600000,0.393800000
2235,16.907800000,0.394800000
2236,17.033300000,0.478100000
2237,18.383400000,2.020800000
2238,17.946800000,3.014600000
2239,17.473000000,2.755200000
2240,13.080700000,0.731300000
2241,15.665100000,0.321900000
2242,16.717200000,0.391200000
2243,16.950500000,0.502100000
2244,16.995800000,0.510900000
2245,16.701600000,0.321400000
2246,16.749500000,0.462000000
2247,17.682800000,0.949500000
2248,16.572900000,1.151600000
2249,15.845300000,0.513000000
2250,16.606800000,0.309400000
2251,17.002600000,0.572400000
2252,15.674500000,0.292700000
2253,16.842700000,0.379700000
2254,17.536400000,1.105200000
2255,15.804700000,0.389600000
2256,17.023500000,0.488500000
2257,18.448900000,2.054200000
2258,15.192200000,0.814100000
2259,15.895300000,0.450000000
2260,17.342200000,0.933900000
2261,17.861500000,1.021900000
2262,15.171300000,0.628700000
2263,16.969800000,0.397900000
2264,16.735400000,0.448000000
2265,16.206800000,0.832300000
2266,17.070300000,0.669800000
2267,17.434900000,0.549400000
2268,15.837000000,0.397900000
2269,16.963000000,0.561500000
2270,16.612000000,1.094200000
2271,16.789600000,1.311500000
2272,16.757300000,1.027000000
2273,15.853600000,0.464600000
2274,17.101100000,0.474500000
2275,17.568200000,0.798400000
2276,16.740100000,1.330700000
2277,15.781200000,0.400000000
2278,15.906800000,0.318200000
2279,19.058900000,2.327100000
2280,14.995800000,0.490100000
2281,16.039100000,0.585400000
2282,16.609900000,0.325000000
2283,16.637500000,0.335500000
2284,16.880700000,0.396900000
2285,16.667700000,0.365600000
2286,16.875000000,0.488600000
2287,16.740600000,0.394800000
2288,17.039600000,0.682800000
2289,15.888500000,0.477600000
2290,17.242200000,0.837500000
2291,18.082800000,1.033900000
2292,15.212500000,0.374400000
2293,17.426600000,0.872900000
2294,15.845300000,0.520300000
2295,16.648500000,0.327100000
2296,17.079600000,0.519300000
2297,15.771900000,0.389100000
2298,17.048500000,0.460400000
2299,17.140600000,0.693200000
2300,16.516600000,1.084900000
2301,15.658400000,0.331800000
2302,17.595300000,1.220900000
2303,17.265100000,0.345300000
2304,15.811500000,0.443300000
2305,17.082200000,0.676000000
2306,15.873500000,0.436000000
2307,18.442700000,1.778200000
2308,14.651600000,0.313000000
2309,16.800000000,0.457800000
2310,17.353600000,0.504700000
2311,17.451000000,1.049500000
2312,16.562500000,1.138500000
2313,16.213100000,0.696800000
2314,16.523400000,1.054700000
2315,17.208900000,1.826100000
2316,16.196800000,0.688500000
2317,16.125600000,0.664600000
2318,17.335900000,0.794300000
2319,16.364600000,0.914000000
2320,17.220300000,0.623000000
2321,16.241100000,0.905200000
2322,15.680200000,0.377600000
2323,16.917200000,0.487000000
2324,16.892700000,0.438600000
2325,16.644300000,0.318200000
2326,17.378100000,0.995800000
2327,15.677100000,0.352100000
2328,17.375000000,0.863000000
2329,17.000000000,0.521400000
2330,15.854700000,0.432300000
2331,16.994800000,0.520300000
2332,16.947400000,0.496300000
2333,15.925500000,0.421900000
2334,16.801600000,0.387500000
2335,18.999500000,2.427600000
2336,15.585900000,1.134300000
2337,16.140100000,0.680700000
2338,15.975500000,0.480200000
2339,17.418800000,0.847900000
2340,16.219800000,0.392200000
2341,17.154100000,0.767200000
2342,16.467700000,0.989100000
2343,15.628200000,0.315100000
2344,16.755700000,0.388000000
2345,16.728600000,0.371300000
2346,17.062000000,0.695800000
2347,19.832800000,0.788000000
2348,14.083400000,0.692200000
2349,16.296800000,0.752100000
2350,16.993300000,0.511400000
2351,15.746800000,0.423000000
2352,17.059900000,0.696800000
2353,16.919300000,0.489100000
2354,19.701600000,2.141600000
2355,14.992700000,1.490600000
2356,16.829700000,0.787000000
2357,14.718200000,0.365600000
2358,16.728600000,0.275000000
2359,16.802100000,0.450000000
2360,17.326100000,0.833800000
2361,16.054100000,0.476600000
2362,16.996400000,0.509900000
2363,18.478600000,3.085900000
2364,14.760400000,0.403100000
2365,16.992200000,0.547900000
2366,15.729700000,0.366700000
2367,16.997400000,0.338500000
2368,17.078700000,0.409900000
2369,15.851000000,0.428700000
2370,17.692200000,1.272400000
2371,16.028100000,0.540700000
2372,17.254700000,0.859900000
2373,16.022900000,0.489100000
2374,18.681300000,1.726000000
2375,16.710400000,0.405200000
2376,14.972900000,0.410400000
2377,18.278100000,1.815100000
2378,15.743800000,0.474000000
2379,15.975000000,0.538000000
2380,17.729700000,1.144200000
2381,14.783800000,0.406800000
2382,17.053100000,0.739000000
2383,16.677100000,0.352600000
2384,17.611500000,1.243300000
2385,15.844800000,0.447900000
2386,17.268200000,0.507300000
2387,15.870300000,0.432300000
2388,16.896400000,0.357300000
2389,16.652100000,0.325600000
2390,17.432200000,0.927600000
2391,16.289100000,0.758800000
2392,15.887000000,0.453700000
2393,16.892700000,0.447900000
2394,17.071400000,0.612000000
2395,16.792700000,0.477600000
2396,15.959900000,0.366700000
2397,16.788500000,0.438600000
2398,17.702600000,1.359900000
2399,16.207800000,0.764100000
2400,17.941700000,2.494300000
2401,15.119800000,0.508300000
2402,18.439000000,0.524500000
2403,14.814600000,0.413000000
2404,17.623500000,0.857300000
2405,16.284300000,0.882300000
2406,16.607800000,1.076500000
2407,15.832900000,0.454200000
2408,16.848400000,0.420300000
2409,17.000000000,0.444300000
2410,17.274000000,0.895800000
2411,16.835400000,1.500600000
2412,16.357300000,0.683800000
2413,15.978100000,0.533300000
2414,17.154700000,0.720800000
2415,15.595300000,0.283900000
2416,16.681200000,0.352100000
2417,19.353700000,1.605700000
2418,14.846300000,0.415100000
2419,17.567200000,1.085500000
2420,16.593800000,1.185400000
2421,16.068200000,0.450000000
2422,15.745300000,0.414600000
2423,16.882800000,0.468200000
2424,17.001600000,0.480700000
2425,16.902600000,0.455800000
2426,16.071300000,0.582800000
2427,16.644300000,0.323400000
2428,16.538600000,0.271400000
2429,16.905200000,0.486900000
2430,17.605700000,0.495400000
2431,15.756200000,0.326000000
2432,21.554200000,0.331200000
2433,17.764600000,5.933900000
2434,11.064600000,0.762000000
2435,17.354100000,0.275500000
2436,16.627100000,0.373400000
2437,15.769800000,0.453600000
2438,16.838000000,0.523900000
2439,16.702600000,0.364000000
2440,17.299500000,0.815600000
2441,16.192200000,0.783900000
2442,16.284900000,0.766200000
2443,16.814100000,0.422300000
2444,16.852100000,0.571900000
2445,16.007800000,0.394700000
2446,16.923900000,0.382800000
2447,18.982800000,2.632300000
2448,14.930200000,0.441100000
2449,16.430300000,0.985400000
2450,17.204100000,0.659900000
2451,16.094300000,0.517700000
2452,17.312500000,0.553700000
2453,19.543200000,4.135400000
2454,13.981300000,0.978100000
2455,16.730700000,0.728600000
2456,15.868200000,0.538500000
2457,15.788600000,0.413000000
2458,17.032300000,0.463500000
2459,17.343200000,0.894200000
2460,16.780700000,1.264600000
2461,20.161000000,4.592200000
2462,13.426500000,0.951100000
2463,15.588600000,0.296400000
2464,17.159300000,0.794800000
2465,16.267700000,0.542700000
2466,16.982900000,0.419300000
2467,16.636400000,0.322400000
2468,17.183400000,0.791100000
2469,15.740100000,0.398900000
2470,25.638000000,0.488000000
2471,7.738500000,0.403700000
2472,24.753700000,0.420300000
2473,10.941100000,2.447900000
2474,14.475000000,0.252100000
2475,18.986500000,1.759400000
2476,14.407300000,0.194200000
2477,16.507300000,0.280200000
2478,16.370300000,0.179700000
2479,16.311900000,0.145800000
2480,18.407900000,0.300000000
2481,15.601000000,0.293800000
2482,16.914600000,0.538600000
2483,17.252600000,0.829600000
2484,16.176500000,0.349500000
2485,16.859400000,0.453600000
2486,15.893800000,0.409300000
2487,16.959900000,0.421900000
2488,16.892700000,0.475000000
2489,17.091600000,0.789600000
2490,18.408400000,2.284900000
2491,13.747900000,0.374500000
2492,16.858300000,0.441100000
2493,16.929700000,0.467700000
2494,16.909900000,0.597900000
2495,17.262000000,0.897400000
2496,18.006800000,0.660900000
2497,14.669200000,0.345800000
2498,17.290700000,0.876000000
2499,15.951500000,0.511500000
2500,16.920300000,0.458800000
2501,18.836500000,0.780200000
2502,14.437500000,0.707800000
2503,17.009400000,0.620300000
2504,15.563500000,0.279700000
2505,16.829200000,0.431800000
2506,16.761400000,0.351500000
2507,16.743300000,0.392800000
2508,17.147900000,0.640700000
2509,17.441100000,0.853700000
2510,21.122900000,5.675500000
2511,10.991200000,0.459900000
2512,17.097900000,0.626100000
2513,16.993200000,0.616100000
2514,16.015700000,0.319800000
2515,16.798900000,0.424500000
2516,17.149000000,0.733800000
2517,16.982800000,1.351000000
2518,16.376500000,0.554200000
2519,15.827700000,0.403100000
2520,17.794700000,0.960900000
2521,16.443300000,1.040600000
2522,15.952600000,0.577100000
2523,17.212000000,0.281800000
2524,15.773900000,0.474400000
2525,16.715600000,0.362500000
2526,17.446900000,0.668700000
2527,15.681300000,0.295800000
2528,19.071800000,2.766700000
2529,15.010500000,0.705200000
2530,17.846300000,1.425000000
2531,17.772900000,2.191200000
2532,14.037500000,0.646400000
2533,16.809900000,0.438000000
2534,16.861000000,0.465100000
2535,17.128600000,0.666100000
2536,15.976000000,0.509400000
2537,16.657900000,0.330300000
2538,17.876000000,1.509900000
2539,15.787500000,0.403700000
2540,17.491700000,0.783300000
2541,15.700000000,0.352600000
2542,17.821800000,0.760500000
2543,16.209900000,0.463500000
2544,16.382900000,0.417700000
2545,16.233300000,0.771400000
2546,17.122900000,0.571900000
2547,15.950000000,0.485400000
2548,16.826600000,0.317200000
2549,17.286400000,0.816100000
2550,16.337000000,0.463600000
2551,16.968200000,0.481300000
2552,17.062500000,0.674500000
2553,15.611000000,0.303100000
2554,17.147400000,0.654600000
2555,15.918200000,0.419300000
2556,17.884900000,0.383900000
2557,15.974500000,0.633300000
2558,17.363500000,1.088500000
2559,16.030200000,0.658900000
2560,18.392700000,1.594200000
2561,15.345900000,0.781800000
2562,15.975500000,0.400000000
2563,17.009400000,0.534900000
2564,18.270300000,1.014000000
2565,15.016600000,0.457800000
2566,17.506300000,1.129200000
2567,15.913500000,0.598400000
2568,16.866200000,0.534300000
2569,15.669800000,0.343700000
2570,17.537500000,1.133300000
2571,15.603100000,0.307800000
2572,18.223400000,0.549500000
2573,16.391700000,1.030200000
2574,16.116700000,0.356800000
2575,16.773900000,0.421400000
2576,17.446900000,1.073500000
2577,15.841700000,0.436400000
2578,17.794800000,0.888100000
2579,16.618200000,0.649500000
2580,16.603100000,0.837500000
2581,15.635400000,0.346400000
2582,17.740100000,1.365100000
2583,15.991700000,0.518300000
2584,16.962500000,1.456200000
2585,17.247400000,1.555700000
2586,15.052600000,0.608900000
2587,17.021300000,0.739500000
2588,16.911500000,0.551000000
2589,15.965600000,0.497900000
2590,17.995300000,1.185400000
2591,16.237500000,0.841100000
2592,17.444800000,0.992700000
2593,14.915700000,0.473500000
2594,17.607300000,1.191600000
2595,16.515100000,0.754200000
2596,15.847900000,0.442100000
2597,16.894200000,0.451000000
2598,16.848000000,0.449500000
2599,17.311900000,0.593800000
2600,15.823000000,0.463000000
2601,17.086400000,0.675000000
2602,17.491200000,1.028100000
2603,16.840100000,1.392200000
2604,16.228600000,0.554200000
2605,16.013000000,0.395300000
2606,17.112500000,0.622400000
2607,16.012000000,0.533300000
2608,17.066700000,0.721900000
2609,17.604100000,0.739100000
2610,17.244300000,1.687500000
2611,14.679700000,0.352100000
2612,17.414100000,0.981800000
2613,16.584900000,0.367200000
2614,15.708300000,0.344300000
2615,16.926600000,0.567100000
2616,17.006700000,0.344300000
2617,16.872900000,0.431200000
2618,17.037500000,0.409900000
2619,15.986500000,0.495900000
2620,17.384900000,0.603100000
2621,16.330200000,1.049500000
2622,16.088000000,0.754700000
2623,16.915600000,0.493700000
2624,17.028700000,0.708300000
2625,15.793200000,0.406300000
2626,17.058900000,0.605300000
2627,17.684400000,1.246800000
2628,15.681700000,0.377600000
2629,16.901100000,0.569200000
2630,18.508800000,1.886500000
2631,14.904700000,0.523500000
2632,17.303700000,0.783800000
2633,16.319700000,0.807300000
2634,18.183400000,1.886500000
2635,15.967200000,1.635400000
2636,15.614000000,1.183400000
2637,15.768300000,0.355300000
2638,16.855200000,0.492100000
2639,16.930200000,0.507200000
2640,18.431200000,1.910400000
2641,14.748500000,0.392800000
2642,16.684900000,0.364600000
2643,16.935900000,0.568800000
2644,17.600000000,1.320300000
2645,16.278600000,0.921900000
2646,16.384400000,0.884900000
2647,19.525000000,2.679200000
2648,14.615100000,0.614100000
2649,16.059400000,0.441700000
2650,22.361500000,5.215600000
2651,11.914500000,1.564100000
2652,15.771900000,0.657900000
2653,15.856800000,0.399000000
2654,16.709900000,0.329700000
2655,16.843700000,0.458400000
2656,17.884400000,1.363000000
2657,16.616700000,0.745800000
2658,16.203100000,0.529600000
2659,17.416700000,0.727600000
2660,14.784900000,0.432900000
2661,17.214500000,0.878600000
2662,17.464600000,1.054200000
2663,15.680800000,0.339000000
2664,17.437500000,0.672900000
2665,16.001000000,0.617700000
2666,17.139100000,0.770300000
2667,15.563500000,0.269800000
2668,17.031200000,0.543200000
2669,17.562500000,1.032300000
2670,16.400000000,0.589600000
2671,16.011000000,0.621300000
2672,17.758800000,1.349500000
2673,15.937000000,0.497900000
2674,17.578100000,1.118800000
2675,16.080800000,0.710400000
2676,16.596800000,1.194200000
2677,17.044300000,0.456300000
2678,17.473500000,2.051000000
2679,14.714500000,0.364500000
2680,17.405200000,1.081200000
2681,15.828200000,0.303100000
2682,16.902100000,0.571800000
2683,16.894700000,0.501500000
2684,17.442800000,1.047400000
2685,16.109900000,0.668700000
2686,16.908800000,0.585400000
2687,15.886500000,0.300500000
2688,17.123400000,0.398500000
2689,17.153100000,0.675000000
2690,16.384400000,0.954700000
2691,17.266100000,0.443200000
2692,16.975000000,0.764600000
2693,16.608400000,1.202600000
2694,15.785900000,0.419300000
2695,16.648500000,0.338000000
2696,16.967100000,0.606700000
2697,15.816700000,0.492200000
2698,16.912500000,0.452600000
2699,17.470300000,1.097400000
2700,16.404700000,0.907800000
2701,16.382800000,0.374500000
2702,17.183900000,0.781300000
2703,15.844800000,0.499500000
2704,16.873400000,0.408300000
2705,17.138500000,0.722900000
2706,16.748000000,1.351500000
2707,15.826000000,0.366700000
2708,16.641200000,0.334900000
2709,17.027600000,0.411900000
2710,18.115100000,1.520800000
2711,15.702600000,0.981800000
2712,16.886400000,1.396400000
2713,16.171900000,0.690200000
2714,17.313000000,0.433300000
2715,15.968200000,0.554200000
2716,17.874500000,1.085400000
2717,14.901100000,0.511000000
2718,17.974400000,0.875000000
2719,16.161500000,0.430200000
2720,16.597900000,1.205700000
2721,15.715600000,0.325000000
2722,18.374000000,1.938000000
2723,16.269800000,0.876600000
2724,16.055200000,0.446900000
2725,16.728700000,0.338500000
2726,17.321300000,0.450500000
2727,16.238500000,0.775000000
2728,16.427700000,0.975500000
2729,16.117700000,0.450000000
2730,16.739500000,0.288600000
2731,16.797400000,0.419300000
2732,17.730200000,1.247900000
2733,15.836000000,0.441200000
2734,17.751500000,1.244300000
2735,16.001600000,0.649000000
2736,16.833300000,0.704100000
2737,16.043800000,0.424000000
2738,17.914600000,1.534900000
2739,14.918200000,0.449000000
2740,17.584900000,1.122400000
2741,16.089100000,0.655800000
2742,18.179100000,1.405200000
2743,14.847400000,0.442200000
2744,16.808400000,0.358900000
2745,16.577000000,0.291100000
2746,17.288600000,0.516600000
2747,17.393200000,0.502100000
2748,16.919300000,1.113600000
2749,15.877100000,0.462500000
2750,18.009300000,2.150000000
2751,14.692800000,0.365100000
2752,16.946800000,0.579200000
2753,17.361500000,0.429200000
2754,15.738000000,0.374500000
2755,16.951000000,0.601500000
2756,17.947400000,0.681300000
2757,14.850600000,0.466100000
2758,17.231200000,0.860900000
2759,17.796900000,0.541600000
2760,15.098900000,0.627000000
2761,16.756300000,0.404700000
2762,17.457800000,1.052600000
2763,15.766700000,0.396400000
2764,17.436400000,1.052600000
2765,15.636500000,0.315600000
2766,18.431800000,0.872400000
2767,15.752000000,0.401000000
2768,15.717200000,0.361900000
2769,16.921900000,0.568700000
2770,18.707800000,0.381800000
2771,15.636000000,1.233800000
2772,16.631700000,0.445800000
2773,15.896900000,0.482300000
2774,17.979700000,1.470300000
2775,16.013000000,0.533400000
2776,17.153100000,1.722900000
2777,16.034900000,0.629700000
2778,16.754200000,0.663600000
2779,16.219800000,0.752000000
2780,17.023400000,0.672400000
2781,15.884900000,0.439100000
2782,16.644800000,0.323400000
2783,17.016200000,0.647900000
2784,20.537500000,1.870300000
2785,12.776500000,0.415600000
2786,17.150000000,0.758900000
2787,16.171900000,0.341100000
2788,16.787500000,0.445400000
2789,17.158900000,0.725000000
2790,16.340600000,0.815600000
2791,16.892700000,0.521900000
2792,16.023400000,0.540100000
2793,16.822900000,0.417100000
2794,17.227100000,0.868700000
2795,15.738600000,0.378600000
2796,18.984300000,0.415600000
2797,15.406800000,0.584900000
2798,15.763600000,0.396900000
2799,16.816600000,0.403100000
2800,17.214100000,0.844800000
2801,15.989000000,0.509900000
2802,17.712500000,1.013600000
2803,15.665700000,0.359300000
2804,17.668200000,1.279700000
2805,15.964600000,0.442700000
2806,18.254200000,1.462000000
2807,14.814000000,0.407800000
2808,17.488600000,0.759300000
2809,15.847900000,0.420800000
2810,17.479100000,0.784900000
2811,15.853700000,0.521900000
2812,18.204700000,1.784300000
2813,15.025000000,0.588500000
2814,17.341600000,0.454700000
2815,16.341200000,0.934300000
2816,17.626500000,0.476500000
2817,15.657300000,0.342700000
2818,18.639100000,1.530200000
2819,15.607300000,1.148400000
2820,16.003100000,0.441700000
2821,16.691200000,0.346800000
2822,17.168200000,0.699000000
2823,16.546300000,1.037500000
2824,16.384400000,0.980200000
2825,16.078100000,0.631700000
2826,17.032900000,0.440600000
2827,16.678600000,0.337500000
2828,16.876600000,0.443700000
2829,15.940600000,0.495300000
2830,16.622400000,0.275000000
2831,16.566700000,0.283400000
2832,17.091100000,0.780200000
2833,16.838000000,0.435900000
2834,17.734900000,0.671900000
2835,15.932300000,0.479200000
2836,15.894300000,0.416700000
2837,16.908300000,0.492700000
2838,17.225000000,0.429200000
2839,16.072400000,0.570800000
2840,18.192700000,0.919800000
2841,14.690100000,0.354600000
2842,16.783900000,0.424500000
2843,16.730200000,0.376100000
2844,16.940100000,0.463000000
2845,16.698400000,0.363000000
2846,17.783900000,1.335400000
2847,16.677600000,1.113000000
2848,15.844800000,0.447400000
2849,17.129100000,0.500000000
2850,16.016200000,0.387500000
2851,16.931800000,0.394200000
2852,17.909900000,1.126600000
2853,15.767700000,1.252600000
2854,17.121800000,0.973400000
2855,16.208900000,0.777600000
2856,16.211500000,0.353100000
2857,16.723400000,0.390600000
2858,17.348400000,0.975000000
2859,15.951100000,0.466200000
2860,16.813500000,0.476600000
2861,15.770300000,0.412000000
2862,16.987500000,0.581300000
2863,16.892700000,0.529200000
2864,17.338100000,0.966100000
2865,15.984300000,0.622900000
2866,16.957300000,0.527100000
2867,17.535400000,0.605200000
2868,15.869800000,0.466100000
2869,15.941200000,0.538500000
2870,16.889000000,0.434300000
2871,16.822400000,0.380700000
2872,17.204700000,0.712500000
2873,16.965100000,0.452100000
2874,16.468800000,0.728600000
2875,16.331200000,0.940600000
2876,16.972400000,0.358800000
2877,15.692700000,0.344800000
2878,17.248500000,0.782300000
2879,17.649400000,0.699500000
2880,16.039100000,0.590100000
2881,16.014100000,0.652100000
2882,18.283800000,0.740100000
2883,14.909400000,0.463100000
2884,17.114100000,0.439500000
2885,17.357300000,0.468200000
2886,15.945800000,0.669800000
2887,16.683800000,0.346800000
2888,18.091200000,1.285400000
2889,15.240600000,0.466700000
2890,16.871900000,0.504700000
2891,15.878100000,0.461500000
2892,17.074500000,0.403700000
2893,16.538500000,0.269300000
2894,17.100600000,0.555200000
2895,16.680700000,1.062500000
2896,15.741600000,0.380700000
2897,16.622400000,0.302000000
2898,16.827100000,0.476600000
2899,16.771900000,0.384900000
2900,23.542700000,4.852100000
2901,9.907300000,0.459400000
2902,17.480700000,1.080700000
2903,15.782800000,0.389600000
2904,17.089100000,0.468800000
2905,16.752100000,0.364100000
2906,17.343700000,0.947400000
2907,15.888600000,0.435400000
2908,17.051000000,0.562000000
2909,17.037000000,1.494800000
2910,16.092200000,0.432800000
2911,17.064600000,0.582300000
2912,16.445800000,1.024000000
2913,15.747400000,0.381300000
2914,16.773400000,0.403600000
2915,16.562500000,0.267200000
2916,17.745900000,1.242700000
2917,15.972900000,0.515600000
2918,17.114600000,0.492200000
2919,15.847900000,0.392200000
2920,17.420800000,0.429700000
2921,17.359900000,0.566200000
2922,16.457800000,0.459900000
2923,16.480800000,0.760900000
2924,16.822400000,1.439100000
2925,16.146800000,0.506800000
2926,16.901600000,0.426100000
2927,16.278600000,0.920300000
2928,17.161000000,0.671900000
2929,16.106200000,0.572900000
2930,17.758900000,0.827600000
2931,15.908800000,0.481300000
2932,18.054700000,2.601600000
2933,15.743300000,1.176000000
2934,18.951500000,0.374500000
2935,13.991700000,0.481200000
2936,15.770300000,0.436500000
2937,16.878100000,0.555700000
2938,18.013000000,1.608800000
2939,16.527600000,1.121400000
2940,15.828200000,0.466100000
2941,16.772900000,0.360400000
2942,17.452100000,0.517700000
2943,17.264000000,1.670800000
2944,15.301600000,0.894200000
2945,17.224000000,0.507800000
2946,16.700000000,1.066700000
2947,15.685400000,0.382300000
2948,16.681700000,0.342200000
2949,16.893300000,0.517200000
2950,17.883800000,1.142200000
2951,16.350000000,0.688000000
2952,16.312000000,0.716700000
2953,15.819800000,0.417700000
2954,16.682300000,0.326600000
2955,17.036400000,0.539600000
2956,17.518800000,0.554700000
2957,17.287500000,0.605700000
2958,15.739100000,0.873900000
2959,15.882800000,0.472400000
2960,16.554700000,0.266700000
2961,16.623400000,0.322900000
2962,16.985400000,0.516700000
2963,17.037000000,0.624000000
2964,16.173400000,0.814600000
2965,16.980800000,0.574000000
2966,17.369200000,0.443700000
2967,15.931800000,0.407300000
2968,17.171900000,0.616100000
2969,16.227600000,0.788500000
2970,16.780700000,0.398400000
2971,21.085400000,2.701100000
2972,13.321900000,1.792200000
2973,15.087500000,0.715100000
2974,16.919800000,0.542200000
2975,16.060900000,0.423900000
2976,17.142700000,0.557800000
2977,16.858400000,0.464500000
2978,16.919200000,0.563000000
2979,17.804700000,2.287000000
2980,14.562500000,0.272900000
2981,19.769800000,3.066600000
2982,14.168200000,0.445800000
2983,16.829200000,0.447900000
2984,19.079700000,2.104200000
2985,13.973400000,0.498500000
2986,18.329200000,1.476000000
2987,14.864600000,0.453600000
2988,16.840600000,0.412500000
2989,16.873500000,0.440100000
2990,17.069700000,0.394800000
2991,16.393300000,0.709300000
2992,17.514600000,2.032300000
2993,17.146300000,1.341100000
2994,14.807300000,0.385900000
2995,17.433900000,0.427100000
2996,16.285900000,0.808300000
2997,16.804700000,0.430300000
2998,15.854100000,0.459900000
2999,16.952100000,0.515700000
3000,17.756800000,1.769800000
3001,16.365100000,1.053100000
3002,16.991700000,0.353600000
3003,15.658800000,0.322900000
3004,18.052600000,1.657300000
3005,14.820900000,0.407300000
3006,16.914000000,0.515100000
3007,16.926600000,0.573500000
3008,18.007800000,0.906800000
3009,14.860400000,0.457800000
3010,17.816200000,1.353700000
3011,15.892200000,0.449500000
3012,16.970300000,0.586400000
3013,16.813000000,0.504700000
3014,16.072400000,0.701000000
3015,17.415100000,0.873900000
3016,15.942700000,0.513600000
3017,16.731800000,0.377100000
3018,16.659300000,0.313500000
3019,16.674500000,0.344800000
3020,17.123500000,0.714100000
3021,18.256200000,1.668800000
3022,18.067700000,3.037500000
3023,14.240600000,0.503100000
3024,16.300600000,0.869800000
3025,15.859300000,0.367200000
3026,18.607300000,2.119300000
3027,14.981300000,0.500500000
3028,17.469200000,0.692700000
3029,16.134900000,0.801000000
3030,17.013100000,0.500500000
3031,16.846800000,1.074000000
3032,17.026100000,0.800500000
3033,15.563500000,0.269200000
3034,18.188000000,1.512000000
3035,14.961000000,0.597400000
3036,17.025000000,0.448000000
3037,16.901000000,0.470800000
3038,15.979700000,0.435500000
3039,17.506300000,1.134300000
3040,15.895300000,0.422900000
3041,16.778600000,0.381800000
3042,17.255700000,0.786500000
3043,18.898000000,1.471900000
3044,13.644200000,0.332800000
3045,18.474000000,1.557800000
3046,15.725500000,0.434400000
3047,16.711000000,0.824500000
3048,17.902600000,2.213000000
3049,15.207800000,0.757300000
3050,15.889600000,0.488500000
3051,16.902000000,0.479200000
3052,19.167700000,0.477100000
3053,13.823500000,0.416700000
3054,16.940600000,0.445900000
3055,17.092700000,0.479700000
3056,17.016700000,0.725500000
3057,15.623900000,0.321300000
3058,16.767700000,0.405700000
3059,16.664600000,0.335900000
3060,17.078200000,0.418700000
3061,16.898400000,0.458400000
3062,17.340600000,0.564600000
3063,16.330700000,0.732800000
3064,16.352700000,0.853100000
3065,17.178600000,0.602100000
3066,18.247900000,2.662500000
3067,13.758900000,0.354700000
3068,19.520800000,1.145900000
3069,13.667200000,0.324000000
3070,19.139100000,2.453100000
3071,15.257800000,0.814100000
3072,16.457300000,1.032300000
3073,16.854100000,0.340700000
3074,15.859400000,0.456800000
3075,16.819800000,0.328100000
3076,19.066700000,2.590100000
3077,15.523400000,1.103100000
3078,16.175500000,0.739100000
3079,15.928700000,0.484900000
3080,17.644200000,0.430200000
3081,15.697900000,0.362500000
3082,17.691200000,0.541100000
3083,16.396300000,0.892200000
3084,16.118800000,0.814100000
3085,18.746400000,0.691100000
3086,15.194200000,0.775600000
3087,15.974500000,0.577600000
3088,18.263500000,0.476000000
3089,14.888100000,0.466100000
3090,16.890100000,0.364100000
3091,17.476000000,1.066200000
3092,15.751100000,0.351500000
3093,17.245300000,0.832300000
3094,15.871300000,0.468800000
3095,17.869300000,1.460900000
3096,18.333300000,0.991200000
3097,13.633900000,0.321900000
3098,17.444200000,0.902600000
3099,17.177700000,0.335900000
3100,16.784800000,1.286500000
3101,16.754700000,1.365100000
3102,17.795300000,1.912000000
3103,15.218300000,0.805300000
3104,15.953100000,0.606300000
3105,17.168200000,0.722900000
3106,15.742700000,0.386400000
3107,16.634400000,0.306200000
3108,16.769800000,0.453600000
3109,17.106800000,0.481700000
3110,18.347400000,1.850000000
3111,16.209900000,0.484900000
3112,21.450500000,5.658300000
3113,11.165100000,0.721800000
3114,16.085400000,0.590600000
3115,16.990100000,0.471300000
3116,17.027600000,0.668800000
3117,15.783400000,0.377000000
3118,18.400000000,0.513000000
3119,14.922300000,0.560900000
3120,16.772400000,0.376000000
3121,17.019800000,0.548900000
3122,17.271400000,0.526100000
3123,15.877600000,0.431300000
3124,18.378100000,0.405700000
3125,15.393200000,0.805700000
3126,16.321400000,0.888600000
3127,16.687500000,0.346900000
3128,17.185900000,0.875500000
3129,15.606300000,0.292700000
3130,17.285900000,0.524000000
3131,17.414600000,0.447400000
3132,16.292700000,0.413500000
3133,16.115600000,0.688500000
3134,17.674500000,1.227100000
3135,16.093800000,0.487500000
3136,17.255200000,1.468800000
3137,16.465100000,0.433300000
3138,15.857800000,0.430200000
3139,16.676000000,0.321800000
3140,17.666700000,1.191100000
3141,15.838500000,0.424000000
3142,18.825600000,1.292200000
3143,14.070800000,0.604700000
3144,17.531800000,0.382300000
3145,15.775000000,0.429600000
3146,18.193200000,0.423400000
3147,16.060400000,0.640700000
3148,16.893800000,0.495300000
3149,17.148900000,1.420300000
3150,15.203700000,0.792700000
3151,16.590600000,0.299500000
3152,17.834400000,0.745800000
3153,15.870300000,0.462500000
3154,17.466700000,1.069800000
3155,16.513000000,0.608300000
3156,16.010900000,0.384900000
3157,16.713000000,0.326000000
3158,18.530200000,1.856800000
3159,15.119300000,0.527600000
3160,16.165100000,0.338000000
3161,17.479200000,1.072900000
3162,16.297900000,0.514600000
3163,15.692700000,0.340600000
3164,16.792700000,0.388600000
3165,16.709400000,0.364600000
3166,16.959900000,0.469300000
3167,17.653100000,1.201600000
3168,19.804200000,4.168800000
3169,13.118700000,0.467200000
3170,15.821400000,0.412500000
3171,17.454700000,0.943800000
3172,15.624400000,0.292700000
3173,16.667200000,0.321300000
3174,20.356300000,2.265100000
3175,14.771300000,1.378600000
3176,15.880800000,0.543800000
3177,15.814000000,0.518200000
3178,17.391700000,1.022400000
3179,15.910900000,0.460900000
3180,17.358900000,0.376600000
3181,16.673900000,0.339600000
3182,17.094300000,0.768700000
3183,15.738600000,0.408400000
3184,19.887500000,3.447400000
3185,14.244800000,0.824500000
3186,16.366100000,0.402600000
3187,17.157300000,0.492700000
3188,15.802100000,0.420300000
3189,17.262500000,0.854200000
3190,15.702600000,0.369800000
3191,16.746900000,0.381700000
3192,17.778100000,0.513100000
3193,15.930700000,0.466700000
3194,17.252600000,0.863000000
3195,15.736500000,0.373000000
3196,18.892700000,2.441100000
3197,15.284400000,0.833400000
3198,16.781200000,0.488600000
3199,16.682800000,1.124500000
3200,16.906800000,1.043300000
3201,15.879200000,0.398400000
3202,17.753100000,0.799400000
3203,16.705700000,1.302600000
3204,18.049000000,0.841100000
3205,13.793700000,0.384400000
3206,17.916200000,0.634900000
3207,15.689500000,0.301600000
3208,17.678700000,1.370300000
3209,16.694800000,1.340600000
3210,15.690600000,0.363000000
3211,16.991200000,0.511500000
3212,16.019700000,0.447900000
3213,16.941700000,0.411000000
3214,17.221400000,0.609900000
3215,15.853600000,0.450000000
3216,17.264100000,0.507800000
3217,15.775000000,0.355800000
3218,18.560400000,1.526500000
3219,15.018700000,0.548400000
3220,17.975600000,1.553100000
3221,16.220300000,0.791600000
3222,16.048900000,0.664000000
3223,16.927600000,0.531800000
3224,17.418300000,0.431800000
3225,15.683300000,0.332800000
3226,17.700000000,1.303200000
3227,16.370300000,0.378100000
3228,16.074000000,0.426000000
3229,16.738500000,0.386500000
3230,17.701100000,1.100500000
3231,15.843700000,0.427100000
3232,16.416700000,0.828100000
3233,17.276000000,0.496400000
3234,16.142700000,0.393700000
3235,16.729200000,0.345900000
3236,17.201000000,0.453100000
3237,15.825000000,0.423400000
3238,17.838600000,1.021800000
3239,16.397400000,0.979600000
3240,16.651000000,0.679200000
3241,15.741200000,0.375000000
3242,17.305700000,0.843700000
3243,17.827600000,2.298900000
3244,15.905700000,1.065600000
3245,16.617700000,1.192700000
3246,16.031800000,0.458900000
3247,16.717700000,0.363500000
3248,16.019300000,0.476500000
3249,16.733300000,0.376100000
3250,17.144300000,0.739000000
3251,17.832800000,0.537500000
3252,16.503100000,1.996900000
3253,15.900000000,0.560900000
3254,17.177100000,1.335500000
3255,15.744300000,0.366200000
3256,18.220800000,0.631800000
3257,14.908300000,0.454200000
3258,17.123000000,0.429200000
3259,16.734800000,0.354100000
3260,16.652700000,0.733300000
3261,15.881700000,0.398900000
3262,17.225500000,0.772400000
3263,17.340700000,0.932800000
3264,16.461900000,0.813500000
3265,15.677700000,0.355200000
3266,16.803100000,0.399500000
3267,16.823900000,0.422400000
3268,17.093800000,0.515600000
3269,15.920300000,0.409900000
3270,18.350500000,1.543200000
3271,16.689100000,1.198500000
3272,16.305700000,0.568800000
3273,15.831800000,0.425600000
3274,19.071900000,1.273900000
3275,14.421800000,1.013000000
3276,17.190100000,0.505700000
3277,15.767700000,0.404100000
3278,20.434400000,4.062500000
3279,12.743800000,0.366100000
3280,17.682300000,0.729100000
3281,15.834300000,0.428600000
3282,17.224500000,0.444800000
3283,16.181800000,0.501000000
3284,17.161400000,0.755700000
3285,15.904200000,0.402600000
3286,17.401100000,0.999500000
3287,15.834300000,0.455200000
3288,17.431300000,0.414600000
3289,16.645800000,0.486000000
3290,15.890100000,0.506800000
3291,16.529200000,0.246400000
3292,17.808300000,1.388100000
3293,16.784900000,0.975600000
3294,16.599500000,0.909900000
3295,15.933800000,0.467200000
3296,17.035500000,0.605700000
3297,16.728600000,0.368700000
3298,16.465100000,1.064600000
3299,17.982300000,1.549000000
3300,15.738500000,1.280200000
3301,15.851600000,0.434400000
3302,17.727600000,1.064100000
3303,15.757800000,0.396400000
3304,17.089100000,0.533900000
3305,17.168700000,0.529700000
3306,17.039600000,0.372900000
3307,16.052100000,0.526000000
3308,17.137000000,1.676000000
3309,15.901500000,0.473400000
3310,17.576600000,0.876100000
3311,16.573400000,0.788000000
3312,15.882900000,0.480200000
3313,16.658300000,0.341700000
3314,17.648900000,0.934900000
3315,15.968300000,0.424000000
3316,16.214000000,0.461400000
3317,17.451100000,1.022400000
3318,16.428100000,0.391200000
3319,15.650500000,0.349500000
3320,17.338600000,0.962500000
3321,16.752100000,0.385900000
3322,16.133300000,0.709900000
3323,17.707300000,1.282800000
3324,16.109900000,0.397900000
3325,15.704100000,0.359900000
3326,17.894300000,1.421800000
3327,15.918200000,0.503600000
3328,18.150000000,1.717700000
3329,15.088100000,0.636400000
3330,18.272900000,1.564600000
3331,15.185900000,0.281700000
3332,17.361000000,0.816700000
3333,19.254100000,0.462500000
3334,19.566200000,1.355200000
3335,18.031700000,7.651000000
3336,12.063600000,0.719300000
3337,16.855700000,0.460400000
3338,15.038000000,1.202600000
3339,14.566700000,0.263100000
3340,17.426000000,0.230200000
3341,16.762500000,0.461400000
3342,16.844800000,0.478100000
3343,16.211000000,0.485400000
3344,18.439000000,0.420800000
3345,14.822400000,0.430800000
3346,20.434900000,3.205200000
3347,12.814600000,0.383300000
3348,17.258900000,0.794300000
3349,16.715100000,0.379200000
3350,15.814000000,0.407800000
3351,16.528100000,0.262000000
3352,16.962500000,0.425000000
3353,16.788600000,0.404700000
3354,16.926000000,0.457800000
3355,16.889600000,0.448400000
3356,18.065600000,0.420800000
3357,14.634400000,0.323400000
3358,18.112000000,1.058300000
3359,16.232800000,0.812500000
3360,16.002100000,0.356300000
3361,16.634400000,0.281300000
3362,17.536900000,1.069300000
3363,15.844300000,0.435400000
3364,17.830200000,0.735900000
3365,16.467700000,0.600000000
3366,16.559900000,0.609900000
3367,15.613000000,0.311900000
3368,17.545400000,0.969300000
3369,15.876000000,0.423500000
3370,17.039100000,0.446800000
3371,17.342700000,0.548400000
3372,16.921300000,1.176100000
3373,15.928200000,0.493700000
3374,15.780700000,0.410400000
3375,16.607300000,0.296900000
3376,17.050500000,0.376600000
3377,17.254700000,0.862500000
3378,16.159400000,0.542100000
3379,18.944200000,1.791700000
3380,16.086500000,0.822400000
3381,14.753100000,0.387500000
3382,18.194300000,1.762500000
3383,16.194300000,0.479700000
3384,16.552600000,0.405700000
3385,15.767700000,0.397400000
3386,16.727600000,0.382800000
3387,16.979100000,0.412500000
3388,17.805200000,0.732300000
3389,16.166200000,0.358400000
3390,16.117700000,0.457900000
3391,16.902100000,0.463000000
3392,15.703600000,0.412000000
3393,16.839600000,0.427600000
3394,16.609400000,0.298500000
3395,16.819800000,0.423500000
3396,18.333300000,1.382200000
3397,14.880200000,0.428600000
3398,18.157800000,1.702600000
3399,15.991200000,0.511900000
3400,17.330700000,1.164600000
3401,16.909900000,0.506800000
3402,15.101600000,0.345300000
3403,16.866600000,0.452100000
3404,19.322900000,1.078600000
3405,13.679700000,0.342200000
3406,17.536500000,0.988000000
3407,15.746900000,0.369200000
3408,17.658300000,0.633900000
3409,15.706800000,0.378700000
3410,17.177100000,0.673500000
3411,16.725000000,0.371800000
3412,17.872900000,0.469700000
3413,14.843700000,0.463500000
3414,17.187500000,0.482300000
3415,17.032300000,0.642200000
3416,16.839100000,1.221800000
3417,15.893700000,0.470300000
3418,18.582800000,2.185900000
3419,15.634900000,0.977600000
3420,15.672400000,0.285400000
3421,16.493300000,0.244300000
3422,17.365100000,0.886400000
3423,15.743200000,0.397400000
3424,17.985400000,1.537500000
3425,15.808900000,0.408300000
3426,17.525000000,1.025500000
3427,15.890600000,0.400000000
3428,17.650000000,1.220300000
3429,15.667200000,0.341700000
3430,17.878600000,1.485900000
3431,17.020900000,1.119800000
3432,15.787500000,1.219300000
3433,15.729100000,0.285900000
3434,17.208400000,0.760400000
3435,16.890600000,0.434900000
3436,16.620300000,1.173400000
3437,16.588500000,0.757800000
3438,18.510500000,3.206700000
3439,14.942100000,0.484400000
3440,15.850600000,0.378100000
3441,16.605200000,0.306300000
3442,17.818200000,1.470400000
3443,15.784900000,0.414100000
3444,18.102600000,1.572400000
3445,15.865600000,0.537500000
3446,20.812000000,0.507300000
3447,11.738500000,0.377600000
3448,17.643800000,1.240600000
3449,16.733800000,1.220300000
3450,16.555300000,0.935900000
3451,15.716600000,0.364600000
3452,18.092200000,1.343200000
3453,15.957300000,0.560500000
3454,15.682800000,0.338500000
3455,16.929700000,0.465100000
3456,21.330700000,0.409900000
3457,11.562000000,0.283800000
3458,18.118200000,0.826500000
3459,16.178700000,0.555700000
3460,17.650000000,0.346400000
3461,16.167200000,0.376100000
3462,16.571800000,0.962500000
3463,15.864600000,0.408800000
3464,17.554200000,1.137500000
3465,15.720300000,0.275000000
3466,17.453100000,1.081200000
3467,15.796400000,0.393800000
3468,16.657300000,0.296900000
3469,16.622900000,0.308300000
3470,16.682800000,0.369300000
3471,16.647400000,0.325000000
3472,18.234900000,0.328600000
3473,16.370800000,0.489600000
3474,15.599500000,0.299000000
3475,16.952100000,0.392700000
3476,17.471900000,1.057800000
3477,15.973900000,0.542200000
3478,17.613600000,0.786000000
3479,16.278600000,0.855300000
3480,15.887500000,0.419800000
3481,18.131800000,1.731800000
3482,14.977100000,0.576600000
3483,16.912000000,0.508800000
3484,21.364500000,4.877100000
3485,11.881800000,0.446900000
3486,17.482800000,0.834400000
3487,15.937000000,0.534400000
3488,18.291700000,1.072400000
3489,14.658800000,0.375500000
3490,18.331300000,0.781200000
3491,16.542700000,0.554700000
3492,17.193200000,0.385900000
3493,14.862500000,0.478200000
3494,17.295800000,0.723900000
3495,15.601100000,0.297900000
3496,17.344800000,0.965100000
3497,17.394800000,0.471800000
3498,16.404700000,0.392200000
3499,15.598900000,0.271300000
3500,16.797900000,0.409900000
3501,16.911500000,0.426100000
3502,17.004200000,0.595300000
3503,17.206700000,0.854700000
3504,16.950500000,1.428600000
3505,15.866700000,0.471300000
3506,19.184400000,1.828600000
3507,13.821300000,0.427600000
3508,16.984400000,0.591700000
3509,17.412000000,0.411000000
3510,16.172900000,0.504200000
3511,15.927600000,0.440100000
3512,19.381300000,1.148900000
3513,13.996300000,0.507300000
3514,18.367700000,1.935400000
3515,14.586500000,0.286500000
3516,17.046900000,0.716700000
3517,16.806700000,0.425000000
3518,17.913600000,1.438500000
3519,15.593700000,0.299400000
3520,17.681300000,0.955700000
3521,17.026000000,0.800000000
3522,16.217700000,1.800500000
3523,15.754200000,0.444800000
3524,17.988500000,1.328700000
3525,14.996400000,0.487500000
3526,16.827600000,0.408300000
3527,17.221900000,0.787000000
3528,16.274400000,0.468200000
3529,18.216200000,0.501100000
3530,19.327100000,0.439500000
3531,12.643700000,0.320300000
3532,17.225500000,0.451500000
3533,15.712500000,0.395800000
3534,16.852100000,0.391100000
3535,17.246900000,0.813000000
3536,16.492200000,0.707800000
3537,15.599500000,0.300500000
3538,18.794200000,2.028100000
3539,14.773500000,0.391200000
3540,18.124500000,1.273900000
3541,16.136900000,0.440100000
3542,16.441700000,1.029200000
3543,15.716700000,0.340100000
3544,17.686400000,0.959900000
3545,16.047400000,0.475500000
3546,16.694800000,0.371900000
3547,16.741200000,0.395300000
3548,17.065100000,0.686900000
3549,17.957800000,1.086500000
3550,16.544200000,2.117700000
3551,14.879700000,0.463500000
3552,16.911500000,0.430800000
3553,16.960400000,0.509400000
3554,17.094800000,0.736500000
3555,15.842700000,0.449000000
3556,17.729700000,1.305200000
3557,16.205200000,0.775500000
3558,16.296400000,0.971300000
3559,16.865600000,0.557300000
3560,17.454200000,0.803600000
3561,15.837500000,0.409300000
3562,19.361400000,2.930700000
3563,15.251100000,0.934900000
3564,14.693700000,0.371400000
3565,16.727100000,0.385400000
3566,16.731200000,0.382300000
3567,27.051100000,0.431300000
3568,9.103100000,1.352100000
3569,14.459400000,0.916700000
3570,17.461400000,0.680200000
3571,15.919300000,0.608300000
3572,18.692700000,1.231800000
3573,13.911000000,0.451500000
3574,16.969700000,0.441600000
3575,17.709900000,0.397900000
3576,15.783400000,0.424400000
3577,16.929100000,0.497900000
3578,15.985500000,0.518200000
3579,17.690600000,0.468300000
3580,15.762000000,0.405800000
3581,16.734300000,0.370300000
3582,17.321900000,0.937500000
3583,16.193800000,0.795300000
3584,17.279100000,0.798500000
3585,15.880200000,0.432800000
3586,16.784400000,0.383300000
3587,18.577100000,1.076500000
3588,14.781200000,0.381200000
3589,16.933900000,0.484300000
3590,19.256800000,0.547900000
3591,13.860900000,0.394300000
3592,17.456800000,0.512000000
3593,16.397900000,1.018200000
3594,15.881200000,0.413500000
3595,18.065100000,0.493700000
3596,17.791700000,1.774000000
3597,14.999500000,0.530200000
3598,18.998400000,3.380200000
3599,14.613100000,0.673900000
3600,16.332800000,0.518300000
3601,15.589000000,0.302600000
