frame,frameMs,presentMs
1,6.848400000,0.259900000
2,17.909900000,1.416600000
3,15.804200000,0.337500000
4,17.421400000,0.306200000
5,16.110400000,0.617800000
6,16.558300000,0.988600000
7,16.032800000,0.638000000
8,17.320900000,0.782800000
9,16.309300000,0.869800000
10,16.763100000,0.405200000
11,16.980700000,0.538100000
12,16.310900000,0.891100000
13,16.661500000,0.301000000
14,16.571900000,0.196900000
15,16.608800000,0.223900000
16,16.670300000,0.293200000
17,16.791200000,0.206200000
18,17.456700000,0.436900000
19,15.630200000,0.162500000
20,17.287000000,0.477100000
21,16.097400000,0.654100000
22,17.107300000,0.717700000
23,16.136500000,0.194800000
24,21.308800000,1.974500000
25,17.780800000,4.351600000
26,13.912500000,1.369700000
27,13.672900000,0.231300000
28,16.702100000,0.217700000
29,16.640600000,0.366200000
30,22.118200000,2.553600000
31,14.443200000,3.041600000
32,14.161000000,0.172900000
33,15.602600000,0.242700000
34,18.316600000,0.503100000
35,15.704200000,0.288000000
36,17.320300000,0.887500000
37,16.574000000,0.712500000
38,17.076500000,0.308800000
39,15.825600000,0.447400000
40,17.136400000,0.224400000
41,15.730200000,0.429700000
42,16.713600000,0.296300000
43,16.671800000,0.130700000
44,17.141700000,0.163500000
45,15.727600000,0.275000000
46,16.761000000,0.245900000
47,16.527000000,0.209400000
48,16.651600000,0.266100000
49,17.145300000,0.596300000
50,17.494300000,0.719300000
51,16.301000000,0.158800000
52,17.081300000,0.163600000
53,15.828100000,0.438000000
54,16.870800000,0.313100000
55,16.796400000,0.363000000
56,16.731200000,0.336000000
57,16.778200000,0.327000000
58,18.335900000,2.929700000
59,14.837500000,0.303700000
60,16.802100000,0.385400000
61,15.780700000,0.398900000
62,17.586000000,1.091600000
63,15.691600000,0.321300000
64,17.901600000,1.478700000
65,15.679700000,0.315100000
66,17.725000000,1.332800000
67,16.017700000,0.529700000
68,17.404100000,0.631700000
69,15.762000000,0.296300000
70,16.633900000,0.254200000
71,16.781700000,0.395800000
72,17.534400000,0.458800000
73,16.255200000,0.220300000
74,17.282300000,1.865600000
75,15.666200000,0.262500000
76,17.356700000,0.160500000
77,15.898500000,0.469300000
78,17.393200000,1.027100000
79,16.333900000,0.864600000
80,15.802600000,0.220900000
81,17.115600000,0.355700000
82,17.592700000,1.000000000
83,15.734900000,0.279700000
84,17.522400000,1.157800000
85,15.789600000,0.425000000
86,16.709900000,0.251100000
87,17.296800000,0.659300000
88,16.199000000,0.745300000
89,18.320300000,1.797900000
90,15.834900000,1.412500000
91,15.830700000,0.300500000
92,17.446900000,0.899500000
93,15.615100000,0.268200000
94,17.428700000,0.912000000
95,15.865600000,0.361500000
96,17.618200000,1.199500000
97,15.699000000,0.302600000
98,18.222400000,0.984300000
99,14.569200000,0.238500000
100,18.492800000,1.011900000
101,15.666100000,0.283900000
102,16.589100000,0.225000000
103,16.901500000,0.260400000
104,17.509400000,0.305700000
105,15.505700000,0.211400000
106,16.567700000,0.237500000
107,16.804700000,0.367700000
108,17.697400000,1.222400000
109,15.826100000,0.413000000
110,17.009900000,0.536900000
111,15.716600000,0.325000000
112,16.924500000,0.492700000
113,17.184900000,0.227100000
114,15.676000000,0.255200000
115,17.100600000,0.681300000
116,16.786900000,0.371300000
117,16.795900000,0.232800000
118,17.325500000,0.974500000
119,15.682800000,0.356700000
120,18.300500000,1.597400000
121,14.851600000,0.469300000
122,17.013500000,0.627600000
123,16.851600000,0.275500000
124,18.160900000,0.244200000
125,14.501100000,0.218200000
126,16.548400000,0.210900000
127,17.789600000,0.475000000
128,16.489100000,0.837000000
129,16.513500000,0.184900000
130,19.443200000,0.702100000
131,14.187500000,0.186900000
132,15.801600000,0.301100000
133,16.934400000,0.464100000
134,16.820800000,0.346900000
135,17.146400000,0.277100000
136,15.795300000,0.414100000
137,17.095800000,0.471400000
138,16.843200000,0.283800000
139,17.000500000,0.150000000
140,16.130300000,0.751000000
141,16.719200000,0.304100000
142,16.588600000,0.257300000
143,17.358800000,0.661400000
144,15.555800000,0.215100000
145,17.267100000,0.203700000
146,16.605800000,0.236500000
147,17.059900000,0.282800000
148,15.507800000,0.222400000
149,17.612500000,0.217200000
150,16.604100000,0.262500000
151,16.879700000,0.466100000
152,16.064100000,0.652600000
153,17.685400000,1.301100000
154,15.714100000,0.356300000
155,17.022400000,0.280200000
156,17.502100000,1.127600000
157,15.823900000,0.461400000
158,16.659400000,0.282800000
159,17.194300000,0.700000000
160,16.116100000,0.738000000
161,17.120800000,0.666600000
162,15.914600000,0.498900000
163,16.678700000,0.368200000
164,16.742700000,0.150000000
165,16.851000000,0.313500000
166,16.924000000,0.562000000
167,16.267700000,0.800000000
168,16.635900000,0.330700000
169,16.791200000,0.472400000
170,16.593700000,0.242200000
171,16.791200000,0.337500000
172,16.737500000,0.383900000
173,16.958300000,0.179700000
174,16.360900000,0.129600000
175,16.948500000,0.400000000
176,15.728100000,0.305700000
177,16.737500000,0.291700000
178,16.849000000,0.396300000
179,16.978100000,0.217200000
180,16.694200000,0.294800000
181,17.351600000,0.359900000
182,15.584400000,0.260900000
183,17.009400000,0.576100000
184,16.574400000,0.239600000
185,17.289600000,0.657300000
186,16.034400000,0.476600000
187,18.914100000,1.907900000
188,14.581200000,0.222300000
189,16.581800000,0.633800000
190,16.845300000,0.467700000
191,16.499500000,0.434900000
192,16.929700000,0.497900000
193,16.803600000,0.434400000
194,16.050000000,0.541100000
195,16.692200000,0.325500000
196,16.729700000,0.351600000
197,17.239600000,0.595800000
198,15.794200000,0.419800000
199,16.906300000,0.597400000
200,16.746900000,0.383300000
201,17.517700000,0.968300000
202,15.597400000,0.247400000
203,18.056200000,1.185900000
204,16.503100000,1.023400000
205,15.949500000,0.535400000
206,16.740100000,0.305200000
207,16.992200000,0.590600000
208,18.328100000,0.298500000
209,14.605800000,0.239100000
210,16.948400000,0.551500000
211,16.662000000,1.190600000
212,15.579100000,0.273000000
213,17.410500000,0.929200000
214,16.617700000,0.283400000
215,16.975000000,0.468800000
216,15.823400000,0.187500000
217,17.138000000,0.296300000
218,17.533400000,0.630200000
219,16.154700000,0.713100000
220,15.933800000,0.544800000
221,17.218200000,0.747900000
222,16.807800000,0.458900000
223,15.919800000,0.280300000
224,17.122400000,0.327100000
225,16.808900000,0.443200000
226,16.877100000,0.497900000
227,18.208300000,0.994800000
228,14.572400000,0.212000000
229,16.779700000,0.276600000
230,16.739600000,0.319300000
231,17.112500000,0.729700000
232,16.123400000,0.298400000
233,16.853700000,0.225500000
234,16.891600000,0.557800000
235,15.687000000,0.243800000
236,16.523400000,0.209400000
237,17.712000000,0.303700000
238,16.732300000,0.353600000
239,16.272400000,0.729200000
240,16.775000000,0.412500000
241,16.652600000,0.314500000
242,21.486500000,4.933400000
243,12.055200000,0.625000000
244,16.946300000,0.567200000
245,15.893800000,0.330200000
246,16.789000000,0.418200000
247,16.820900000,0.295300000
248,16.656700000,0.278200000
249,18.474500000,0.606300000
250,14.634900000,0.215100000
251,17.450000000,0.178100000
252,15.744800000,0.325500000
253,17.687500000,0.695800000
254,15.831800000,0.190100000
255,17.045800000,0.572900000
256,16.956800000,0.613000000
257,15.795300000,0.445300000
258,16.862500000,0.453600000
259,16.683900000,0.305200000
260,16.883300000,0.478100000
261,16.657800000,0.266100000
262,16.996900000,0.319800000
263,16.228100000,0.717200000
264,16.798400000,0.387500000
265,17.226100000,0.796900000
266,15.819300000,0.301100000
267,30.913000000,7.625600000
268,9.072900000,5.740100000
269,12.710400000,2.730700000
270,13.406300000,0.160900000
271,17.669700000,0.228700000
272,16.459400000,0.169800000
273,16.636500000,0.266100000
274,17.083300000,0.698900000
275,15.701100000,0.147900000
276,16.648900000,0.130700000
277,17.081800000,0.227100000
278,16.781200000,0.356700000
279,16.737000000,0.345800000
280,17.028700000,0.633800000
281,16.313500000,0.839100000
282,21.163000000,3.848400000
283,12.207800000,0.719300000
284,17.178200000,0.809900000
285,15.786900000,0.345900000
286,16.640700000,0.306300000
287,21.525000000,3.326600000
288,15.621300000,3.989500000
289,12.797900000,0.143300000
290,16.832300000,0.235900000
291,17.276100000,0.333900000
292,15.995800000,0.672400000
293,17.026600000,0.196400000
294,16.610400000,0.204700000
295,18.065100000,0.998500000
296,14.779700000,0.178700000
297,17.948400000,0.153100000
298,15.595800000,0.262500000
299,16.636500000,0.316100000
300,16.821900000,0.489600000
301,16.887500000,0.394800000
302,16.704100000,0.320800000
303,16.742200000,0.291600000
304,16.968300000,0.589600000
305,16.848900000,0.947400000
306,15.722900000,0.113600000
307,16.589100000,0.201000000
308,16.809900000,0.244800000
309,17.196900000,0.707300000
310,15.860900000,0.449000000
311,16.630700000,0.234400000
312,20.666200000,4.247400000
313,15.118700000,1.858300000
314,14.833900000,0.458400000
315,17.355700000,0.817700000
316,15.748500000,0.400600000
317,17.126500000,0.402600000
318,16.087500000,0.586500000
319,16.815600000,0.261500000
320,16.734400000,0.312000000
321,17.656300000,0.216200000
322,15.676000000,0.197400000
323,16.688500000,0.220300000
324,16.504700000,0.203200000
325,17.526600000,0.570300000
326,15.964100000,0.578700000
327,16.703600000,0.297900000
328,16.685400000,0.327000000
329,17.246400000,0.223400000
330,15.685400000,0.258900000
331,17.300000000,0.665700000
332,17.571300000,0.307800000
333,16.520400000,1.093800000
334,18.644800000,0.944200000
335,13.813000000,0.205200000
336,16.595800000,0.198400000
337,16.807300000,0.348000000
338,16.691700000,0.290700000
339,16.705700000,0.254700000
340,16.787000000,0.811900000
341,16.102600000,0.558300000
342,16.655200000,0.307800000
343,17.092200000,0.252100000
344,16.810400000,0.515600000
345,15.723900000,0.194300000
346,16.509400000,0.203200000
347,17.262000000,0.851500000
348,17.123400000,0.523900000
349,15.704700000,0.281700000
350,16.672400000,0.227100000
351,17.269800000,0.678700000
352,16.656800000,0.105200000
353,16.746300000,0.308400000
354,16.675600000,0.275000000
355,18.061900000,1.672900000
356,14.795900000,0.362000000
357,17.326000000,0.942700000
358,18.353700000,0.934400000
359,15.158800000,0.444800000
360,15.647400000,0.238500000
361,17.387000000,0.200500000
362,17.151600000,0.734800000
363,15.677600000,0.287500000
364,16.573400000,0.209400000
365,16.965600000,0.498900000
366,16.936000000,0.363600000
367,16.629100000,0.243200000
368,17.157300000,0.166100000
369,15.641700000,0.195300000
370,16.552100000,0.235400000
371,17.236900000,0.790100000
372,17.168800000,0.829200000
373,15.725000000,0.253600000
374,17.480200000,1.007300000
375,16.466100000,1.003600000
376,16.652100000,0.142200000
377,17.293300000,0.808300000
378,15.845300000,0.352000000
379,16.769200000,0.319300000
380,17.094300000,0.231800000
381,16.184400000,0.788000000
382,16.780700000,0.450500000
383,17.485400000,0.907300000
384,17.745900000,0.250500000
385,14.867200000,0.501600000
386,16.765600000,0.490600000
387,16.392200000,0.956800000
388,16.961900000,0.586000000
389,15.579700000,0.220400000
390,17.979700000,0.527600000
391,16.428700000,0.897900000
392,15.638500000,0.287500000
393,17.920800000,1.493200000
394,15.707300000,0.320800000
395,17.365100000,0.904100000
396,15.801600000,0.390100000
397,22.179700000,2.913000000
398,12.239100000,0.821800000
399,15.648900000,0.293700000
400,16.485400000,0.115100000
401,16.893800000,0.568300000
402,16.597900000,0.277600000
403,20.988500000,1.707800000
404,26.936500000,14.193700000
405,13.427100000,10.481800000
406,11.410400000,6.069800000
407,12.376000000,1.971900000
408,15.942200000,0.515600000
409,16.765100000,1.370300000
410,15.721900000,0.294300000
411,22.500500000,0.764600000
412,10.867200000,0.326100000
413,17.529700000,0.361000000
414,15.669800000,0.323500000
415,17.512000000,1.068800000
416,15.766600000,0.321900000
417,16.768300000,0.348500000
418,16.565100000,0.203600000
419,17.097400000,0.677100000
420,16.931700000,0.470300000
421,16.702600000,0.303600000
422,16.674000000,0.286400000
423,16.437000000,0.751600000
424,16.725500000,0.361500000
425,16.480700000,0.170900000
426,16.784900000,0.342200000
427,17.035400000,0.631200000
428,16.285500000,0.704700000
429,17.542700000,0.246400000
430,15.703600000,0.379700000
431,17.010400000,0.278600000
432,16.031300000,0.213000000
433,17.918200000,1.517200000
434,16.438500000,1.010400000
435,16.010500000,0.620300000
436,17.323900000,0.294300000
437,16.056800000,0.475000000
438,16.967700000,0.498900000
439,15.799000000,0.460400000
440,16.879600000,0.392700000
441,17.481300000,0.194800000
442,15.603100000,0.230700000
443,17.659900000,1.272900000
444,15.705700000,0.292700000
445,16.856300000,0.133400000
446,17.865600000,1.189000000
447,16.300500000,0.885400000
448,15.596400000,0.280200000
449,17.004200000,0.623500000
450,17.520300000,1.072400000
451,15.944200000,0.206200000
452,16.883400000,0.441700000
453,16.992700000,0.635900000
454,15.718700000,0.321400000
455,18.454700000,0.474500000
456,14.681800000,0.245300000
457,17.028600000,0.622400000
458,16.900000000,0.472900000
459,16.813100000,0.318800000
460,18.734900000,1.927600000
461,15.364500000,0.889600000
462,15.565700000,0.228700000
463,17.456200000,0.883800000
464,15.837000000,0.346900000
465,25.353100000,1.899500000
466,8.003100000,0.619800000
467,17.142200000,0.625000000
468,17.261000000,0.598900000
469,15.632800000,0.240100000
470,17.180200000,0.719300000
471,16.742700000,0.353600000
472,15.687500000,0.267700000
473,16.946400000,0.244300000
474,18.188500000,1.838500000
475,16.047400000,0.253100000
476,15.592200000,0.257300000
477,16.756800000,0.382800000
478,17.957200000,1.306300000
479,16.091200000,0.595300000
480,17.210400000,0.464100000
481,16.119300000,0.188500000
482,17.057800000,0.259900000
483,15.885400000,0.296900000
484,16.596400000,0.251100000
485,17.688000000,1.011500000
486,15.868700000,0.442200000
487,16.691200000,0.274000000
488,17.073400000,0.666700000
489,15.953100000,0.547900000
490,17.784900000,0.235500000
491,17.191700000,1.318700000
492,14.792200000,0.225500000
493,18.106200000,0.472400000
494,15.606300000,0.268700000
495,16.685900000,0.253600000
496,17.175000000,0.824400000
497,16.285400000,0.762500000
498,17.571400000,1.047400000
499,16.265600000,0.741100000
500,16.145900000,0.686000000
501,18.676000000,1.309900000
502,15.299000000,0.781300000
503,15.870800000,0.526600000
504,16.966100000,0.571800000
505,16.984900000,0.561400000
506,16.011000000,0.318800000
507,20.234900000,0.756300000
508,18.377000000,6.008800000
509,11.798000000,0.448400000
510,17.231700000,0.688000000
511,15.487500000,0.135400000
512,16.654700000,0.298400000
513,17.130800000,0.702100000
514,16.601000000,0.269800000
515,16.708800000,0.256200000
516,17.275000000,0.671300000
517,16.059400000,0.674500000
518,16.690100000,0.278600000
519,17.205800000,0.637500000
520,15.678100000,0.325600000
521,17.009400000,0.653200000
522,16.710400000,0.343800000
523,17.037500000,0.604700000
524,15.857800000,0.478100000
525,16.900500000,0.504700000
526,16.652100000,0.259400000
527,16.737500000,0.255200000
528,16.871300000,0.464600000
529,16.919300000,0.535400000
530,15.779200000,0.379200000
531,17.034900000,0.608900000
532,16.857800000,0.462500000
533,22.975500000,0.796800000
534,21.088000000,8.558300000
535,9.359400000,3.513000000
536,12.887000000,0.603600000
537,16.746300000,0.409900000
538,16.781300000,0.224500000
539,16.618700000,0.143300000
540,17.049500000,0.252100000
541,17.559900000,1.148900000
542,15.841700000,0.408400000
543,16.743700000,0.289500000
544,16.477100000,0.923400000
545,16.646900000,0.243200000
546,17.011400000,0.603100000
547,16.303700000,0.708300000
548,16.420800000,0.376500000
549,17.267700000,0.817700000
550,15.646900000,0.291600000
551,19.115600000,2.727700000
552,14.732800000,0.314600000
553,19.055800000,2.681800000
554,14.099500000,0.601600000
555,17.053600000,0.731800000
556,16.666100000,0.279600000
557,16.989100000,0.295800000
558,16.095300000,0.568200000
559,17.280800000,0.895800000
560,16.086900000,0.428600000
561,19.438600000,0.802600000
562,14.070800000,0.487500000
563,16.659900000,0.247400000
564,16.829700000,0.392200000
565,17.447900000,1.043800000
566,15.764100000,0.354600000
567,17.026500000,0.653100000
568,15.541700000,0.227600000
569,16.710400000,0.321900000
570,16.665100000,0.251500000
571,16.912000000,0.252600000
572,16.917200000,0.566100000
573,24.585900000,2.325000000
574,13.715600000,5.353700000
575,13.691200000,0.770300000
576,14.614100000,0.198500000
577,16.681200000,0.257300000
578,16.661500000,0.261000000
579,16.632300000,0.250000000
580,16.756200000,0.339600000
581,16.895300000,0.280300000
582,16.901100000,0.493700000
583,15.896800000,0.307300000
584,16.791700000,0.356800000
585,16.852100000,0.239100000
586,16.976500000,0.395900000
587,16.793800000,0.330200000
588,15.691700000,0.290100000
589,16.689500000,0.307200000
590,16.723500000,0.287000000
591,17.114000000,0.269300000
592,16.723000000,0.336500000
593,16.764000000,0.277000000
594,17.197900000,0.336400000
595,17.164100000,1.738500000
596,19.807300000,3.617200000
597,13.044300000,0.658900000
598,15.801500000,0.454100000
599,19.130200000,2.746300000
600,16.338600000,1.693200000
601,16.515600000,0.191100000
602,14.680700000,0.286900000
603,17.589100000,0.426600000
604,15.656800000,0.261500000
605,20.231200000,0.715600000
606,13.639600000,0.314600000
607,17.172400000,0.473500000
608,15.682300000,0.307800000
609,17.039100000,0.644300000
610,16.566100000,0.228100000
611,16.932800000,0.488500000
612,16.871900000,0.397900000
613,15.808800000,0.427100000
614,16.786500000,0.340600000
615,16.691100000,0.246800000
616,16.968800000,0.396900000
617,16.791700000,0.373500000
618,16.794800000,0.348900000
619,16.463500000,0.827600000
620,16.701000000,0.317200000
621,16.655200000,0.243300000
622,17.088600000,0.630200000
623,15.707800000,0.359400000
624,16.704700000,0.347900000
625,17.634400000,1.297400000
626,15.776500000,0.431700000
627,16.998500000,0.681700000
628,16.726000000,0.159300000
629,17.017700000,0.348400000
630,15.590100000,0.230800000
631,16.811500000,0.425600000
632,17.032300000,0.264100000
633,23.046800000,6.077600000
634,12.212500000,1.916200000
635,15.173500000,0.854200000
636,15.627600000,0.229700000
637,17.985900000,0.588500000
638,15.718800000,0.333900000
639,16.720800000,0.235900000
640,16.623400000,0.255200000
641,16.800000000,0.367700000
642,16.770400000,0.341100000
643,16.484800000,0.129200000
644,16.997400000,0.581700000
645,17.075000000,0.693300000
646,15.529200000,0.216100000
647,16.712500000,0.251500000
648,21.670800000,0.284300000
649,26.555800000,11.131200000
650,11.332300000,4.247900000
651,16.966100000,7.851000000
652,23.938600000,12.690600000
653,14.230700000,11.686500000
654,13.725000000,10.397900000
655,13.013500000,6.290600000
656,11.802100000,0.435900000
657,18.054700000,0.224000000
658,13.541100000,0.220900000
659,16.707900000,0.228200000
660,16.571800000,0.229100000
661,17.073500000,0.603200000
662,16.623400000,0.246900000
663,19.254700000,2.023400000
664,13.715600000,0.318200000
665,17.265100000,0.853600000
666,16.734900000,0.341700000
667,17.191200000,0.203100000
668,16.144200000,0.471800000
669,16.798500000,0.300600000
670,17.471800000,2.020800000
671,16.324500000,0.904100000
672,15.921900000,0.559900000
673,17.082300000,0.564000000
674,15.776000000,0.368200000
675,17.577100000,0.242200000
676,16.262500000,0.551000000
677,17.251600000,0.693300000
678,15.920300000,0.410500000
679,16.585400000,0.238000000
680,16.942700000,0.585900000
681,17.763600000,1.346300000
682,15.673900000,0.254200000
683,17.284900000,0.864600000
684,15.585900000,0.227100000
685,16.596400000,0.128100000
686,20.620800000,1.803100000
687,12.488100000,0.175000000
688,17.409300000,0.983800000
689,17.365100000,0.922900000
690,15.733900000,0.403100000
691,17.394800000,0.659900000
692,15.640100000,0.278600000
693,17.470800000,0.829200000
694,15.681800000,0.250500000
695,16.888500000,0.443700000
696,16.592200000,0.240600000
697,16.785400000,0.277100000
698,16.724500000,0.347400000
699,16.978100000,0.582800000
700,17.057300000,0.644800000
701,17.663100000,2.304700000
702,14.564500000,0.233900000
703,17.239600000,0.222400000
704,16.647900000,0.256700000
705,16.679200000,0.256200000
706,16.821400000,0.380300000
707,16.459900000,0.166200000
708,17.290600000,0.892700000
709,15.554700000,0.230700000
710,16.677600000,0.287000000
711,17.044800000,0.587000000
712,16.641100000,0.295300000
713,16.789600000,0.361500000
714,16.793200000,0.421800000
715,16.735400000,0.215700000
716,17.712500000,1.255700000
717,15.558400000,0.184900000
718,17.204700000,0.828700000
719,15.736900000,0.158400000
720,16.869800000,0.498900000
721,16.990100000,0.646900000
722,16.634400000,0.304100000
723,17.221900000,0.756300000
724,15.616100000,0.230700000
725,16.495300000,0.125000000
726,16.658900000,0.125000000
727,17.401000000,0.858900000
728,16.090100000,0.773500000
729,18.967200000,0.225500000
730,14.508400000,0.189100000
731,16.694200000,0.232800000
732,17.526100000,0.994800000
733,15.714000000,0.276000000
734,16.611500000,0.242700000
735,16.670300000,0.253100000
736,16.811500000,0.449500000
737,16.801000000,0.183800000
738,16.789100000,0.347900000
739,18.090600000,1.695300000
740,14.792200000,0.432300000
741,16.828100000,0.284900000
742,16.606800000,0.268200000
743,17.942200000,1.515700000
744,15.634900000,0.257800000
745,16.852600000,0.469800000
746,17.370800000,0.957300000
747,16.263500000,0.802600000
748,26.979200000,10.905700000
749,10.642200000,4.038500000
750,11.439100000,0.106800000
751,16.804600000,0.319800000
752,16.537000000,0.219800000
753,17.339600000,0.982800000
754,17.185900000,0.721300000
755,20.356800000,2.962000000
756,16.130200000,3.638000000
757,12.911500000,0.575500000
758,16.754700000,0.416100000
759,16.692200000,0.279200000
760,15.898900000,0.354200000
761,16.658300000,0.278200000
762,16.673500000,0.294800000
763,16.637500000,0.276500000
764,16.804200000,0.346300000
765,17.241100000,0.818300000
766,16.545800000,0.209900000
767,18.811000000,2.441700000
768,15.900000000,1.472400000
769,15.110900000,0.764000000
770,16.672400000,0.346900000
771,16.889100000,0.160400000
772,17.109900000,0.714100000
773,16.321300000,0.831700000
774,16.600500000,0.227100000
775,17.675000000,0.829700000
776,15.673500000,0.306300000
777,16.948400000,0.567700000
778,15.701600000,0.292700000
779,17.180700000,0.712500000
780,20.249500000,3.357900000
781,12.891100000,0.508400000
782,17.068800000,0.756200000
783,16.951500000,0.270800000
784,15.731300000,0.321300000
785,16.583800000,0.235400000
786,16.501100000,0.107800000
787,16.788500000,0.386500000
788,16.863600000,0.443300000
789,17.030700000,0.626600000
790,16.750500000,0.305200000
791,17.846400000,1.309900000
792,15.845800000,0.508300000
793,15.750000000,0.385400000
794,16.621900000,0.247900000
795,16.939000000,0.574500000
796,17.540700000,0.732300000
797,18.202600000,1.965100000
798,14.522400000,0.201600000
799,17.150500000,0.358800000
800,15.722400000,0.291100000
801,17.497400000,1.141700000
802,15.834400000,0.433400000
803,16.634300000,0.198500000
804,16.668800000,0.295900000
805,17.506200000,0.892700000
806,15.600000000,0.151500000
807,16.824500000,0.268700000
808,16.663600000,0.311500000
809,16.706700000,0.320800000
810,17.160400000,0.622400000
811,16.796400000,0.283300000
812,16.732300000,0.251600000
813,16.629700000,0.275000000
814,16.648400000,0.291100000
815,16.741200000,0.299000000
816,16.833300000,0.390100000
817,16.292200000,0.164100000
818,16.735900000,0.347900000
819,18.238000000,1.832300000
820,14.669300000,0.342700000
821,16.869300000,0.484900000
822,16.635400000,0.259900000
823,17.098400000,0.602100000
824,17.162500000,0.720800000
825,15.989100000,0.144800000
826,16.553600000,0.207300000
827,18.301600000,1.940100000
828,14.739100000,0.379200000
829,17.110400000,0.289600000
830,17.403100000,0.946900000
831,15.784900000,0.372400000
832,16.609900000,0.259900000
833,16.696400000,0.328600000
834,19.555700000,0.158900000
835,13.836400000,0.484300000
836,16.731300000,0.351600000
837,17.125000000,0.673500000
838,15.738000000,0.304700000
839,16.773400000,0.278100000
840,16.670400000,0.300500000
841,16.856700000,0.469200000
842,16.557800000,0.248500000
843,16.640700000,0.277100000
844,16.692700000,0.286500000
845,17.070300000,0.499500000
846,16.693700000,0.401600000
847,17.758900000,1.366700000
848,14.826000000,0.209900000
849,16.706300000,0.352600000
850,16.586400000,0.209900000
851,16.783400000,0.446400000
852,17.318200000,0.176500000
853,16.957300000,0.559400000
854,16.025500000,0.655200000
855,19.493200000,2.765100000
856,14.467800000,0.803700000
857,15.617700000,0.262000000
858,16.838000000,0.368200000
859,16.882300000,0.229200000
860,16.506700000,0.203700000
861,16.828200000,0.466200000
862,16.944800000,0.584900000
863,17.319200000,0.823900000
864,15.670900000,0.293700000
865,16.706200000,0.312000000
866,16.553700000,0.205700000
867,16.680700000,0.378100000
868,16.791100000,0.133900000
869,16.921900000,0.522900000
870,19.464600000,0.260400000
871,13.860400000,0.455200000
872,16.474000000,0.184400000
873,16.872900000,0.532800000
874,17.699500000,0.833800000
875,16.119800000,0.653600000
876,15.631700000,0.241600000
877,16.967200000,0.507800000
878,16.947900000,0.220900000
879,16.848500000,0.242700000
880,16.648400000,0.292200000
881,17.324000000,0.911000000
882,16.103600000,0.753100000
883,15.849000000,0.422300000
884,16.897400000,0.133300000
885,17.065100000,0.686500000
886,16.799500000,0.394300000
887,15.682800000,0.303700000
888,17.043200000,0.638500000
889,16.823400000,0.428100000
890,17.055200000,0.650500000
891,16.770900000,0.256300000
892,16.085900000,0.416700000
893,17.048400000,0.676000000
894,18.318300000,1.865700000
895,14.766100000,0.440100000
896,16.545300000,0.204700000
897,17.050000000,0.663600000
898,17.054200000,0.589000000
899,16.003600000,0.585400000
900,17.193300000,0.842200000
901,18.683800000,1.907300000
902,13.954700000,0.363500000
903,16.804700000,0.441100000
904,16.721400000,0.331200000
905,16.798900000,0.421400000
906,16.655700000,0.210900000
907,17.023000000,0.616100000
908,18.322900000,0.254700000
909,20.110900000,5.527100000
910,12.414600000,2.036400000
911,15.709400000,0.352100000
912,16.651500000,0.335400000
913,17.091200000,0.742200000
914,19.409900000,3.936400000
915,13.295800000,0.839100000
916,16.949000000,0.579700000
917,16.358300000,0.875000000
918,16.954700000,0.533300000
919,15.770800000,0.244200000
920,20.125500000,3.498400000
921,13.942800000,0.455800000
922,16.680700000,0.272900000
923,17.169300000,0.698000000
924,15.712500000,0.414600000
925,16.849400000,0.430200000
926,17.003700000,0.287500000
927,17.018700000,0.477100000
928,15.594800000,0.235900000
929,16.558900000,0.220300000
930,16.588000000,0.237500000
931,17.065600000,0.143300000
932,16.791700000,0.489000000
933,16.637500000,0.256200000
934,17.025000000,0.723400000
935,16.714600000,0.306700000
936,16.596300000,0.239600000
937,17.148500000,0.753100000
938,15.898900000,0.525500000
939,16.597400000,0.264600000
940,16.540600000,0.208400000
941,16.766200000,0.361400000
942,16.783300000,0.255200000
943,17.004200000,0.543700000
944,17.234900000,0.838000000
945,16.057800000,0.446300000
946,17.555700000,0.270800000
947,16.311500000,0.890100000
948,16.277600000,0.747900000
949,15.517200000,0.182300000
950,18.320300000,0.921400000
951,15.992200000,0.642200000
952,16.714000000,0.364600000
953,16.734900000,0.333800000
954,17.008400000,0.227100000
955,16.507800000,0.781300000
956,17.662500000,1.523000000
957,14.934400000,0.624000000
958,16.794700000,0.288100000
959,16.646400000,0.275000000
960,16.862000000,0.449000000
961,17.164600000,0.775600000
962,15.862500000,0.460400000
963,16.860400000,0.505700000
964,18.442200000,0.392200000
965,15.585400000,0.515600000
966,15.872400000,0.226600000
967,16.763000000,0.264000000
968,17.508900000,0.930200000
969,15.934300000,0.211000000
970,16.574500000,0.228600000
971,16.709400000,0.324000000
972,16.772900000,0.431800000
973,16.626600000,0.246400000
974,16.902600000,0.544800000
975,16.802100000,0.160900000
976,15.675000000,0.281200000
977,17.458800000,0.702600000
978,16.684400000,0.290100000
979,16.609900000,0.240100000
980,17.262000000,0.890600000
981,18.107200000,2.647900000
982,14.707300000,0.167700000
983,17.189100000,0.227100000
984,15.475000000,0.202100000
985,16.742200000,0.377100000
986,16.720300000,0.290600000
987,19.240100000,0.645300000
988,14.957300000,0.545800000
989,15.573400000,0.228700000
990,16.580200000,0.234400000
991,17.206300000,0.241200000
992,17.655700000,0.892700000
993,16.717700000,0.803100000
994,15.737000000,0.262000000
995,16.688600000,0.268800000
996,16.703100000,0.143200000
997,16.676500000,0.271400000
998,17.682300000,1.191200000
999,16.479200000,0.605700000
1000,15.581800000,0.277100000
1001,16.975000000,0.601600000
1002,16.653600000,0.282300000
1003,17.168200000,0.744800000
1004,16.141700000,0.547900000
1005,19.004200000,1.515600000
1006,14.171900000,0.608300000
1007,16.832200000,0.511500000
1008,17.483900000,1.111500000
1009,17.204700000,1.487500000
1010,14.820800000,0.355200000
1011,17.069300000,0.131200000
1012,16.788500000,0.448900000
1013,17.280200000,0.202000000
1014,15.888100000,0.481300000
1015,16.617700000,0.231300000
1016,16.880700000,0.347400000
1017,17.132300000,0.495300000
1018,16.153100000,0.195800000
1019,17.281300000,0.703100000
1020,15.528600000,0.215100000
1021,17.137000000,0.208300000
1022,16.645800000,0.297900000
1023,17.667200000,0.358300000
1024,16.343800000,0.234400000
1025,16.699400000,0.770900000
1026,15.571400000,0.242700000
1027,16.955200000,0.403100000
1028,16.939600000,0.233900000
1029,16.862500000,0.464100000
1030,15.740600000,0.259400000
1031,17.755700000,0.701100000
1032,17.456800000,2.114000000
1033,14.705200000,0.280700000
1034,16.630700000,0.264100000
1035,17.636500000,1.187000000
1036,16.675000000,0.303100000
1037,15.868200000,0.512500000
1038,17.030800000,0.578700000
1039,16.770300000,0.256800000
1040,17.378100000,0.958300000
1041,16.235900000,0.131300000
1042,15.593800000,0.198400000
1043,17.927100000,0.563600000
1044,15.980200000,0.530700000
1045,17.192700000,0.571800000
1046,15.885900000,0.403100000
1047,17.033400000,0.683900000
1048,17.171300000,0.828100000
1049,16.047400000,0.595300000
1050,16.830200000,0.156800000
1051,16.970900000,0.382800000
1052,17.660900000,1.258300000
1053,16.732800000,1.281200000
1054,15.137500000,0.583300000
1055,17.567700000,0.795300000
1056,15.740100000,0.272900000
1057,16.813600000,0.298000000
1058,16.629600000,0.244800000
1059,16.709900000,0.212500000
1060,16.664600000,0.182300000
1061,17.258900000,0.674500000
1062,15.847400000,0.541200000
1063,17.268700000,0.865100000
1064,15.607800000,0.239100000
1065,18.780200000,0.146400000
1066,14.801100000,0.320900000
1067,17.226500000,0.844300000
1068,16.764100000,0.403100000
1069,17.189100000,0.627600000
1070,15.911400000,0.445800000
1071,17.231800000,0.605200000
1072,16.101600000,0.475000000
1073,18.286900000,0.953600000
1074,14.590700000,0.212000000
1075,17.219800000,0.809900000
1076,18.139000000,1.594300000
1077,15.894800000,0.206300000
1078,15.548500000,0.226100000
1079,16.829600000,0.514100000
1080,16.670400000,0.357800000
1081,17.079100000,0.679700000
1082,17.753700000,1.307300000
1083,16.368200000,0.466100000
1084,15.525500000,0.221300000
1085,17.552600000,1.230200000
1086,15.815600000,0.423900000
1087,17.677600000,1.328600000
1088,15.674500000,0.330200000
1089,16.862000000,0.222900000
1090,16.757800000,0.181300000
1091,17.480200000,0.956200000
1092,15.627100000,0.272400000
1093,17.408300000,1.047400000
1094,15.576100000,0.218200000
1095,16.636400000,0.291700000
1096,16.775600000,0.336500000
1097,17.895300000,1.225000000
1098,16.073900000,0.109900000
1099,15.709400000,0.349500000
1100,16.549500000,0.223400000
1101,17.662000000,0.172400000
1102,16.633300000,0.283300000
1103,16.644800000,0.168800000
1104,16.998400000,0.380700000
1105,15.850000000,0.405700000
1106,19.444800000,2.362500000
1107,13.457300000,0.180200000
1108,17.729200000,0.408800000
1109,15.779100000,0.409900000
1110,17.231300000,0.162500000
1111,17.040100000,0.645300000
1112,15.693200000,0.297900000
1113,16.949000000,0.482300000
1114,17.109900000,0.259400000
1115,17.677100000,1.330700000
1116,15.755200000,0.320900000
1117,17.845300000,0.909900000
1118,16.715600000,1.929700000
1119,14.990600000,0.582800000
1120,17.145400000,0.719700000
1121,17.392700000,1.055200000
1122,15.482800000,0.190700000
1123,16.916100000,0.463500000
1124,16.663000000,0.304700000
1125,16.932300000,0.389500000
1126,15.576100000,0.126000000
1127,18.548900000,1.168200000
1128,15.667700000,0.220900000
1129,17.657800000,1.234400000
1130,16.791200000,1.263600000
1131,17.558300000,2.175500000
1132,14.666700000,0.262500000
1133,17.408300000,0.899500000
1134,15.667200000,0.282300000
1135,16.636500000,0.263600000
1136,16.840100000,0.288600000
1137,18.344200000,0.283800000
1138,14.595400000,0.256800000
1139,16.779100000,0.451500000
1140,16.727600000,0.330700000
1141,17.114100000,0.708800000
1142,18.047400000,0.904200000
1143,14.740600000,0.336900000
1144,17.256800000,0.689100000
1145,17.663000000,1.291100000
1146,15.635400000,0.283800000
1147,18.969300000,0.900000000
1148,21.801000000,6.536400000
1149,12.612000000,4.239100000
1150,13.406800000,0.131800000
1151,15.978100000,0.635900000
1152,16.550500000,0.251600000
1153,16.602100000,0.248900000
1154,17.429700000,0.735400000
1155,16.970300000,0.155200000
1156,16.039100000,0.521400000
1157,16.898900000,0.284400000
1158,16.658900000,0.337500000
1159,16.656800000,0.261500000
1160,16.716100000,0.318700000
1161,17.239600000,0.840100000
1162,16.025500000,0.497400000
1163,17.178700000,0.469300000
1164,15.794200000,0.258300000
1165,16.839600000,0.390600000
1166,16.834400000,0.443800000
1167,17.898900000,1.517700000
1168,14.637500000,0.137000000
1169,17.037000000,0.156200000
1170,16.535400000,0.211400000
1171,16.793300000,0.364600000
1172,16.538500000,0.128600000
1173,16.549000000,0.213600000
1174,19.688000000,0.158800000
1175,13.761400000,0.379200000
1176,16.691700000,0.274400000
1177,16.616700000,0.230200000
1178,18.299500000,0.283900000
1179,15.702600000,0.228100000
1180,17.341600000,0.904600000
1181,15.893300000,0.505200000
1182,16.783800000,0.449400000
1183,16.665100000,0.279700000
1184,18.809900000,2.351600000
1185,38.726600000,19.246900000
1186,13.383800000,12.957300000
1187,11.534400000,7.201000000
1188,13.428700000,4.038500000
1189,13.409300000,0.722900000
1190,15.680800000,0.367700000
1191,16.594700000,0.224500000
1192,16.684900000,0.216700000
1193,17.149000000,0.509900000
1194,16.941100000,0.573400000
1195,17.043300000,0.672400000
1196,15.821300000,0.477100000
1197,16.889100000,0.529600000
1198,16.941700000,0.492200000
1199,16.641600000,0.266100000
1200,17.773500000,1.306700000
1201,15.754100000,0.375500000
1202,15.789600000,0.320800000
1203,16.640600000,0.226100000
1204,17.856300000,1.425500000
1205,15.497400000,0.110400000
1206,16.729700000,0.412000000
1207,16.679100000,0.284300000
1208,17.003200000,0.643300000
1209,16.600000000,0.131800000
1210,16.576500000,0.223900000
1211,17.018800000,0.681300000
1212,16.468200000,0.170300000
1213,16.552100000,0.233300000
1214,17.209400000,0.813000000
1215,17.081200000,0.740600000
1216,16.052600000,0.397900000
1217,16.789100000,0.430700000
1218,17.142700000,0.488000000
1219,15.819300000,0.444800000
1220,17.025000000,0.602100000
1221,16.830700000,0.408300000
1222,15.773400000,0.456200000
1223,16.589600000,0.244800000
1224,16.805200000,0.294800000
1225,17.010400000,0.259900000
1226,17.708400000,0.226100000
1227,15.776500000,0.395800000
1228,16.778200000,0.382300000
1229,16.907200000,0.508300000
1230,16.433900000,0.289100000
1231,16.616700000,0.302600000
1232,16.827100000,0.367200000
1233,16.591100000,0.227100000
1234,19.901000000,0.606700000
1235,19.350600000,6.207800000
1236,10.645800000,0.334900000
1237,16.526600000,0.224500000
1238,17.142700000,0.565600000
1239,15.565600000,0.225500000
1240,17.898900000,0.514500000
1241,16.155800000,0.700000000
1242,16.843700000,0.393200000
1243,16.753200000,0.291100000
1244,16.681700000,0.273400000
1245,17.467200000,0.268700000
1246,15.321400000,0.145300000
1247,16.734300000,0.412500000
1248,16.929700000,0.355700000
1249,16.624000000,0.292200000
1250,17.104700000,0.734900000
1251,15.921800000,0.479100000
1252,17.786500000,1.355700000
1253,15.809400000,0.370900000
1254,17.144800000,0.670800000
1255,15.650500000,0.309400000
1256,39.701600000,23.218800000
1257,21.157200000,20.772400000
1258,15.676100000,15.271300000
1259,17.232300000,15.608900000
1260,8.944300000,5.802100000
1261,11.571300000,1.757300000
1262,15.046900000,0.468800000
1263,15.588500000,0.138600000
1264,16.891200000,0.541700000
1265,16.538500000,0.239000000
1266,16.678700000,0.255800000
1267,17.088000000,0.642200000
1268,17.104100000,0.460400000
1269,15.713100000,0.270900000
1270,16.498900000,0.131800000
1271,20.034400000,0.234400000
1272,14.371900000,0.941100000
1273,17.687500000,0.714100000
1274,16.407300000,0.930200000
1275,15.501000000,0.202000000
1276,16.806300000,0.346900000
1277,16.935900000,0.281800000
1278,26.919300000,9.147900000
1279,9.820800000,4.323900000
1280,13.181800000,0.861500000
1281,17.817200000,1.482300000
1282,14.638000000,0.239100000
1283,16.717200000,0.293200000
1284,16.822400000,0.408800000
1285,16.877600000,0.415100000
1286,19.000500000,0.529700000
1287,14.501500000,0.208400000
1288,16.886500000,0.492200000
1289,16.859900000,0.392700000
1290,15.652600000,0.287000000
1291,16.764100000,0.387000000
1292,16.546800000,0.221300000
1293,19.483900000,0.182300000
1294,14.839100000,0.372400000
1295,17.105200000,0.751100000
1296,15.860900000,0.468200000
1297,16.802100000,0.456800000
1298,17.213500000,0.537500000
1299,15.717200000,0.331700000
1300,16.809400000,0.424500000
1301,17.021300000,0.616200000
1302,16.978200000,0.381300000
1303,15.698400000,0.266100000
1304,17.234900000,0.817700000
1305,19.957300000,2.135900000
1306,12.682800000,0.343700000
1307,16.593200000,0.266700000
1308,17.948500000,0.595400000
1309,15.629100000,0.132900000
1310,17.348500000,1.015100000
1311,17.046900000,0.168800000
1312,19.194700000,0.384400000
1313,13.773500000,0.316700000
1314,16.685900000,0.282800000
1315,16.606800000,0.241100000
1316,18.855200000,0.350500000
1317,13.692700000,0.261400000
1318,16.664100000,0.260900000
1319,16.607300000,0.245900000
1320,17.203600000,0.834300000
1321,17.106800000,0.600500000
1322,15.575500000,0.231200000
1323,18.774500000,1.339100000
1324,15.067700000,0.646900000
1325,16.997400000,0.597400000
1326,21.269300000,0.397400000
1327,12.709300000,1.327600000
1328,16.527100000,0.660900000
1329,15.556300000,0.225000000
1330,16.645300000,0.202100000
1331,17.619200000,1.279200000
1332,15.497400000,0.182900000
1333,17.719800000,0.361900000
1334,16.824500000,0.273900000
1335,19.663000000,3.031700000
1336,12.676100000,0.286000000
1337,17.218700000,0.882800000
1338,16.833400000,0.402600000
1339,19.026000000,2.183900000
1340,13.440100000,0.109300000
1341,17.708900000,0.400000000
1342,15.669200000,0.225000000
1343,16.770300000,0.428200000
1344,16.620900000,0.203700000
1345,17.003600000,0.572900000
1346,16.964600000,0.615100000
1347,16.587500000,0.239600000
1348,16.687500000,0.340100000
1349,16.953100000,0.567700000
1350,16.909900000,0.550000000
1351,15.765700000,0.229200000
1352,17.476000000,0.236400000
1353,15.653100000,0.222900000
1354,16.744800000,0.313000000
1355,16.649000000,0.294300000
1356,16.710900000,0.314000000
1357,18.337000000,0.289100000
1358,15.732300000,0.232800000
1359,16.590100000,0.228100000
1360,16.912500000,0.536000000
1361,19.972900000,2.913500000
1362,12.456800000,0.157800000
1363,16.811400000,0.376500000
1364,16.882300000,0.486000000
1365,17.389100000,1.013000000
1366,15.777100000,0.422400000
1367,17.143200000,0.732800000
1368,16.974000000,0.540100000
1369,15.790100000,0.338500000
1370,17.593700000,0.492700000
1371,18.106800000,1.889100000
1372,17.392200000,2.726600000
1373,13.961900000,0.537500000
1374,16.802600000,0.460900000
1375,16.969300000,0.591100000
1376,15.676100000,0.247400000
1377,16.938000000,0.556300000
1378,17.148400000,0.596300000
1379,17.075500000,0.324000000
1380,15.570400000,0.215100000
1381,16.779100000,0.466100000
1382,16.928700000,0.554700000
1383,17.197900000,0.698000000
1384,16.697400000,0.717700000
1385,15.721900000,0.418800000
1386,17.013500000,0.610900000
1387,18.385400000,1.000000000
1388,16.160400000,1.674000000
1389,15.667700000,0.271300000
1390,16.640100000,0.258900000
1391,17.040100000,0.444300000
1392,15.695900000,0.355800000
1393,17.022400000,0.187500000
1394,17.269800000,0.922400000
1395,16.247900000,0.686500000
1396,17.479100000,0.861400000
1397,15.984400000,0.302100000
1398,18.886500000,0.268300000
1399,14.091100000,0.275500000
1400,16.859400000,0.506800000
1401,16.540600000,0.222400000
1402,17.058900000,0.552600000
1403,17.711400000,1.273900000
1404,15.809400000,0.365600000
1405,16.063000000,0.364600000
1406,17.125000000,0.236000000
1407,16.566200000,0.248500000
1408,16.704100000,0.276600000
1409,21.452100000,4.440600000
1410,11.489600000,0.121800000
1411,16.788600000,0.399500000
1412,16.812500000,0.119800000
1413,17.531200000,0.976100000
1414,15.638500000,0.185400000
1415,16.922400000,0.217700000
1416,19.050000000,0.241200000
1417,13.684400000,0.294800000
1418,17.103100000,0.789100000
1419,16.881800000,0.507800000
1420,16.697400000,0.266100000
1421,16.822400000,0.321300000
1422,15.826600000,0.443800000
1423,16.693700000,0.292200000
1424,17.309900000,0.738000000
1425,17.238600000,0.783300000
1426,15.837500000,0.470400000
1427,17.206700000,0.498400000
1428,15.637000000,0.237000000
1429,17.045300000,0.660400000
1430,16.963000000,0.299500000
1431,16.986000000,0.606800000
1432,15.679100000,0.281300000
1433,16.959900000,0.543300000
1434,17.048500000,0.495300000
1435,16.619200000,0.264000000
1436,16.891200000,0.286500000
1437,15.776600000,0.300600000
1438,16.783800000,0.321400000
1439,17.084900000,0.703100000
1440,16.795300000,0.393200000
1441,17.066700000,0.696400000
1442,16.351000000,0.929700000
1443,17.039600000,0.245300000
1444,15.621900000,0.206200000
1445,16.673400000,0.345800000
1446,19.924000000,2.223500000
1447,14.569800000,0.501500000
1448,16.311400000,0.473900000
1449,15.575600000,0.223500000
1450,17.801500000,0.381300000
1451,15.700500000,0.327700000
1452,16.766700000,0.392700000
1453,16.949000000,0.621900000
1454,18.011400000,1.273400000
1455,15.602100000,0.270800000
1456,16.562500000,0.239500000
1457,17.095300000,0.301600000
1458,16.624500000,0.276000000
1459,16.584400000,1.083300000
1460,16.719200000,0.233800000
1461,15.744300000,0.328100000
1462,16.735900000,0.398400000
1463,17.299000000,0.953600000
1464,16.536500000,0.222400000
1465,20.760900000,0.322400000
1466,14.054700000,0.168200000
1467,14.851000000,0.140100000
1468,16.571900000,0.241600000
1469,17.145800000,0.580700000
1470,16.768800000,0.395300000
1471,16.884900000,0.438600000
1472,15.675500000,0.234400000
1473,17.386500000,0.786500000
1474,16.706700000,0.227700000
1475,18.147400000,0.288000000
1476,14.763100000,0.317100000
1477,16.874400000,0.455800000
1478,17.008400000,0.184900000
1479,16.684300000,0.276500000
1480,17.022400000,0.601000000
1481,16.051600000,0.652100000
1482,16.840100000,0.451600000
1483,17.133900000,0.712500000
1484,16.284300000,0.218200000
1485,16.695900000,0.389100000
1486,16.968200000,0.558900000
1487,15.968200000,0.563500000
1488,16.875000000,0.484300000
1489,16.662500000,0.272400000
1490,17.017200000,0.263000000
1491,15.633300000,0.270900000
1492,17.391200000,0.533900000
1493,16.682800000,0.274500000
1494,18.145300000,1.680700000
1495,14.880700000,0.434900000
1496,17.810500000,0.160500000
1497,16.277000000,0.525500000
1498,15.931300000,0.113000000
1499,16.844300000,0.542200000
1500,16.717700000,0.254700000
1501,17.155700000,0.762000000
1502,16.328100000,0.969200000
1503,17.181300000,0.582300000
1504,15.801000000,0.270800000
1505,17.542700000,0.215100000
1506,15.692200000,0.301000000
1507,17.054200000,0.658900000
1508,17.276500000,0.626100000
1509,15.577600000,0.251100000
1510,16.880800000,0.439100000
1511,16.964600000,0.517200000
1512,17.029100000,0.549400000
1513,15.873500000,0.459900000
1514,18.702600000,1.910400000
1515,14.946300000,0.590600000
1516,18.381800000,1.135900000
1517,15.026600000,0.324500000
1518,17.200000000,0.761500000
1519,15.661900000,0.239600000
1520,17.630200000,1.290100000
1521,15.517200000,0.195800000
1522,17.100600000,0.735900000
1523,17.334300000,0.790600000
1524,16.530800000,0.420300000
1525,16.535400000,0.363000000
1526,16.329700000,0.161500000
1527,16.747900000,0.400000000
1528,16.749500000,0.381800000
1529,17.813000000,0.278200000
1530,14.802600000,0.247400000
1531,16.650500000,0.259400000
1532,17.512000000,0.894300000
1533,17.395800000,0.568700000
1534,16.716700000,0.334900000
1535,16.315600000,0.720800000
1536,17.126000000,0.840100000
1537,16.262000000,0.905700000
1538,15.963600000,0.639100000
1539,16.496800000,0.200000000
1540,16.521400000,0.180700000
1541,16.593200000,0.294700000
1542,16.901100000,0.277100000
1543,16.684900000,0.263100000
1544,18.311900000,0.503600000
1545,14.721400000,0.350500000
1546,16.863500000,0.379200000
1547,17.167200000,0.231700000
1548,16.523500000,0.247400000
1549,17.048900000,0.691100000
1550,15.604200000,0.228100000
1551,16.708800000,0.185500000
1552,16.788600000,0.456700000
1553,16.951500000,0.143800000
1554,26.047400000,9.523400000
1555,12.866200000,4.951600000
1556,13.595300000,2.608900000
1557,13.957300000,0.609900000
1558,18.046300000,0.443700000
1559,15.888600000,0.540700000
1560,15.675000000,0.293300000
1561,16.784900000,0.153600000
1562,17.357300000,0.721900000
1563,17.059900000,0.644300000
1564,15.852600000,0.296900000
1565,18.167200000,1.152600000
1566,15.752600000,0.308400000
1567,15.752100000,0.319800000
1568,17.770800000,1.363100000
1569,16.100000000,0.674500000
1570,16.668200000,0.279700000
1571,19.709900000,2.971300000
1572,14.221400000,0.614100000
1573,15.973400000,0.446300000
1574,19.945800000,1.914600000
1575,13.814100000,0.366700000
1576,17.033300000,0.641600000
1577,16.237500000,0.278100000
1578,16.541700000,0.192700000
1579,16.622900000,0.241700000
1580,17.201100000,0.265100000
1581,15.942700000,0.566200000
1582,16.701500000,0.277100000
1583,16.949500000,0.356200000
1584,17.029200000,0.195300000
1585,15.912000000,0.498400000
1586,17.672300000,0.286500000
1587,15.766700000,0.273900000
1588,16.660400000,0.257300000
1589,16.966700000,0.424500000
1590,17.600500000,0.200500000
1591,16.105200000,0.702600000
1592,16.562000000,0.337500000
1593,16.169800000,0.536400000
1594,21.238500000,0.299500000
1595,11.611500000,0.267200000
1596,17.323400000,1.020900000
1597,16.576100000,0.208300000
1598,18.128100000,0.695300000
1599,14.794800000,0.418200000
1600,16.617200000,0.210400000
1601,17.215100000,0.776100000
1602,17.249500000,0.833900000
1603,15.955200000,0.581300000
1604,17.929100000,1.039500000
1605,15.728700000,0.220800000
1606,15.867700000,0.475000000
1607,18.212000000,0.540600000
1608,15.776000000,0.319800000
1609,18.080700000,1.299500000
1610,15.660500000,1.215100000
1611,15.970300000,0.452600000
1612,16.674500000,0.266200000
1613,17.135900000,0.390600000
1614,17.474500000,2.081800000
1615,15.746800000,0.336500000
1616,16.702600000,0.231800000
1617,15.844800000,0.457300000
1618,17.068300000,0.675500000
1619,17.218700000,0.422400000
1620,16.221400000,0.775500000
1621,16.556200000,0.197400000
1622,17.584400000,0.810900000
1623,15.828100000,0.358300000
1624,17.070300000,0.462000000
1625,15.592200000,0.237500000
1626,17.891200000,0.523500000
1627,15.746300000,0.112500000
1628,17.995900000,0.187500000
1629,15.658800000,0.139000000
1630,19.206300000,2.116700000
1631,13.544800000,0.197400000
1632,16.655200000,0.364600000
1633,16.515100000,0.200000000
1634,18.339500000,0.622900000
1635,15.802700000,0.317200000
1636,17.290600000,0.899500000
1637,15.962000000,0.525500000
1638,23.147400000,5.682800000
1639,9.434300000,0.108300000
1640,17.768800000,0.231800000
1641,16.835400000,0.511400000
1642,15.913000000,0.605800000
1643,16.732300000,0.385900000
1644,17.099500000,0.716200000
1645,16.755700000,0.362500000
1646,17.582300000,0.240100000
1647,14.940600000,0.286500000
1648,17.257300000,0.876100000
1649,18.413600000,0.301100000
1650,14.613500000,0.270300000
1651,16.857800000,0.530200000
1652,17.365100000,0.345300000
1653,15.758400000,0.282900000
1654,17.382800000,1.051100000
1655,17.126000000,1.632800000
1656,16.402100000,1.037000000
1657,15.639600000,0.299000000
1658,17.805700000,1.372400000
1659,15.903100000,0.515100000
1660,17.393300000,0.900600000
1661,15.929100000,0.533800000
1662,16.698500000,0.239100000
1663,16.984300000,0.443700000
1664,16.863600000,0.252100000
1665,15.861400000,0.385900000
1666,16.832300000,0.420300000
1667,17.124000000,0.319300000
1668,15.655700000,0.266700000
1669,16.600000000,0.241600000
1670,18.343800000,0.319800000
1671,16.370300000,0.914100000
1672,16.059900000,0.522400000
1673,17.288000000,0.350500000
1674,16.468200000,0.990600000
1675,15.664600000,0.266100000
1676,18.159400000,1.793800000
1677,30.358300000,11.201000000
1678,10.569800000,7.787000000
1679,12.949500000,4.980700000
1680,12.440100000,0.796900000
1681,15.575000000,0.231800000
1682,17.143200000,0.716200000
1683,17.983400000,0.268800000
1684,15.925500000,0.515200000
1685,16.447900000,0.514100000
1686,15.729700000,0.309900000
1687,16.780200000,0.347400000
1688,17.980200000,1.512000000
1689,15.648400000,0.283400000
1690,16.855200000,0.144300000
1691,29.324000000,10.396400000
1692,18.238000000,12.875000000
1693,11.482800000,8.732300000
1694,14.370300000,4.142200000
1695,17.952700000,7.564600000
1696,12.002600000,3.033400000
1697,13.506200000,1.166200000
1698,16.895300000,0.551500000
1699,15.700500000,0.302000000
1700,17.451100000,1.013600000
1701,17.029700000,0.490700000
1702,15.961900000,0.559400000
1703,17.103700000,0.184400000
1704,15.576000000,0.233400000
1705,17.775000000,0.392700000
1706,17.243300000,1.825000000
1707,15.681700000,0.290100000
1708,17.129200000,0.693800000
1709,15.662500000,0.257800000
1710,16.611500000,0.137500000
1711,16.831200000,0.502100000
1712,17.197900000,0.877000000
1713,16.877100000,0.371900000
1714,17.135900000,0.680200000
1715,16.796400000,1.394300000
1716,16.240100000,0.822900000
1717,16.225000000,0.768200000
1718,17.731800000,0.362000000
1719,15.657300000,0.131800000
1720,16.854100000,0.552100000
1721,16.784400000,0.283300000
1722,15.608900000,0.267200000
1723,17.681700000,0.331300000
1724,17.368300000,0.167200000
1725,15.730700000,0.289600000
1726,16.984900000,0.287000000
1727,16.205700000,0.825000000
1728,16.591200000,0.228100000
1729,16.758800000,0.231700000
1730,17.502600000,0.671900000
1731,16.089600000,0.669800000
1732,17.158900000,0.425000000
1733,16.237500000,0.213000000
1734,17.183800000,0.709300000
1735,15.787000000,0.367200000
1736,17.244800000,0.314600000
1737,16.339000000,0.923400000
1738,16.714100000,0.267100000
1739,16.808900000,0.313100000
1740,15.992200000,0.622300000
1741,16.704100000,0.269300000
1742,17.044300000,0.693200000
1743,16.771300000,0.305200000
1744,17.227600000,0.880200000
1745,22.991700000,6.521300000
1746,24.985400000,13.037500000
1747,9.117200000,8.717200000
1748,13.462000000,4.940700000
1749,11.560400000,0.117800000
1750,16.802600000,0.415100000
1751,17.399000000,0.870400000
1752,15.576000000,0.244200000
1753,17.795900000,0.359300000
1754,17.099400000,1.663000000
1755,15.696900000,0.299000000
1756,17.167200000,0.765100000
1757,16.467200000,0.885400000
1758,17.067700000,0.174500000
1759,17.547900000,0.635900000
1760,16.421400000,2.072900000
1761,15.608300000,0.253700000
1762,16.603100000,0.280800000
1763,16.571900000,0.219800000
1764,16.953100000,0.571400000
1765,16.756800000,0.405200000
1766,17.751000000,0.781200000
1767,15.291200000,0.202100000
1768,17.099500000,0.751600000
1769,16.361900000,0.961000000
1770,16.693300000,0.318200000
1771,17.172400000,0.732300000
1772,16.239000000,0.873900000
1773,16.879200000,0.373500000
1774,15.650000000,0.267200000
1775,18.875500000,0.133800000
1776,14.708900000,0.350000000
1777,16.631200000,0.297400000
1778,19.394300000,3.092200000
1779,13.905700000,0.493700000
1780,17.568800000,1.154700000
1781,16.473400000,1.078600000
1782,16.061500000,0.634400000
1783,16.902600000,0.481300000
1784,17.030200000,0.343800000
1785,18.993200000,0.186400000
1786,13.478100000,0.183300000
1787,16.947900000,0.545900000
1788,16.923000000,0.480300000
1789,17.255700000,0.860900000
1790,16.617200000,1.185900000
1791,15.708300000,0.260900000
1792,16.691200000,0.288000000
1793,17.246300000,0.833300000
1794,16.933300000,0.500000000
1795,15.858400000,0.332800000
1796,17.177600000,0.794800000
1797,17.170300000,0.626000000
1798,15.700000000,0.363000000
1799,16.903600000,0.267800000
1800,16.683400000,0.277600000
1801,16.745800000,0.317200000
1802,17.203700000,0.251500000
1803,20.428100000,0.177600000
1804,12.278100000,0.275500000
1805,17.026000000,0.374000000
1806,17.120400000,0.421900000
1807,15.804100000,0.421300000
1808,17.040600000,0.385500000
1809,16.955300000,0.527100000
1810,16.372400000,1.000000000
1811,17.150000000,0.697900000
1812,17.136400000,1.757300000
1813,15.731800000,0.360900000
1814,17.601000000,0.200000000
1815,15.924000000,0.539600000
1816,15.831200000,0.372400000
1817,16.988600000,0.603100000
1818,17.305200000,0.972400000
1819,15.913500000,0.377600000
1820,17.737500000,0.997400000
1821,16.250000000,0.228600000
1822,21.007800000,1.860500000
1823,12.234900000,0.296300000
1824,15.763600000,0.434900000
1825,17.181700000,0.575000000
1826,17.924000000,1.418800000
1827,15.674500000,0.266700000
1828,17.253600000,0.901500000
1829,15.707300000,0.258800000
1830,16.601600000,0.266200000
1831,17.120800000,0.746300000
1832,17.518200000,0.193200000
1833,15.549500000,0.200500000
1834,16.916700000,0.208900000
1835,16.801600000,0.409900000
1836,15.878600000,0.265600000
1837,16.990100000,0.126100000
1838,17.224500000,0.470300000
1839,15.594800000,0.247400000
1840,16.786400000,0.459900000
1841,17.212000000,0.782300000
1842,16.588000000,0.249000000
1843,16.531800000,0.189000000
1844,16.715600000,0.219300000
1845,16.699000000,0.273400000
1846,16.628100000,0.307800000
1847,16.990100000,0.293800000
1848,17.025000000,0.672400000
1849,15.620300000,0.242100000
1850,18.449500000,2.033900000
1851,15.539600000,1.024500000
1852,17.064600000,0.645900000
1853,16.168200000,0.287000000
1854,17.290600000,0.852600000
1855,15.898500000,0.505800000
1856,17.599400000,0.664000000
1857,16.287500000,0.867700000
1858,16.383900000,0.569300000
1859,16.504200000,0.207300000
1860,16.757300000,0.414600000
1861,16.832800000,0.281800000
1862,15.602600000,0.258300000
1863,17.972900000,0.567200000
1864,15.892200000,0.509400000
1865,17.047400000,0.155200000
1866,42.443200000,25.931700000
1867,17.919300000,17.465600000
1868,9.306200000,8.808300000
1869,15.447900000,6.215100000
1870,10.306800000,0.863000000
1871,15.559400000,0.217700000
1872,17.572900000,0.222400000
1873,16.839600000,0.357800000
1874,15.601000000,0.258800000
1875,17.900000000,0.522400000
1876,16.763600000,1.319200000
1877,16.115100000,0.746900000
1878,17.390100000,0.505200000
1879,17.636400000,2.038600000
1880,15.139600000,0.406200000
1881,16.922900000,0.531200000
1882,16.562000000,1.149400000
1883,15.769800000,0.273400000
1884,16.695300000,0.321300000
1885,17.014100000,0.520900000
1886,18.778100000,0.271400000
1887,14.697400000,0.319800000
1888,17.212000000,0.440100000
1889,16.282300000,0.846800000
1890,19.457300000,0.262500000
1891,14.872400000,1.246300000
1892,16.027000000,0.567700000
1893,16.017800000,0.635400000
1894,17.363000000,0.795900000
1895,15.767700000,0.450000000
1896,17.421900000,1.044300000
1897,15.644700000,0.232300000
1898,16.748000000,0.367700000
1899,17.235900000,0.697400000
1900,17.046400000,0.622400000
1901,15.744700000,0.353100000
1902,16.685500000,0.225000000
1903,16.791600000,0.425000000
1904,17.403200000,1.072400000
1905,15.785900000,0.417700000
1906,17.348400000,0.793200000
1907,16.827600000,0.435400000
1908,16.298000000,0.903100000
1909,16.782200000,0.203700000
1910,17.331800000,0.400000000
1911,15.670800000,0.250500000
1912,16.917800000,0.532300000
1913,16.886400000,0.301500000
1914,17.179200000,0.696900000
1915,16.754700000,1.310900000
1916,16.909900000,1.460500000
1917,16.242200000,0.645900000
1918,16.228600000,0.692200000
1919,16.541700000,0.212000000
1920,16.638000000,0.259900000
1921,16.689000000,0.292700000
1922,17.177700000,0.273900000
1923,15.696800000,0.316700000
1924,17.082300000,0.526600000
1925,16.665600000,0.245900000
1926,17.404700000,0.237500000
1927,15.925600000,0.484400000
1928,17.407200000,0.340100000
1929,15.749000000,0.337500000
1930,17.593200000,1.176000000
1931,15.820300000,0.277600000
1932,16.940100000,0.579700000
1933,16.615200000,0.231800000
1934,16.547900000,0.216100000
1935,16.590600000,0.222900000
1936,17.488500000,0.475600000
1937,16.386500000,0.273400000
1938,15.649500000,0.246900000
1939,16.840100000,0.528200000
1940,17.055700000,0.612500000
1941,16.787500000,0.336000000
1942,17.691700000,0.341200000
1943,15.465600000,0.106800000
1944,16.721900000,0.225500000
1945,16.604100000,0.295400000
1946,16.634900000,0.282900000
1947,16.562000000,0.210900000
1948,16.587500000,0.263500000
1949,17.283900000,0.427600000
1950,15.820800000,0.483300000
1951,16.740100000,0.250000000
1952,17.029200000,0.567200000
1953,16.549500000,0.230200000
1954,16.931700000,0.567100000
1955,16.769300000,0.301100000
1956,16.794300000,0.190600000
1957,15.908800000,0.520800000
1958,17.976100000,1.589100000
1959,15.700500000,0.362000000
1960,16.790100000,0.250500000
1961,16.907800000,0.408300000
1962,16.908300000,0.464500000
1963,15.761000000,0.315100000
1964,16.676000000,0.327000000
1965,16.661500000,0.280200000
1966,17.007300000,0.647400000
1967,16.644200000,0.299000000
1968,17.549500000,0.181200000
1969,16.266700000,0.547900000
1970,15.617700000,0.204700000
1971,17.355200000,0.608300000
1972,16.784400000,0.369300000
1973,17.371800000,0.870400000
1974,17.097400000,1.686900000
1975,15.070900000,0.629700000
1976,17.642200000,1.267800000
1977,15.710900000,0.319800000
1978,17.174000000,0.759900000
1979,17.549400000,0.945800000
1980,16.207800000,0.520300000
1981,15.740200000,0.298500000
1982,16.786400000,0.462000000
1983,16.720800000,0.271900000
1984,16.890100000,0.507200000
1985,16.978700000,0.588100000
1986,16.897900000,1.474000000
1987,15.897900000,0.238500000
1988,16.970300000,0.520800000
1989,16.745400000,0.428200000
1990,15.617100000,0.264100000
1991,18.123500000,0.655200000
1992,16.204100000,0.768800000
1993,18.267800000,1.714500000
1994,19.020300000,0.319800000
1995,12.610400000,0.229700000
1996,17.182300000,0.157800000
1997,15.826500000,0.498500000
1998,16.565700000,0.244800000
1999,16.811900000,0.385400000
2000,17.377600000,0.932800000
2001,16.057300000,0.658800000
2002,17.230200000,0.839000000
2003,15.688600000,0.269800000
2004,17.059900000,0.678100000
2005,16.880200000,0.188500000
2006,16.869800000,0.144800000
2007,15.621900000,0.235400000
2008,16.744200000,0.323400000
2009,19.424500000,1.321400000
2010,14.892200000,0.522400000
2011,15.706200000,0.243200000
2012,16.620900000,0.195300000
2013,16.814000000,0.348000000
2014,16.627100000,0.287500000
2015,16.622900000,0.226100000
2016,17.107300000,0.696800000
2017,20.343300000,2.884400000
2018,14.163500000,0.238500000
2019,15.517700000,0.199400000
2020,16.532300000,0.227600000
2021,16.594300000,0.235400000
2022,16.856200000,0.432300000
2023,17.414100000,1.009400000
2024,15.942700000,0.570800000
2025,16.665100000,0.243800000
2026,16.660400000,0.151500000
2027,32.240600000,15.809400000
2028,15.770900000,15.538000000
2029,13.603600000,12.126600000
2030,17.196900000,12.833400000
2031,8.605200000,4.350500000
2032,12.341700000,0.097400000
2033,16.586900000,0.137000000
2034,16.819800000,0.323500000
2035,16.547400000,0.239600000
2036,17.459400000,1.062000000
2037,16.929200000,0.346400000
2038,16.284900000,0.526100000
2039,16.794800000,0.426600000
2040,17.692700000,0.147400000
2041,16.295300000,0.293800000
2042,15.682800000,0.246300000
2043,17.143200000,0.613000000
2044,15.898500000,0.507300000
2045,17.297900000,0.723500000
2046,17.910400000,1.386400000
2047,15.065100000,0.258300000
2048,17.644800000,0.563500000
2049,15.574000000,0.216700000
2050,16.655200000,0.292800000
2051,16.635900000,0.259300000
2052,16.719800000,0.278700000
2053,17.712000000,1.285400000
2054,16.231700000,0.796300000
2055,15.849000000,0.346900000
2056,16.717200000,0.290600000
2057,18.940100000,0.946400000
2058,16.369300000,2.027600000
2059,14.788000000,0.263600000
2060,17.267200000,0.747900000
2061,15.989000000,0.628100000
2062,17.944800000,1.565600000
2063,16.206300000,0.809400000
2064,16.252100000,0.917800000
2065,16.737500000,0.366200000
2066,20.071300000,0.314600000
2067,13.035400000,0.662000000
2068,16.553700000,0.273400000
2069,16.597900000,0.245300000
2070,16.873400000,0.544200000
2071,16.915100000,0.444300000
2072,17.549000000,0.318200000
2073,15.643700000,0.278200000
2074,16.670900000,0.286500000
2075,17.481700000,0.146400000
2076,15.905800000,0.357800000
2077,16.691100000,0.269800000
2078,16.594800000,0.212500000
2079,19.849500000,0.421900000
2080,13.983800000,0.643800000
2081,15.978700000,0.199000000
2082,16.604700000,0.270400000
2083,17.071300000,0.419800000
2084,16.837000000,0.430200000
2085,16.258300000,0.878100000
2086,16.620900000,0.287000000
2087,16.592200000,0.236500000
2088,17.283300000,0.888000000
2089,15.737000000,0.278200000
2090,16.956700000,0.551600000
2091,17.199500000,0.809900000
2092,15.903700000,0.155700000
2093,16.722900000,0.275500000
2094,16.583800000,0.247900000
2095,16.760500000,0.331300000
2096,17.994200000,0.995300000
2097,15.657800000,0.289500000
2098,17.433900000,1.014600000
2099,15.635900000,0.267700000
2100,16.672400000,0.243700000
2101,16.808400000,0.292700000
2102,16.655700000,0.291100000
2103,16.628600000,0.327600000
2104,16.627100000,0.271400000
2105,16.779200000,0.289100000
2106,17.187000000,0.757800000
2107,15.584900000,0.264100000
2108,16.647400000,0.306800000
2109,18.413000000,0.580800000
2110,16.803600000,1.382800000
2111,15.587000000,0.242200000
2112,19.936500000,2.826600000
2113,12.823400000,0.378100000
2114,16.659400000,0.244300000
2115,17.339000000,0.888100000
2116,17.789100000,1.419300000
2117,16.215600000,0.730700000
2118,15.755200000,0.261000000
2119,19.070900000,0.246400000
2120,13.771300000,0.364600000
2121,17.232300000,0.750500000
2122,17.799500000,1.239500000
2123,15.606200000,0.254700000
2124,18.367800000,1.243700000
2125,16.095800000,1.645300000
2126,15.819800000,0.428700000
2127,15.658800000,0.242700000
2128,16.912000000,0.558300000
2129,16.755200000,0.430700000
2130,16.706800000,0.352100000
2131,16.877600000,0.429200000
2132,17.353100000,0.795800000
2133,17.619300000,0.440100000
2134,14.636400000,0.128700000
2135,16.652100000,0.266100000
2136,16.697900000,0.289600000
2137,17.014100000,0.308300000
2138,18.095300000,1.685900000
2139,18.458400000,2.748900000
2140,16.564500000,2.836900000
2141,15.593800000,0.774500000
2142,14.519800000,0.194300000
2143,16.809400000,0.428700000
2144,16.695300000,0.271900000
2145,16.507800000,0.203100000
2146,16.777100000,0.417700000
2147,16.873900000,0.555700000
2148,18.065100000,1.732800000
2149,15.516200000,0.832300000
2150,15.617700000,0.328100000
2151,16.796300000,0.375500000
2152,16.958900000,0.538100000
2153,16.849500000,0.419300000
2154,16.819800000,0.394800000
2155,16.842700000,0.390700000
2156,17.135400000,0.713000000
2157,15.762000000,0.334900000
2158,16.781200000,0.353700000
2159,16.829700000,0.478100000
2160,16.731300000,0.392700000
2161,17.433800000,0.850000000
2162,15.426000000,0.171900000
2163,16.593800000,0.259400000
2164,16.694300000,0.243800000
2165,16.915600000,0.531300000
2166,16.624500000,0.263600000
2167,17.219200000,0.792700000
2168,15.934900000,0.620800000
2169,18.095400000,1.051500000
2170,15.737500000,0.291600000
2171,16.739500000,0.261500000
2172,16.590700000,0.254200000
2173,17.949400000,1.609900000
2174,14.691700000,0.401000000
2175,16.842700000,0.325500000
2176,16.904200000,0.408900000
2177,17.668700000,1.067700000
2178,17.704700000,2.247400000
2179,14.845300000,0.190100000
2180,22.108400000,5.001100000
2181,10.547900000,0.240600000
2182,16.811400000,0.468800000
2183,17.153200000,0.347900000
2184,16.618700000,0.229700000
2185,16.752100000,0.321800000
2186,16.681800000,0.389600000
2187,16.602600000,0.282300000
2188,16.748900000,0.263500000
2189,17.530200000,0.801500000
2190,16.148000000,0.542700000
2191,15.948900000,0.357300000
2192,16.600500000,0.220300000
2193,16.993300000,0.304200000
2194,17.108800000,0.553100000
2195,15.938000000,0.172400000
2196,16.623000000,0.257300000
2197,17.779600000,1.314500000
2198,15.620400000,0.246400000
2199,17.045300000,0.214100000
2200,16.685900000,0.238500000
2201,16.589100000,0.199000000
2202,17.033300000,0.551500000
2203,15.548400000,0.271400000
2204,16.478200000,0.188100000
2205,17.653100000,0.248500000
2206,17.057800000,0.636500000
2207,16.146400000,0.698500000
2208,16.815100000,0.335500000
2209,17.030700000,0.236500000
2210,15.920800000,0.584900000
2211,17.279700000,0.808300000
2212,15.696900000,0.267200000
2213,16.737000000,0.171400000
2214,16.794800000,0.302600000
2215,18.395300000,1.984300000
2216,14.797900000,0.438500000
2217,17.225500000,0.808900000
2218,16.825000000,0.401600000
2219,17.138500000,0.222400000
2220,16.038100000,0.636400000
2221,17.236400000,0.842700000
2222,15.658400000,0.184900000
2223,16.522900000,0.180700000
2224,16.689000000,0.392200000
2225,17.112000000,0.442200000
2226,16.689600000,0.311500000
2227,17.520300000,1.008300000
2228,15.975000000,0.572900000
2229,17.543800000,0.991200000
2230,16.018200000,0.400000000
2231,16.392700000,0.967200000
2232,16.940100000,0.501600000
2233,17.094300000,1.646400000
2234,15.735900000,0.330200000
2235,16.728700000,0.310400000
2236,16.723400000,0.379700000
2237,17.117200000,0.555800000
2238,16.216700000,0.796300000
2239,17.374400000,0.943800000
2240,15.624500000,0.253100000
2241,17.309400000,0.784400000
2242,16.870800000,0.399500000
2243,16.234900000,0.751100000
2244,21.482300000,0.231800000
2245,11.470300000,0.123400000
2246,16.631800000,0.243800000
2247,16.971900000,0.163600000
2248,16.671300000,0.276500000
2249,16.809400000,0.391200000
2250,16.807800000,0.362000000
2251,23.138000000,6.304700000
2252,9.847900000,0.450600000
2253,17.131300000,0.580200000
2254,15.689100000,0.289600000
2255,16.917100000,0.489100000
2256,16.965700000,0.604700000
2257,16.621300000,0.267100000
2258,16.721400000,0.353700000
2259,16.554100000,0.199500000
2260,17.252100000,0.611400000
2261,16.083400000,0.576100000
2262,16.564000000,0.237000000
2263,16.867200000,0.352600000
2264,16.782300000,0.448900000
2265,16.792200000,0.404700000
2266,17.038000000,0.684900000
2267,15.857800000,0.438500000
2268,16.872400000,0.407300000
2269,16.939600000,0.521400000
2270,16.791100000,0.357800000
2271,15.776600000,0.135400000
2272,17.060400000,0.523400000
2273,16.723500000,0.304200000
2274,16.989500000,0.385900000
2275,16.959900000,0.172400000
2276,15.866200000,0.529200000
2277,17.090100000,0.719800000
2278,16.744300000,0.287500000
2279,16.713000000,0.330200000
2280,16.856200000,0.456800000
2281,15.695900000,0.258300000
2282,16.754700000,0.268300000
2283,16.752000000,0.393200000
2284,16.614100000,0.236400000
2285,17.025000000,0.140600000
2286,17.027600000,0.671400000
2287,15.696900000,0.250500000
2288,16.591100000,0.235400000
2289,17.938600000,0.364100000
2290,15.783300000,0.302600000
2291,16.754700000,0.339100000
2292,17.241700000,0.577600000
2293,17.298400000,0.292200000
2294,15.654700000,0.282800000
2295,16.862500000,0.260400000
2296,16.740100000,0.225500000
2297,16.735400000,0.301600000
2298,16.629700000,0.264100000
2299,17.467200000,0.840200000
2300,15.790600000,0.440100000
2301,17.125500000,0.173900000
2302,15.898500000,0.513000000
2303,16.970300000,0.583300000
2304,17.004700000,0.620300000
2305,16.017700000,0.209400000
2306,19.744800000,0.189100000
2307,13.467700000,0.191200000
2308,16.744200000,0.296300000
2309,17.152100000,0.241600000
2310,16.693800000,0.220800000
2311,16.495300000,0.201600000
2312,18.418700000,1.813500000
2313,14.719800000,0.298400000
2314,16.890700000,0.475500000
2315,16.658300000,0.276100000
2316,16.420800000,0.156300000
2317,16.568200000,0.221800000
2318,16.630300000,0.244800000
2319,18.244200000,1.742700000
2320,14.732300000,0.308300000
2321,17.382300000,0.658900000
2322,16.800000000,0.345300000
2323,17.087000000,0.299000000
2324,18.612000000,0.171400000
2325,13.951500000,0.467700000
2326,16.581800000,0.241700000
2327,16.940100000,0.380200000
2328,17.006300000,0.606300000
2329,15.991600000,0.650500000
2330,16.791200000,0.352600000
2331,18.208800000,1.548400000
2332,14.936000000,0.435900000
2333,16.892700000,0.558300000
2334,17.041600000,0.557900000
2335,15.841200000,0.434400000
2336,16.641600000,0.282800000
2337,19.542200000,1.741100000
2338,14.291700000,0.699500000
2339,16.682300000,0.260400000
2340,16.843200000,0.338000000
2341,17.370300000,0.972400000
2342,15.718300000,0.284900000
2343,16.833300000,0.274500000
2344,17.124000000,0.701600000
2345,15.566600000,0.216700000
2346,17.333900000,0.956800000
2347,16.977100000,0.582900000
2348,15.698400000,0.320800000
2349,17.290100000,0.799000000
2350,16.747900000,0.388000000
2351,19.763000000,0.850000000
2352,13.981800000,0.599000000
2353,15.921900000,0.245300000
2354,17.056200000,0.279700000
2355,17.162500000,0.755200000
2356,16.093800000,0.678700000
2357,16.944300000,0.255200000
2358,15.686400000,0.278100000
2359,17.449500000,1.034900000
2360,16.580200000,0.246900000
2361,18.706300000,0.170300000
2362,14.961400000,0.422400000
2363,15.921900000,0.556700000
2364,17.557300000,1.052100000
2365,19.178600000,3.602100000
2366,13.566200000,0.171900000
2367,16.527100000,0.246400000
2368,16.629600000,0.280200000
2369,16.853200000,0.416200000
2370,16.604100000,0.284800000
2371,17.055200000,0.665100000
2372,15.932900000,0.563100000
2373,16.848900000,0.325500000
2374,16.701100000,0.332800000
2375,17.188500000,0.609900000
2376,15.577100000,0.251600000
2377,17.963000000,0.167200000
2378,16.333300000,0.946900000
2379,16.925000000,0.314600000
2380,16.245300000,0.745300000
2381,17.355800000,0.819800000
2382,15.992200000,0.599000000
2383,17.095800000,0.619800000
2384,15.673400000,0.301500000
2385,17.264100000,0.518800000
2386,17.235900000,0.834900000
2387,16.022900000,0.174000000
2388,17.034900000,0.294200000
2389,16.218300000,0.719700000
2390,17.128100000,0.709900000
2391,16.265600000,0.217700000
2392,16.675500000,0.281300000
2393,16.563100000,0.211500000
2394,16.931700000,0.425000000
2395,16.853200000,0.423000000
2396,15.573400000,0.254700000
2397,17.797400000,0.338000000
2398,15.775500000,0.294300000
2399,16.713600000,0.289600000
2400,17.347900000,0.169300000
2401,16.730200000,0.329700000
2402,17.372400000,0.737000000
2403,16.680200000,1.191100000
2404,15.736400000,0.283300000
2405,16.862000000,0.340100000
2406,16.595900000,0.271900000
2407,16.759300000,0.340100000
2408,17.433400000,2.077100000
2409,15.715600000,0.281200000
2410,16.612000000,0.240600000
2411,16.827100000,0.381700000
2412,18.529100000,1.948400000
2413,15.453100000,1.015100000
2414,15.617800000,0.253600000
2415,16.981200000,0.227600000
2416,16.824500000,0.436000000
2417,16.170300000,0.688600000
2418,17.067200000,0.638000000
2419,18.697400000,2.139100000
2420,18.311400000,3.534900000
2421,13.129200000,0.263000000
2422,15.555700000,0.221900000
2423,18.733900000,1.095900000
2424,14.848400000,0.378100000
2425,16.769300000,0.282300000
2426,16.776000000,0.482300000
2427,16.936500000,0.558300000
2428,16.956200000,0.570900000
2429,17.031300000,0.607800000
2430,15.853100000,0.393200000
2431,21.493800000,0.908400000
2432,11.466600000,0.193300000
2433,16.727600000,0.406800000
2434,16.696400000,0.339100000
2435,16.642700000,0.297900000
2436,17.253600000,0.769800000
2437,16.871900000,0.524500000
2438,15.920900000,0.507900000
2439,17.327000000,0.879700000
2440,17.086000000,0.640100000
2441,16.162000000,0.770900000
2442,16.949400000,0.558300000
2443,16.328700000,0.936500000
2444,17.056800000,0.559800000
2445,16.330700000,0.617200000
2446,16.692200000,0.246300000
2447,20.520300000,3.026600000
2448,13.693200000,1.325500000
2449,15.922400000,0.246900000
2450,16.649000000,0.234900000
2451,18.195800000,0.183300000
2452,14.920800000,0.241100000
2453,17.426600000,0.171400000
2454,16.190100000,0.731300000
2455,15.830200000,0.311500000
2456,17.220300000,0.809900000
2457,16.824500000,0.339600000
2458,17.190600000,0.684900000
2459,15.525000000,0.116100000
2460,18.430200000,2.025000000
2461,14.816200000,0.451600000
2462,16.959900000,0.592700000
2463,16.984900000,0.591700000
2464,16.809300000,0.150600000
2465,17.557900000,0.752600000
2466,15.770300000,0.275500000
2467,17.015600000,0.438100000
2468,15.682300000,0.248400000
2469,16.784900000,0.267200000
2470,16.817200000,0.407300000
2471,16.803100000,0.446300000
2472,16.795800000,0.374000000
2473,18.162500000,0.768700000
2474,14.740700000,0.297300000
2475,16.977600000,0.601600000
2476,16.759900000,0.266200000
2477,17.040600000,0.603700000
2478,15.615100000,0.236500000
2479,16.666600000,0.283800000
2480,16.918300000,0.526600000
2481,17.067700000,0.210400000
2482,16.802100000,0.349000000
2483,16.810400000,0.382800000
2484,15.813500000,0.338000000
2485,17.661000000,1.315100000
2486,15.567200000,0.202600000
2487,16.628100000,0.159400000
2488,17.709900000,1.222400000
2489,16.148400000,0.693200000
2490,17.938000000,1.489100000
2491,16.740100000,0.934300000
2492,15.842200000,0.244300000
2493,15.795900000,0.219300000
2494,17.857800000,1.501000000
2495,15.808300000,0.481300000
2496,16.943200000,0.136500000
2497,17.469300000,0.393800000
2498,15.571900000,0.264600000
2499,16.614000000,0.243800000
2500,17.848500000,1.305300000
2501,17.494800000,0.751000000
2502,15.292200000,0.636400000
2503,15.985900000,0.232300000
2504,16.799000000,0.373400000
2505,16.525000000,0.179700000
2506,17.063000000,0.672400000
2507,17.123400000,0.337500000
2508,16.033900000,0.387500000
2509,16.624400000,0.273000000
2510,16.604700000,0.273900000
2511,17.156800000,0.672900000
2512,15.675500000,0.282300000
2513,16.652100000,0.227600000
2514,17.241700000,0.685400000
2515,17.042200000,0.276100000
2516,15.795300000,0.340700000
2517,16.996300000,0.606700000
2518,17.958400000,1.539600000
2519,16.344800000,0.959300000
2520,16.087500000,0.680200000
2521,16.853600000,0.421300000
2522,15.894300000,0.509900000
2523,16.630700000,0.227100000
2524,17.545300000,1.018300000
2525,16.027600000,0.619800000
2526,16.695800000,0.278200000
2527,16.693300000,0.274000000
2528,16.791100000,0.375000000
2529,16.661000000,0.266200000
2530,16.797900000,0.405200000
2531,18.401000000,0.941600000
2532,16.157800000,1.751000000
2533,14.735400000,0.369300000
2534,17.336000000,0.995300000
2535,17.075500000,0.305200000
2536,15.608900000,0.281300000
2537,17.085400000,0.662500000
2538,16.644200000,0.295800000
2539,16.639100000,0.144800000
2540,16.634900000,0.259900000
2541,17.055200000,0.634900000
2542,17.018200000,0.616200000
2543,15.562000000,0.186000000
2544,18.555800000,2.099500000
2545,16.259800000,0.900500000
2546,15.637500000,0.244300000
2547,16.651100000,0.238600000
2548,16.645300000,0.179700000
2549,18.532300000,1.653100000
2550,14.568700000,0.259400000
2551,17.415100000,0.900000000
2552,15.814100000,0.484300000
2553,17.004200000,0.530800000
2554,16.723400000,0.290100000
2555,19.431800000,0.268800000
2556,13.638000000,0.278100000
2557,16.940600000,0.427600000
2558,17.229700000,0.212500000
2559,15.883900000,0.222400000
2560,16.617200000,0.212000000
2561,16.813500000,0.348000000
2562,16.529200000,0.203100000
2563,16.797400000,0.340100000
2564,16.779100000,0.295800000
2565,16.799500000,0.327600000
2566,16.678100000,0.271400000
2567,16.852600000,0.334900000
2568,17.912500000,1.516700000
2569,15.418800000,0.614600000
2570,16.850000000,0.293800000
2571,15.665100000,0.288000000
2572,16.898400000,0.316700000
2573,18.668300000,2.244300000
2574,15.066100000,0.671900000
2575,16.736500000,0.338600000
2576,17.090100000,0.745900000
2577,15.641600000,0.301600000
2578,16.589600000,0.284300000
2579,16.713600000,0.333900000
2580,17.021800000,0.432300000
2581,17.391700000,0.669300000
2582,15.582300000,0.236900000
2583,17.330700000,0.737000000
2584,16.693800000,0.288600000
2585,17.296300000,0.614100000
2586,15.945300000,0.524400000
2587,18.755200000,2.290100000
2588,14.535500000,0.248400000
2589,16.772400000,0.328200000
2590,16.760900000,0.357800000
2591,17.047900000,0.659300000
2592,15.915100000,0.498400000
2593,19.502100000,0.237000000
2594,13.525000000,0.228600000
2595,17.073400000,0.591700000
2596,16.656300000,0.310400000
2597,16.782300000,0.367200000
2598,16.917200000,0.500000000
2599,18.335900000,1.375500000
2600,14.771900000,0.454700000
2601,17.944800000,1.134800000
2602,14.966600000,0.158900000
2603,16.792700000,0.242200000
2604,16.740700000,0.365600000
2605,18.206200000,1.775500000
2606,14.805800000,0.403100000
2607,17.047900000,0.645300000
2608,16.675000000,0.307300000
2609,17.085400000,0.563600000
2610,16.291100000,0.648400000
2611,17.768800000,1.176600000
2612,24.794300000,8.821800000
2613,13.041600000,5.203600000
2614,11.654200000,1.217700000
2615,16.026000000,0.154600000
2616,16.583400000,0.254700000
2617,16.776500000,0.322400000
2618,16.701600000,0.271900000
2619,16.700500000,0.390600000
2620,16.788500000,0.386900000
2621,16.947400000,0.338000000
2622,15.714100000,0.283900000
2623,16.978700000,0.626000000
2624,16.767700000,0.266700000
2625,18.669200000,1.921800000
2626,14.832800000,0.339600000
2627,17.244800000,0.543800000
2628,15.952600000,0.512500000
2629,17.458900000,1.024500000
2630,16.015100000,0.593700000
2631,17.131800000,0.428100000
2632,15.747400000,0.284400000
2633,16.642700000,0.295300000
2634,16.895300000,0.419300000
2635,17.311400000,0.784300000
2636,15.886500000,0.504100000
2637,19.193800000,2.780700000
2638,14.738500000,0.317700000
2639,16.816100000,0.301100000
2640,15.778200000,0.325000000
2641,18.020300000,1.592200000
2642,16.297400000,0.661500000
2643,16.210900000,0.837500000
2644,16.620800000,0.233400000
2645,17.030300000,0.640100000
2646,15.784800000,0.441600000
2647,16.849500000,0.488500000
2648,17.313000000,0.736500000
2649,17.473500000,0.978100000
2650,15.584900000,0.222400000
2651,16.835400000,0.280700000
2652,16.742700000,0.349500000
2653,18.644300000,2.264100000
2654,14.877600000,0.517800000
2655,16.106200000,0.689600000
2656,16.808400000,0.383400000
2657,18.405200000,1.979200000
2658,15.117200000,0.680300000
2659,18.188000000,1.763000000
2660,14.562500000,0.201500000
2661,18.760900000,2.422900000
2662,14.659400000,0.257300000
2663,16.903100000,0.503600000
2664,16.720900000,0.297400000
2665,19.758300000,2.981300000
2666,13.754200000,0.399500000
2667,16.911400000,0.465100000
2668,15.666200000,0.296400000
2669,16.576500000,0.235900000
2670,16.566200000,0.221900000
2671,17.845300000,0.451600000
2672,15.692700000,0.308300000
2673,19.090600000,2.720800000
2674,15.378100000,0.181800000
2675,15.966700000,0.546300000
2676,16.908300000,0.539600000
2677,17.064100000,0.464100000
2678,15.693700000,0.367200000
2679,16.903200000,0.462000000
2680,16.550500000,0.221800000
2681,17.087000000,0.257800000
2682,16.741600000,0.380200000
2683,16.937500000,0.510400000
2684,15.677600000,0.222900000
2685,17.021900000,0.506800000
2686,16.722400000,0.325000000
2687,17.028700000,0.596400000
2688,16.773400000,0.349500000
2689,15.717700000,0.304700000
2690,16.784400000,0.429700000
2691,16.801500000,0.228700000
2692,16.799000000,0.465600000
2693,16.658900000,0.303700000
2694,16.624400000,0.263100000
2695,16.918800000,0.306800000
2696,16.723900000,0.426600000
2697,17.630300000,1.247900000
2698,16.082200000,0.509900000
2699,23.916200000,0.473400000
2700,8.896300000,0.126000000
2701,17.241700000,0.849500000
2702,15.635400000,0.296300000
2703,16.837500000,0.493700000
2704,17.881300000,1.406800000
2705,18.535400000,0.662500000
2706,22.438500000,0.705800000
2707,14.207300000,6.873500000
2708,12.230800000,1.976000000
2709,14.553600000,0.192200000
2710,18.124000000,0.152100000
2711,16.395300000,0.383900000
2712,15.871300000,0.509400000
2713,17.096400000,0.508900000
2714,26.103100000,9.606300000
2715,16.881300000,10.666100000
2716,7.946300000,1.598500000
2717,15.498400000,0.197400000
2718,16.853700000,0.503600000
2719,16.947900000,0.559900000
2720,15.689100000,0.330200000
2721,16.901000000,0.364100000
2722,16.663000000,0.267200000
2723,16.839600000,0.481800000
2724,16.770900000,0.266600000
2725,19.018200000,1.802100000
2726,14.122400000,0.158300000
2727,18.828100000,0.147900000
2728,14.404200000,0.144700000
2729,20.848900000,0.138500000
2730,19.931300000,7.435900000
2731,29.784900000,20.078200000
2732,9.287000000,1.330700000
2733,8.323400000,0.107800000
2734,17.495800000,0.684400000
2735,15.302100000,0.099500000
2736,17.380700000,0.161000000
2737,16.549000000,0.197400000
2738,17.065600000,0.249000000
2739,17.893200000,0.961900000
2740,15.378200000,0.114600000
2741,16.756700000,0.467100000
2742,17.167200000,0.503100000
2743,15.428700000,0.168700000
2744,19.123900000,0.113000000
2745,16.047400000,1.866100000
2746,16.915100000,0.270400000
2747,14.813600000,0.540700000
2748,16.703100000,0.265100000
2749,17.368200000,0.745300000
2750,19.558400000,3.189100000
2751,13.263500000,0.468200000
2752,17.277100000,0.851600000
2753,15.482300000,0.172400000
2754,18.257800000,0.614600000
2755,15.809400000,0.270300000
2756,18.836900000,0.329100000
2757,15.948500000,1.491200000
2758,14.707300000,0.136500000
2759,16.755200000,0.432800000
2760,21.667200000,1.753600000
2761,12.542700000,0.217700000
2762,15.995800000,0.280700000
2763,18.533900000,0.665700000
2764,14.984900000,0.554700000
2765,16.514500000,0.196400000
2766,18.000000000,0.376600000
2767,21.786000000,6.078600000
2768,13.920300000,2.562500000
2769,12.677600000,0.384400000
2770,18.478600000,1.650600000
2771,15.788600000,0.432300000
2772,31.812500000,11.288000000
2773,9.769300000,8.349400000
2774,11.558300000,4.006800000
2775,16.463000000,3.204200000
2776,13.707300000,0.157800000
2777,16.719300000,0.320800000
2778,17.155200000,0.306800000
2779,16.134900000,0.162000000
2780,16.748400000,0.397400000
2781,16.681800000,0.235900000
2782,16.670300000,0.236500000
2783,16.705200000,0.250000000
2784,17.189100000,0.685500000
2785,15.514000000,0.229200000
2786,17.978700000,0.644200000
2787,15.851000000,0.209300000
2788,16.538600000,0.222400000
2789,16.766100000,0.402100000
2790,18.675000000,0.533900000
2791,14.609900000,0.435900000
2792,17.075000000,0.167200000
2793,15.802100000,0.153100000
2794,19.215600000,2.231300000
2795,16.157300000,0.185500000
2796,14.896400000,0.555300000
2797,17.164000000,0.650000000
2798,17.508400000,0.580700000
2799,16.508300000,0.174500000
2800,16.552600000,0.674500000
2801,16.069800000,0.150500000
2802,15.641600000,0.201100000
2803,16.788600000,0.239100000
2804,17.261400000,0.636400000
2805,16.665700000,0.188600000
2806,17.254100000,0.361000000
2807,16.318300000,0.256300000
2808,18.621800000,0.388500000
2809,14.513100000,0.201100000
2810,17.801000000,1.198400000
2811,15.549000000,0.218300000
2812,19.323400000,0.177100000
2813,13.598400000,0.263000000
2814,16.776100000,0.133900000
2815,16.994800000,0.247900000
2816,16.897900000,0.160900000
2817,16.205700000,0.466600000
2818,16.696400000,0.284400000
2819,16.871300000,0.521300000
2820,16.741700000,0.342200000
2821,16.529200000,0.196900000
2822,16.519800000,0.206300000
2823,19.413000000,0.924400000
2824,14.059300000,0.230700000
2825,16.702100000,0.219300000
2826,17.093800000,0.280200000
2827,15.760900000,0.318200000
2828,17.339600000,0.272900000
2829,16.695800000,0.221800000
2830,16.954200000,0.518800000
2831,15.920300000,0.575000000
2832,16.891700000,0.191100000
2833,16.687000000,0.371400000
2834,16.906200000,0.475500000
2835,17.273400000,0.280200000
2836,18.593300000,0.237000000
2837,13.910900000,0.591100000
2838,17.022900000,0.573900000
2839,15.964600000,0.519300000
2840,16.734400000,0.299500000
2841,16.752100000,0.448500000
2842,16.569800000,0.214600000
2843,16.558800000,0.119800000
2844,19.099000000,2.769800000
2845,15.106700000,0.761500000
2846,16.167200000,0.471400000
2847,16.909900000,0.487500000
2848,16.273500000,0.650500000
2849,16.936400000,0.511400000
2850,18.822900000,2.407800000
2851,13.731300000,0.220800000
2852,16.555700000,0.229100000
2853,17.209900000,0.409400000
2854,18.339100000,0.333900000
2855,14.491100000,0.186400000
2856,16.566700000,0.244800000
2857,17.615600000,0.260400000
2858,16.661000000,0.202100000
2859,17.731700000,1.242200000
2860,17.701600000,2.352100000
2861,13.710400000,0.375500000
2862,18.159400000,0.206800000
2863,15.887000000,0.485500000
2864,18.596300000,0.587500000
2865,14.731300000,0.447900000
2866,22.247400000,5.756800000
2867,10.885900000,0.556300000
2868,16.728100000,0.366600000
2869,16.888000000,0.392200000
2870,17.020900000,0.249500000
2871,15.836400000,0.443200000
2872,16.841200000,0.270300000
2873,16.700500000,0.344300000
2874,17.493200000,0.769800000
2875,16.167200000,0.646900000
2876,16.613000000,0.256800000
2877,16.613100000,0.245400000
2878,18.749400000,2.430700000
2879,14.781800000,0.417200000
2880,18.288600000,1.920800000
2881,14.856200000,0.513600000
2882,17.852100000,0.433800000
2883,14.819800000,0.427100000
2884,16.871300000,0.525000000
2885,16.815700000,0.481300000
2886,17.151500000,0.719300000
2887,16.588000000,0.230700000
2888,18.497400000,1.578100000
2889,14.499000000,0.201500000
2890,17.421300000,1.012000000
2891,15.759900000,0.206300000
2892,18.013100000,0.883300000
2893,15.547400000,0.204200000
2894,18.065100000,1.738000000
2895,15.236400000,0.155700000
2896,20.708400000,0.184900000
2897,12.690100000,0.331800000
2898,20.771800000,1.427600000
2899,12.707300000,0.365100000
2900,17.105200000,0.768700000
2901,15.655200000,0.268200000
2902,16.914100000,0.529700000
2903,16.786500000,0.316700000
2904,16.675000000,0.258900000
2905,16.870300000,0.488000000
2906,19.812500000,1.692700000
2907,20.883800000,7.421900000
2908,12.234900000,3.462000000
2909,14.291700000,0.725000000
2910,15.707300000,0.286500000
2911,19.303100000,2.632300000
2912,13.608300000,0.193300000
2913,17.669300000,0.156800000
2914,16.003100000,0.156200000
2915,16.631300000,0.222400000
2916,17.078600000,0.644300000
2917,17.492700000,0.784400000
2918,19.067200000,0.551600000
2919,13.849500000,0.249500000
2920,18.463000000,0.566200000
2921,14.454200000,0.415700000
2922,16.999500000,0.625500000
2923,16.061400000,0.220900000
2924,16.916200000,0.211000000
2925,16.635400000,0.225500000
2926,16.903600000,0.320800000
2927,16.921900000,0.527100000
2928,15.803700000,0.334900000
2929,16.784900000,0.372400000
2930,21.291600000,4.758400000
2931,12.187000000,0.839000000
2932,18.975000000,2.419200000
2933,15.204700000,0.228100000
2934,15.585400000,0.234900000
2935,17.830700000,0.249000000
2936,16.817700000,0.358900000
2937,15.557300000,0.216200000
2938,16.861500000,0.247900000
2939,17.837000000,0.602100000
2940,16.906700000,1.294300000
2941,14.928700000,0.181300000
2942,19.679700000,1.285900000
2943,13.722900000,0.322400000
2944,19.265600000,0.888500000
2945,14.017700000,0.474500000
2946,17.735400000,0.582800000
2947,16.198000000,0.191100000
2948,16.100000000,0.233400000
2949,16.717700000,0.213600000
2950,16.687000000,0.233300000
2951,17.827600000,0.155200000
2952,16.433800000,0.567700000
2953,16.024000000,0.232800000
2954,17.827100000,0.461000000
2955,15.597300000,0.239500000
2956,16.887500000,0.512500000
2957,15.670400000,0.296900000
2958,16.901000000,0.568200000
2959,16.672900000,0.240100000
2960,16.810400000,0.179700000
2961,16.784400000,0.444800000
2962,16.646900000,0.158400000
2963,17.145300000,0.544800000
2964,17.407300000,1.911500000
2965,15.794300000,0.372900000
2966,17.108800000,0.753100000
2967,16.599500000,0.608900000
2968,15.768200000,0.280200000
2969,16.977600000,0.464100000
2970,16.721400000,0.236000000
2971,16.808300000,0.421800000
2972,17.733300000,1.382800000
2973,14.624000000,0.319200000
2974,17.921900000,0.567200000
2975,16.177600000,0.655700000
2976,16.946900000,0.337000000
2977,17.133300000,0.501600000
2978,16.568700000,1.155700000
2979,15.626600000,0.271900000
2980,18.638500000,0.561000000
2981,15.329200000,0.212000000
2982,17.474000000,0.974000000
2983,15.467200000,0.593800000
2984,16.561400000,0.264000000
2985,16.703700000,0.387500000
2986,18.181200000,1.520300000
2987,14.663600000,0.212500000
2988,16.964000000,0.572900000
2989,16.651600000,0.263000000
2990,16.861400000,0.336900000
2991,17.839600000,0.672400000
2992,16.049500000,0.220300000
2993,15.842700000,0.511500000
2994,16.653700000,0.314100000
2995,16.890100000,0.340600000
2996,17.226500000,0.664600000
2997,16.504700000,0.194300000
2998,18.568800000,0.492700000
2999,14.898400000,0.553100000
3000,17.785400000,1.395300000
3001,14.877100000,0.247900000
3002,17.165100000,0.793300000
3003,16.581800000,0.231300000
3004,16.545800000,0.205700000
3005,16.529200000,0.211500000
3006,16.984900000,0.408800000
3007,16.834900000,0.444200000
3008,16.601000000,0.216100000
3009,16.855700000,0.496400000
3010,16.025000000,0.542200000
3011,16.907800000,0.518200000
3012,17.158400000,0.201600000
3013,15.765600000,0.298900000
3014,17.832300000,0.258800000
3015,15.927100000,0.554700000
3016,16.783300000,0.418700000
3017,16.498500000,0.198900000
3018,16.805700000,0.256300000
3019,16.634900000,0.259400000
3020,17.244200000,0.727600000
3021,15.911000000,0.206800000
3022,16.551000000,0.218200000
3023,16.841200000,0.496900000
3024,19.482300000,3.034900000
3025,15.138000000,1.429200000
3026,15.909900000,0.193700000
3027,16.465100000,0.207200000
3028,16.937000000,0.528100000
3029,15.638500000,0.352600000
3030,17.078100000,0.587500000
3031,16.801100000,0.384400000
3032,17.134900000,0.429100000
3033,15.898900000,0.504700000
3034,16.998500000,0.577600000
3035,16.843700000,0.372900000
3036,16.835400000,0.372400000
3037,16.075600000,0.370800000
3038,17.788000000,0.887500000
3039,16.596300000,0.482800000
3040,15.804200000,0.229200000
3041,16.643700000,0.312500000
3042,16.667200000,0.275500000
3043,16.829700000,0.443200000
3044,17.095900000,0.700000000
3045,16.447900000,0.997900000
3046,17.553600000,0.827000000
3047,15.922900000,0.555200000
3048,16.001100000,0.367700000
3049,16.835400000,0.357800000
3050,16.905200000,0.366700000
3051,16.671400000,0.235900000
3052,16.735400000,0.338600000
3053,15.742200000,0.362500000
3054,16.875000000,0.257300000
3055,17.820300000,0.622400000
3056,15.721800000,0.320300000
3057,16.795900000,0.274000000
3058,17.342200000,0.837000000
3059,16.637500000,1.224000000
3060,15.709900000,0.325600000
3061,16.813500000,0.343200000
3062,18.299500000,0.857900000
3063,15.482300000,1.013100000
3064,19.523400000,1.885400000
3065,13.720300000,0.380200000
3066,16.940100000,0.318700000
3067,17.237500000,1.632800000
3068,16.927600000,1.467200000
3069,15.719800000,0.353600000
3070,17.065600000,0.481800000
3071,15.613100000,0.212500000
3072,16.633300000,0.289000000
3073,17.055200000,0.658300000
3074,16.904200000,0.367700000
3075,16.683300000,0.321300000
3076,17.141700000,0.255200000
3077,15.754100000,0.417100000
3078,16.895900000,0.510900000
3079,16.672900000,0.286500000
3080,17.010400000,0.640600000
3081,15.594300000,0.244800000
3082,17.680700000,0.688000000
3083,15.924000000,0.569800000
3084,16.726500000,0.325000000
3085,16.753200000,0.314600000
3086,17.057200000,0.421400000
3087,16.761000000,0.350500000
3088,17.976500000,0.696300000
3089,14.856800000,0.461400000
3090,19.583900000,0.671900000
3091,13.659300000,0.300600000
3092,16.950600000,0.569300000
3093,16.665600000,0.345800000
3094,17.015100000,0.587500000
3095,16.708300000,0.388000000
3096,17.062000000,0.575000000
3097,15.773400000,0.334400000
3098,16.732900000,0.388600000
3099,16.789000000,0.487000000
3100,16.612000000,0.253700000
3101,20.411500000,3.936900000
3102,18.107800000,5.558900000
3103,23.254100000,11.300000000
3104,11.976100000,6.967700000
3105,13.371300000,3.788500000
3106,13.471400000,0.579700000
3107,15.890100000,0.137000000
3108,16.714100000,0.191700000
3109,16.831700000,0.410900000
3110,17.570300000,0.604100000
3111,15.655800000,0.240100000
3112,16.630200000,0.266700000
3113,16.700000000,0.354200000
3114,16.916100000,0.461900000
3115,16.819300000,0.358900000
3116,16.737500000,0.319800000
3117,16.817700000,0.369800000
3118,15.586500000,0.244300000
3119,16.673400000,0.309900000
3120,16.590100000,0.229700000
3121,17.044300000,0.287500000
3122,16.723400000,0.340600000
3123,17.206300000,0.283400000
3124,17.577000000,1.065100000
3125,15.869800000,0.504700000
3126,16.438100000,0.302700000
3127,16.688000000,0.288000000
3128,16.658300000,0.258300000
3129,19.109400000,2.571400000
3130,14.009900000,0.681300000
3131,16.829700000,0.409400000
3132,16.563000000,0.133800000
3133,17.104700000,0.603700000
3134,16.158800000,0.600000000
3135,16.825000000,0.326000000
3136,16.889100000,0.553100000
3137,15.604700000,0.235400000
3138,17.654700000,0.294800000
3139,16.823400000,0.478600000
3140,16.393800000,0.801000000
3141,16.795800000,0.355800000
3142,16.945300000,0.509400000
3143,15.700000000,0.312000000
3144,17.117700000,0.751000000
3145,16.885900000,0.476000000
3146,16.907900000,0.353100000
3147,15.740600000,0.309900000
3148,18.205200000,1.814100000
3149,16.096300000,0.672400000
3150,16.651600000,0.779200000
3151,15.879200000,0.407800000
3152,16.692700000,0.326600000
3153,17.092200000,0.480700000
3154,16.672900000,0.282300000
3155,16.697400000,0.305800000
3156,16.957800000,0.558800000
3157,15.905700000,0.497900000
3158,16.729200000,0.316700000
3159,16.741100000,0.391100000
3160,16.611000000,0.185900000
3161,16.784900000,0.459400000
3162,17.188500000,0.496800000
3163,15.626600000,0.266200000
3164,17.411400000,0.176600000
3165,16.709900000,0.334900000
3166,16.700000000,0.316200000
3167,16.711500000,0.354200000
3168,15.688500000,0.273400000
3169,16.714100000,0.284900000
3170,17.551000000,0.702600000
3171,16.731800000,0.305700000
3172,16.435900000,0.699400000
3173,16.792200000,0.355200000
3174,17.200000000,0.717200000
3175,15.932300000,0.532800000
3176,16.661500000,0.261500000
3177,16.773400000,0.315600000
3178,17.531300000,0.964500000
3179,15.840100000,0.411500000
3180,17.109300000,0.648400000
3181,16.122400000,0.548400000
3182,17.044800000,0.658400000
3183,16.655200000,0.486500000
3184,15.873500000,0.251600000
3185,17.230200000,0.838000000
3186,17.110900000,0.660400000
3187,16.127100000,0.692700000
3188,16.743200000,0.349400000
3189,16.661000000,0.256800000
3190,16.739000000,0.369300000
3191,16.695400000,0.381800000
3192,16.734800000,0.300000000
3193,15.931800000,0.393200000
3194,17.015600000,0.621900000
3195,16.574000000,0.259900000
3196,16.926600000,0.525500000
3197,16.778100000,0.302600000
3198,17.012500000,0.481200000
3199,16.062500000,0.697400000
3200,17.297400000,0.317200000
3201,15.701000000,0.302100000
3202,16.837000000,0.452600000
3203,16.797900000,0.377100000
3204,16.674000000,0.240600000
3205,16.687500000,0.273500000
3206,17.013000000,0.142700000
3207,16.284900000,0.776100000
3208,16.700000000,0.288000000
3209,16.654700000,0.254700000
3210,16.820300000,0.364100000
3211,16.722400000,0.312500000
3212,16.815600000,0.439600000
3213,15.570900000,0.219300000
3214,17.553100000,0.197400000
3215,16.866600000,0.585900000
3216,16.079200000,0.384400000
3217,16.785400000,0.381700000
3218,17.164100000,0.716200000
3219,15.807300000,0.313500000
3220,17.295300000,0.637500000
3221,16.761500000,0.345900000
3222,16.855700000,0.319800000
3223,16.009900000,0.383300000
3224,18.170800000,0.304700000
3225,15.929200000,0.260400000
3226,15.804700000,0.427600000
3227,16.630200000,0.283300000
3228,17.416600000,0.794800000
3229,15.862000000,0.304200000
3230,17.017200000,0.634900000
3231,16.705700000,0.348500000
3232,16.893300000,0.226600000
3233,27.293200000,10.868200000
3234,14.125000000,8.589100000
3235,10.815100000,2.522400000
3236,14.240600000,0.336900000
3237,16.755800000,0.403200000
3238,17.669700000,1.296900000
3239,15.780300000,0.404200000
3240,16.941600000,0.551000000
3241,16.103700000,0.539600000
3242,18.567200000,0.346300000
3243,14.729100000,0.322400000
3244,16.672400000,0.253100000
3245,16.842700000,0.416100000
3246,16.634900000,0.241200000
3247,16.729200000,0.295300000
3248,16.857800000,0.168700000
3249,16.770300000,0.213500000
3250,16.171900000,0.148900000
3251,17.352600000,0.913000000
3252,16.097400000,0.653600000
3253,16.764000000,0.433400000
3254,16.789100000,0.177100000
3255,17.113600000,0.626500000
3256,15.972300000,0.571300000
3257,16.878700000,0.513500000
3258,17.110400000,0.667200000
3259,15.763000000,0.363500000
3260,16.924000000,0.314600000
3261,16.891100000,0.494300000
3262,17.333900000,0.883900000
3263,16.174500000,0.775600000
3264,15.685900000,0.316100000
3265,16.740600000,0.262500000
3266,17.361500000,0.170800000
3267,16.805700000,0.379700000
3268,16.628100000,0.257900000
3269,17.431300000,0.777600000
3270,15.888500000,0.320400000
3271,16.983400000,0.542200000
3272,16.333300000,0.423400000
3273,16.813500000,0.379100000
3274,16.605800000,0.794200000
3275,16.142700000,0.238000000
3276,16.754100000,0.246300000
3277,16.684400000,0.264000000
3278,16.878700000,0.541200000
3279,17.027600000,0.201600000
3280,15.603100000,0.227600000
3281,16.681800000,0.191600000
3282,16.988500000,0.634300000
3283,16.854200000,0.432800000
3284,16.590100000,0.266100000
3285,16.618700000,0.262000000
3286,16.822400000,0.483300000
3287,19.687000000,0.517700000
3288,14.140100000,0.732800000
3289,15.818200000,0.265100000
3290,16.718800000,0.244800000
3291,16.740100000,0.295800000
3292,16.645300000,0.186400000
3293,16.583900000,0.259900000
3294,17.204600000,0.583800000
3295,17.368300000,0.926500000
3296,16.187000000,0.520800000
3297,15.739000000,0.304200000
3298,17.532800000,0.355700000
3299,15.679700000,0.280300000
3300,17.445900000,1.011400000
3301,17.997300000,1.593200000
3302,15.640200000,0.628600000
3303,15.850500000,0.466200000
3304,27.711400000,10.009900000
3305,9.244800000,3.624500000
3306,14.445300000,0.383800000
3307,15.774500000,0.432300000
3308,17.278700000,0.766700000
3309,15.745300000,0.311400000
3310,16.866100000,0.275000000
3311,16.556300000,0.218700000
3312,17.818200000,0.260900000
3313,15.672400000,0.145800000
3314,17.153600000,0.808300000
3315,17.752600000,0.339500000
3316,15.329200000,0.838600000
3317,16.734400000,0.347400000
3318,16.190100000,0.822900000
3319,16.909400000,0.519300000
3320,17.042700000,0.588000000
3321,15.727600000,0.293800000
3322,17.331200000,0.579100000
3323,17.022900000,0.423400000
3324,16.946400000,0.735400000
3325,16.174500000,0.580700000
3326,15.619200000,0.258800000
3327,17.006300000,0.540700000
3328,16.743200000,0.197400000
3329,16.674500000,0.281200000
3330,17.849000000,0.327600000
3331,15.665600000,0.287500000
3332,16.828600000,0.149000000
3333,16.867700000,0.218800000
3334,16.763100000,0.164100000
3335,15.510400000,0.214100000
3336,17.698400000,0.321800000
3337,16.748500000,0.318800000
3338,16.676500000,1.320800000
3339,15.624000000,0.282300000
3340,17.131200000,0.667700000
3341,16.558400000,0.248400000
3342,17.966600000,0.752600000
3343,16.013600000,0.661000000
3344,19.646800000,3.961400000
3345,17.943300000,3.338600000
3346,11.895300000,0.149000000
3347,16.594800000,0.231800000
3348,17.570800000,1.144800000
3349,15.579700000,0.220300000
3350,16.935400000,0.553700000
3351,18.138000000,1.728100000
3352,15.857800000,0.135400000
3353,15.646400000,0.181700000
3354,16.667700000,0.325500000
3355,17.000000000,0.319800000
3356,16.830700000,0.272900000
3357,17.357900000,0.846300000
3358,15.848900000,0.407800000
3359,16.652100000,0.327600000
3360,17.153600000,0.670800000
3361,17.048000000,0.644800000
3362,16.705200000,1.011000000
3363,15.585400000,0.171900000
3364,16.742700000,0.302600000
3365,16.640600000,0.302100000
3366,17.009900000,0.692700000
3367,16.632800000,0.251000000
3368,16.752600000,0.246400000
3369,17.359400000,0.671300000
3370,17.089600000,0.247400000
3371,15.981800000,0.399500000
3372,16.033300000,0.637500000
3373,16.670300000,0.288100000
3374,16.943800000,0.219200000
3375,18.605200000,2.069800000
3376,15.365600000,1.000000000
3377,15.607800000,0.281800000
3378,16.730200000,0.288000000
3379,16.805200000,0.479100000
3380,16.650000000,0.242200000
3381,17.014100000,0.567200000
3382,17.235400000,0.304600000
3383,15.670800000,0.238500000
3384,17.406800000,0.207300000
3385,15.659900000,0.329700000
3386,16.879700000,0.507300000
3387,16.571900000,0.240600000
3388,17.366100000,0.423400000
3389,16.392700000,0.833800000
3390,16.525000000,0.423500000
3391,16.800000000,0.371800000
3392,17.029700000,0.559400000
3393,18.442700000,1.020800000
3394,14.845800000,0.478600000
3395,15.831300000,0.291100000
3396,17.139600000,0.679700000
3397,17.104700000,0.588000000
3398,16.903100000,1.366200000
3399,16.021300000,0.659400000
3400,16.561000000,0.236400000
3401,16.503100000,0.208800000
3402,16.796900000,0.435400000
3403,16.622900000,0.267700000
3404,17.023400000,0.257800000
3405,20.483900000,3.940600000
3406,13.147400000,0.717200000
3407,15.605200000,0.146900000
3408,18.140100000,1.693800000
3409,15.587000000,0.240700000
3410,17.187000000,0.148500000
3411,15.591600000,0.271800000
3412,17.402600000,0.181200000
3413,17.226600000,0.671900000
3414,15.989600000,0.619300000
3415,16.535400000,0.182800000
3416,17.225500000,0.462000000
3417,15.676600000,0.258900000
3418,16.949400000,0.297400000
3419,16.674000000,0.144200000
3420,16.957800000,0.513000000
3421,16.757800000,0.323400000
3422,16.845300000,0.282800000
3423,16.679200000,0.303100000
3424,17.018800000,0.563100000
3425,15.593700000,0.236400000
3426,17.158900000,0.650500000
3427,16.693200000,0.329700000
3428,17.240600000,0.283800000
3429,21.055700000,0.266200000
3430,12.506300000,1.181800000
3431,15.516100000,0.223500000
3432,18.261000000,1.754700000
3433,15.022900000,0.323400000
3434,18.396900000,0.585900000
3435,14.539000000,0.230800000
3436,17.739600000,0.406300000
3437,15.554700000,0.212000000
3438,18.192200000,0.803100000
3439,16.115600000,0.718800000
3440,17.567700000,1.023400000
3441,15.665700000,0.282300000
3442,16.694700000,0.255700000
3443,17.257300000,0.613000000
3444,15.608900000,0.132800000
3445,16.946300000,0.307800000
3446,16.819300000,0.405200000
3447,17.288600000,0.787000000
3448,16.579100000,1.063500000
3449,16.837000000,1.328100000
3450,21.588500000,4.377100000
3451,12.662500000,1.779100000
3452,14.969800000,0.621900000
3453,16.666200000,0.215600000
3454,16.811400000,0.221900000
3455,16.519800000,0.202100000
3456,16.639100000,0.249000000
3457,16.845800000,0.327600000
3458,17.422900000,0.661400000
3459,16.677100000,1.054100000
3460,18.447900000,0.289500000
3461,13.576600000,0.122900000
3462,16.892700000,0.565100000
3463,16.477100000,0.164600000
3464,20.859400000,2.710400000
3465,12.485400000,0.194800000
3466,16.977600000,0.616200000
3467,16.947900000,0.255200000
3468,17.158300000,0.641600000
3469,15.645900000,0.301600000
3470,17.308800000,0.248900000
3471,20.474000000,4.369800000
3472,13.053600000,0.602100000
3473,15.668800000,0.298400000
3474,16.694800000,0.331300000
3475,17.143200000,0.675500000
3476,17.603700000,0.982200000
3477,16.370300000,0.841100000
3478,16.869800000,1.420300000
3479,16.711900000,1.259300000
3480,17.238600000,1.089600000
3481,14.764000000,0.313000000
3482,17.129200000,0.219200000
3483,16.793200000,0.311400000
3484,17.365700000,0.262500000
3485,15.918200000,0.283800000
3486,17.140600000,0.629700000
3487,16.254700000,0.274500000
3488,17.017700000,0.321900000
3489,15.544300000,0.234900000
3490,16.657300000,0.306800000
3491,16.808800000,0.364500000
3492,17.280200000,0.332300000
3493,16.642200000,0.249000000
3494,16.990100000,0.214600000
3495,15.854200000,0.184400000
3496,16.796300000,0.323400000
3497,16.546400000,0.127100000
3498,16.627600000,0.245300000
3499,17.091700000,0.672300000
3500,16.961400000,0.241100000
3501,16.145900000,0.703700000
3502,17.708800000,1.307300000
3503,15.536000000,0.191200000
3504,17.076000000,0.670300000
3505,16.627600000,0.251500000
3506,17.564100000,0.190100000
3507,15.654100000,0.284900000
3508,17.131300000,0.722400000
3509,15.606200000,0.243200000
3510,17.167200000,0.319800000
3511,16.753100000,0.305200000
3512,19.405800000,0.299000000
3513,13.752100000,0.421900000
3514,16.838000000,0.424500000
3515,16.805700000,0.413500000
3516,18.459900000,1.195900000
3517,14.664600000,0.270800000
3518,16.805700000,0.387000000
3519,16.657800000,0.289000000
3520,16.699000000,0.313000000
3521,16.748900000,0.334900000
3522,17.624500000,0.466100000
3523,15.989600000,0.386500000
3524,16.962000000,1.596400000
3525,16.097400000,0.600000000
3526,16.873900000,0.430700000
3527,16.188600000,0.712500000
3528,17.704100000,1.251000000
3529,15.912000000,0.495800000
3530,16.954700000,0.139600000
3531,15.763600000,0.329700000
3532,16.628600000,0.277600000
3533,17.419300000,0.599500000
3534,15.695300000,0.333900000
3535,17.034400000,0.494300000
3536,17.035900000,0.679200000
3537,16.527600000,0.186400000
3538,17.112500000,0.757900000
3539,16.012500000,0.604700000
3540,17.154700000,0.517700000
3541,17.749500000,0.842700000
3542,15.220300000,0.833900000
3543,17.083300000,0.576600000
3544,17.792200000,0.269800000
3545,14.902100000,0.271900000
3546,16.880700000,0.346900000
3547,16.646900000,0.262500000
3548,17.270300000,0.898400000
3549,16.201000000,0.691200000
3550,17.284900000,0.894800000
3551,15.903700000,0.511500000
3552,18.023400000,1.489000000
3553,16.871900000,1.218200000
3554,16.635900000,1.187500000
3555,14.852600000,0.483300000
3556,17.719300000,0.350600000
3557,16.004700000,0.407300000
3558,17.256800000,0.769800000
3559,18.270300000,0.302100000
3560,14.760400000,0.269300000
3561,16.650500000,0.283800000
3562,17.403700000,0.289600000
3563,16.078600000,0.629200000
3564,15.685900000,0.314600000
3565,16.967800000,0.308800000
3566,16.755200000,0.225500000
3567,16.672400000,0.289600000
3568,16.798400000,0.246800000
3569,17.049000000,0.551600000
3570,17.531700000,0.296300000
3571,15.669800000,0.288500000
3572,17.847900000,1.405200000
3573,14.760500000,0.270900000
3574,17.006200000,0.623400000
3575,16.590600000,0.265100000
3576,16.761500000,0.432800000
3577,18.307300000,1.520900000
3578,15.481700000,1.009300000
3579,16.667800000,0.231300000
3580,18.121800000,0.653600000
3581,14.687000000,0.297400000
3582,16.793200000,0.312000000
3583,16.624000000,0.250000000
3584,17.693200000,0.599400000
3585,15.628700000,0.252100000
3586,17.081200000,0.714000000
3587,17.113000000,0.263000000
3588,19.121400000,3.146900000
3589,32.056800000,10.305200000
3590,12.081200000,11.422900000
3591,13.476100000,8.189100000
3592,11.666600000,3.320800000
3593,14.845300000,0.893800000
3594,18.581800000,3.278100000
3595,13.654200000,0.318800000
3596,16.900500000,0.328600000
3597,16.679200000,0.281300000
3598,16.956200000,0.546900000
