[32m[BUILD][0m === 组装布局 (arm64-v8a) ===
[32m[BUILD][0m === 组装布局 (arm64-v8a) ===
[32m[BUILD][0m     winehua-gm.sf2 → rawfile audio/
[32m[BUILD][0m   → Wine aarch64 .so → libs/arm64-v8a/
[32m[BUILD][0m     Wine .so: 30 files
[33m[WARN][0m libm.so 未找到
[33m[WARN][0m libintl.so.8 未找到
[33m[WARN][0m libm.so 未找到
[32m[BUILD][0m     GStreamer plugins (76) → rawfile bin/aarch64-unix/gstreamer-1.0/
[32m[BUILD][0m     交叉编译依赖 → libs/arm64-v8a/
[32m[BUILD][0m     libwineserver.so → libs/arm64-v8a/
[32m[BUILD][0m     libarm64ecfex.dll → rawfile aarch64-windows/
[32m[BUILD][0m     libwow64fex.dll → rawfile aarch64-windows/
[32m[BUILD][0m     wowbox64.dll → rawfile aarch64-windows/
[32m[BUILD][0m     libc++.dll → rawfile aarch64-windows/ (arm64x runtime)
[32m[BUILD][0m     libunwind.dll → rawfile aarch64-windows/ (arm64x runtime)
[32m[BUILD][0m     ARM64X C++ runtime ← /data/src/winehua/.temp/llvm-mingw-20260826-ucrt-ubuntu-22.04-x86_64/aarch64-w64-mingw32/bin → /data/src/winehua/build/staging/wine-data/bin/aarch64-windows
[32m[BUILD][0m   aarch64-windows → 657 files
[32m[BUILD][0m   stripping debug symbols...
[32m[BUILD][0m   aarch64-windows PE stripped
[32m[BUILD][0m   i386-windows → 651 files (ALL)
[32m[BUILD][0m   i386 exe stubs → 106 files
[32m[BUILD][0m   32-bit PE stripped
[32m[BUILD][0m     ARM64X C++ runtime ← /data/src/winehua/.temp/llvm-mingw-20260826-ucrt-ubuntu-22.04-x86_64/aarch64-w64-mingw32/bin → /data/src/winehua/build/staging/wine-data/dxvk/legacy/arm64x
[32m[BUILD][0m     ARM64X C++ runtime ← /data/src/winehua/.temp/llvm-mingw-20260826-ucrt-ubuntu-22.04-x86_64/aarch64-w64-mingw32/bin → /data/src/winehua/build/staging/wine-data/dxvk/legacy/x64
[32m[BUILD][0m     ARM64X C++ runtime ← /data/src/winehua/.temp/llvm-mingw-20260826-ucrt-ubuntu-22.04-x86_64/aarch64-w64-mingw32/bin → /data/src/winehua/build/staging/wine-data/dxvk/modern-2.6/arm64x
[32m[BUILD][0m     ARM64X C++ runtime ← /data/src/winehua/.temp/llvm-mingw-20260826-ucrt-ubuntu-22.04-x86_64/aarch64-w64-mingw32/bin → /data/src/winehua/build/staging/wine-data/dxvk/modern-2.6/x64
[32m[BUILD][0m   VKD3D-Proton 2.6 limited-500K (default mixed D3D12 profile) → vkd3d/limited-500k/x64 (sha256=db23a6c1b9b7fed33e9a0fd934d1a371b7fb256828d505efb3ad9a90c57c72a5)
[32m[BUILD][0m     Wine Mono: SKIP (BUILD_WINE_MONO=0)
[32m[BUILD][0m   runtime component verification: GStreamer=76 plugins, Mono=disabled, fonts=13
[32m[BUILD][0m   guest_gfx (aarch64): 21 .so files
[32m[BUILD][0m   guest_gfx -> entry/libs/arm64-v8a (el1 dlopen)
[32m[BUILD][0m   guest_gfx el1: 3 libs + 3 dri drivers
[32m[BUILD][0m   guest_vulkan (aarch64): Loader + Venus ICD
[32m[BUILD][0m   guest_vulkan -> entry/libs/arm64-v8a (el1 dlopen)
[32m[BUILD][0m   guest_vulkan el1: 3 vulkan libs (loader 顶层)
[32m[BUILD][0m   host_vulkan (arm64-v8a): native exact replay
[32m[BUILD][0m   smoke payload → wine-data/smoke (174 exe)
  adding: share/ (stored 0%)
  adding: share/X11/ (stored 0%)
  adding: share/X11/xkb/ (stored 0%)
  adding: share/X11/xkb/types/ (stored 0%)
  adding: share/X11/xkb/types/cancel (deflated 31%)
  adding: share/X11/xkb/types/extra (deflated 79%)
  adding: share/X11/xkb/types/pc (deflated 78%)
  adding: share/X11/xkb/types/iso9995 (deflated 46%)
  adding: share/X11/xkb/types/mousekeys (deflated 32%)
  adding: share/X11/xkb/types/caps (deflated 90%)
  adding: share/X11/xkb/types/numpad (deflated 65%)
  adding: share/X11/xkb/types/level5 (deflated 87%)
  adding: share/X11/xkb/types/default (deflated 49%)
  adding: share/X11/xkb/types/basic (deflated 54%)
  adding: share/X11/xkb/types/README (deflated 38%)
  adding: share/X11/xkb/types/complete (deflated 47%)
  adding: share/X11/xkb/symbols/ (stored 0%)
  adding: share/X11/xkb/symbols/au (deflated 27%)
  adding: share/X11/xkb/symbols/xfree68_vndr/ (stored 0%)
  adding: share/X11/xkb/symbols/xfree68_vndr/ataritt (deflated 71%)
  adding: share/X11/xkb/symbols/xfree68_vndr/amiga (deflated 69%)
  adding: share/X11/xkb/symbols/dz (deflated 75%)
  adding: share/X11/xkb/symbols/shift (deflated 76%)
  adding: share/X11/xkb/symbols/at (deflated 54%)
  adding: share/X11/xkb/symbols/za (deflated 67%)
  adding: share/X11/xkb/symbols/fr (deflated 78%)
  adding: share/X11/xkb/symbols/bd (deflated 65%)
  adding: share/X11/xkb/symbols/japan (deflated 76%)
  adding: share/X11/xkb/symbols/lv (deflated 80%)
  adding: share/X11/xkb/symbols/tj (deflated 84%)
  adding: share/X11/xkb/symbols/lt (deflated 77%)
  adding: share/X11/xkb/symbols/dk (deflated 69%)
  adding: share/X11/xkb/symbols/np (deflated 73%)
  adding: share/X11/xkb/symbols/sgi_vndr/ (stored 0%)
  adding: share/X11/xkb/symbols/sgi_vndr/jp (deflated 71%)
  adding: share/X11/xkb/symbols/ara (deflated 80%)
  adding: share/X11/xkb/symbols/it (deflated 79%)
  adding: share/X11/xkb/symbols/mt (deflated 80%)
  adding: share/X11/xkb/symbols/latam (deflated 82%)
  adding: share/X11/xkb/symbols/keypad (deflated 80%)
  adding: share/X11/xkb/symbols/kz (deflated 85%)
  adding: share/X11/xkb/symbols/capslock (deflated 78%)
  adding: share/X11/xkb/symbols/pl (deflated 77%)
  adding: share/X11/xkb/symbols/ir (deflated 72%)
  adding: share/X11/xkb/symbols/nbsp (deflated 76%)
  adding: share/X11/xkb/symbols/hr (deflated 72%)
  adding: share/X11/xkb/symbols/ch (deflated 71%)
  adding: share/X11/xkb/symbols/tz (deflated 74%)
  adding: share/X11/xkb/symbols/ke (deflated 69%)
  adding: share/X11/xkb/symbols/grab (deflated 4%)
  adding: share/X11/xkb/symbols/mk (deflated 74%)
  adding: share/X11/xkb/symbols/am (deflated 82%)
  adding: share/X11/xkb/symbols/kh (deflated 65%)
  adding: share/X11/xkb/symbols/de (deflated 87%)
  adding: share/X11/xkb/symbols/ma (deflated 81%)
  adding: share/X11/xkb/symbols/tr (deflated 84%)
  adding: share/X11/xkb/symbols/ancient (deflated 69%)
  adding: share/X11/xkb/symbols/altwin (deflated 81%)
  adding: share/X11/xkb/symbols/ph (deflated 92%)
  adding: share/X11/xkb/symbols/sn (deflated 64%)
  adding: share/X11/xkb/symbols/jp (deflated 76%)
  adding: share/X11/xkb/symbols/srvr_ctrl (deflated 71%)
  adding: share/X11/xkb/symbols/bt (deflated 64%)
  adding: share/X11/xkb/symbols/az (deflated 73%)
  adding: share/X11/xkb/symbols/pc (deflated 63%)
  adding: share/X11/xkb/symbols/pk (deflated 78%)
  adding: share/X11/xkb/symbols/grp (deflated 87%)
  adding: share/X11/xkb/symbols/jolla_vndr/ (stored 0%)
  adding: share/X11/xkb/symbols/jolla_vndr/sbj (deflated 54%)
  adding: share/X11/xkb/symbols/et (deflated 68%)
  adding: share/X11/xkb/symbols/esperanto (deflated 79%)
  adding: share/X11/xkb/symbols/ctrl (deflated 80%)
  adding: share/X11/xkb/symbols/sony_vndr/ (stored 0%)
  adding: share/X11/xkb/symbols/sony_vndr/us (deflated 59%)
  adding: share/X11/xkb/symbols/srvrkeys (deflated 4%)
  adding: share/X11/xkb/symbols/compose (deflated 84%)
  adding: share/X11/xkb/symbols/empty (deflated 5%)
  adding: share/X11/xkb/symbols/caps (deflated 78%)
  adding: share/X11/xkb/symbols/bg (deflated 81%)
  adding: share/X11/xkb/symbols/trans (deflated 78%)
  adding: share/X11/xkb/symbols/sk (deflated 73%)
  adding: share/X11/xkb/symbols/hyper (deflated 56%)
  adding: share/X11/xkb/symbols/lv5 (deflated 84%)
  adding: share/X11/xkb/symbols/sun_vndr/ (stored 0%)
  adding: share/X11/xkb/symbols/sun_vndr/fr (deflated 69%)
  adding: share/X11/xkb/symbols/sun_vndr/lv (deflated 69%)
  adding: share/X11/xkb/symbols/sun_vndr/lt (deflated 63%)
  adding: share/X11/xkb/symbols/sun_vndr/dk (deflated 61%)
  adding: share/X11/xkb/symbols/sun_vndr/ara (deflated 67%)
  adding: share/X11/xkb/symbols/sun_vndr/it (deflated 64%)
  adding: share/X11/xkb/symbols/sun_vndr/pl (deflated 61%)
  adding: share/X11/xkb/symbols/sun_vndr/ch (deflated 75%)
  adding: share/X11/xkb/symbols/sun_vndr/de (deflated 69%)
  adding: share/X11/xkb/symbols/sun_vndr/tr (deflated 62%)
  adding: share/X11/xkb/symbols/sun_vndr/jp (deflated 68%)
  adding: share/X11/xkb/symbols/sun_vndr/sk (deflated 64%)
  adding: share/X11/xkb/symbols/sun_vndr/es (deflated 63%)
  adding: share/X11/xkb/symbols/sun_vndr/gr (deflated 64%)
  adding: share/X11/xkb/symbols/sun_vndr/no (deflated 63%)
  adding: share/X11/xkb/symbols/sun_vndr/us (deflated 73%)
  adding: share/X11/xkb/symbols/sun_vndr/solaris (deflated 60%)
  adding: share/X11/xkb/symbols/sun_vndr/ee (deflated 64%)
  adding: share/X11/xkb/symbols/sun_vndr/ca (deflated 65%)
  adding: share/X11/xkb/symbols/sun_vndr/se (deflated 63%)
  adding: share/X11/xkb/symbols/sun_vndr/fi (deflated 65%)
  adding: share/X11/xkb/symbols/sun_vndr/tw (deflated 50%)
  adding: share/X11/xkb/symbols/sun_vndr/ro (deflated 63%)
  adding: share/X11/xkb/symbols/sun_vndr/be (deflated 65%)
  adding: share/X11/xkb/symbols/sun_vndr/pt (deflated 64%)
  adding: share/X11/xkb/symbols/sun_vndr/gb (deflated 56%)
  adding: share/X11/xkb/symbols/sun_vndr/br (deflated 66%)
  adding: share/X11/xkb/symbols/sun_vndr/ua (deflated 64%)
  adding: share/X11/xkb/symbols/sun_vndr/nl (deflated 61%)
  adding: share/X11/xkb/symbols/sun_vndr/ru (deflated 69%)
  adding: share/X11/xkb/symbols/sun_vndr/kr (deflated 55%)
  adding: share/X11/xkb/symbols/sun_vndr/cz (deflated 62%)
  adding: share/X11/xkb/symbols/es (deflated 76%)
  adding: share/X11/xkb/symbols/tg (deflated 56%)
  adding: share/X11/xkb/symbols/il (deflated 70%)
  adding: share/X11/xkb/symbols/cm (deflated 75%)
  adding: share/X11/xkb/symbols/fkeys (deflated 64%)
  adding: share/X11/xkb/symbols/hu (deflated 81%)
  adding: share/X11/xkb/symbols/me (deflated 78%)
  adding: share/X11/xkb/symbols/in (deflated 77%)
  adding: share/X11/xkb/symbols/af (deflated 86%)
  adding: share/X11/xkb/symbols/mm (deflated 81%)
  adding: share/X11/xkb/symbols/level3 (deflated 77%)
  adding: share/X11/xkb/symbols/macintosh_vndr/ (stored 0%)
  adding: share/X11/xkb/symbols/macintosh_vndr/fr (deflated 59%)
  adding: share/X11/xkb/symbols/macintosh_vndr/apple (deflated 68%)
  adding: share/X11/xkb/symbols/macintosh_vndr/dk (deflated 68%)
  adding: share/X11/xkb/symbols/macintosh_vndr/it (deflated 66%)
  adding: share/X11/xkb/symbols/macintosh_vndr/latam (deflated 66%)
  adding: share/X11/xkb/symbols/macintosh_vndr/ch (deflated 62%)
  adding: share/X11/xkb/symbols/macintosh_vndr/de (deflated 69%)
  adding: share/X11/xkb/symbols/macintosh_vndr/jp (deflated 50%)
  adding: share/X11/xkb/symbols/macintosh_vndr/no (deflated 66%)
  adding: share/X11/xkb/symbols/macintosh_vndr/us (deflated 33%)
  adding: share/X11/xkb/symbols/macintosh_vndr/se (deflated 66%)
  adding: share/X11/xkb/symbols/macintosh_vndr/fi (deflated 52%)
  adding: share/X11/xkb/symbols/macintosh_vndr/pt (deflated 69%)
  adding: share/X11/xkb/symbols/macintosh_vndr/gb (deflated 42%)
  adding: share/X11/xkb/symbols/macintosh_vndr/nl (deflated 19%)
  adding: share/X11/xkb/symbols/macintosh_vndr/is (deflated 54%)
  adding: share/X11/xkb/symbols/kpdl (deflated 63%)
  adding: share/X11/xkb/symbols/gr (deflated 74%)
  adding: share/X11/xkb/symbols/no (deflated 74%)
  adding: share/X11/xkb/symbols/us (deflated 79%)
  adding: share/X11/xkb/symbols/gh (deflated 75%)
  adding: share/X11/xkb/symbols/my (deflated 77%)
  adding: share/X11/xkb/symbols/id (deflated 82%)
  adding: share/X11/xkb/symbols/terminate (deflated 29%)
  adding: share/X11/xkb/symbols/cn (deflated 77%)
  adding: share/X11/xkb/symbols/ml (deflated 73%)
  adding: share/X11/xkb/symbols/md (deflated 71%)
  adding: share/X11/xkb/symbols/ee (deflated 73%)
  adding: share/X11/xkb/symbols/level2 (deflated 20%)
  adding: share/X11/xkb/symbols/epo (deflated 79%)
  adding: share/X11/xkb/symbols/ba (deflated 69%)
  adding: share/X11/xkb/symbols/tm (deflated 64%)
  adding: share/X11/xkb/symbols/bw (deflated 54%)
  adding: share/X11/xkb/symbols/eu (deflated 74%)
  adding: share/X11/xkb/symbols/level5 (deflated 84%)
  adding: share/X11/xkb/symbols/parens (deflated 57%)
  adding: share/X11/xkb/symbols/mn (deflated 72%)
  adding: share/X11/xkb/symbols/ca (deflated 79%)
  adding: share/X11/xkb/symbols/lk (deflated 67%)
  adding: share/X11/xkb/symbols/hp_vndr/ (stored 0%)
  adding: share/X11/xkb/symbols/hp_vndr/us (deflated 60%)
  adding: share/X11/xkb/symbols/rs (deflated 78%)
  adding: share/X11/xkb/symbols/scrolllock (deflated 7%)
  adding: share/X11/xkb/symbols/ng (deflated 73%)
  adding: share/X11/xkb/symbols/group (deflated 87%)
  adding: share/X11/xkb/symbols/se (deflated 75%)
  adding: share/X11/xkb/symbols/rupeesign (deflated 18%)
  adding: share/X11/xkb/symbols/ge (deflated 81%)
  adding: share/X11/xkb/symbols/fi (deflated 85%)
  adding: share/X11/xkb/symbols/nec_vndr/ (stored 0%)
  adding: share/X11/xkb/symbols/nec_vndr/jp (deflated 68%)
  adding: share/X11/xkb/symbols/brai (deflated 80%)
  adding: share/X11/xkb/symbols/tw (deflated 68%)
  adding: share/X11/xkb/symbols/lv3 (deflated 77%)
  adding: share/X11/xkb/symbols/apl (deflated 84%)
  adding: share/X11/xkb/symbols/sy (deflated 77%)
  adding: share/X11/xkb/symbols/sharp_vndr/ (stored 0%)
  adding: share/X11/xkb/symbols/sharp_vndr/ws011sh (deflated 59%)
  adding: share/X11/xkb/symbols/sharp_vndr/ws007sh (deflated 60%)
  adding: share/X11/xkb/symbols/sharp_vndr/ws003sh (deflated 60%)
  adding: share/X11/xkb/symbols/sharp_vndr/sl-c3x00 (deflated 57%)
  adding: share/X11/xkb/symbols/sharp_vndr/ws020sh (deflated 56%)
  adding: share/X11/xkb/symbols/eg (deflated 68%)
  adding: share/X11/xkb/symbols/vn (deflated 78%)
  adding: share/X11/xkb/symbols/mv (deflated 72%)
  adding: share/X11/xkb/symbols/inet (deflated 83%)
  adding: share/X11/xkb/symbols/ro (deflated 78%)
  adding: share/X11/xkb/symbols/be (deflated 73%)
  adding: share/X11/xkb/symbols/by (deflated 68%)
  adding: share/X11/xkb/symbols/kg (deflated 76%)
  adding: share/X11/xkb/symbols/si (deflated 63%)
  adding: share/X11/xkb/symbols/al (deflated 65%)
  adding: share/X11/xkb/symbols/pt (deflated 79%)
  adding: share/X11/xkb/symbols/digital_vndr/ (stored 0%)
  adding: share/X11/xkb/symbols/digital_vndr/vt (deflated 63%)
  adding: share/X11/xkb/symbols/digital_vndr/pc (deflated 63%)
  adding: share/X11/xkb/symbols/digital_vndr/us (deflated 69%)
  adding: share/X11/xkb/symbols/digital_vndr/lk (deflated 59%)
  adding: share/X11/xkb/symbols/gn (deflated 68%)
  adding: share/X11/xkb/symbols/gb (deflated 76%)
  adding: share/X11/xkb/symbols/br (deflated 82%)
  adding: share/X11/xkb/symbols/fujitsu_vndr/ (stored 0%)
  adding: share/X11/xkb/symbols/fujitsu_vndr/jp (deflated 65%)
  adding: share/X11/xkb/symbols/fujitsu_vndr/us (deflated 64%)
  adding: share/X11/xkb/symbols/bqn (deflated 72%)
  adding: share/X11/xkb/symbols/lv2 (deflated 20%)
  adding: share/X11/xkb/symbols/iq (deflated 68%)
  adding: share/X11/xkb/symbols/ua (deflated 80%)
  adding: share/X11/xkb/symbols/latin (deflated 79%)
  adding: share/X11/xkb/symbols/nl (deflated 74%)
  adding: share/X11/xkb/symbols/eurosign (deflated 71%)
  adding: share/X11/xkb/symbols/ru (deflated 79%)
  adding: share/X11/xkb/symbols/th (deflated 77%)
  adding: share/X11/xkb/symbols/la (deflated 78%)
  adding: share/X11/xkb/symbols/olpc (deflated 56%)
  adding: share/X11/xkb/symbols/is (deflated 74%)
  adding: share/X11/xkb/symbols/nz (deflated 50%)
  adding: share/X11/xkb/symbols/typo (deflated 76%)
  adding: share/X11/xkb/symbols/cd (deflated 74%)
  adding: share/X11/xkb/symbols/uz (deflated 69%)
  adding: share/X11/xkb/symbols/ie (deflated 78%)
  adding: share/X11/xkb/symbols/fo (deflated 64%)
  adding: share/X11/xkb/symbols/korean (deflated 70%)
  adding: share/X11/xkb/symbols/kr (deflated 70%)
  adding: share/X11/xkb/symbols/cz (deflated 78%)
  adding: share/X11/xkb/geometry/ (stored 0%)
  adding: share/X11/xkb/geometry/northgate (deflated 69%)
  adding: share/X11/xkb/geometry/sgi_vndr/ (stored 0%)
  adding: share/X11/xkb/geometry/sgi_vndr/O2 (deflated 79%)
  adding: share/X11/xkb/geometry/sgi_vndr/indy (deflated 80%)
  adding: share/X11/xkb/geometry/sgi_vndr/indigo (deflated 76%)
  adding: share/X11/xkb/geometry/nec (deflated 63%)
  adding: share/X11/xkb/geometry/ataritt (deflated 82%)
  adding: share/X11/xkb/geometry/hp (deflated 77%)
  adding: share/X11/xkb/geometry/everex (deflated 69%)
  adding: share/X11/xkb/geometry/sun (deflated 87%)
  adding: share/X11/xkb/geometry/teck (deflated 85%)
  adding: share/X11/xkb/geometry/pc (deflated 90%)
  adding: share/X11/xkb/geometry/winbook (deflated 64%)
  adding: share/X11/xkb/geometry/microsoft (deflated 83%)
  adding: share/X11/xkb/geometry/dell (deflated 79%)
  adding: share/X11/xkb/geometry/macintosh (deflated 90%)
  adding: share/X11/xkb/geometry/thinkpad (deflated 80%)
  adding: share/X11/xkb/geometry/sanwa (deflated 67%)
  adding: share/X11/xkb/geometry/keytronic (deflated 66%)
  adding: share/X11/xkb/geometry/typematrix (deflated 85%)
  adding: share/X11/xkb/geometry/kinesis (deflated 68%)
  adding: share/X11/xkb/geometry/hhk (deflated 69%)
  adding: share/X11/xkb/geometry/steelseries (deflated 67%)
  adding: share/X11/xkb/geometry/chicony (deflated 71%)
  adding: share/X11/xkb/geometry/README (deflated 54%)
  adding: share/X11/xkb/geometry/digital_vndr/ (stored 0%)
  adding: share/X11/xkb/geometry/digital_vndr/pc (deflated 76%)
  adding: share/X11/xkb/geometry/digital_vndr/unix (deflated 68%)
  adding: share/X11/xkb/geometry/digital_vndr/lk (deflated 85%)
  adding: share/X11/xkb/geometry/sony (deflated 65%)
  adding: share/X11/xkb/geometry/fujitsu (deflated 76%)
  adding: share/X11/xkb/geometry/amiga (deflated 83%)
  adding: share/X11/xkb/compat/ (stored 0%)
  adding: share/X11/xkb/compat/misc (deflated 75%)
  adding: share/X11/xkb/compat/japan (deflated 55%)
  adding: share/X11/xkb/compat/ledcaps (deflated 55%)
  adding: share/X11/xkb/compat/xtest (deflated 58%)
  adding: share/X11/xkb/compat/grab (deflated 4%)
  adding: share/X11/xkb/compat/xfree86 (deflated 81%)
  adding: share/X11/xkb/compat/lednum (deflated 54%)
  adding: share/X11/xkb/compat/pc (deflated 49%)
  adding: share/X11/xkb/compat/iso9995 (deflated 73%)
  adding: share/X11/xkb/compat/mod_led (deflated 15%)
  adding: share/X11/xkb/compat/mousekeys (deflated 81%)
  adding: share/X11/xkb/compat/grp_led (deflated 56%)
  adding: share/X11/xkb/compat/pc98 (deflated 60%)
  adding: share/X11/xkb/compat/caps (deflated 48%)
  adding: share/X11/xkb/compat/ledscroll (deflated 56%)
  adding: share/X11/xkb/compat/level5 (deflated 68%)
  adding: share/X11/xkb/compat/basic (deflated 56%)
  adding: share/X11/xkb/compat/ledcompose (deflated 41%)
  adding: share/X11/xkb/compat/README (deflated 58%)
  adding: share/X11/xkb/compat/complete (deflated 45%)
  adding: share/X11/xkb/compat/olpc (deflated 69%)
  adding: share/X11/xkb/compat/accessx (deflated 79%)
  adding: share/X11/xkb/rules/ (stored 0%)
  adding: share/X11/xkb/rules/base.xml (deflated 92%)
  adding: share/X11/xkb/rules/base (deflated 82%)
  adding: share/X11/xkb/rules/evdev.extras.xml (deflated 91%)
  adding: share/X11/xkb/rules/evdev.lst (deflated 74%)
  adding: share/X11/xkb/rules/evdev (deflated 83%)
  adding: share/X11/xkb/rules/base.extras.xml (deflated 91%)
  adding: share/X11/xkb/rules/xfree98 (deflated 59%)
  adding: share/X11/xkb/rules/evdev.xml (deflated 92%)
  adding: share/X11/xkb/rules/xkb.dtd (deflated 63%)
  adding: share/X11/xkb/rules/README (deflated 11%)
  adding: share/X11/xkb/rules/base.lst (deflated 74%)
  adding: share/X11/xkb/keycodes/ (stored 0%)
  adding: share/X11/xkb/keycodes/sgi_vndr/ (stored 0%)
  adding: share/X11/xkb/keycodes/sgi_vndr/iris (deflated 47%)
  adding: share/X11/xkb/keycodes/sgi_vndr/indy (deflated 67%)
  adding: share/X11/xkb/keycodes/sgi_vndr/indigo (deflated 67%)
  adding: share/X11/xkb/keycodes/ataritt (deflated 68%)
  adding: share/X11/xkb/keycodes/hp (deflated 64%)
  adding: share/X11/xkb/keycodes/xfree86 (deflated 66%)
  adding: share/X11/xkb/keycodes/sun (deflated 60%)
  adding: share/X11/xkb/keycodes/ibm (deflated 58%)
  adding: share/X11/xkb/keycodes/jolla (deflated 29%)
  adding: share/X11/xkb/keycodes/empty (deflated 12%)
  adding: share/X11/xkb/keycodes/macintosh (deflated 44%)
  adding: share/X11/xkb/keycodes/evdev (deflated 72%)
  adding: share/X11/xkb/keycodes/xfree98 (deflated 59%)
  adding: share/X11/xkb/keycodes/README (deflated 48%)
  adding: share/X11/xkb/keycodes/digital_vndr/ (stored 0%)
  adding: share/X11/xkb/keycodes/digital_vndr/pc (deflated 62%)
  adding: share/X11/xkb/keycodes/digital_vndr/lk (deflated 64%)
  adding: share/X11/xkb/keycodes/sony (deflated 58%)
  adding: share/X11/xkb/keycodes/fujitsu (deflated 60%)
  adding: share/X11/xkb/keycodes/aliases (deflated 87%)
  adding: share/X11/xkb/keycodes/amiga (deflated 83%)
  adding: share/X11/xkb/keycodes/olpc (deflated 58%)
  adding: share/wine/ (stored 0%)
  adding: share/wine/nls/ (stored 0%)
  adding: share/wine/nls/c_936.nls (deflated 53%)
  adding: share/wine/nls/c_874.nls (deflated 98%)
  adding: share/wine/nls/c_1256.nls (deflated 98%)
  adding: share/wine/nls/c_866.nls (deflated 98%)
  adding: share/wine/nls/c_1253.nls (deflated 98%)
  adding: share/wine/nls/c_28599.nls (deflated 98%)
  adding: share/wine/nls/c_10008.nls (deflated 81%)
  adding: share/wine/nls/c_20932.nls (deflated 66%)
  adding: share/wine/nls/c_869.nls (deflated 98%)
  adding: share/wine/nls/c_28592.nls (deflated 98%)
  adding: share/wine/nls/c_1258.nls (deflated 98%)
  adding: share/wine/nls/c_865.nls (deflated 98%)
  adding: share/wine/nls/c_10082.nls (deflated 99%)
  adding: share/wine/nls/c_28595.nls (deflated 98%)
  adding: share/wine/nls/c_775.nls (deflated 98%)
  adding: share/wine/nls/normnfkc.nls (deflated 52%)
  adding: share/wine/nls/normnfd.nls (deflated 70%)
  adding: share/wine/nls/c_10005.nls (deflated 99%)
  adding: share/wine/nls/c_21866.nls (deflated 98%)
  adding: share/wine/nls/c_28605.nls (deflated 98%)
  adding: share/wine/nls/c_10079.nls (deflated 99%)
  adding: share/wine/nls/c_28596.nls (deflated 98%)
  adding: share/wine/nls/c_437.nls (deflated 98%)
  adding: share/wine/nls/c_708.nls (deflated 98%)
  adding: share/wine/nls/c_863.nls (deflated 98%)
  adding: share/wine/nls/c_860.nls (deflated 98%)
  adding: share/wine/nls/c_1251.nls (deflated 98%)
  adding: share/wine/nls/c_28598.nls (deflated 98%)
  adding: share/wine/nls/c_852.nls (deflated 98%)
  adding: share/wine/nls/c_850.nls (deflated 98%)
  adding: share/wine/nls/c_861.nls (deflated 98%)
  adding: share/wine/nls/c_28591.nls (deflated 98%)
  adding: share/wine/nls/c_1257.nls (deflated 98%)
  adding: share/wine/nls/c_10081.nls (deflated 99%)
  adding: share/wine/nls/sortdefault.nls (deflated 47%)
  adding: share/wine/nls/c_720.nls (deflated 98%)
  adding: share/wine/nls/c_10000.nls (deflated 99%)
  adding: share/wine/nls/c_855.nls (deflated 98%)
  adding: share/wine/nls/c_1361.nls (deflated 62%)
  adding: share/wine/nls/c_10002.nls (deflated 59%)
  adding: share/wine/nls/c_28594.nls (deflated 98%)
  adding: share/wine/nls/c_10003.nls (deflated 78%)
  adding: share/wine/nls/c_10004.nls (deflated 98%)
  adding: share/wine/nls/c_28597.nls (deflated 98%)
  adding: share/wine/nls/c_10007.nls (deflated 99%)
  adding: share/wine/nls/normidna.nls (deflated 51%)
  adding: share/wine/nls/c_875.nls (deflated 99%)
  adding: share/wine/nls/c_737.nls (deflated 98%)
  adding: share/wine/nls/c_862.nls (deflated 98%)
  adding: share/wine/nls/c_864.nls (deflated 98%)
  adding: share/wine/nls/c_037.nls (deflated 99%)
  adding: share/wine/nls/c_1026.nls (deflated 99%)
  adding: share/wine/nls/c_28603.nls (deflated 98%)
  adding: share/wine/nls/c_857.nls (deflated 98%)
  adding: share/wine/nls/c_1255.nls (deflated 98%)
  adding: share/wine/nls/c_949.nls (deflated 63%)
  adding: share/wine/nls/c_950.nls (deflated 59%)
  adding: share/wine/nls/c_500.nls (deflated 99%)
  adding: share/wine/nls/c_1250.nls (deflated 98%)
  adding: share/wine/nls/c_932.nls (deflated 75%)
  adding: share/wine/nls/c_10006.nls (deflated 99%)
  adding: share/wine/nls/normnfkd.nls (deflated 54%)
  adding: share/wine/nls/normnfc.nls (deflated 65%)
  adding: share/wine/nls/c_20866.nls (deflated 98%)
  adding: share/wine/nls/c_1254.nls (deflated 98%)
  adding: share/wine/nls/c_10010.nls (deflated 99%)
  adding: share/wine/nls/l_intl.nls (deflated 78%)
  adding: share/wine/nls/c_10001.nls (deflated 75%)
  adding: share/wine/nls/c_10021.nls (deflated 99%)
  adding: share/wine/nls/c_1252.nls (deflated 98%)
  adding: share/wine/nls/c_10017.nls (deflated 99%)
  adding: share/wine/nls/c_20127.nls (deflated 99%)
  adding: share/wine/nls/locale.nls (deflated 72%)
  adding: share/wine/nls/c_10029.nls (deflated 99%)
  adding: share/wine/nls/c_20949.nls (deflated 78%)
  adding: share/wine/nls/c_28593.nls (deflated 98%)
  adding: share/wine/wine.inf (deflated 82%)
  adding: share/wine/winmd/ (stored 0%)
  adding: share/wine/winmd/windows.globalization.winmd (deflated 64%)
  adding: share/wine/winmd/windows.ui.winmd (deflated 67%)
  adding: share/wine/winmd/windows.graphics.winmd (deflated 65%)
  adding: share/wine/winmd/windows.media.winmd (deflated 62%)
  adding: share/wine/winmd/windows.ui.xaml.winmd (deflated 61%)
  adding: share/wine/winmd/windows.system.winmd (deflated 56%)
  adding: share/wine/winmd/windows.applicationmodel.winmd (deflated 58%)
  adding: share/wine/winmd/windows.perception.winmd (deflated 57%)
  adding: share/wine/winmd/windows.networking.winmd (deflated 58%)
  adding: share/wine/winmd/windows.storage.winmd (deflated 61%)
  adding: share/wine/mono/ (stored 0%)
  adding: share/wine/fonts/ (stored 0%)
  adding: share/wine/fonts/tahomabd.ttf (deflated 45%)
  adding: share/wine/fonts/marlett.ttf (deflated 50%)
  adding: share/wine/fonts/small_fonts_jp.ttf (deflated 53%)
  adding: share/wine/fonts/wingding.ttf (deflated 56%)
  adding: share/wine/fonts/tahoma.ttf (deflated 47%)
  adding: share/wine/fonts/small_fonts.ttf (deflated 53%)
  adding: share/wine/fonts/webdings.ttf (deflated 53%)
  adding: share/wine/fonts/fixedsys.ttf (deflated 59%)
  adding: share/wine/fonts/ms_sans_serif.ttf (deflated 51%)
  adding: share/wine/fonts/symbol.ttf (deflated 32%)
  adding: share/wine/fonts/fixedsys_jp.ttf (deflated 60%)
  adding: share/wine/fonts/courier.ttf (deflated 58%)
  adding: share/wine/fonts/system.ttf (deflated 51%)
  adding: smoke/ (stored 0%)
  adding: smoke/assets/ (stored 0%)
  adding: smoke/assets/venus_storage_read.spv (deflated 61%)
  adding: smoke/assets/venus_image_fetch.spv (deflated 60%)
  adding: smoke/assets/venus_combined_sample.spv (deflated 61%)
  adding: smoke/assets/venus_separated_sample.spv (deflated 61%)
  adding: smoke/assets/venus_storage_write.spv (deflated 52%)
  adding: smoke/suites.json (deflated 97%)
  adding: smoke/x64-fex/ (stored 0%)
  adding: smoke/x64-fex/winehua_d3d_switch_cube.exe (deflated 42%)
  adding: smoke/x64-fex/steam_process_amd64.exe (deflated 56%)
  adding: smoke/x64-fex/contract_amd64.exe (deflated 66%)
  adding: smoke/x64-fex/winehua_d3d_benchmark.exe (deflated 42%)
  adding: smoke/x64-fex/font_contract_amd64.exe (deflated 68%)
  adding: smoke/x64-fex/winehua_opengl_amd64.exe (deflated 57%)
  adding: smoke/x64/ (stored 0%)
  adding: smoke/x64/crt.exe (deflated 54%)
  adding: smoke/x64/msg_order.exe (deflated 55%)
  adding: smoke/x64/winehua_d3d_switch_cube.exe (deflated 40%)
  adding: smoke/x64/screen_bitblt.exe (deflated 58%)
  adding: smoke/x64/dinput_keyboard.exe (deflated 46%)
  adding: smoke/x64/dinput_mouse.exe (deflated 41%)
  adding: smoke/x64/winehua_direct_desktop_scene.exe (deflated 54%)
  adding: smoke/x64/win_child.exe (deflated 54%)
  adding: smoke/x64/ddraw_surface.exe (deflated 42%)
  adding: smoke/x64/com_basic.exe (deflated 39%)
  adding: smoke/x64/proc_pipe.exe (deflated 53%)
  adding: smoke/x64/gdi_palette.exe (deflated 53%)
  adding: smoke/x64/msg_basic.exe (deflated 55%)
  adding: smoke/x64/proc_spawn.exe (deflated 54%)
  adding: smoke/x64/wgl_basic.exe (deflated 54%)
  adding: smoke/x64/winehua_audio_smoke.exe (deflated 93%)
  adding: smoke/x64/gdi_primitives.exe (deflated 54%)
  adding: smoke/x64/winehua_platform_network.exe (deflated 55%)
  adding: smoke/x64/sync_kernel.exe (deflated 56%)
  adding: smoke/x64/screen_enum.exe (deflated 54%)
  adding: smoke/x64/winehua_dns_probe.exe (deflated 55%)
  adding: smoke/x64/filemap.exe (deflated 53%)
  adding: smoke/x64/font_enum.exe (deflated 53%)
  adding: smoke/x64/win_fullscreen.exe (deflated 54%)
  adding: smoke/x64/win_minimize.exe (deflated 54%)
  adding: smoke/x64/winehua_graphics_smoke.exe (deflated 94%)
  adding: smoke/x64/winehua_d3d_resize_cube.exe (deflated 40%)
  adding: smoke/x64/reg_wow64.exe (deflated 54%)
  adding: smoke/x64/input_relative.exe (deflated 51%)
  adding: smoke/x64/win_basic.exe (deflated 54%)
  adding: smoke/x64/resource.exe (deflated 55%)
  adding: smoke/x64/winehua_dxvk26_requirements.exe (deflated 56%)
  adding: smoke/x64/e2e_drag.exe (deflated 53%)
  adding: smoke/x64/d3d9_offscreen.exe (deflated 54%)
  adding: smoke/x64/broker_contract.exe (deflated 65%)
  adding: smoke/x64/clip_cross.exe (deflated 55%)
  adding: smoke/x64/input_wheel.exe (deflated 53%)
  adding: smoke/x64/input_mouse.exe (deflated 54%)
  adding: smoke/x64/winehua_d3d12_smoke.exe (deflated 67%)
  adding: smoke/x64/dll_load.exe (deflated 55%)
  adding: smoke/x64/win_zorder.exe (deflated 55%)
  adding: smoke/x64/mem_virtual.exe (deflated 54%)
  adding: smoke/x64/winehua_vulkan_smoke.exe (deflated 89%)
  adding: smoke/x64/stress_messages.exe (deflated 54%)
  adding: smoke/x64/input_keyboard.exe (deflated 53%)
  adding: smoke/x64/winehua_d3d_benchmark.exe (deflated 40%)
  adding: smoke/x64/winehua_gpu_diagnostics.exe (deflated 41%)
  adding: smoke/x64/shell_link.exe (deflated 39%)
  adding: smoke/x64/thread_tls.exe (deflated 55%)
  adding: smoke/x64/fs_io.exe (deflated 54%)
  adding: smoke/x64/fs_watch.exe (deflated 54%)
  adding: smoke/x64/audio_waveout.exe (deflated 54%)
  adding: smoke/x64/winehua_platform_process_smoke.exe (deflated 94%)
  adding: smoke/x64/gears.exe (deflated 67%)
  adding: smoke/x64/mutex_atom.exe (deflated 54%)
  adding: smoke/x64/msg_thread.exe (deflated 55%)
  adding: smoke/x64/mm_timer.exe (deflated 53%)
  adding: smoke/x64/win_owned.exe (deflated 53%)
  adding: smoke/x64/winehua_d3d8_smoke.exe (deflated 56%)
  adding: smoke/x64/toolhelp_snapshot.exe (deflated 54%)
  adding: smoke/x64/clip_formats.exe (deflated 55%)
  adding: smoke/x64/net_https.exe (deflated 54%)
  adding: smoke/x64/triangle.exe (deflated 67%)
  adding: smoke/x64/e2e_click.exe (deflated 54%)
  adding: smoke/x64/time.exe (deflated 53%)
  adding: smoke/x64/gdi_leak.exe (deflated 53%)
  adding: smoke/x64/d3d_smoke.exe (deflated 54%)
  adding: smoke/x64/shell_dialogs.exe (deflated 54%)
  adding: smoke/x64/seh.exe (deflated 54%)
  adding: smoke/x64/net_tcp.exe (deflated 53%)
  adding: smoke/x64/mem_heap.exe (deflated 52%)
  adding: smoke/x64/stress_windows.exe (deflated 53%)
  adding: smoke/x64/shell_path.exe (deflated 55%)
  adding: smoke/x64/fs_drives.exe (deflated 53%)
  adding: smoke/x64/win_maximize.exe (deflated 54%)
  adding: smoke/x64/winehua_win32_driver.exe (deflated 55%)
  adding: smoke/x64/winehua_d3d11_smoke.exe (deflated 83%)
  adding: smoke/x64/e2e_menu.exe (deflated 54%)
  adding: smoke/x64/env_vars.exe (deflated 55%)
  adding: smoke/x64/gdi_text.exe (deflated 55%)
  adding: smoke/x64/clip_basic.exe (deflated 55%)
  adding: smoke/x64/e2e_resize.exe (deflated 53%)
  adding: smoke/x64/win_layered.exe (deflated 54%)
  adding: smoke/x64/input_capture.exe (deflated 53%)
  adding: smoke/x64/reg_basic.exe (deflated 55%)
  adding: smoke/x64/gdi_bitmap.exe (deflated 54%)
  adding: smoke/x86/ (stored 0%)
  adding: smoke/x86/crt.exe (deflated 48%)
  adding: smoke/x86/msg_order.exe (deflated 48%)
  adding: smoke/x86/winehua_d3d_switch_cube.exe (deflated 42%)
  adding: smoke/x86/screen_bitblt.exe (deflated 48%)
  adding: smoke/x86/dinput_keyboard.exe (deflated 44%)
  adding: smoke/x86/dinput_mouse.exe (deflated 44%)
  adding: smoke/x86/win_child.exe (deflated 49%)
  adding: smoke/x86/ddraw_surface.exe (deflated 43%)
  adding: smoke/x86/com_basic.exe (deflated 41%)
  adding: smoke/x86/proc_pipe.exe (deflated 49%)
  adding: smoke/x86/gdi_palette.exe (deflated 48%)
  adding: smoke/x86/msg_basic.exe (deflated 49%)
  adding: smoke/x86/proc_spawn.exe (deflated 48%)
  adding: smoke/x86/wgl_basic.exe (deflated 48%)
  adding: smoke/x86/winehua_audio_smoke.exe (deflated 65%)
  adding: smoke/x86/gdi_primitives.exe (deflated 48%)
  adding: smoke/x86/winehua_platform_network.exe (deflated 49%)
  adding: smoke/x86/sync_kernel.exe (deflated 49%)
  adding: smoke/x86/screen_enum.exe (deflated 48%)
  adding: smoke/x86/winehua_dns_probe.exe (deflated 48%)
  adding: smoke/x86/filemap.exe (deflated 49%)
  adding: smoke/x86/font_enum.exe (deflated 48%)
  adding: smoke/x86/win_fullscreen.exe (deflated 49%)
  adding: smoke/x86/win_minimize.exe (deflated 49%)
  adding: smoke/x86/winehua_graphics_smoke.exe (deflated 65%)
  adding: smoke/x86/reg_wow64.exe (deflated 49%)
  adding: smoke/x86/input_relative.exe (deflated 48%)
  adding: smoke/x86/win_basic.exe (deflated 49%)
  adding: smoke/x86/resource.exe (deflated 48%)
  adding: smoke/x86/winehua_dxvk26_requirements.exe (deflated 52%)
  adding: smoke/x86/e2e_drag.exe (deflated 49%)
  adding: smoke/x86/d3d9_offscreen.exe (deflated 48%)
  adding: smoke/x86/broker_contract.exe (deflated 61%)
  adding: smoke/x86/clip_cross.exe (deflated 48%)
  adding: smoke/x86/input_wheel.exe (deflated 49%)
  adding: smoke/x86/input_mouse.exe (deflated 48%)
  adding: smoke/x86/dll_load.exe (deflated 48%)
  adding: smoke/x86/win_zorder.exe (deflated 48%)
  adding: smoke/x86/mem_virtual.exe (deflated 48%)
  adding: smoke/x86/winehua_vulkan_smoke.exe (deflated 70%)
  adding: smoke/x86/stress_messages.exe (deflated 48%)
  adding: smoke/x86/input_keyboard.exe (deflated 48%)
  adding: smoke/x86/winehua_gpu_diagnostics.exe (deflated 42%)
  adding: smoke/x86/shell_link.exe (deflated 41%)
  adding: smoke/x86/thread_tls.exe (deflated 48%)
  adding: smoke/x86/fs_io.exe (deflated 50%)
  adding: smoke/x86/fs_watch.exe (deflated 48%)
  adding: smoke/x86/audio_waveout.exe (deflated 49%)
  adding: smoke/x86/winehua_platform_process_smoke.exe (deflated 67%)
  adding: smoke/x86/mutex_atom.exe (deflated 49%)
  adding: smoke/x86/msg_thread.exe (deflated 48%)
  adding: smoke/x86/mm_timer.exe (deflated 48%)
  adding: smoke/x86/win_owned.exe (deflated 48%)
  adding: smoke/x86/winehua_d3d8_smoke.exe (deflated 50%)
  adding: smoke/x86/toolhelp_snapshot.exe (deflated 49%)
  adding: smoke/x86/clip_formats.exe (deflated 48%)
  adding: smoke/x86/net_https.exe (deflated 48%)
  adding: smoke/x86/e2e_click.exe (deflated 48%)
  adding: smoke/x86/font_contract_i386.exe (deflated 66%)
  adding: smoke/x86/time.exe (deflated 48%)
  adding: smoke/x86/gdi_leak.exe (deflated 48%)
  adding: smoke/x86/d3d_smoke.exe (deflated 48%)
  adding: smoke/x86/shell_dialogs.exe (deflated 48%)
  adding: smoke/x86/contract_i386.exe (deflated 64%)
  adding: smoke/x86/seh.exe (deflated 48%)
  adding: smoke/x86/net_tcp.exe (deflated 48%)
  adding: smoke/x86/mem_heap.exe (deflated 48%)
  adding: smoke/x86/stress_windows.exe (deflated 48%)
  adding: smoke/x86/shell_path.exe (deflated 48%)
  adding: smoke/x86/fs_drives.exe (deflated 48%)
  adding: smoke/x86/win_maximize.exe (deflated 49%)
  adding: smoke/x86/winehua_win32_driver.exe (deflated 48%)
  adding: smoke/x86/winehua_d3d11_smoke.exe (deflated 65%)
  adding: smoke/x86/e2e_menu.exe (deflated 48%)
  adding: smoke/x86/env_vars.exe (deflated 48%)
  adding: smoke/x86/gdi_text.exe (deflated 48%)
  adding: smoke/x86/clip_basic.exe (deflated 48%)
  adding: smoke/x86/e2e_resize.exe (deflated 49%)
  adding: smoke/x86/win_layered.exe (deflated 48%)
  adding: smoke/x86/input_capture.exe (deflated 48%)
  adding: smoke/x86/reg_basic.exe (deflated 49%)
  adding: smoke/x86/gdi_bitmap.exe (deflated 48%)
  adding: smoke/manifest.json (deflated 52%)
  adding: vkd3d/ (stored 0%)
  adding: vkd3d/limited-500k/ (stored 0%)
  adding: vkd3d/limited-500k/x64/ (stored 0%)
  adding: vkd3d/limited-500k/x64/d3d12.dll (deflated 70%)
  adding: vkd3d/manifest.json (deflated 40%)
  adding: dxvk/ (stored 0%)
  adding: dxvk/modern-2.6/ (stored 0%)
  adding: dxvk/modern-2.6/arm64x/ (stored 0%)
  adding: dxvk/modern-2.6/arm64x/dxgi.dll (deflated 68%)
  adding: dxvk/modern-2.6/arm64x/libunwind.dll (deflated 72%)
  adding: dxvk/modern-2.6/arm64x/d3d11.dll (deflated 71%)
  adding: dxvk/modern-2.6/arm64x/libc++.dll (deflated 71%)
  adding: dxvk/modern-2.6/x64/ (stored 0%)
  adding: dxvk/modern-2.6/x64/dxgi.dll (deflated 68%)
  adding: dxvk/modern-2.6/x64/libunwind.dll (deflated 72%)
  adding: dxvk/modern-2.6/x64/d3d11.dll (deflated 71%)
  adding: dxvk/modern-2.6/x64/libc++.dll (deflated 71%)
  adding: dxvk/modern-2.6/x86/ (stored 0%)
  adding: dxvk/modern-2.6/x86/dxgi.dll (deflated 69%)
  adding: dxvk/modern-2.6/x86/d3d11.dll (deflated 72%)
  adding: dxvk/manifest.json (deflated 50%)
  adding: dxvk/legacy/ (stored 0%)
  adding: dxvk/legacy/arm64x/ (stored 0%)
  adding: dxvk/legacy/arm64x/dxgi.dll (deflated 68%)
  adding: dxvk/legacy/arm64x/libunwind.dll (deflated 72%)
  adding: dxvk/legacy/arm64x/d3d11.dll (deflated 69%)
  adding: dxvk/legacy/arm64x/libc++.dll (deflated 71%)
  adding: dxvk/legacy/x64/ (stored 0%)
  adding: dxvk/legacy/x64/dxgi.dll (deflated 68%)
  adding: dxvk/legacy/x64/libunwind.dll (deflated 72%)
  adding: dxvk/legacy/x64/d3d11.dll (deflated 69%)
  adding: dxvk/legacy/x64/libc++.dll (deflated 71%)
  adding: dxvk/legacy/x86/ (stored 0%)
  adding: dxvk/legacy/x86/dxgi.dll (deflated 70%)
  adding: dxvk/legacy/x86/d3d10_1.dll (deflated 73%)
  adding: dxvk/legacy/x86/d3d10core.dll (deflated 63%)
  adding: dxvk/legacy/x86/d3d10.dll (deflated 73%)
  adding: dxvk/legacy/x86/d3d11.dll (deflated 71%)
  adding: bin/ (stored 0%)
  adding: bin/icinfo.exe (deflated 97%)
  adding: bin/dpvsetup.exe (deflated 97%)
  adding: bin/robocopy.exe (deflated 97%)
  adding: bin/wineboot.exe (deflated 83%)
  adding: bin/regasm.exe (deflated 97%)
  adding: bin/dxdiag.exe (deflated 89%)
  adding: bin/extrac32.exe (deflated 96%)
  adding: bin/arp.exe (deflated 97%)
  adding: bin/regsvcs.exe (deflated 97%)
  adding: bin/netstat.exe (deflated 95%)
  adding: bin/belauncher.exe (deflated 96%)
  adding: bin/netsh.exe (deflated 96%)
  adding: bin/aarch64-unix/ (stored 0%)
  adding: bin/aarch64-unix/gstreamer-1.0/ (stored 0%)
  adding: bin/aarch64-unix/gstreamer-1.0/libgstisomp4.so (deflated 55%)
  adding: bin/aarch64-unix/gstreamer-1.0/libgstmpegtsdemux.so (deflated 53%)
  adding: bin/aarch64-unix/gstreamer-1.0/libgstpbtypes.so (deflated 66%)
  adding: bin/aarch64-unix/gstreamer-1.0/libgstadaptivedemux2.so (deflated 56%)
  adding: bin/aarch64-unix/gstreamer-1.0/libgstaudioresample.so (deflated 56%)
  adding: bin/aarch64-unix/gstreamer-1.0/libgstdsd.so (deflated 56%)
  adding: bin/aarch64-unix/gstreamer-1.0/libgstvideorate.so (deflated 55%)
  adding: bin/aarch64-unix/gstreamer-1.0/libgstaudiorate.so (deflated 55%)
  adding: bin/aarch64-unix/gstreamer-1.0/libgstvideotestsrc.so (deflated 55%)
  adding: bin/aarch64-unix/gstreamer-1.0/libgstvideomixer.so (deflated 57%)
  adding: bin/aarch64-unix/gstreamer-1.0/libgstgio.so (deflated 60%)
  adding: bin/aarch64-unix/gstreamer-1.0/libgstasfmux.so (deflated 54%)
  adding: bin/aarch64-unix/gstreamer-1.0/libgstrawparse.so (deflated 60%)
  adding: bin/aarch64-unix/gstreamer-1.0/libgstmultipart.so (deflated 56%)
  adding: bin/aarch64-unix/gstreamer-1.0/libgstreplaygain.so (deflated 55%)
  adding: bin/aarch64-unix/gstreamer-1.0/libgstauparse.so (deflated 56%)
  adding: bin/aarch64-unix/gstreamer-1.0/libgstaudiotestsrc.so (deflated 58%)
  adding: bin/aarch64-unix/gstreamer-1.0/libgstxingmux.so (deflated 55%)
  adding: bin/aarch64-unix/gstreamer-1.0/libgstflxdec.so (deflated 56%)
  adding: bin/aarch64-unix/gstreamer-1.0/libgstrtp.so (deflated 59%)
  adding: bin/aarch64-unix/gstreamer-1.0/libgstaudioconvert.so (deflated 57%)
  adding: bin/aarch64-unix/gstreamer-1.0/libgstmulaw.so (deflated 59%)
  adding: bin/aarch64-unix/gstreamer-1.0/libgstequalizer.so (deflated 59%)
  adding: bin/aarch64-unix/gstreamer-1.0/libgstsubparse.so (deflated 55%)
  adding: bin/aarch64-unix/gstreamer-1.0/libgstshapewipe.so (deflated 57%)
  adding: bin/aarch64-unix/gstreamer-1.0/libgstapetag.so (deflated 56%)
  adding: bin/aarch64-unix/gstreamer-1.0/libgsticydemux.so (deflated 56%)
  adding: bin/aarch64-unix/gstreamer-1.0/libgstinterleave.so (deflated 57%)
  adding: bin/aarch64-unix/gstreamer-1.0/libgstplayback.so (deflated 57%)
  adding: bin/aarch64-unix/gstreamer-1.0/libgstdtmf.so (deflated 56%)
  adding: bin/aarch64-unix/gstreamer-1.0/libgsteffectv.so (deflated 57%)
  adding: bin/aarch64-unix/gstreamer-1.0/libgstrtpmanager.so (deflated 56%)
  adding: bin/aarch64-unix/gstreamer-1.0/libgstgoom.so (deflated 56%)
  adding: bin/aarch64-unix/gstreamer-1.0/libgstdebug.so (deflated 59%)
  adding: bin/aarch64-unix/gstreamer-1.0/libgstvolume.so (deflated 52%)
  adding: bin/aarch64-unix/gstreamer-1.0/libgsttcp.so (deflated 58%)
  adding: bin/aarch64-unix/gstreamer-1.0/libgstvideoparsersbad.so (deflated 55%)
  adding: bin/aarch64-unix/gstreamer-1.0/libgstmidi.so (deflated 56%)
  adding: bin/aarch64-unix/gstreamer-1.0/libgstwavparse.so (deflated 56%)
  adding: bin/aarch64-unix/gstreamer-1.0/libgstadder.so (deflated 57%)
  adding: bin/aarch64-unix/gstreamer-1.0/libgstcutter.so (deflated 56%)
  adding: bin/aarch64-unix/gstreamer-1.0/libgstrtsp.so (deflated 56%)
  adding: bin/aarch64-unix/gstreamer-1.0/libgstvideofilter.so (deflated 54%)
  adding: bin/aarch64-unix/gstreamer-1.0/libgstlibav.so (deflated 55%)
  adding: bin/aarch64-unix/gstreamer-1.0/libgstalpha.so (deflated 48%)
  adding: bin/aarch64-unix/gstreamer-1.0/libgstaudioparsers.so (deflated 55%)
  adding: bin/aarch64-unix/gstreamer-1.0/libgstalphacolor.so (deflated 57%)
  adding: bin/aarch64-unix/gstreamer-1.0/libgstasf.so (deflated 54%)
  adding: bin/aarch64-unix/gstreamer-1.0/libgstgoom2k1.so (deflated 53%)
  adding: bin/aarch64-unix/gstreamer-1.0/libgstimagefreeze.so (deflated 57%)
  adding: bin/aarch64-unix/gstreamer-1.0/libgstmatroska.so (deflated 54%)
  adding: bin/aarch64-unix/gstreamer-1.0/libgstmpegpsdemux.so (deflated 54%)
  adding: bin/aarch64-unix/gstreamer-1.0/libgstid3demux.so (deflated 57%)
  adding: bin/aarch64-unix/gstreamer-1.0/libgstvideobox.so (deflated 49%)
  adding: bin/aarch64-unix/gstreamer-1.0/libgstcoreelements.so (deflated 56%)
  adding: bin/aarch64-unix/gstreamer-1.0/libgstalaw.so (deflated 58%)
  adding: bin/aarch64-unix/gstreamer-1.0/libgstspectrum.so (deflated 54%)
  adding: bin/aarch64-unix/gstreamer-1.0/libgstflv.so (deflated 56%)
  adding: bin/aarch64-unix/gstreamer-1.0/libgstwavenc.so (deflated 55%)
  adding: bin/aarch64-unix/gstreamer-1.0/libgstaudiofx.so (deflated 57%)
  adding: bin/aarch64-unix/gstreamer-1.0/libgstvideocrop.so (deflated 56%)
  adding: bin/aarch64-unix/gstreamer-1.0/libgstmonoscope.so (deflated 55%)
  adding: bin/aarch64-unix/gstreamer-1.0/libgsttypefindfunctions.so (deflated 58%)
  adding: bin/aarch64-unix/gstreamer-1.0/libgstaiff.so (deflated 57%)
  adding: bin/aarch64-unix/gstreamer-1.0/libgstavi.so (deflated 56%)
  adding: bin/aarch64-unix/gstreamer-1.0/libgstnavigationtest.so (deflated 56%)
  adding: bin/aarch64-unix/gstreamer-1.0/libgstudp.so (deflated 56%)
  adding: bin/aarch64-unix/gstreamer-1.0/libgstlevel.so (deflated 55%)
  adding: bin/aarch64-unix/gstreamer-1.0/libgstmultifile.so (deflated 56%)
  adding: bin/aarch64-unix/gstreamer-1.0/libgstvideoconvertscale.so (deflated 57%)
  adding: bin/aarch64-unix/gstreamer-1.0/libgstautodetect.so (deflated 65%)
  adding: bin/aarch64-unix/gstreamer-1.0/libgstaudiomixer.so (deflated 57%)
  adding: bin/aarch64-unix/gstreamer-1.0/libgstsmpte.so (deflated 60%)
  adding: bin/aarch64-unix/gstreamer-1.0/libgsty4menc.so (deflated 56%)
  adding: bin/aarch64-unix/gstreamer-1.0/libgstdeinterlace.so (deflated 65%)
  adding: bin/aarch64-unix/gstreamer-1.0/libgstapp.so (deflated 68%)
  adding: bin/winepath.exe (deflated 96%)
  adding: bin/wordpad.exe (deflated 80%)
  adding: bin/reg.exe (deflated 91%)
  adding: bin/lodctr.exe (deflated 98%)
  adding: bin/regini.exe (deflated 97%)
  adding: bin/winehua_keep.exe (deflated 98%)
  adding: bin/sdbinst.exe (deflated 97%)
  adding: bin/xcopy.exe (deflated 93%)
  adding: bin/plugplay.exe (deflated 96%)
  adding: bin/rpcss.exe (deflated 94%)
  adding: bin/conhost.exe (deflated 83%)
  adding: bin/shutdown.exe (deflated 97%)
  adding: bin/explorer.exe (deflated 81%)
  adding: bin/svchost.exe (deflated 96%)
  adding: bin/winedbg.exe (deflated 77%)
  adding: bin/presentationfontcache.exe (deflated 97%)
  adding: bin/guest_vulkan/ (stored 0%)
  adding: bin/guest_vulkan/share/ (stored 0%)
  adding: bin/guest_vulkan/share/winehua/ (stored 0%)
  adding: bin/guest_vulkan/share/winehua/replay_frozen/ (stored 0%)
  adding: bin/guest_vulkan/share/winehua/replay_frozen/CS_f215833cf13c6d72d69cda3847c8c5a89fc7c551.remapped.spv (deflated 65%)
  adding: bin/guest_vulkan/share/winehua/replay_frozen/CS_002986ed302307b70f6b2f7db08bc959640a8bfa.remapped.spv (deflated 65%)
  adding: bin/guest_vulkan/share/winehua/replay_frozen/CS_358b5a944a7c41ca2c30ccab7c1e84a1c1ae9e15.remapped.spv (deflated 65%)
  adding: bin/guest_vulkan/share/winehua/venus_depth_cube_array_sample.spv (deflated 62%)
  adding: bin/guest_vulkan/share/winehua/venus_storage_read.spv (deflated 61%)
  adding: bin/guest_vulkan/share/winehua/venus_depth_cube_golden_dxvk_contract.spvasm (deflated 76%)
  adding: bin/guest_vulkan/share/winehua/venus_dxvk_contract_vector_spec_sample.spv (deflated 59%)
  adding: bin/guest_vulkan/share/winehua/venus_depth_cube_fail_initialized.spv (deflated 69%)
  adding: bin/guest_vulkan/share/winehua/venus_fullscreen_triangle.vert.spv (deflated 57%)
  adding: bin/guest_vulkan/share/winehua/venus_depth_cube_fail_initialized.spvasm (deflated 81%)
  adding: bin/guest_vulkan/share/winehua/venus_dxvk_contract_unknown_sample.spv (deflated 57%)
  adding: bin/guest_vulkan/share/winehua/venus_image_fetch.spv (deflated 60%)
  adding: bin/guest_vulkan/share/winehua/venus_depth_cube_fail_coordinate_trace.spv (deflated 69%)
  adding: bin/guest_vulkan/share/winehua/venus_depth_cube_fail_padded_dref.spv (deflated 69%)
  adding: bin/guest_vulkan/share/winehua/venus_depth_cube_array_2d_compare.spv (deflated 66%)
  adding: bin/guest_vulkan/share/winehua/venus_depth_cube_fail_coordinate_trace.spvasm (deflated 81%)
  adding: bin/guest_vulkan/share/winehua/venus_dxvk_contract_spec_sample.spv (deflated 57%)
  adding: bin/guest_vulkan/share/winehua/venus_combined_sample.spv (deflated 61%)
  adding: bin/guest_vulkan/share/winehua/venus_dxvk_contract_sample.spv (deflated 61%)
  adding: bin/guest_vulkan/share/winehua/venus_depth_cube_separated_compare.spv (deflated 61%)
  adding: bin/guest_vulkan/share/winehua/venus_depth_cube_golden_dxvk_contract.spv (deflated 61%)
  adding: bin/guest_vulkan/share/winehua/venus_depth_cube_compare.spv (deflated 61%)
  adding: bin/guest_vulkan/share/winehua/venus_depth_cube_sample.spv (deflated 61%)
  adding: bin/guest_vulkan/share/winehua/venus_separated_sample.spv (deflated 61%)
  adding: bin/guest_vulkan/share/winehua/venus_depth_cube_fail_optimized.spv (deflated 67%)
  adding: bin/guest_vulkan/share/winehua/venus_depth_cube_dxvk_contract_compare.spv (deflated 62%)
  adding: bin/guest_vulkan/share/winehua/venus_depth_array_compare.spv (deflated 57%)
  adding: bin/guest_vulkan/share/winehua/venus_depth_cube_array_compare.spv (deflated 61%)
  adding: bin/guest_vulkan/share/winehua/venus_depth_cube_fail_padded_dref.spvasm (deflated 81%)
  adding: bin/guest_vulkan/share/winehua/venus_depth_cube_fail_no_float_controls.spvasm (deflated 81%)
  adding: bin/guest_vulkan/share/winehua/venus_depth_cube_fail.spv (deflated 69%)
  adding: bin/guest_vulkan/share/winehua/venus_heaven_material.vert.spv (deflated 63%)
  adding: bin/guest_vulkan/share/winehua/venus_depth_cube_golden.frag.spv (deflated 61%)
  adding: bin/guest_vulkan/share/winehua/venus_storage_write.spv (deflated 52%)
  adding: bin/guest_vulkan/share/winehua/venus_depth_cube_fail_no_float_controls.spv (deflated 70%)
  adding: bin/guest_vulkan/share/vulkan/ (stored 0%)
  adding: bin/guest_vulkan/share/vulkan/icd.d/ (stored 0%)
  adding: bin/guest_vulkan/share/vulkan/icd.d/venus_icd.aarch64.json (deflated 20%)
  adding: bin/guest_vulkan/BUILD_INFO.txt (deflated 31%)
  adding: bin/guest_vulkan/bin/ (stored 0%)
  adding: bin/guest_vulkan/bin/libvenus_sampled_image_probe.so (deflated 60%)
  adding: bin/guest_vulkan/bin/libvenus_heaven_material_replay.so (deflated 54%)
  adding: bin/guest_vulkan/bin/libwinehua_guest_vulkan_smoke.so (deflated 61%)
  adding: bin/guest_vulkan/bin/libvenus_spirv_replay.so (deflated 62%)
  adding: bin/guest_vulkan/lib/ (stored 0%)
  adding: bin/guest_vulkan/lib/libvulkan.so (deflated 71%)
  adding: bin/guest_vulkan/lib/libvulkan_virtio.so (deflated 68%)
  adding: bin/guest_vulkan/lib/libvulkan.so.1 (deflated 71%)
  adding: bin/guest_vulkan/manifest.json (deflated 46%)
  adding: bin/winefile.exe (deflated 80%)
  adding: bin/host_vulkan/ (stored 0%)
  adding: bin/host_vulkan/bin/ (stored 0%)
  adding: bin/host_vulkan/bin/heaven_exact_host_replay (stored 0%)
  adding: bin/host_vulkan/lib/ (stored 0%)
  adding: bin/host_vulkan/lib/libwinehua_host_heaven_replay.so (deflated 54%)
  adding: bin/host_vulkan/manifest.json (deflated 39%)
  adding: bin/eject.exe (deflated 97%)
  adding: bin/regsvr32.exe (deflated 93%)
  adding: bin/getminidump.exe (deflated 98%)
  adding: bin/setx.exe (deflated 97%)
  adding: bin/uninstaller.exe (deflated 95%)
  adding: bin/rundll32.exe (deflated 94%)
  adding: bin/dplaysvr.exe (deflated 97%)
  adding: bin/winebrowser.exe (deflated 95%)
  adding: bin/taskkill.exe (deflated 95%)
  adding: bin/ngen.exe (deflated 97%)
  adding: bin/whoami.exe (deflated 96%)
  adding: bin/timeout.exe (deflated 98%)
  adding: bin/write.exe (deflated 98%)
  adding: bin/secedit.exe (deflated 98%)
  adding: bin/ping.exe (deflated 97%)
  adding: bin/winver.exe (deflated 98%)
  adding: bin/cabarc.exe (deflated 95%)
  adding: bin/pnputil.exe (deflated 97%)
  adding: bin/certutil.exe (deflated 97%)
  adding: bin/oleview.exe (deflated 83%)
  adding: bin/control.exe (deflated 98%)
  adding: bin/findstr.exe (deflated 96%)
  adding: bin/ipconfig.exe (deflated 96%)
  adding: bin/hostname.exe (deflated 98%)
  adding: bin/wevtutil.exe (deflated 97%)
  adding: bin/winemenubuilder.exe (deflated 84%)
  adding: bin/msinfo32.exe (deflated 97%)
  adding: bin/servicemodelreg.exe (deflated 97%)
  adding: bin/regedit.exe (deflated 83%)
  adding: bin/taskmgr.exe (deflated 82%)
  adding: bin/sort.exe (deflated 96%)
  adding: bin/cscript.exe (deflated 86%)
  adding: bin/winmgmt.exe (deflated 97%)
  adding: bin/dotnetfx35.exe (deflated 97%)
  adding: bin/winhlp32.exe (deflated 79%)
  adding: bin/winemsibuilder.exe (deflated 96%)
  adding: bin/iexplore.exe (deflated 89%)
  adding: bin/msiexec.exe (deflated 89%)
  adding: bin/wmic.exe (deflated 94%)
  adding: bin/wineconsole.exe (deflated 96%)
  adding: bin/wscript.exe (deflated 86%)
  adding: bin/winecfg.exe (deflated 77%)
  adding: bin/tabtip.exe (deflated 91%)
  adding: bin/clock.exe (deflated 95%)
  adding: bin/notepad.exe (deflated 87%)
  adding: bin/fsutil.exe (deflated 97%)
  adding: bin/expand.exe (deflated 97%)
  adding: bin/aarch64-windows/ (stored 0%)
  adding: bin/aarch64-windows/msxml6.dll (deflated 95%)
  adding: bin/aarch64-windows/avifil32.dll (deflated 81%)
  adding: bin/aarch64-windows/d3dx10_43.dll (deflated 82%)
  adding: bin/aarch64-windows/d3dim700.dll (deflated 99%)
  adding: bin/aarch64-windows/mferror.dll (deflated 90%)
  adding: bin/aarch64-windows/wing32.dll (deflated 99%)
  adding: bin/aarch64-windows/msxml.dll (deflated 97%)
  adding: bin/aarch64-windows/msvcp140_2.dll (deflated 99%)
  adding: bin/aarch64-windows/msvcrt.dll (deflated 72%)
  adding: bin/aarch64-windows/netprofm.dll (deflated 96%)
  adding: bin/aarch64-windows/aclui.dll (deflated 97%)
  adding: bin/aarch64-windows/mfplay.dll (deflated 88%)
  adding: bin/aarch64-windows/atl90.dll (deflated 87%)
  adding: bin/aarch64-windows/winemapi.dll (deflated 97%)
  adding: bin/aarch64-windows/infosoft.dll (deflated 90%)
  adding: bin/aarch64-windows/msls31.dll (deflated 99%)
  adding: bin/aarch64-windows/mscat32.dll (deflated 99%)
  adding: bin/aarch64-windows/atl.dll (deflated 87%)
  adding: bin/aarch64-windows/msvidc32.dll (deflated 98%)
  adding: bin/aarch64-windows/odbccp32.dll (deflated 95%)
  adding: bin/aarch64-windows/winexinput.sys (deflated 97%)
  adding: bin/aarch64-windows/localspl.dll (deflated 90%)
  adding: bin/aarch64-windows/amstream.dll (deflated 86%)
  adding: bin/aarch64-windows/updspapi.dll (deflated 98%)
  adding: bin/aarch64-windows/shfolder.dll (deflated 100%)
  adding: bin/aarch64-windows/olesvr32.dll (deflated 98%)
  adding: bin/aarch64-windows/xmllite.dll (deflated 89%)
  adding: bin/aarch64-windows/d3dcompiler_43.dll (deflated 85%)
  adding: bin/aarch64-windows/qwave.dll (deflated 98%)
  adding: bin/aarch64-windows/gpkcsp.dll (deflated 99%)
  adding: bin/aarch64-windows/avicap32.dll (deflated 98%)
  adding: bin/aarch64-windows/msdaps.dll (deflated 89%)
  adding: bin/aarch64-windows/resutils.dll (deflated 99%)
  adding: bin/aarch64-windows/ktmw32.dll (deflated 99%)
  adding: bin/aarch64-windows/d3dcompiler_37.dll (deflated 85%)
  adding: bin/aarch64-windows/appxdeploymentclient.dll (deflated 95%)
  adding: bin/aarch64-windows/kernel32.dll (deflated 82%)
  adding: bin/aarch64-windows/quartz.dll (deflated 76%)
  adding: bin/aarch64-windows/d3d12.dll (deflated 90%)
  adding: bin/aarch64-windows/mmdevapi.dll (deflated 86%)
  adding: bin/aarch64-windows/dcomp.dll (deflated 98%)
  adding: bin/aarch64-windows/windows.gaming.input.dll (deflated 89%)
  adding: bin/aarch64-windows/rometadata.dll (deflated 91%)
  adding: bin/aarch64-windows/msxml2.dll (deflated 98%)
  adding: bin/aarch64-windows/wininet.dll (deflated 77%)
  adding: bin/aarch64-windows/msvfw32.dll (deflated 91%)
  adding: bin/aarch64-windows/tdi.sys (deflated 98%)
  adding: bin/aarch64-windows/adsldp.dll (deflated 92%)
  adding: bin/aarch64-windows/vulkan-1.dll (deflated 98%)
  adding: bin/aarch64-windows/xactengine3_6.dll (deflated 79%)
  adding: bin/aarch64-windows/d3dx10_36.dll (deflated 99%)
  adding: bin/aarch64-windows/d3dcompiler_42.dll (deflated 85%)
  adding: bin/aarch64-windows/d3d8.dll (deflated 89%)
  adding: bin/aarch64-windows/usp10.dll (deflated 99%)
  adding: bin/aarch64-windows/winspool.drv (deflated 87%)
  adding: bin/aarch64-windows/windows.ui.dll (deflated 94%)
  adding: bin/aarch64-windows/sppc.dll (deflated 98%)
  adding: bin/aarch64-windows/netapi32.dll (deflated 89%)
  adding: bin/aarch64-windows/msvcrt40.dll (deflated 95%)
  adding: bin/aarch64-windows/traffic.dll (deflated 98%)
  adding: bin/aarch64-windows/xinput1_2.dll (deflated 96%)
  adding: bin/aarch64-windows/iyuv_32.dll (deflated 97%)
  adding: bin/aarch64-windows/inseng.dll (deflated 90%)
  adding: bin/aarch64-windows/winbrand.dll (deflated 98%)
  adding: bin/aarch64-windows/winmm.dll (deflated 80%)
  adding: bin/aarch64-windows/d3dcompiler_38.dll (deflated 85%)
  adding: bin/aarch64-windows/d3dx10_39.dll (deflated 99%)
  adding: bin/aarch64-windows/x3daudio1_0.dll (deflated 98%)
  adding: bin/aarch64-windows/imm32.dll (deflated 91%)
  adding: bin/aarch64-windows/winnls32.dll (deflated 100%)
  adding: bin/aarch64-windows/d3dx9_34.dll (deflated 71%)
  adding: bin/aarch64-windows/stdole32.tlb (deflated 98%)
  adding: bin/aarch64-windows/threadpoolwinrt.dll (deflated 90%)
  adding: bin/aarch64-windows/rasapi32.dll (deflated 96%)
  adding: bin/aarch64-windows/davclnt.dll (deflated 98%)
  adding: bin/aarch64-windows/fltmgr.sys (deflated 97%)
  adding: bin/aarch64-windows/sapi.dll (deflated 82%)
  adding: bin/aarch64-windows/xpsprint.dll (deflated 100%)
  adding: bin/aarch64-windows/msrle32.dll (deflated 96%)
  adding: bin/aarch64-windows/t2embed.dll (deflated 98%)
  adding: bin/aarch64-windows/initpki.dll (deflated 99%)
  adding: bin/aarch64-windows/shell32.dll (deflated 55%)
  adding: bin/aarch64-windows/cryptbase.dll (deflated 98%)
  adding: bin/aarch64-windows/x3daudio1_7.dll (deflated 98%)
  adding: bin/aarch64-windows/dmcompos.dll (deflated 88%)
  adding: bin/aarch64-windows/wlanapi.dll (deflated 98%)
  adding: bin/aarch64-windows/dplay.dll (deflated 100%)
  adding: bin/aarch64-windows/olethk32.dll (deflated 99%)
  adding: bin/aarch64-windows/apphelp.dll (deflated 96%)
  adding: bin/aarch64-windows/icmp.dll (deflated 100%)
  adding: bin/aarch64-windows/d3dcompiler_40.dll (deflated 85%)
  adding: bin/aarch64-windows/cdosys.dll (deflated 98%)
  adding: bin/aarch64-windows/sechost.dll (deflated 90%)
  adding: bin/aarch64-windows/dpnlobby.dll (deflated 100%)
  adding: bin/aarch64-windows/iphlpapi.dll (deflated 84%)
  adding: bin/aarch64-windows/ntprint.dll (deflated 98%)
  adding: bin/aarch64-windows/vssapi.dll (deflated 97%)
  adding: bin/aarch64-windows/wnaspi32.dll (deflated 98%)
  adding: bin/aarch64-windows/dpvoice.dll (deflated 90%)
  adding: bin/aarch64-windows/msvcp60.dll (deflated 80%)
  adding: bin/aarch64-windows/vcomp110.dll (deflated 95%)
  adding: bin/aarch64-windows/wmp.dll (deflated 90%)
  adding: bin/aarch64-windows/winewayland.drv (deflated 99%)
  adding: bin/aarch64-windows/d3dcompiler_39.dll (deflated 85%)
  adding: bin/aarch64-windows/windows.security.credentials.ui.userconsentverifier.dll (deflated 97%)
  adding: bin/aarch64-windows/esent.dll (deflated 97%)
  adding: bin/aarch64-windows/hidclass.sys (deflated 96%)
  adding: bin/aarch64-windows/rasdlg.dll (deflated 98%)
  adding: bin/aarch64-windows/fltlib.dll (deflated 98%)
  adding: bin/aarch64-windows/msdmo.dll (deflated 89%)
  adding: bin/aarch64-windows/npptools.dll (deflated 99%)
  adding: bin/aarch64-windows/rstrtmgr.dll (deflated 98%)
  adding: bin/aarch64-windows/dispex.dll (deflated 90%)
  adding: bin/aarch64-windows/cng.sys (deflated 99%)
  adding: bin/aarch64-windows/dmstyle.dll (deflated 86%)
  adding: bin/aarch64-windows/xapofx1_2.dll (deflated 96%)
  adding: bin/aarch64-windows/ia2comproxy.dll (deflated 98%)
  adding: bin/aarch64-windows/bcrypt.dll (deflated 90%)
  adding: bin/aarch64-windows/rpcrt4.dll (deflated 74%)
  adding: bin/aarch64-windows/qmgrprxy.dll (deflated 98%)
  adding: bin/aarch64-windows/wiaservc.dll (deflated 89%)
  adding: bin/aarch64-windows/olecli32.dll (deflated 98%)
  adding: bin/aarch64-windows/mssign32.dll (deflated 98%)
  adding: bin/aarch64-windows/winebth.sys (deflated 92%)
  adding: bin/aarch64-windows/mfmediaengine.dll (deflated 85%)
  adding: bin/aarch64-windows/vcomp140.dll (deflated 95%)
  adding: bin/aarch64-windows/msvcp120.dll (deflated 79%)
  adding: bin/aarch64-windows/opcservices.dll (deflated 89%)
  adding: bin/aarch64-windows/msvcr100.dll (deflated 72%)
  adding: bin/aarch64-windows/midimap.dll (deflated 97%)
  adding: bin/aarch64-windows/rsabase.dll (deflated 99%)
  adding: bin/aarch64-windows/qdvd.dll (deflated 89%)
  adding: bin/aarch64-windows/windows.gaming.ui.gamebar.dll (deflated 98%)
  adding: bin/aarch64-windows/windows.networking.hostname.dll (deflated 97%)
  adding: bin/aarch64-windows/windows.devices.bluetooth.dll (deflated 96%)
  adding: bin/aarch64-windows/actxprxy.dll (deflated 86%)
  adding: bin/aarch64-windows/ksecdd.sys (deflated 98%)
  adding: bin/aarch64-windows/d3dx9_41.dll (deflated 71%)
  adding: bin/aarch64-windows/hrtfapo.dll (deflated 99%)
  adding: bin/aarch64-windows/mf3216.dll (deflated 100%)
  adding: bin/aarch64-windows/vcruntime140_1.dll (deflated 98%)
  adding: bin/aarch64-windows/dpnet.dll (deflated 89%)
  adding: bin/aarch64-windows/uiautomationcore.dll (deflated 78%)
  adding: bin/aarch64-windows/xactengine3_7.dll (deflated 79%)
  adding: bin/aarch64-windows/d3dcompiler_34.dll (deflated 85%)
  adding: bin/aarch64-windows/cryptowinrt.dll (deflated 96%)
  adding: bin/aarch64-windows/vcruntime140.dll (deflated 98%)
  adding: bin/aarch64-windows/kernelbase.dll (deflated 76%)
  adding: bin/aarch64-windows/packager.dll (deflated 97%)
  adding: bin/aarch64-windows/windows.media.playback.mediaplayer.dll (deflated 96%)
  adding: bin/aarch64-windows/wlanui.dll (deflated 100%)
  adding: bin/aarch64-windows/msnet32.dll (deflated 98%)
  adding: bin/aarch64-windows/schannel.dll (deflated 98%)
  adding: bin/aarch64-windows/wmiutils.dll (deflated 96%)
  adding: bin/aarch64-windows/xaudio2_7.dll (deflated 82%)
  adding: bin/aarch64-windows/xactengine2_4.dll (deflated 79%)
  adding: bin/aarch64-windows/difxapi.dll (deflated 98%)
  adding: bin/aarch64-windows/shlwapi.dll (deflated 82%)
  adding: bin/aarch64-windows/mlang.dll (deflated 87%)
  adding: bin/aarch64-windows/jsproxy.dll (deflated 90%)
  adding: bin/aarch64-windows/d3dx9_39.dll (deflated 71%)
  adding: bin/aarch64-windows/dxgi.dll (deflated 84%)
  adding: bin/aarch64-windows/pidgen.dll (deflated 99%)
  adding: bin/aarch64-windows/x3daudio1_4.dll (deflated 98%)
  adding: bin/aarch64-windows/ksproxy.ax (deflated 99%)
  adding: bin/aarch64-windows/dxva2.dll (deflated 89%)
  adding: bin/aarch64-windows/xaudio2_6.dll (deflated 82%)
  adding: bin/aarch64-windows/faultrep.dll (deflated 98%)
  adding: bin/aarch64-windows/d3dx10_41.dll (deflated 99%)
  adding: bin/aarch64-windows/msctfmonitor.dll (deflated 98%)
  adding: bin/aarch64-windows/d3d8thk.dll (deflated 99%)
  adding: bin/aarch64-windows/dinput8.dll (deflated 79%)
  adding: bin/aarch64-windows/colorcnv.dll (deflated 89%)
  adding: bin/aarch64-windows/hnetcfg.dll (deflated 91%)
  adding: bin/aarch64-windows/d3dx10_34.dll (deflated 99%)
  adding: bin/aarch64-windows/gameux.dll (deflated 88%)
  adding: bin/aarch64-windows/netio.sys (deflated 94%)
  adding: bin/aarch64-windows/xapofx1_5.dll (deflated 96%)
  adding: bin/aarch64-windows/wer.dll (deflated 97%)
  adding: bin/aarch64-windows/msvcm80.dll (deflated 97%)
  adding: bin/aarch64-windows/d3dx11_43.dll (deflated 86%)
  adding: bin/aarch64-windows/windows.storage.applicationdata.dll (deflated 97%)
  adding: bin/aarch64-windows/winehid.sys (deflated 99%)
  adding: bin/aarch64-windows/atl110.dll (deflated 87%)
  adding: bin/aarch64-windows/windows.media.mediacontrol.dll (deflated 96%)
  adding: bin/aarch64-windows/cfgmgr32.dll (deflated 93%)
  adding: bin/aarch64-windows/d3d10_1.dll (deflated 97%)
  adding: bin/aarch64-windows/xapofx1_1.dll (deflated 97%)
  adding: bin/aarch64-windows/d3dx9_31.dll (deflated 71%)
  adding: bin/aarch64-windows/taskschd.dll (deflated 90%)
  adding: bin/aarch64-windows/wmi.dll (deflated 99%)
  adding: bin/aarch64-windows/windows.system.profile.systemid.dll (deflated 97%)
  adding: bin/aarch64-windows/dnsapi.dll (deflated 95%)
  adding: bin/aarch64-windows/combase.dll (deflated 79%)
  adding: bin/aarch64-windows/scsiport.sys (deflated 98%)
  adding: bin/aarch64-windows/scrrun.dll (deflated 86%)
  adding: bin/aarch64-windows/vidreszr.dll (deflated 96%)
  adding: bin/aarch64-windows/advpack.dll (deflated 93%)
  adding: bin/aarch64-windows/dxcore.dll (deflated 97%)
  adding: bin/aarch64-windows/windows.perception.stub.dll (deflated 95%)
  adding: bin/aarch64-windows/windows.media.playback.backgroundmediaplayer.dll (deflated 96%)
  adding: bin/aarch64-windows/printui.dll (deflated 98%)
  adding: bin/aarch64-windows/dpnhupnp.dll (deflated 98%)
  adding: bin/aarch64-windows/ole32.dll (deflated 75%)
  adding: bin/aarch64-windows/d3dx10_35.dll (deflated 99%)
  adding: bin/aarch64-windows/dmime.dll (deflated 82%)
  adding: bin/aarch64-windows/mapistub.dll (deflated 98%)
  adding: bin/aarch64-windows/version.dll (deflated 98%)
  adding: bin/aarch64-windows/nddeapi.dll (deflated 98%)
  adding: bin/aarch64-windows/sas.dll (deflated 100%)
  adding: bin/aarch64-windows/dx8vb.dll (deflated 90%)
  adding: bin/aarch64-windows/xpssvcs.dll (deflated 99%)
  adding: bin/aarch64-windows/inetcomm.dll (deflated 83%)
  adding: bin/aarch64-windows/mshtml.tlb (deflated 87%)
  adding: bin/aarch64-windows/ntoskrnl.exe (deflated 83%)
  adding: bin/aarch64-windows/windows.security.authentication.onlineid.dll (deflated 97%)
  adding: bin/aarch64-windows/userenv.dll (deflated 97%)
  adding: bin/aarch64-windows/ddrawex.dll (deflated 88%)
  adding: bin/aarch64-windows/xactengine3_2.dll (deflated 79%)
  adding: bin/aarch64-windows/mgmtapi.dll (deflated 99%)
  adding: bin/aarch64-windows/wuapi.dll (deflated 88%)
  adding: bin/aarch64-windows/xaudio2_3.dll (deflated 82%)
  adding: bin/aarch64-windows/iccvid.dll (deflated 97%)
  adding: bin/aarch64-windows/comctl32.dll (deflated 67%)
  adding: bin/aarch64-windows/msauddecmft.dll (deflated 90%)
  adding: bin/aarch64-windows/winhttp.dll (deflated 79%)
  adding: bin/aarch64-windows/amsi.dll (deflated 98%)
  adding: bin/aarch64-windows/mscorwks.dll (deflated 98%)
  adding: bin/aarch64-windows/sensapi.dll (deflated 99%)
  adding: bin/aarch64-windows/scardsvr.dll (deflated 99%)
  adding: bin/aarch64-windows/wpc.dll (deflated 98%)
  adding: bin/aarch64-windows/vdmdbg.dll (deflated 98%)
  adding: bin/aarch64-windows/comsvcs.dll (deflated 88%)
  adding: bin/aarch64-windows/pstorec.dll (deflated 97%)
  adding: bin/aarch64-windows/nsi.dll (deflated 97%)
  adding: bin/aarch64-windows/mspatcha.dll (deflated 95%)
  adding: bin/aarch64-windows/dhcpcsvc6.dll (deflated 99%)
  adding: bin/aarch64-windows/amdxc64.dll (deflated 98%)
  adding: bin/aarch64-windows/d3dx10_33.dll (deflated 99%)
  adding: bin/aarch64-windows/wineohos.drv (deflated 100%)
  adding: bin/aarch64-windows/dsuiext.dll (deflated 90%)
  adding: bin/aarch64-windows/wtsapi32.dll (deflated 97%)
  adding: bin/aarch64-windows/d3dx10_38.dll (deflated 99%)
  adding: bin/aarch64-windows/atl80.dll (deflated 87%)
  adding: bin/aarch64-windows/msident.dll (deflated 98%)
  adding: bin/aarch64-windows/windows.media.speech.dll (deflated 89%)
  adding: bin/aarch64-windows/odbccu32.dll (deflated 99%)
  adding: bin/aarch64-windows/sccbase.dll (deflated 99%)
  adding: bin/aarch64-windows/msxml3.dll (deflated 64%)
  adding: bin/aarch64-windows/crtdll.dll (deflated 71%)
  adding: bin/aarch64-windows/comcat.dll (deflated 99%)
  adding: bin/aarch64-windows/d3d10core.dll (deflated 98%)
  adding: bin/aarch64-windows/wofutil.dll (deflated 98%)
  adding: bin/aarch64-windows/itss.dll (deflated 86%)
  adding: bin/aarch64-windows/dhcpcsvc.dll (deflated 98%)
  adding: bin/aarch64-windows/uiribbon.dll (deflated 90%)
  adding: bin/aarch64-windows/d3dx10_40.dll (deflated 99%)
  adding: bin/aarch64-windows/normaliz.dll (deflated 100%)
  adding: bin/aarch64-windows/x3daudio1_6.dll (deflated 98%)
  adding: bin/aarch64-windows/d3dx9_28.dll (deflated 71%)
  adding: bin/aarch64-windows/d3dx9_35.dll (deflated 71%)
  adding: bin/aarch64-windows/dmscript.dll (deflated 88%)
  adding: bin/aarch64-windows/wimgapi.dll (deflated 98%)
  adding: bin/aarch64-windows/dxtrans.dll (deflated 98%)
  adding: bin/aarch64-windows/xaudio2_1.dll (deflated 82%)
  adding: bin/aarch64-windows/sspicli.dll (deflated 97%)
  adding: bin/aarch64-windows/mcicda.dll (deflated 95%)
  adding: bin/aarch64-windows/windows.applicationmodel.dll (deflated 96%)
  adding: bin/aarch64-windows/opencl.dll (deflated 95%)
  adding: bin/aarch64-windows/bcryptprimitives.dll (deflated 100%)
  adding: bin/aarch64-windows/mapi32.dll (deflated 86%)
  adding: bin/aarch64-windows/d3dx9_26.dll (deflated 71%)
  adding: bin/aarch64-windows/wsnmp32.dll (deflated 98%)
  adding: bin/aarch64-windows/x3daudio1_3.dll (deflated 98%)
  adding: bin/aarch64-windows/qmgr.dll (deflated 89%)
  adding: bin/aarch64-windows/xinput1_1.dll (deflated 96%)
  adding: bin/aarch64-windows/d3d9.dll (deflated 86%)
  adding: bin/aarch64-windows/msacm32.drv (deflated 97%)
  adding: bin/aarch64-windows/resampledmo.dll (deflated 89%)
  adding: bin/aarch64-windows/acledit.dll (deflated 99%)
  adding: bin/aarch64-windows/stdole2.tlb (deflated 95%)
  adding: bin/aarch64-windows/mtxdm.dll (deflated 90%)
  adding: bin/aarch64-windows/gameinput.dll (deflated 99%)
  adding: bin/aarch64-windows/directmanipulation.dll (deflated 89%)
  adding: bin/aarch64-windows/x3daudio1_1.dll (deflated 98%)
  adding: bin/aarch64-windows/dsdmo.dll (deflated 89%)
  adding: bin/aarch64-windows/xinput1_4.dll (deflated 96%)
  adding: bin/aarch64-windows/wineps.drv (deflated 77%)
  adding: bin/aarch64-windows/d3dx9_42.dll (deflated 71%)
  adding: bin/aarch64-windows/d3dx9_37.dll (deflated 71%)
  adding: bin/aarch64-windows/dciman32.dll (deflated 98%)
  adding: bin/aarch64-windows/sti.dll (deflated 90%)
  adding: bin/aarch64-windows/msimsg.dll (deflated 100%)
  adding: bin/aarch64-windows/msadp32.acm (deflated 95%)
  adding: bin/aarch64-windows/activeds.tlb (deflated 89%)
  adding: bin/aarch64-windows/twaindsm.dll (deflated 97%)
  adding: bin/aarch64-windows/imaadp32.acm (deflated 95%)
  adding: bin/aarch64-windows/cryptdlg.dll (deflated 96%)
  adding: bin/aarch64-windows/fusion.dll (deflated 94%)
  adding: bin/aarch64-windows/user32.dll (deflated 69%)
  adding: bin/aarch64-windows/qcap.dll (deflated 83%)
  adding: bin/aarch64-windows/winprint.dll (deflated 98%)
  adding: bin/aarch64-windows/msvcr110.dll (deflated 70%)
  adding: bin/aarch64-windows/graphicscapture.dll (deflated 97%)
  adding: bin/aarch64-windows/mciqtz32.dll (deflated 88%)
  adding: bin/aarch64-windows/urlmon.dll (deflated 77%)
  adding: bin/aarch64-windows/setupapi.dll (deflated 76%)
  adding: bin/aarch64-windows/xaudio2_2.dll (deflated 82%)
  adding: bin/aarch64-windows/dpnaddr.dll (deflated 100%)
  adding: bin/aarch64-windows/mshtml.dll (deflated 73%)
  adding: bin/aarch64-windows/msvcp140.dll (deflated 79%)
  adding: bin/aarch64-windows/npmshtml.dll (deflated 100%)
  adding: bin/aarch64-windows/d3dx9_25.dll (deflated 71%)
  adding: bin/aarch64-windows/libwow64fex.dll (deflated 77%)
  adding: bin/aarch64-windows/dplayx.dll (deflated 82%)
  adding: bin/aarch64-windows/connect.dll (deflated 99%)
  adding: bin/aarch64-windows/nvcuda.dll (deflated 100%)
  adding: bin/aarch64-windows/hlink.dll (deflated 89%)
  adding: bin/aarch64-windows/wined3d.dll (deflated 62%)
  adding: bin/aarch64-windows/dpnhpast.dll (deflated 99%)
  adding: bin/aarch64-windows/hhctrl.ocx (deflated 76%)
  adding: bin/aarch64-windows/mprapi.dll (deflated 97%)
  adding: bin/aarch64-windows/qasf.dll (deflated 86%)
  adding: bin/aarch64-windows/d3dx9_29.dll (deflated 71%)
  adding: bin/aarch64-windows/xactengine3_3.dll (deflated 79%)
  adding: bin/aarch64-windows/unicows.dll (deflated 95%)
  adding: bin/aarch64-windows/msvcp100.dll (deflated 79%)
  adding: bin/aarch64-windows/olepro32.dll (deflated 98%)
  adding: bin/aarch64-windows/wsdapi.dll (deflated 91%)
  adding: bin/aarch64-windows/winbio.dll (deflated 99%)
  adding: bin/aarch64-windows/msttsengine.dll (deflated 97%)
  adding: bin/aarch64-windows/imagehlp.dll (deflated 95%)
  adding: bin/aarch64-windows/webservices.dll (deflated 79%)
  adding: bin/aarch64-windows/x3daudio1_5.dll (deflated 98%)
  adding: bin/aarch64-windows/msdelta.dll (deflated 99%)
  adding: bin/aarch64-windows/windows.networking.connectivity.dll (deflated 97%)
  adding: bin/aarch64-windows/d3dxof.dll (deflated 86%)
  adding: bin/aarch64-windows/d3dim.dll (deflated 99%)
  adding: bin/aarch64-windows/coml2.dll (deflated 89%)
  adding: bin/aarch64-windows/xinput9_1_0.dll (deflated 98%)
  adding: bin/aarch64-windows/uxtheme.dll (deflated 89%)
  adding: bin/aarch64-windows/win32u.dll (deflated 87%)
  adding: bin/aarch64-windows/secur32.dll (deflated 89%)
  adding: bin/aarch64-windows/audioses.dll (deflated 100%)
  adding: bin/aarch64-windows/wowbox64.dll (deflated 71%)
  adding: bin/aarch64-windows/msdrm.dll (deflated 98%)
  adding: bin/aarch64-windows/cryptsp.dll (deflated 98%)
  adding: bin/aarch64-windows/wuaueng.dll (deflated 99%)
  adding: bin/aarch64-windows/dwrite.dll (deflated 74%)
  adding: bin/aarch64-windows/dssenh.dll (deflated 96%)
  adding: bin/aarch64-windows/windows.networking.dll (deflated 98%)
  adding: bin/aarch64-windows/loadperf.dll (deflated 98%)
  adding: bin/aarch64-windows/feclient.dll (deflated 99%)
  adding: bin/aarch64-windows/scrobj.dll (deflated 88%)
  adding: bin/aarch64-windows/oledb32.dll (deflated 85%)
  adding: bin/aarch64-windows/diasymreader.dll (deflated 90%)
  adding: bin/aarch64-windows/dmusic.dll (deflated 83%)
  adding: bin/aarch64-windows/msvcp71.dll (deflated 80%)
  adding: bin/aarch64-windows/xolehlp.dll (deflated 89%)
  adding: bin/aarch64-windows/msvcr80.dll (deflated 72%)
  adding: bin/aarch64-windows/objsel.dll (deflated 91%)
  adding: bin/aarch64-windows/d3dcompiler_41.dll (deflated 85%)
  adding: bin/aarch64-windows/msgsm32.acm (deflated 90%)
  adding: bin/aarch64-windows/schedsvc.dll (deflated 93%)
  adding: bin/aarch64-windows/xaudio2_0.dll (deflated 82%)
  adding: bin/aarch64-windows/xactengine3_1.dll (deflated 79%)
  adding: bin/aarch64-windows/msisys.ocx (deflated 97%)
  adding: bin/aarch64-windows/ctapi32.dll (deflated 98%)
  adding: bin/aarch64-windows/dinput.dll (deflated 79%)
  adding: bin/aarch64-windows/mfmp4srcsnk.dll (deflated 87%)
  adding: bin/aarch64-windows/cabinet.dll (deflated 85%)
  adding: bin/aarch64-windows/magnification.dll (deflated 98%)
  adding: bin/aarch64-windows/atl100.dll (deflated 87%)
  adding: bin/aarch64-windows/advapi32.dll (deflated 85%)
  adding: bin/aarch64-windows/dbgeng.dll (deflated 92%)
  adding: bin/aarch64-windows/geolocation.dll (deflated 97%)
  adding: bin/aarch64-windows/mf.dll (deflated 80%)
  adding: bin/aarch64-windows/msvproc.dll (deflated 90%)
  adding: bin/aarch64-windows/msscript.ocx (deflated 86%)
  adding: bin/aarch64-windows/vcomp.dll (deflated 95%)
  adding: bin/aarch64-windows/l3codeca.acm (deflated 76%)
  adding: bin/aarch64-windows/cryptxml.dll (deflated 98%)
  adding: bin/aarch64-windows/d3dx9_38.dll (deflated 71%)
  adding: bin/aarch64-windows/wintypes.dll (deflated 92%)
  adding: bin/aarch64-windows/winegstreamer.dll (deflated 78%)
  adding: bin/aarch64-windows/msmpeg2vdec.dll (deflated 90%)
  adding: bin/aarch64-windows/windows.globalization.dll (deflated 96%)
  adding: bin/aarch64-windows/wldp.dll (deflated 98%)
  adding: bin/aarch64-windows/ieproxy.dll (deflated 91%)
  adding: bin/aarch64-windows/d3dx9_40.dll (deflated 71%)
  adding: bin/aarch64-windows/mssip32.dll (deflated 99%)
  adding: bin/aarch64-windows/icmui.dll (deflated 99%)
  adding: bin/aarch64-windows/winevulkan.dll (deflated 90%)
  adding: bin/aarch64-windows/mciseq.dll (deflated 95%)
  adding: bin/aarch64-windows/ndis.sys (deflated 95%)
  adding: bin/aarch64-windows/cryptui.dll (deflated 83%)
  adding: bin/aarch64-windows/wldap32.dll (deflated 76%)
  adding: bin/aarch64-windows/xactengine3_4.dll (deflated 79%)
  adding: bin/aarch64-windows/ntdll.dll (deflated 68%)
  adding: bin/aarch64-windows/atlthunk.dll (deflated 99%)
  adding: bin/aarch64-windows/rtutils.dll (deflated 98%)
  adding: bin/aarch64-windows/msctfp.dll (deflated 97%)
  adding: bin/aarch64-windows/d3dcompiler_36.dll (deflated 85%)
  adding: bin/aarch64-windows/prntvpt.dll (deflated 95%)
  adding: bin/aarch64-windows/msvcp110.dll (deflated 79%)
  adding: bin/aarch64-windows/msdasql.dll (deflated 88%)
  adding: bin/aarch64-windows/cryptext.dll (deflated 98%)
  adding: bin/aarch64-windows/windows.devices.enumeration.dll (deflated 91%)
  adding: bin/aarch64-windows/oleaut32.dll (deflated 71%)
  adding: bin/aarch64-windows/powrprof.dll (deflated 97%)
  adding: bin/aarch64-windows/sfc.dll (deflated 100%)
  adding: bin/aarch64-windows/d3dcompiler_33.dll (deflated 85%)
  adding: bin/aarch64-windows/hvsimanagementapi.dll (deflated 98%)
  adding: bin/aarch64-windows/vccorlib140.dll (deflated 92%)
  adding: bin/aarch64-windows/dsquery.dll (deflated 90%)
  adding: bin/aarch64-windows/tdh.dll (deflated 98%)
  adding: bin/aarch64-windows/regapi.dll (deflated 99%)
  adding: bin/aarch64-windows/msimtf.dll (deflated 90%)
  adding: bin/aarch64-windows/strmdll.dll (deflated 100%)
  adding: bin/aarch64-windows/d3dx10_37.dll (deflated 99%)
  adding: bin/aarch64-windows/mfreadwrite.dll (deflated 86%)
  adding: bin/aarch64-windows/light.msstyles (deflated 96%)
  adding: bin/aarch64-windows/fontsub.dll (deflated 99%)
  adding: bin/aarch64-windows/srclient.dll (deflated 99%)
  adding: bin/aarch64-windows/windowscodecsext.dll (deflated 98%)
  adding: bin/aarch64-windows/mscoree.dll (deflated 84%)
  adding: bin/aarch64-windows/iertutil.dll (deflated 97%)
  adding: bin/aarch64-windows/dmloader.dll (deflated 86%)
  adding: bin/aarch64-windows/msvcr120_app.dll (deflated 92%)
  adding: bin/aarch64-windows/localui.dll (deflated 96%)
  adding: bin/aarch64-windows/xaudio2_8.dll (deflated 80%)
  adding: bin/aarch64-windows/mp3dmod.dll (deflated 73%)
  adding: bin/aarch64-windows/mciavi32.dll (deflated 94%)
  adding: bin/aarch64-windows/bcp47langs.dll (deflated 98%)
  adding: bin/aarch64-windows/d3dx9_27.dll (deflated 71%)
  adding: bin/aarch64-windows/oleacc.dll (deflated 89%)
  adding: bin/aarch64-windows/dmusic32.dll (deflated 99%)
  adding: bin/aarch64-windows/d3drm.dll (deflated 85%)
  adding: bin/aarch64-windows/newdev.dll (deflated 98%)
  adding: bin/aarch64-windows/usbd.sys (deflated 98%)
  adding: bin/aarch64-windows/wshom.ocx (deflated 82%)
  adding: bin/aarch64-windows/mswsock.dll (deflated 98%)
  adding: bin/aarch64-windows/msvcrtd.dll (deflated 71%)
  adding: bin/aarch64-windows/ntdsapi.dll (deflated 97%)
  adding: bin/aarch64-windows/dwmapi.dll (deflated 97%)
  adding: bin/aarch64-windows/explorerframe.dll (deflated 88%)
  adding: bin/aarch64-windows/xactengine2_7.dll (deflated 79%)
  adding: bin/aarch64-windows/inetmib1.dll (deflated 97%)
  adding: bin/aarch64-windows/netutils.dll (deflated 98%)
  adding: bin/aarch64-windows/icu.dll (deflated 95%)
  adding: bin/aarch64-windows/tzres.dll (deflated 87%)
  adding: bin/aarch64-windows/mfasfsrcsnk.dll (deflated 88%)
  adding: bin/aarch64-windows/psapi.dll (deflated 99%)
  adding: bin/aarch64-windows/virtdisk.dll (deflated 98%)
  adding: bin/aarch64-windows/mfh264enc.dll (deflated 90%)
  adding: bin/aarch64-windows/xaudio2_4.dll (deflated 82%)
  adding: bin/aarch64-windows/spoolss.dll (deflated 96%)
  adding: bin/aarch64-windows/d3dx9_43.dll (deflated 71%)
  adding: bin/aarch64-windows/d3dx9_24.dll (deflated 71%)
  adding: bin/aarch64-windows/d3dx9_32.dll (deflated 71%)
  adding: bin/aarch64-windows/shdoclc.dll (deflated 90%)
  adding: bin/aarch64-windows/d3dcompiler_35.dll (deflated 85%)
  adding: bin/aarch64-windows/hid.dll (deflated 96%)
  adding: bin/aarch64-windows/windows.devices.usb.dll (deflated 97%)
  adding: bin/aarch64-windows/clusapi.dll (deflated 97%)
  adding: bin/aarch64-windows/dataexchange.dll (deflated 97%)
  adding: bin/aarch64-windows/browseui.dll (deflated 88%)
  adding: bin/aarch64-windows/cryptnet.dll (deflated 92%)
  adding: bin/aarch64-windows/wmphoto.dll (deflated 72%)
  adding: bin/aarch64-windows/netcfgx.dll (deflated 90%)
  adding: bin/aarch64-windows/mscms.dll (deflated 76%)
  adding: bin/aarch64-windows/samlib.dll (deflated 99%)
  adding: bin/aarch64-windows/vcomp120.dll (deflated 95%)
  adding: bin/aarch64-windows/mciwave.dll (deflated 95%)
  adding: bin/aarch64-windows/msvcp140_atomic_wait.dll (deflated 98%)
  adding: bin/aarch64-windows/tapi32.dll (deflated 95%)
  adding: bin/aarch64-windows/ninput.dll (deflated 98%)
  adding: bin/aarch64-windows/pdh.dll (deflated 95%)
  adding: bin/aarch64-windows/qedit.dll (deflated 86%)
  adding: bin/aarch64-windows/photometadatahandler.dll (deflated 99%)
  adding: bin/aarch64-windows/windows.ui.xaml.dll (deflated 98%)
  adding: bin/aarch64-windows/utildll.dll (deflated 99%)
  adding: bin/aarch64-windows/msvcr71.dll (deflated 71%)
  adding: bin/aarch64-windows/msado15.dll (deflated 86%)
  adding: bin/aarch64-windows/windows.media.dll (deflated 96%)
  adding: bin/aarch64-windows/drmclien.dll (deflated 99%)
  adding: bin/aarch64-windows/serialui.dll (deflated 97%)
  adding: bin/aarch64-windows/glu32.dll (deflated 85%)
  adding: bin/aarch64-windows/ucrtbase.dll (deflated 71%)
  adding: bin/aarch64-windows/gdiplus.dll (deflated 71%)
  adding: bin/aarch64-windows/xapofx1_4.dll (deflated 96%)
  adding: bin/aarch64-windows/mfplat.dll (deflated 78%)
  adding: bin/aarch64-windows/comdlg32.dll (deflated 78%)
  adding: bin/aarch64-windows/compstui.dll (deflated 97%)
  adding: bin/aarch64-windows/ctl3d32.dll (deflated 99%)
  adding: bin/aarch64-windows/msxml4.dll (deflated 95%)
  adding: bin/aarch64-windows/dbghelp.dll (deflated 71%)
  adding: bin/aarch64-windows/mpr.dll (deflated 92%)
  adding: bin/aarch64-windows/d3d10.dll (deflated 84%)
  adding: bin/aarch64-windows/winebus.sys (deflated 95%)
  adding: bin/aarch64-windows/windows.web.dll (deflated 97%)
  adding: bin/aarch64-windows/mmcndmgr.dll (deflated 90%)
  adding: bin/aarch64-windows/avrt.dll (deflated 98%)
  adding: bin/aarch64-windows/wmadmod.dll (deflated 89%)
  adding: bin/aarch64-windows/d3dx9_30.dll (deflated 71%)
  adding: bin/aarch64-windows/xactengine3_0.dll (deflated 79%)
  adding: bin/aarch64-windows/d3dx9_33.dll (deflated 71%)
  adding: bin/aarch64-windows/wow64win.dll (deflated 90%)
  adding: bin/aarch64-windows/winsqlite3.dll (deflated 56%)
  adding: bin/aarch64-windows/msacm32.dll (deflated 88%)
  adding: bin/aarch64-windows/mountmgr.sys (deflated 93%)
  adding: bin/aarch64-windows/http.sys (deflated 95%)
  adding: bin/aarch64-windows/hidparse.sys (deflated 95%)
  adding: bin/aarch64-windows/xaudio2_5.dll (deflated 82%)
  adding: bin/aarch64-windows/msvdsp.dll (deflated 96%)
  adding: bin/aarch64-windows/d3dx11_42.dll (deflated 98%)
  adding: bin/aarch64-windows/xinputuap.dll (deflated 96%)
  adding: bin/aarch64-windows/oledlg.dll (deflated 93%)
  adding: bin/aarch64-windows/activeds.dll (deflated 89%)
  adding: bin/aarch64-windows/devenum.dll (deflated 88%)
  adding: bin/aarch64-windows/msvcr90.dll (deflated 72%)
  adding: bin/aarch64-windows/xtajit64.dll (deflated 99%)
  adding: bin/aarch64-windows/odbcbcp.dll (deflated 99%)
  adding: bin/aarch64-windows/slbcsp.dll (deflated 99%)
  adding: bin/aarch64-windows/gamingtcui.dll (deflated 98%)
  adding: bin/aarch64-windows/winedmo.dll (deflated 96%)
  adding: bin/aarch64-windows/l3codecx.ax (deflated 86%)
  adding: bin/aarch64-windows/wintrust.dll (deflated 87%)
  adding: bin/aarch64-windows/riched32.dll (deflated 99%)
  adding: bin/aarch64-windows/msvcp80.dll (deflated 81%)
  adding: bin/aarch64-windows/libunwind.dll (deflated 70%)
  adding: bin/aarch64-windows/windows.system.profile.systemmanufacturers.dll (deflated 98%)
  adding: bin/aarch64-windows/vga.dll (deflated 100%)
  adding: bin/aarch64-windows/winusb.dll (deflated 98%)
  adding: bin/aarch64-windows/websocket.dll (deflated 99%)
  adding: bin/aarch64-windows/comctl32_v6.dll (deflated 65%)
  adding: bin/aarch64-windows/wevtsvc.dll (deflated 99%)
  adding: bin/aarch64-windows/vbscript.dll (deflated 79%)
  adding: bin/aarch64-windows/cards.dll (deflated 96%)
  adding: bin/aarch64-windows/mfsrcsnk.dll (deflated 86%)
  adding: bin/aarch64-windows/gdi32.dll (deflated 74%)
  adding: bin/aarch64-windows/xaudio2_9.dll (deflated 81%)
  adding: bin/aarch64-windows/windows.media.devices.dll (deflated 97%)
  adding: bin/aarch64-windows/odbc32.dll (deflated 87%)
  adding: bin/aarch64-windows/authz.dll (deflated 98%)
  adding: bin/aarch64-windows/d3dx10_42.dll (deflated 99%)
  adding: bin/aarch64-windows/wbemprox.dll (deflated 83%)
  adding: bin/aarch64-windows/query.dll (deflated 97%)
  adding: bin/aarch64-windows/inkobj.dll (deflated 98%)
  adding: bin/aarch64-windows/winsta.dll (deflated 98%)
  adding: bin/aarch64-windows/msvcm90.dll (deflated 97%)
  adding: bin/aarch64-windows/msvcp70.dll (deflated 80%)
  adding: bin/aarch64-windows/shdocvw.dll (deflated 87%)
  adding: bin/aarch64-windows/ieframe.dll (deflated 80%)
  adding: bin/aarch64-windows/ddraw.dll (deflated 77%)
  adding: bin/aarch64-windows/wmvdecod.dll (deflated 89%)
  adding: bin/aarch64-windows/wmilib.sys (deflated 100%)
  adding: bin/aarch64-windows/msctf.dll (deflated 86%)
  adding: bin/aarch64-windows/windowscodecs.dll (deflated 65%)
  adding: bin/aarch64-windows/softpub.dll (deflated 99%)
  adding: bin/aarch64-windows/srvsvc.dll (deflated 99%)
  adding: bin/aarch64-windows/msisip.dll (deflated 98%)
  adding: bin/aarch64-windows/rtworkq.dll (deflated 95%)
  adding: bin/aarch64-windows/wdscore.dll (deflated 99%)
  adding: bin/aarch64-windows/msvcp90.dll (deflated 81%)
  adding: bin/aarch64-windows/xactengine3_5.dll (deflated 79%)
  adding: bin/aarch64-windows/security.dll (deflated 99%)
  adding: bin/aarch64-windows/concrt140.dll (deflated 90%)
  adding: bin/aarch64-windows/uianimation.dll (deflated 88%)
  adding: bin/aarch64-windows/tbs.dll (deflated 98%)
  adding: bin/aarch64-windows/fntcache.dll (deflated 98%)
  adding: bin/aarch64-windows/wsock32.dll (deflated 97%)
  adding: bin/aarch64-windows/msasn1.dll (deflated 96%)
  adding: bin/aarch64-windows/httpapi.dll (deflated 96%)
  adding: bin/aarch64-windows/d3dx9_36.dll (deflated 71%)
  adding: bin/aarch64-windows/windows.storage.dll (deflated 93%)
  adding: bin/aarch64-windows/d3dcompiler_46.dll (deflated 85%)
  adding: bin/aarch64-windows/xactengine2_9.dll (deflated 79%)
  adding: bin/aarch64-windows/dswave.dll (deflated 88%)
  adding: bin/aarch64-windows/atiadlxx.dll (deflated 89%)
  adding: bin/aarch64-windows/msi.dll (deflated 70%)
  adding: bin/aarch64-windows/bluetoothapis.dll (deflated 95%)
  adding: bin/aarch64-windows/jscript.dll (deflated 72%)
  adding: bin/aarch64-windows/vcomp90.dll (deflated 99%)
  adding: bin/aarch64-windows/msvcp140_1.dll (deflated 98%)
  adding: bin/aarch64-windows/atmlib.dll (deflated 98%)
  adding: bin/aarch64-windows/xinput1_3.dll (deflated 96%)
  adding: bin/aarch64-windows/dsound.dll (deflated 78%)
  adding: bin/aarch64-windows/twinapi.appcore.dll (deflated 95%)
  adding: bin/aarch64-windows/dmsynth.dll (deflated 72%)
  adding: bin/aarch64-windows/msvcp140_codecvt_ids.dll (deflated 100%)
  adding: bin/aarch64-windows/msvcirt.dll (deflated 89%)
  adding: bin/aarch64-windows/fwpuclnt.dll (deflated 97%)
  adding: bin/aarch64-windows/kerberos.dll (deflated 96%)
  adding: bin/aarch64-windows/msvcr120.dll (deflated 70%)
  adding: bin/aarch64-windows/ncrypt.dll (deflated 96%)
  adding: bin/aarch64-windows/sxs.dll (deflated 95%)
  adding: bin/aarch64-windows/dmband.dll (deflated 94%)
  adding: bin/aarch64-windows/cryptdll.dll (deflated 99%)
  adding: bin/aarch64-windows/credui.dll (deflated 94%)
  adding: bin/aarch64-windows/lz32.dll (deflated 99%)
  adding: bin/aarch64-windows/mstask.dll (deflated 94%)
  adding: bin/aarch64-windows/msftedit.dll (deflated 92%)
  adding: bin/aarch64-windows/profapi.dll (deflated 99%)
  adding: bin/aarch64-windows/wmvcore.dll (deflated 93%)
  adding: bin/aarch64-windows/slc.dll (deflated 98%)
  adding: bin/aarch64-windows/msvcp_win.dll (deflated 93%)
  adding: bin/aarch64-windows/apisetschema.dll (deflated 92%)
  adding: bin/aarch64-windows/wmasf.dll (deflated 99%)
  adding: bin/aarch64-windows/evr.dll (deflated 83%)
  adding: bin/aarch64-windows/xapofx1_3.dll (deflated 97%)
  adding: bin/aarch64-windows/d3d11.dll (deflated 81%)
  adding: bin/aarch64-windows/msvcr70.dll (deflated 71%)
  adding: bin/aarch64-windows/snmpapi.dll (deflated 97%)
  adding: bin/aarch64-windows/dxdiagn.dll (deflated 93%)
  adding: bin/aarch64-windows/mouhid.sys (deflated 98%)
  adding: bin/aarch64-windows/ksuser.dll (deflated 100%)
  adding: bin/aarch64-windows/msports.dll (deflated 99%)
  adding: bin/aarch64-windows/vcomp100.dll (deflated 95%)
  adding: bin/aarch64-windows/dpwsockx.dll (deflated 96%)
  adding: bin/aarch64-windows/libc++.dll (deflated 68%)
  adding: bin/aarch64-windows/sfc_os.dll (deflated 98%)
  adding: bin/aarch64-windows/coremessaging.dll (deflated 96%)
  adding: bin/aarch64-windows/rsaenh.dll (deflated 78%)
  adding: bin/aarch64-windows/svrapi.dll (deflated 99%)
  adding: bin/aarch64-windows/windows.ui.core.textinput.dll (deflated 96%)
  adding: bin/aarch64-windows/nsiproxy.sys (deflated 98%)
  adding: bin/aarch64-windows/ws2_32.dll (deflated 88%)
  adding: bin/aarch64-windows/wow64.dll (deflated 91%)
  adding: bin/aarch64-windows/pwrshplugin.dll (deflated 99%)
  adding: bin/aarch64-windows/msimg32.dll (deflated 99%)
  adding: bin/aarch64-windows/msv1_0.dll (deflated 94%)
  adding: bin/aarch64-windows/opengl32.dll (deflated 84%)
  adding: bin/aarch64-windows/srvcli.dll (deflated 99%)
  adding: bin/aarch64-windows/itircl.dll (deflated 99%)
  adding: bin/aarch64-windows/wevtapi.dll (deflated 98%)
  adding: bin/aarch64-windows/d2d1.dll (deflated 77%)
  adding: bin/aarch64-windows/msvcp120_app.dll (deflated 93%)
  adding: bin/aarch64-windows/libarm64ecfex.dll (deflated 77%)
  adding: bin/aarch64-windows/d3d12core.dll (deflated 100%)
  adding: bin/aarch64-windows/dhtmled.ocx (deflated 82%)
  adding: bin/aarch64-windows/x3daudio1_2.dll (deflated 98%)
  adding: bin/aarch64-windows/adsldpc.dll (deflated 98%)
  adding: bin/aarch64-windows/url.dll (deflated 98%)
  adding: bin/aarch64-windows/propsys.dll (deflated 87%)
  adding: bin/aarch64-windows/iprop.dll (deflated 100%)
  adding: bin/aarch64-windows/d3dcompiler_47.dll (deflated 85%)
  adding: bin/aarch64-windows/wintab32.dll (deflated 95%)
  adding: bin/aarch64-windows/shcore.dll (deflated 93%)
  adding: bin/aarch64-windows/wbemdisp.dll (deflated 91%)
  adding: bin/aarch64-windows/xactengine2_0.dll (deflated 79%)
  adding: bin/aarch64-windows/riched20.dll (deflated 72%)
  adding: bin/aarch64-windows/msvcrt20.dll (deflated 95%)
  adding: bin/aarch64-windows/msg711.acm (deflated 96%)
  adding: bin/aarch64-windows/scarddlg.dll (deflated 100%)
  adding: bin/aarch64-windows/hal.dll (deflated 98%)
  adding: bin/aarch64-windows/crypt32.dll (deflated 72%)
  adding: bin/dllhost.exe (deflated 85%)
  adding: bin/where.exe (deflated 97%)
  adding: bin/klist.exe (deflated 96%)
  adding: bin/dpnsvr.exe (deflated 96%)
  adding: bin/termsv.exe (deflated 97%)
  adding: bin/msidb.exe (deflated 95%)
  adding: bin/mofcomp.exe (deflated 97%)
  adding: bin/spoolsv.exe (deflated 97%)
  adding: bin/fc.exe (deflated 96%)
  adding: bin/services.exe (deflated 87%)
  adding: bin/sc.exe (deflated 96%)
  adding: bin/subst.exe (deflated 97%)
  adding: bin/i386-windows/ (stored 0%)
  adding: bin/i386-windows/icinfo.exe (deflated 89%)
  adding: bin/i386-windows/msxml6.dll (deflated 76%)
  adding: bin/i386-windows/avifil32.dll (deflated 61%)
  adding: bin/i386-windows/d3dx10_43.dll (deflated 56%)
  adding: bin/i386-windows/d3dim700.dll (deflated 93%)
  adding: bin/i386-windows/mferror.dll (deflated 86%)
  adding: bin/i386-windows/wing32.dll (deflated 94%)
  adding: bin/i386-windows/msxml.dll (deflated 81%)
  adding: bin/i386-windows/msvcp140_2.dll (deflated 89%)
  adding: bin/i386-windows/msvcrt.dll (deflated 60%)
  adding: bin/i386-windows/dpvsetup.exe (deflated 84%)
  adding: bin/i386-windows/robocopy.exe (deflated 86%)
  adding: bin/i386-windows/netprofm.dll (deflated 75%)
  adding: bin/i386-windows/aclui.dll (deflated 81%)
  adding: bin/i386-windows/mfplay.dll (deflated 56%)
  adding: bin/i386-windows/atl90.dll (deflated 59%)
  adding: bin/i386-windows/winemapi.dll (deflated 76%)
  adding: bin/i386-windows/infosoft.dll (deflated 62%)
  adding: bin/i386-windows/msls31.dll (deflated 87%)
  adding: bin/i386-windows/mscat32.dll (deflated 94%)
  adding: bin/i386-windows/atl.dll (deflated 60%)
  adding: bin/i386-windows/msvidc32.dll (deflated 80%)
  adding: bin/i386-windows/odbccp32.dll (deflated 72%)
  adding: bin/i386-windows/winexinput.sys (deflated 75%)
  adding: bin/i386-windows/localspl.dll (deflated 72%)
  adding: bin/i386-windows/regasm.exe (deflated 83%)
  adding: bin/i386-windows/amstream.dll (deflated 60%)
  adding: bin/i386-windows/updspapi.dll (deflated 83%)
  adding: bin/i386-windows/dxdiag.exe (deflated 71%)
  adding: bin/i386-windows/shfolder.dll (deflated 95%)
  adding: bin/i386-windows/olesvr32.dll (deflated 84%)
  adding: bin/i386-windows/extrac32.exe (deflated 79%)
  adding: bin/i386-windows/xmllite.dll (deflated 60%)
  adding: bin/i386-windows/d3dcompiler_43.dll (deflated 63%)
  adding: bin/i386-windows/qwave.dll (deflated 84%)
  adding: bin/i386-windows/gpkcsp.dll (deflated 89%)
  adding: bin/i386-windows/avicap32.dll (deflated 83%)
  adding: bin/i386-windows/msdaps.dll (deflated 74%)
  adding: bin/i386-windows/resutils.dll (deflated 88%)
  adding: bin/i386-windows/ktmw32.dll (deflated 88%)
  adding: bin/i386-windows/d3dcompiler_37.dll (deflated 63%)
  adding: bin/i386-windows/appxdeploymentclient.dll (deflated 71%)
  adding: bin/i386-windows/kernel32.dll (deflated 72%)
  adding: bin/i386-windows/quartz.dll (deflated 63%)
  adding: bin/i386-windows/d3d12.dll (deflated 56%)
  adding: bin/i386-windows/mmdevapi.dll (deflated 63%)
  adding: bin/i386-windows/arp.exe (deflated 83%)
  adding: bin/i386-windows/dcomp.dll (deflated 85%)
  adding: bin/i386-windows/windows.gaming.input.dll (deflated 70%)
  adding: bin/i386-windows/rometadata.dll (deflated 67%)
  adding: bin/i386-windows/msxml2.dll (deflated 81%)
  adding: bin/i386-windows/wininet.dll (deflated 63%)
  adding: bin/i386-windows/msvfw32.dll (deflated 72%)
  adding: bin/i386-windows/tdi.sys (deflated 82%)
  adding: bin/i386-windows/regsvcs.exe (deflated 83%)
  adding: bin/i386-windows/adsldp.dll (deflated 67%)
  adding: bin/i386-windows/vulkan-1.dll (deflated 87%)
  adding: bin/i386-windows/xactengine3_6.dll (deflated 57%)
  adding: bin/i386-windows/d3dx10_36.dll (deflated 90%)
  adding: bin/i386-windows/d3dcompiler_42.dll (deflated 62%)
  adding: bin/i386-windows/d3d8.dll (deflated 69%)
  adding: bin/i386-windows/usp10.dll (deflated 88%)
  adding: bin/i386-windows/netstat.exe (deflated 74%)
  adding: bin/i386-windows/belauncher.exe (deflated 75%)
  adding: bin/i386-windows/winspool.drv (deflated 66%)
  adding: bin/i386-windows/windows.ui.dll (deflated 72%)
  adding: bin/i386-windows/sppc.dll (deflated 81%)
  adding: bin/i386-windows/netapi32.dll (deflated 67%)
  adding: bin/i386-windows/netsh.exe (deflated 83%)
  adding: bin/i386-windows/msvcrt40.dll (deflated 82%)
  adding: bin/i386-windows/traffic.dll (deflated 86%)
  adding: bin/i386-windows/xinput1_2.dll (deflated 74%)
  adding: bin/i386-windows/iyuv_32.dll (deflated 71%)
  adding: bin/i386-windows/inseng.dll (deflated 62%)
  adding: bin/i386-windows/winbrand.dll (deflated 84%)
  adding: bin/i386-windows/winmm.dll (deflated 72%)
  adding: bin/i386-windows/d3dcompiler_38.dll (deflated 63%)
  adding: bin/i386-windows/d3dx10_39.dll (deflated 89%)
  adding: bin/i386-windows/x3daudio1_0.dll (deflated 79%)
  adding: bin/i386-windows/imm32.dll (deflated 69%)
  adding: bin/i386-windows/winepath.exe (deflated 79%)
  adding: bin/i386-windows/wordpad.exe (deflated 69%)
  adding: bin/i386-windows/winnls32.dll (deflated 96%)
  adding: bin/i386-windows/reg.exe (deflated 85%)
  adding: bin/i386-windows/lodctr.exe (deflated 96%)
  adding: bin/i386-windows/d3dx9_34.dll (deflated 58%)
  adding: bin/i386-windows/stdole32.tlb (deflated 83%)
  adding: bin/i386-windows/threadpoolwinrt.dll (deflated 63%)
  adding: bin/i386-windows/rasapi32.dll (deflated 78%)
  adding: bin/i386-windows/davclnt.dll (deflated 85%)
  adding: bin/i386-windows/fltmgr.sys (deflated 77%)
  adding: bin/i386-windows/sapi.dll (deflated 64%)
  adding: bin/i386-windows/xpsprint.dll (deflated 95%)
  adding: bin/i386-windows/msrle32.dll (deflated 69%)
  adding: bin/i386-windows/t2embed.dll (deflated 79%)
  adding: bin/i386-windows/initpki.dll (deflated 93%)
  adding: bin/i386-windows/shell32.dll (deflated 52%)
  adding: bin/i386-windows/cryptbase.dll (deflated 78%)
  adding: bin/i386-windows/x3daudio1_7.dll (deflated 79%)
  adding: bin/i386-windows/dmcompos.dll (deflated 61%)
  adding: bin/i386-windows/wlanapi.dll (deflated 79%)
  adding: bin/i386-windows/dplay.dll (deflated 95%)
  adding: bin/i386-windows/olethk32.dll (deflated 93%)
  adding: bin/i386-windows/apphelp.dll (deflated 76%)
  adding: bin/i386-windows/icmp.dll (deflated 96%)
  adding: bin/i386-windows/d3dcompiler_40.dll (deflated 63%)
  adding: bin/i386-windows/cdosys.dll (deflated 85%)
  adding: bin/i386-windows/sechost.dll (deflated 68%)
  adding: bin/i386-windows/dpnlobby.dll (deflated 95%)
  adding: bin/i386-windows/regini.exe (deflated 83%)
  adding: bin/i386-windows/iphlpapi.dll (deflated 58%)
  adding: bin/i386-windows/ntprint.dll (deflated 81%)
  adding: bin/i386-windows/vssapi.dll (deflated 80%)
  adding: bin/i386-windows/winehua_keep.exe (deflated 92%)
  adding: bin/i386-windows/wnaspi32.dll (deflated 83%)
  adding: bin/i386-windows/dpvoice.dll (deflated 60%)
  adding: bin/i386-windows/msvcp60.dll (deflated 77%)
  adding: bin/i386-windows/sdbinst.exe (deflated 83%)
  adding: bin/i386-windows/vcomp110.dll (deflated 70%)
  adding: bin/i386-windows/xcopy.exe (deflated 81%)
  adding: bin/i386-windows/wmp.dll (deflated 69%)
  adding: bin/i386-windows/winewayland.drv (deflated 82%)
  adding: bin/i386-windows/d3dcompiler_39.dll (deflated 63%)
  adding: bin/i386-windows/windows.security.credentials.ui.userconsentverifier.dll (deflated 76%)
  adding: bin/i386-windows/esent.dll (deflated 82%)
  adding: bin/i386-windows/hidclass.sys (deflated 69%)
  adding: bin/i386-windows/rasdlg.dll (deflated 81%)
  adding: bin/i386-windows/fltlib.dll (deflated 83%)
  adding: bin/i386-windows/msdmo.dll (deflated 60%)
  adding: bin/i386-windows/npptools.dll (deflated 86%)
  adding: bin/i386-windows/rstrtmgr.dll (deflated 84%)
  adding: bin/i386-windows/shutdown.exe (deflated 83%)
  adding: bin/i386-windows/explorer.exe (deflated 58%)
  adding: bin/i386-windows/dispex.dll (deflated 61%)
  adding: bin/i386-windows/cng.sys (deflated 91%)
  adding: bin/i386-windows/dmstyle.dll (deflated 63%)
  adding: bin/i386-windows/xapofx1_2.dll (deflated 76%)
  adding: bin/i386-windows/ia2comproxy.dll (deflated 81%)
  adding: bin/i386-windows/bcrypt.dll (deflated 62%)
  adding: bin/i386-windows/winevdm.exe (deflated 74%)
  adding: bin/i386-windows/rpcrt4.dll (deflated 62%)
  adding: bin/i386-windows/qmgrprxy.dll (deflated 84%)
  adding: bin/i386-windows/wiaservc.dll (deflated 61%)
  adding: bin/i386-windows/olecli32.dll (deflated 79%)
  adding: bin/i386-windows/mssign32.dll (deflated 79%)
  adding: bin/i386-windows/winebth.sys (deflated 63%)
  adding: bin/i386-windows/mfmediaengine.dll (deflated 57%)
  adding: bin/i386-windows/vcomp140.dll (deflated 70%)
  adding: bin/i386-windows/msvcp120.dll (deflated 75%)
  adding: bin/i386-windows/opcservices.dll (deflated 65%)
  adding: bin/i386-windows/msvcr100.dll (deflated 62%)
  adding: bin/i386-windows/midimap.dll (deflated 74%)
  adding: bin/i386-windows/rsabase.dll (deflated 93%)
  adding: bin/i386-windows/qdvd.dll (deflated 61%)
  adding: bin/i386-windows/windows.gaming.ui.gamebar.dll (deflated 79%)
  adding: bin/i386-windows/svchost.exe (deflated 77%)
  adding: bin/i386-windows/windows.networking.hostname.dll (deflated 75%)
  adding: bin/i386-windows/windows.devices.bluetooth.dll (deflated 73%)
  adding: bin/i386-windows/actxprxy.dll (deflated 70%)
  adding: bin/i386-windows/ksecdd.sys (deflated 81%)
  adding: bin/i386-windows/d3dx9_41.dll (deflated 58%)
  adding: bin/i386-windows/hrtfapo.dll (deflated 86%)
  adding: bin/i386-windows/mf3216.dll (deflated 97%)
  adding: bin/i386-windows/dpnet.dll (deflated 63%)
  adding: bin/i386-windows/uiautomationcore.dll (deflated 63%)
  adding: bin/i386-windows/xactengine3_7.dll (deflated 57%)
  adding: bin/i386-windows/d3dcompiler_34.dll (deflated 63%)
  adding: bin/i386-windows/cryptowinrt.dll (deflated 73%)
  adding: bin/i386-windows/vcruntime140.dll (deflated 84%)
  adding: bin/i386-windows/kernelbase.dll (deflated 76%)
  adding: bin/i386-windows/packager.dll (deflated 77%)
  adding: bin/i386-windows/windows.media.playback.mediaplayer.dll (deflated 72%)
  adding: bin/i386-windows/wlanui.dll (deflated 96%)
  adding: bin/i386-windows/msnet32.dll (deflated 83%)
  adding: bin/i386-windows/schannel.dll (deflated 82%)
  adding: bin/i386-windows/wmiutils.dll (deflated 71%)
  adding: bin/i386-windows/xaudio2_7.dll (deflated 59%)
  adding: bin/i386-windows/xactengine2_4.dll (deflated 57%)
  adding: bin/i386-windows/difxapi.dll (deflated 84%)
  adding: bin/i386-windows/shlwapi.dll (deflated 65%)
  adding: bin/i386-windows/mlang.dll (deflated 64%)
  adding: bin/i386-windows/winedbg.exe (deflated 85%)
  adding: bin/i386-windows/jsproxy.dll (deflated 61%)
  adding: bin/i386-windows/d3dx9_39.dll (deflated 58%)
  adding: bin/i386-windows/dxgi.dll (deflated 61%)
  adding: bin/i386-windows/pidgen.dll (deflated 87%)
  adding: bin/i386-windows/x3daudio1_4.dll (deflated 79%)
  adding: bin/i386-windows/ksproxy.ax (deflated 87%)
  adding: bin/i386-windows/dxva2.dll (deflated 60%)
  adding: bin/i386-windows/xaudio2_6.dll (deflated 59%)
  adding: bin/i386-windows/faultrep.dll (deflated 83%)
  adding: bin/i386-windows/d3dx10_41.dll (deflated 90%)
  adding: bin/i386-windows/msctfmonitor.dll (deflated 83%)
  adding: bin/i386-windows/d3d8thk.dll (deflated 87%)
  adding: bin/i386-windows/dinput8.dll (deflated 62%)
  adding: bin/i386-windows/colorcnv.dll (deflated 56%)
  adding: bin/i386-windows/hnetcfg.dll (deflated 73%)
  adding: bin/i386-windows/d3dx10_34.dll (deflated 90%)
  adding: bin/i386-windows/gameux.dll (deflated 60%)
  adding: bin/i386-windows/netio.sys (deflated 78%)
  adding: bin/i386-windows/presentationfontcache.exe (deflated 83%)
  adding: bin/i386-windows/xapofx1_5.dll (deflated 76%)
  adding: bin/i386-windows/wer.dll (deflated 77%)
  adding: bin/i386-windows/msvcm80.dll (deflated 81%)
  adding: bin/i386-windows/winefile.exe (deflated 65%)
  adding: bin/i386-windows/d3dx11_43.dll (deflated 56%)
  adding: bin/i386-windows/windows.storage.applicationdata.dll (deflated 74%)
  adding: bin/i386-windows/winehid.sys (deflated 83%)
  adding: bin/i386-windows/atl110.dll (deflated 58%)
  adding: bin/i386-windows/windows.media.mediacontrol.dll (deflated 74%)
  adding: bin/i386-windows/cfgmgr32.dll (deflated 71%)
  adding: bin/i386-windows/d3d10_1.dll (deflated 74%)
  adding: bin/i386-windows/xapofx1_1.dll (deflated 78%)
  adding: bin/i386-windows/d3dx9_31.dll (deflated 58%)
  adding: bin/i386-windows/taskschd.dll (deflated 73%)
  adding: bin/i386-windows/wmi.dll (deflated 88%)
  adding: bin/i386-windows/windows.system.profile.systemid.dll (deflated 74%)
  adding: bin/i386-windows/dnsapi.dll (deflated 70%)
  adding: bin/i386-windows/combase.dll (deflated 61%)
  adding: bin/i386-windows/scsiport.sys (deflated 83%)
  adding: bin/i386-windows/scrrun.dll (deflated 63%)
  adding: bin/i386-windows/vidreszr.dll (deflated 62%)
  adding: bin/i386-windows/advpack.dll (deflated 67%)
  adding: bin/i386-windows/dxcore.dll (deflated 80%)
  adding: bin/i386-windows/windows.perception.stub.dll (deflated 72%)
  adding: bin/i386-windows/windows.media.playback.backgroundmediaplayer.dll (deflated 71%)
  adding: bin/i386-windows/printui.dll (deflated 81%)
  adding: bin/i386-windows/dpnhupnp.dll (deflated 85%)
  adding: bin/i386-windows/ole32.dll (deflated 66%)
  adding: bin/i386-windows/d3dx10_35.dll (deflated 90%)
  adding: bin/i386-windows/eject.exe (deflated 83%)
  adding: bin/i386-windows/dmime.dll (deflated 62%)
  adding: bin/i386-windows/mapistub.dll (deflated 83%)
  adding: bin/i386-windows/version.dll (deflated 80%)
  adding: bin/i386-windows/nddeapi.dll (deflated 80%)
  adding: bin/i386-windows/sas.dll (deflated 97%)
  adding: bin/i386-windows/regsvr32.exe (deflated 80%)
  adding: bin/i386-windows/dx8vb.dll (deflated 63%)
  adding: bin/i386-windows/xpssvcs.dll (deflated 95%)
  adding: bin/i386-windows/inetcomm.dll (deflated 63%)
  adding: bin/i386-windows/mshtml.tlb (deflated 86%)
  adding: bin/i386-windows/getminidump.exe (deflated 92%)
  adding: bin/i386-windows/ntoskrnl.exe (deflated 72%)
  adding: bin/i386-windows/windows.security.authentication.onlineid.dll (deflated 77%)
  adding: bin/i386-windows/userenv.dll (deflated 76%)
  adding: bin/i386-windows/ddrawex.dll (deflated 64%)
  adding: bin/i386-windows/xactengine3_2.dll (deflated 57%)
  adding: bin/i386-windows/mgmtapi.dll (deflated 85%)
  adding: bin/i386-windows/wuapi.dll (deflated 67%)
  adding: bin/i386-windows/xaudio2_3.dll (deflated 59%)
  adding: bin/i386-windows/iccvid.dll (deflated 76%)
  adding: bin/i386-windows/comctl32.dll (deflated 62%)
  adding: bin/i386-windows/msauddecmft.dll (deflated 57%)
  adding: bin/i386-windows/winhttp.dll (deflated 54%)
  adding: bin/i386-windows/amsi.dll (deflated 82%)
  adding: bin/i386-windows/mscorwks.dll (deflated 85%)
  adding: bin/i386-windows/sensapi.dll (deflated 85%)
  adding: bin/i386-windows/setx.exe (deflated 84%)
  adding: bin/i386-windows/scardsvr.dll (deflated 85%)
  adding: bin/i386-windows/uninstaller.exe (deflated 75%)
  adding: bin/i386-windows/wpc.dll (deflated 78%)
  adding: bin/i386-windows/rundll32.exe (deflated 75%)
  adding: bin/i386-windows/vdmdbg.dll (deflated 86%)
  adding: bin/i386-windows/comsvcs.dll (deflated 61%)
  adding: bin/i386-windows/pstorec.dll (deflated 78%)
  adding: bin/i386-windows/dplaysvr.exe (deflated 84%)
  adding: bin/i386-windows/nsi.dll (deflated 80%)
  adding: bin/i386-windows/mspatcha.dll (deflated 70%)
  adding: bin/i386-windows/winebrowser.exe (deflated 71%)
  adding: bin/i386-windows/dhcpcsvc6.dll (deflated 93%)
  adding: bin/i386-windows/amdxc64.dll (deflated 77%)
  adding: bin/i386-windows/taskkill.exe (deflated 81%)
  adding: bin/i386-windows/ngen.exe (deflated 84%)
  adding: bin/i386-windows/d3dx10_33.dll (deflated 90%)
  adding: bin/i386-windows/whoami.exe (deflated 77%)
  adding: bin/i386-windows/wineohos.drv (deflated 97%)
  adding: bin/i386-windows/dsuiext.dll (deflated 62%)
  adding: bin/i386-windows/wtsapi32.dll (deflated 77%)
  adding: bin/i386-windows/timeout.exe (deflated 86%)
  adding: bin/i386-windows/d3dx10_38.dll (deflated 90%)
  adding: bin/i386-windows/atl80.dll (deflated 58%)
  adding: bin/i386-windows/msident.dll (deflated 79%)
  adding: bin/i386-windows/write.exe (deflated 87%)
  adding: bin/i386-windows/windows.media.speech.dll (deflated 72%)
  adding: bin/i386-windows/odbccu32.dll (deflated 93%)
  adding: bin/i386-windows/sccbase.dll (deflated 89%)
  adding: bin/i386-windows/secedit.exe (deflated 96%)
  adding: bin/i386-windows/msxml3.dll (deflated 59%)
  adding: bin/i386-windows/crtdll.dll (deflated 57%)
  adding: bin/i386-windows/comcat.dll (deflated 93%)
  adding: bin/i386-windows/d3d10core.dll (deflated 80%)
  adding: bin/i386-windows/wofutil.dll (deflated 85%)
  adding: bin/i386-windows/ping.exe (deflated 81%)
  adding: bin/i386-windows/itss.dll (deflated 60%)
  adding: bin/i386-windows/dhcpcsvc.dll (deflated 79%)
  adding: bin/i386-windows/uiribbon.dll (deflated 61%)
  adding: bin/i386-windows/d3dx10_40.dll (deflated 90%)
  adding: bin/i386-windows/normaliz.dll (deflated 96%)
  adding: bin/i386-windows/x3daudio1_6.dll (deflated 79%)
  adding: bin/i386-windows/d3dx9_28.dll (deflated 58%)
  adding: bin/i386-windows/d3dx9_35.dll (deflated 58%)
  adding: bin/i386-windows/dmscript.dll (deflated 62%)
  adding: bin/i386-windows/wimgapi.dll (deflated 80%)
  adding: bin/i386-windows/dxtrans.dll (deflated 84%)
  adding: bin/i386-windows/xaudio2_1.dll (deflated 59%)
  adding: bin/i386-windows/sspicli.dll (deflated 79%)
  adding: bin/i386-windows/mcicda.dll (deflated 71%)
  adding: bin/i386-windows/windows.applicationmodel.dll (deflated 73%)
  adding: bin/i386-windows/winver.exe (deflated 91%)
  adding: bin/i386-windows/opencl.dll (deflated 77%)
  adding: bin/i386-windows/bcryptprimitives.dll (deflated 97%)
  adding: bin/i386-windows/mapi32.dll (deflated 61%)
  adding: bin/i386-windows/cabarc.exe (deflated 74%)
  adding: bin/i386-windows/pnputil.exe (deflated 83%)
  adding: bin/i386-windows/d3dx9_26.dll (deflated 58%)
  adding: bin/i386-windows/wsnmp32.dll (deflated 85%)
  adding: bin/i386-windows/x3daudio1_3.dll (deflated 79%)
  adding: bin/i386-windows/certutil.exe (deflated 82%)
  adding: bin/i386-windows/qmgr.dll (deflated 62%)
  adding: bin/i386-windows/oleview.exe (deflated 73%)
  adding: bin/i386-windows/xinput1_1.dll (deflated 74%)
  adding: bin/i386-windows/d3d9.dll (deflated 67%)
  adding: bin/i386-windows/msacm32.drv (deflated 75%)
  adding: bin/i386-windows/resampledmo.dll (deflated 56%)
  adding: bin/i386-windows/acledit.dll (deflated 86%)
  adding: bin/i386-windows/stdole2.tlb (deflated 73%)
  adding: bin/i386-windows/mtxdm.dll (deflated 62%)
  adding: bin/i386-windows/gameinput.dll (deflated 86%)
  adding: bin/i386-windows/directmanipulation.dll (deflated 64%)
  adding: bin/i386-windows/x3daudio1_1.dll (deflated 79%)
  adding: bin/i386-windows/dsdmo.dll (deflated 62%)
  adding: bin/i386-windows/xinput1_4.dll (deflated 73%)
  adding: bin/i386-windows/wineps.drv (deflated 62%)
  adding: bin/i386-windows/d3dx9_42.dll (deflated 58%)
  adding: bin/i386-windows/d3dx9_37.dll (deflated 58%)
  adding: bin/i386-windows/dciman32.dll (deflated 86%)
  adding: bin/i386-windows/sti.dll (deflated 60%)
  adding: bin/i386-windows/msimsg.dll (deflated 96%)
  adding: bin/i386-windows/control.exe (deflated 91%)
  adding: bin/i386-windows/w32skrnl.dll (deflated 86%)
  adding: bin/i386-windows/msadp32.acm (deflated 72%)
  adding: bin/i386-windows/findstr.exe (deflated 76%)
  adding: bin/i386-windows/activeds.tlb (deflated 73%)
  adding: bin/i386-windows/twaindsm.dll (deflated 77%)
  adding: bin/i386-windows/imaadp32.acm (deflated 71%)
  adding: bin/i386-windows/cryptdlg.dll (deflated 74%)
  adding: bin/i386-windows/ipconfig.exe (deflated 75%)
  adding: bin/i386-windows/hostname.exe (deflated 84%)
  adding: bin/i386-windows/fusion.dll (deflated 69%)
  adding: bin/i386-windows/user32.dll (deflated 66%)
  adding: bin/i386-windows/qcap.dll (deflated 59%)
  adding: bin/i386-windows/winprint.dll (deflated 83%)
  adding: bin/i386-windows/msvcr110.dll (deflated 62%)
  adding: bin/i386-windows/graphicscapture.dll (deflated 74%)
  adding: bin/i386-windows/mciqtz32.dll (deflated 57%)
  adding: bin/i386-windows/urlmon.dll (deflated 64%)
  adding: bin/i386-windows/setupapi.dll (deflated 64%)
  adding: bin/i386-windows/xaudio2_2.dll (deflated 59%)
  adding: bin/i386-windows/dpnaddr.dll (deflated 95%)
  adding: bin/i386-windows/mshtml.dll (deflated 70%)
  adding: bin/i386-windows/wevtutil.exe (deflated 83%)
  adding: bin/i386-windows/msvcp140.dll (deflated 75%)
  adding: bin/i386-windows/npmshtml.dll (deflated 96%)
  adding: bin/i386-windows/d3dx9_25.dll (deflated 58%)
  adding: bin/i386-windows/dplayx.dll (deflated 60%)
  adding: bin/i386-windows/connect.dll (deflated 85%)
  adding: bin/i386-windows/nvcuda.dll (deflated 97%)
  adding: bin/i386-windows/hlink.dll (deflated 60%)
  adding: bin/i386-windows/wined3d.dll (deflated 58%)
  adding: bin/i386-windows/dpnhpast.dll (deflated 84%)
  adding: bin/i386-windows/hhctrl.ocx (deflated 65%)
  adding: bin/i386-windows/mprapi.dll (deflated 79%)
  adding: bin/i386-windows/qasf.dll (deflated 60%)
  adding: bin/i386-windows/d3dx9_29.dll (deflated 58%)
  adding: bin/i386-windows/xactengine3_3.dll (deflated 57%)
  adding: bin/i386-windows/unicows.dll (deflated 78%)
  adding: bin/i386-windows/msvcp100.dll (deflated 75%)
  adding: bin/i386-windows/olepro32.dll (deflated 79%)
  adding: bin/i386-windows/wsdapi.dll (deflated 65%)
  adding: bin/i386-windows/winbio.dll (deflated 87%)
  adding: bin/i386-windows/msttsengine.dll (deflated 75%)
  adding: bin/i386-windows/imagehlp.dll (deflated 72%)
  adding: bin/i386-windows/webservices.dll (deflated 59%)
  adding: bin/i386-windows/x3daudio1_5.dll (deflated 79%)
  adding: bin/i386-windows/msdelta.dll (deflated 94%)
  adding: bin/i386-windows/windows.networking.connectivity.dll (deflated 75%)
  adding: bin/i386-windows/msinfo32.exe (deflated 81%)
  adding: bin/i386-windows/servicemodelreg.exe (deflated 83%)
  adding: bin/i386-windows/d3dxof.dll (deflated 57%)
  adding: bin/i386-windows/d3dim.dll (deflated 94%)
  adding: bin/i386-windows/coml2.dll (deflated 59%)
  adding: bin/i386-windows/regedit.exe (deflated 73%)
  adding: bin/i386-windows/xinput9_1_0.dll (deflated 86%)
  adding: bin/i386-windows/uxtheme.dll (deflated 74%)
  adding: bin/i386-windows/win32u.dll (deflated 80%)
  adding: bin/i386-windows/secur32.dll (deflated 65%)
  adding: bin/i386-windows/taskmgr.exe (deflated 72%)
  adding: bin/i386-windows/audioses.dll (deflated 97%)
  adding: bin/i386-windows/sort.exe (deflated 77%)
  adding: bin/i386-windows/msdrm.dll (deflated 81%)
  adding: bin/i386-windows/cryptsp.dll (deflated 79%)
  adding: bin/i386-windows/cscript.exe (deflated 58%)
  adding: bin/i386-windows/wuaueng.dll (deflated 90%)
  adding: bin/i386-windows/dwrite.dll (deflated 61%)
  adding: bin/i386-windows/dssenh.dll (deflated 73%)
  adding: bin/i386-windows/windows.networking.dll (deflated 83%)
  adding: bin/i386-windows/loadperf.dll (deflated 84%)
  adding: bin/i386-windows/winmgmt.exe (deflated 83%)
  adding: bin/i386-windows/feclient.dll (deflated 87%)
  adding: bin/i386-windows/scrobj.dll (deflated 59%)
  adding: bin/i386-windows/oledb32.dll (deflated 70%)
  adding: bin/i386-windows/diasymreader.dll (deflated 61%)
  adding: bin/i386-windows/dmusic.dll (deflated 58%)
  adding: bin/i386-windows/msvcp71.dll (deflated 78%)
  adding: bin/i386-windows/xolehlp.dll (deflated 59%)
  adding: bin/i386-windows/dotnetfx35.exe (deflated 85%)
  adding: bin/i386-windows/msvcr80.dll (deflated 61%)
  adding: bin/i386-windows/winhlp32.exe (deflated 51%)
  adding: bin/i386-windows/objsel.dll (deflated 62%)
  adding: bin/i386-windows/d3dcompiler_41.dll (deflated 63%)
  adding: bin/i386-windows/msgsm32.acm (deflated 68%)
  adding: bin/i386-windows/winemsibuilder.exe (deflated 78%)
  adding: bin/i386-windows/schedsvc.dll (deflated 63%)
  adding: bin/i386-windows/xaudio2_0.dll (deflated 59%)
  adding: bin/i386-windows/iexplore.exe (deflated 28%)
  adding: bin/i386-windows/msiexec.exe (deflated 49%)
  adding: bin/i386-windows/wmic.exe (deflated 75%)
  adding: bin/i386-windows/wineconsole.exe (deflated 81%)
  adding: bin/i386-windows/wscript.exe (deflated 58%)
  adding: bin/i386-windows/winecfg.exe (deflated 68%)
  adding: bin/i386-windows/xactengine3_1.dll (deflated 57%)
  adding: bin/i386-windows/msisys.ocx (deflated 79%)
  adding: bin/i386-windows/ctapi32.dll (deflated 83%)
  adding: bin/i386-windows/dinput.dll (deflated 62%)
  adding: bin/i386-windows/mfmp4srcsnk.dll (deflated 59%)
  adding: bin/i386-windows/cabinet.dll (deflated 56%)
  adding: bin/i386-windows/magnification.dll (deflated 86%)
  adding: bin/i386-windows/atl100.dll (deflated 58%)
  adding: bin/i386-windows/tabtip.exe (deflated 59%)
  adding: bin/i386-windows/advapi32.dll (deflated 68%)
  adding: bin/i386-windows/dbgeng.dll (deflated 77%)
  adding: bin/i386-windows/geolocation.dll (deflated 76%)
  adding: bin/i386-windows/mf.dll (deflated 63%)
  adding: bin/i386-windows/msvproc.dll (deflated 57%)
  adding: bin/i386-windows/msscript.ocx (deflated 66%)
  adding: bin/i386-windows/vcomp.dll (deflated 70%)
  adding: bin/i386-windows/l3codeca.acm (deflated 62%)
  adding: bin/i386-windows/cryptxml.dll (deflated 84%)
  adding: bin/i386-windows/clock.exe (deflated 71%)
  adding: bin/i386-windows/notepad.exe (deflated 66%)
  adding: bin/i386-windows/d3dx9_38.dll (deflated 58%)
  adding: bin/i386-windows/wintypes.dll (deflated 74%)
  adding: bin/i386-windows/winegstreamer.dll (deflated 63%)
  adding: bin/i386-windows/msmpeg2vdec.dll (deflated 58%)
  adding: bin/i386-windows/fsutil.exe (deflated 81%)
  adding: bin/i386-windows/expand.exe (deflated 89%)
  adding: bin/i386-windows/windows.globalization.dll (deflated 74%)
  adding: bin/i386-windows/dllhost.exe (deflated 58%)
  adding: bin/i386-windows/wldp.dll (deflated 84%)
  adding: bin/i386-windows/ieproxy.dll (deflated 63%)
  adding: bin/i386-windows/d3dx9_40.dll (deflated 58%)
  adding: bin/i386-windows/mssip32.dll (deflated 92%)
  adding: bin/i386-windows/icmui.dll (deflated 87%)
  adding: bin/i386-windows/winevulkan.dll (deflated 76%)
  adding: bin/i386-windows/mciseq.dll (deflated 67%)
  adding: bin/i386-windows/ndis.sys (deflated 79%)
  adding: bin/i386-windows/cryptui.dll (deflated 79%)
  adding: bin/i386-windows/wldap32.dll (deflated 63%)
  adding: bin/i386-windows/where.exe (deflated 81%)
  adding: bin/i386-windows/xactengine3_4.dll (deflated 57%)
  adding: bin/i386-windows/ntdll.dll (deflated 56%)
  adding: bin/i386-windows/atlthunk.dll (deflated 85%)
  adding: bin/i386-windows/rtutils.dll (deflated 81%)
  adding: bin/i386-windows/msctfp.dll (deflated 78%)
  adding: bin/i386-windows/d3dcompiler_36.dll (deflated 63%)
  adding: bin/i386-windows/klist.exe (deflated 81%)
  adding: bin/i386-windows/prntvpt.dll (deflated 72%)
  adding: bin/i386-windows/msvcp110.dll (deflated 75%)
  adding: bin/i386-windows/msdasql.dll (deflated 62%)
  adding: bin/i386-windows/cryptext.dll (deflated 78%)
  adding: bin/i386-windows/windows.devices.enumeration.dll (deflated 68%)
  adding: bin/i386-windows/oleaut32.dll (deflated 58%)
  adding: bin/i386-windows/powrprof.dll (deflated 79%)
  adding: bin/i386-windows/sfc.dll (deflated 94%)
  adding: bin/i386-windows/d3dcompiler_33.dll (deflated 63%)
  adding: bin/i386-windows/hvsimanagementapi.dll (deflated 79%)
  adding: bin/i386-windows/dpnsvr.exe (deflated 84%)
  adding: bin/i386-windows/vccorlib140.dll (deflated 75%)
  adding: bin/i386-windows/dsquery.dll (deflated 61%)
  adding: bin/i386-windows/tdh.dll (deflated 82%)
  adding: bin/i386-windows/regapi.dll (deflated 89%)
  adding: bin/i386-windows/msimtf.dll (deflated 63%)
  adding: bin/i386-windows/strmdll.dll (deflated 95%)
  adding: bin/i386-windows/d3dx10_37.dll (deflated 90%)
  adding: bin/i386-windows/mfreadwrite.dll (deflated 54%)
  adding: bin/i386-windows/light.msstyles (deflated 96%)
  adding: bin/i386-windows/msidb.exe (deflated 77%)
  adding: bin/i386-windows/fontsub.dll (deflated 86%)
  adding: bin/i386-windows/srclient.dll (deflated 95%)
  adding: bin/i386-windows/mofcomp.exe (deflated 86%)
  adding: bin/i386-windows/windowscodecsext.dll (deflated 77%)
  adding: bin/i386-windows/mscoree.dll (deflated 60%)
  adding: bin/i386-windows/iertutil.dll (deflated 77%)
  adding: bin/i386-windows/dmloader.dll (deflated 59%)
  adding: bin/i386-windows/msvcr120_app.dll (deflated 78%)
  adding: bin/i386-windows/localui.dll (deflated 79%)
  adding: bin/i386-windows/xaudio2_8.dll (deflated 60%)
  adding: bin/i386-windows/mp3dmod.dll (deflated 53%)
  adding: bin/i386-windows/mciavi32.dll (deflated 67%)
  adding: bin/i386-windows/bcp47langs.dll (deflated 81%)
  adding: bin/i386-windows/d3dx9_27.dll (deflated 58%)
  adding: bin/i386-windows/oleacc.dll (deflated 68%)
  adding: bin/i386-windows/dmusic32.dll (deflated 87%)
  adding: bin/i386-windows/d3drm.dll (deflated 72%)
  adding: bin/i386-windows/newdev.dll (deflated 80%)
  adding: bin/i386-windows/usbd.sys (deflated 77%)
  adding: bin/i386-windows/wshom.ocx (deflated 67%)
  adding: bin/i386-windows/mswsock.dll (deflated 84%)
  adding: bin/i386-windows/msvcrtd.dll (deflated 58%)
  adding: bin/i386-windows/ntdsapi.dll (deflated 77%)
  adding: bin/i386-windows/dwmapi.dll (deflated 78%)
  adding: bin/i386-windows/explorerframe.dll (deflated 60%)
  adding: bin/i386-windows/xactengine2_7.dll (deflated 57%)
  adding: bin/i386-windows/inetmib1.dll (deflated 75%)
  adding: bin/i386-windows/netutils.dll (deflated 85%)
  adding: bin/i386-windows/icu.dll (deflated 81%)
  adding: bin/i386-windows/tzres.dll (deflated 84%)
  adding: bin/i386-windows/mfasfsrcsnk.dll (deflated 56%)
  adding: bin/i386-windows/psapi.dll (deflated 92%)
  adding: bin/i386-windows/virtdisk.dll (deflated 83%)
  adding: bin/i386-windows/mfh264enc.dll (deflated 57%)
  adding: bin/i386-windows/xaudio2_4.dll (deflated 59%)
  adding: bin/i386-windows/spoolss.dll (deflated 77%)
  adding: bin/i386-windows/d3dx9_43.dll (deflated 58%)
  adding: bin/i386-windows/d3dx9_24.dll (deflated 58%)
  adding: bin/i386-windows/d3dx9_32.dll (deflated 58%)
  adding: bin/i386-windows/fc.exe (deflated 76%)
  adding: bin/i386-windows/shdoclc.dll (deflated 85%)
  adding: bin/i386-windows/d3dcompiler_35.dll (deflated 63%)
  adding: bin/i386-windows/hid.dll (deflated 74%)
  adding: bin/i386-windows/windows.devices.usb.dll (deflated 75%)
  adding: bin/i386-windows/clusapi.dll (deflated 79%)
  adding: bin/i386-windows/dataexchange.dll (deflated 72%)
  adding: bin/i386-windows/browseui.dll (deflated 65%)
  adding: bin/i386-windows/cryptnet.dll (deflated 57%)
  adding: bin/i386-windows/wmphoto.dll (deflated 55%)
  adding: bin/i386-windows/netcfgx.dll (deflated 62%)
  adding: bin/i386-windows/mscms.dll (deflated 58%)
  adding: bin/i386-windows/samlib.dll (deflated 87%)
  adding: bin/i386-windows/vcomp120.dll (deflated 70%)
  adding: bin/i386-windows/mciwave.dll (deflated 69%)
  adding: bin/i386-windows/msvcp140_atomic_wait.dll (deflated 82%)
  adding: bin/i386-windows/tapi32.dll (deflated 87%)
  adding: bin/i386-windows/ninput.dll (deflated 83%)
  adding: bin/i386-windows/pdh.dll (deflated 72%)
  adding: bin/i386-windows/qedit.dll (deflated 61%)
  adding: bin/i386-windows/photometadatahandler.dll (deflated 92%)
  adding: bin/i386-windows/windows.ui.xaml.dll (deflated 77%)
  adding: bin/i386-windows/utildll.dll (deflated 90%)
  adding: bin/i386-windows/sc.exe (deflated 75%)
  adding: bin/i386-windows/subst.exe (deflated 84%)
  adding: bin/i386-windows/msvcr71.dll (deflated 58%)
  adding: bin/i386-windows/msado15.dll (deflated 68%)
  adding: bin/i386-windows/windows.media.dll (deflated 74%)
  adding: bin/i386-windows/drmclien.dll (deflated 87%)
  adding: bin/i386-windows/serialui.dll (deflated 81%)
  adding: bin/i386-windows/glu32.dll (deflated 62%)
  adding: bin/i386-windows/ucrtbase.dll (deflated 63%)
  adding: bin/i386-windows/gdiplus.dll (deflated 61%)
  adding: bin/i386-windows/xapofx1_4.dll (deflated 76%)
  adding: bin/i386-windows/mfplat.dll (deflated 62%)
  adding: bin/i386-windows/tasklist.exe (deflated 85%)
  adding: bin/i386-windows/comdlg32.dll (deflated 74%)
  adding: bin/i386-windows/compstui.dll (deflated 79%)
  adding: bin/i386-windows/ctl3d32.dll (deflated 93%)
  adding: bin/i386-windows/msxml4.dll (deflated 77%)
  adding: bin/i386-windows/dbghelp.dll (deflated 55%)
  adding: bin/i386-windows/mpr.dll (deflated 71%)
  adding: bin/i386-windows/d3d10.dll (deflated 66%)
  adding: bin/i386-windows/winebus.sys (deflated 65%)
  adding: bin/i386-windows/cmd.exe (deflated 72%)
  adding: bin/i386-windows/windows.web.dll (deflated 76%)
  adding: bin/i386-windows/mmcndmgr.dll (deflated 61%)
  adding: bin/i386-windows/avrt.dll (deflated 84%)
  adding: bin/i386-windows/wmadmod.dll (deflated 56%)
  adding: bin/i386-windows/d3dx9_30.dll (deflated 58%)
  adding: bin/i386-windows/xactengine3_0.dll (deflated 57%)
  adding: bin/i386-windows/d3dx9_33.dll (deflated 58%)
  adding: bin/i386-windows/winsqlite3.dll (deflated 48%)
  adding: bin/i386-windows/msacm32.dll (deflated 66%)
  adding: bin/i386-windows/mountmgr.sys (deflated 59%)
  adding: bin/i386-windows/http.sys (deflated 65%)
  adding: bin/i386-windows/hidparse.sys (deflated 67%)
  adding: bin/i386-windows/xaudio2_5.dll (deflated 59%)
  adding: bin/i386-windows/msvdsp.dll (deflated 61%)
  adding: bin/i386-windows/d3dx11_42.dll (deflated 85%)
  adding: bin/i386-windows/xinputuap.dll (deflated 74%)
  adding: bin/i386-windows/makecab.exe (deflated 83%)
  adding: bin/i386-windows/oledlg.dll (deflated 80%)
  adding: bin/i386-windows/activeds.dll (deflated 60%)
  adding: bin/i386-windows/wmplayer.exe (deflated 84%)
  adding: bin/i386-windows/devenum.dll (deflated 58%)
  adding: bin/i386-windows/msvcr90.dll (deflated 61%)
  adding: bin/i386-windows/wusa.exe (deflated 65%)
  adding: bin/i386-windows/odbcbcp.dll (deflated 92%)
  adding: bin/i386-windows/slbcsp.dll (deflated 89%)
  adding: bin/i386-windows/gamingtcui.dll (deflated 84%)
  adding: bin/i386-windows/start.exe (deflated 86%)
  adding: bin/i386-windows/winedmo.dll (deflated 65%)
  adding: bin/i386-windows/powershell.exe (deflated 83%)
  adding: bin/i386-windows/l3codecx.ax (deflated 69%)
  adding: bin/i386-windows/wintrust.dll (deflated 63%)
  adding: bin/i386-windows/riched32.dll (deflated 86%)
  adding: bin/i386-windows/msvcp80.dll (deflated 78%)
  adding: bin/i386-windows/view.exe (deflated 77%)
  adding: bin/i386-windows/windows.system.profile.systemmanufacturers.dll (deflated 78%)
  adding: bin/i386-windows/vga.dll (deflated 96%)
  adding: bin/i386-windows/winusb.dll (deflated 86%)
  adding: bin/i386-windows/websocket.dll (deflated 85%)
  adding: bin/i386-windows/comctl32_v6.dll (deflated 61%)
  adding: bin/i386-windows/wevtsvc.dll (deflated 86%)
  adding: bin/i386-windows/systeminfo.exe (deflated 73%)
  adding: bin/i386-windows/vbscript.dll (deflated 65%)
  adding: bin/i386-windows/cards.dll (deflated 91%)
  adding: bin/i386-windows/mfsrcsnk.dll (deflated 58%)
  adding: bin/i386-windows/gdi32.dll (deflated 61%)
  adding: bin/i386-windows/dism.exe (deflated 84%)
  adding: bin/i386-windows/xaudio2_9.dll (deflated 61%)
  adding: bin/i386-windows/windows.media.devices.dll (deflated 75%)
  adding: bin/i386-windows/odbc32.dll (deflated 70%)
  adding: bin/i386-windows/authz.dll (deflated 82%)
  adding: bin/i386-windows/d3dx10_42.dll (deflated 90%)
  adding: bin/i386-windows/wbemprox.dll (deflated 61%)
  adding: bin/i386-windows/query.dll (deflated 78%)
  adding: bin/i386-windows/inkobj.dll (deflated 83%)
  adding: bin/i386-windows/winsta.dll (deflated 81%)
  adding: bin/i386-windows/msvcm90.dll (deflated 82%)
  adding: bin/i386-windows/runas.exe (deflated 81%)
  adding: bin/i386-windows/find.exe (deflated 82%)
  adding: bin/i386-windows/msvcp70.dll (deflated 78%)
  adding: bin/i386-windows/shdocvw.dll (deflated 62%)
  adding: bin/i386-windows/ieframe.dll (deflated 66%)
  adding: bin/i386-windows/attrib.exe (deflated 79%)
  adding: bin/i386-windows/ddraw.dll (deflated 60%)
  adding: bin/i386-windows/wmvdecod.dll (deflated 56%)
  adding: bin/i386-windows/wmilib.sys (deflated 96%)
  adding: bin/i386-windows/msctf.dll (deflated 63%)
  adding: bin/i386-windows/windowscodecs.dll (deflated 58%)
  adding: bin/i386-windows/softpub.dll (deflated 95%)
  adding: bin/i386-windows/srvsvc.dll (deflated 86%)
  adding: bin/i386-windows/msisip.dll (deflated 82%)
  adding: bin/i386-windows/rtworkq.dll (deflated 73%)
  adding: bin/i386-windows/wdscore.dll (deflated 87%)
  adding: bin/i386-windows/msvcp90.dll (deflated 78%)
  adding: bin/i386-windows/winedevice.exe (deflated 81%)
  adding: bin/i386-windows/xactengine3_5.dll (deflated 57%)
  adding: bin/i386-windows/security.dll (deflated 90%)
  adding: bin/i386-windows/concrt140.dll (deflated 72%)
  adding: bin/i386-windows/uianimation.dll (deflated 63%)
  adding: bin/i386-windows/tbs.dll (deflated 85%)
  adding: bin/i386-windows/fntcache.dll (deflated 85%)
  adding: bin/i386-windows/wsock32.dll (deflated 81%)
  adding: bin/i386-windows/msasn1.dll (deflated 82%)
  adding: bin/i386-windows/schtasks.exe (deflated 72%)
  adding: bin/i386-windows/httpapi.dll (deflated 74%)
  adding: bin/i386-windows/aspnet_regiis.exe (deflated 83%)
  adding: bin/i386-windows/d3dx9_36.dll (deflated 58%)
  adding: bin/i386-windows/windows.storage.dll (deflated 75%)
  adding: bin/i386-windows/d3dcompiler_46.dll (deflated 63%)
  adding: bin/i386-windows/xactengine2_9.dll (deflated 57%)
  adding: bin/i386-windows/dswave.dll (deflated 57%)
  adding: bin/i386-windows/atiadlxx.dll (deflated 80%)
  adding: bin/i386-windows/msi.dll (deflated 65%)
  adding: bin/i386-windows/bluetoothapis.dll (deflated 73%)
  adding: bin/i386-windows/jscript.dll (deflated 63%)
  adding: bin/i386-windows/vcomp90.dll (deflated 91%)
  adding: bin/i386-windows/msvcp140_1.dll (deflated 85%)
  adding: bin/i386-windows/atmlib.dll (deflated 81%)
  adding: bin/i386-windows/xinput1_3.dll (deflated 74%)
  adding: bin/i386-windows/dsound.dll (deflated 54%)
  adding: bin/i386-windows/twinapi.appcore.dll (deflated 73%)
  adding: bin/i386-windows/dmsynth.dll (deflated 52%)
  adding: bin/i386-windows/msvcp140_codecvt_ids.dll (deflated 97%)
  adding: bin/i386-windows/msvcirt.dll (deflated 73%)
  adding: bin/i386-windows/fwpuclnt.dll (deflated 79%)
  adding: bin/i386-windows/unlodctr.exe (deflated 96%)
  adding: bin/i386-windows/kerberos.dll (deflated 71%)
  adding: bin/i386-windows/msvcr120.dll (deflated 62%)
  adding: bin/i386-windows/ncrypt.dll (deflated 75%)
  adding: bin/i386-windows/sxs.dll (deflated 70%)
  adding: bin/i386-windows/dmband.dll (deflated 65%)
  adding: bin/i386-windows/cryptdll.dll (deflated 95%)
  adding: bin/i386-windows/credui.dll (deflated 78%)
  adding: bin/i386-windows/lz32.dll (deflated 93%)
  adding: bin/i386-windows/icacls.exe (deflated 83%)
  adding: bin/i386-windows/mstask.dll (deflated 69%)
  adding: bin/i386-windows/msftedit.dll (deflated 65%)
  adding: bin/i386-windows/twain_32.dll (deflated 97%)
  adding: bin/i386-windows/profapi.dll (deflated 95%)
  adding: bin/i386-windows/wmvcore.dll (deflated 67%)
  adding: bin/i386-windows/slc.dll (deflated 80%)
  adding: bin/i386-windows/msvcp_win.dll (deflated 87%)
  adding: bin/i386-windows/apisetschema.dll (deflated 83%)
  adding: bin/i386-windows/wmasf.dll (deflated 90%)
  adding: bin/i386-windows/evr.dll (deflated 61%)
  adding: bin/i386-windows/xapofx1_3.dll (deflated 78%)
  adding: bin/i386-windows/d3d11.dll (deflated 69%)
  adding: bin/i386-windows/msvcr70.dll (deflated 58%)
  adding: bin/i386-windows/snmpapi.dll (deflated 77%)
  adding: bin/i386-windows/dxdiagn.dll (deflated 63%)
  adding: bin/i386-windows/mouhid.sys (deflated 76%)
  adding: bin/i386-windows/ksuser.dll (deflated 95%)
  adding: bin/i386-windows/msports.dll (deflated 95%)
  adding: bin/i386-windows/vcomp100.dll (deflated 70%)
  adding: bin/i386-windows/dpwsockx.dll (deflated 69%)
  adding: bin/i386-windows/sfc_os.dll (deflated 82%)
  adding: bin/i386-windows/coremessaging.dll (deflated 73%)
  adding: bin/i386-windows/rsaenh.dll (deflated 57%)
  adding: bin/i386-windows/svrapi.dll (deflated 93%)
  adding: bin/i386-windows/windows.ui.core.textinput.dll (deflated 76%)
  adding: bin/i386-windows/nsiproxy.sys (deflated 74%)
  adding: bin/i386-windows/ws2_32.dll (deflated 64%)
  adding: bin/i386-windows/pwrshplugin.dll (deflated 94%)
  adding: bin/i386-windows/msimg32.dll (deflated 87%)
  adding: bin/i386-windows/msv1_0.dll (deflated 67%)
  adding: bin/i386-windows/opengl32.dll (deflated 82%)
  adding: bin/i386-windows/srvcli.dll (deflated 87%)
  adding: bin/i386-windows/itircl.dll (deflated 93%)
  adding: bin/i386-windows/wevtapi.dll (deflated 80%)
  adding: bin/i386-windows/d2d1.dll (deflated 65%)
  adding: bin/i386-windows/cacls.exe (deflated 83%)
  adding: bin/i386-windows/mshta.exe (deflated 85%)
  adding: bin/i386-windows/msvcp120_app.dll (deflated 87%)
  adding: bin/i386-windows/d3d12core.dll (deflated 97%)
  adding: bin/i386-windows/dhtmled.ocx (deflated 68%)
  adding: bin/i386-windows/x3daudio1_2.dll (deflated 79%)
  adding: bin/i386-windows/adsldpc.dll (deflated 83%)
  adding: bin/i386-windows/url.dll (deflated 83%)
  adding: bin/i386-windows/wow32.dll (deflated 94%)
  adding: bin/i386-windows/propsys.dll (deflated 64%)
  adding: bin/i386-windows/winemine.exe (deflated 55%)
  adding: bin/i386-windows/iprop.dll (deflated 96%)
  adding: bin/i386-windows/d3dcompiler_47.dll (deflated 62%)
  adding: bin/i386-windows/wintab32.dll (deflated 76%)
  adding: bin/i386-windows/shcore.dll (deflated 68%)
  adding: bin/i386-windows/net.exe (deflated 79%)
  adding: bin/i386-windows/wbemdisp.dll (deflated 71%)
  adding: bin/i386-windows/xactengine2_0.dll (deflated 57%)
  adding: bin/i386-windows/riched20.dll (deflated 59%)
  adding: bin/i386-windows/hh.exe (deflated 35%)
  adding: bin/i386-windows/progman.exe (deflated 81%)
  adding: bin/i386-windows/msvcrt20.dll (deflated 81%)
  adding: bin/i386-windows/msg711.acm (deflated 72%)
  adding: bin/i386-windows/scarddlg.dll (deflated 96%)
  adding: bin/i386-windows/hal.dll (deflated 79%)
  adding: bin/i386-windows/crypt32.dll (deflated 63%)
  adding: bin/tasklist.exe (deflated 96%)
  adding: bin/cmd.exe (deflated 77%)
  adding: bin/makecab.exe (deflated 97%)
  adding: bin/wmplayer.exe (deflated 97%)
  adding: bin/wusa.exe (deflated 90%)
  adding: bin/start.exe (deflated 95%)
  adding: bin/powershell.exe (deflated 97%)
  adding: bin/guest_gfx/ (stored 0%)
  adding: bin/guest_gfx/BUILD_INFO.txt (deflated 38%)
  adding: bin/guest_gfx/winehua-guest-gfx.env (deflated 23%)
  adding: bin/guest_gfx/lib/ (stored 0%)
  adding: bin/guest_gfx/lib/libGLESv2.so.2.0.0 (deflated 75%)
  adding: bin/guest_gfx/lib/libwayland-client.so.0 (deflated 57%)
  adding: bin/guest_gfx/lib/libEGL.so.1 (deflated 71%)
  adding: bin/guest_gfx/lib/libGLESv2.so (deflated 75%)
  adding: bin/guest_gfx/lib/libc++_shared.so (deflated 68%)
  adding: bin/guest_gfx/lib/libwayland-server.so (deflated 56%)
  adding: bin/guest_gfx/lib/dri/ (stored 0%)
  adding: bin/guest_gfx/lib/dri/swrast_dri.so (deflated 76%)
  adding: bin/guest_gfx/lib/dri/virtio_gpu_dri.so (deflated 76%)
  adding: bin/guest_gfx/lib/dri/kms_swrast_dri.so (deflated 76%)
  adding: bin/guest_gfx/lib/libEGL.so (deflated 71%)
  adding: bin/guest_gfx/lib/libGLESv1_CM.so.1 (deflated 74%)
  adding: bin/guest_gfx/lib/libwayland-server.so.0 (deflated 56%)
  adding: bin/guest_gfx/lib/libGLESv2.so.2 (deflated 75%)
  adding: bin/guest_gfx/lib/libGLESv1_CM.so.1.1.0 (deflated 74%)
  adding: bin/guest_gfx/lib/libdrm.so.2 (deflated 60%)
  adding: bin/guest_gfx/lib/libGLESv1_CM.so (deflated 74%)
  adding: bin/guest_gfx/lib/libwayland-client.so (deflated 57%)
  adding: bin/guest_gfx/lib/libwayland-egl.so.1 (deflated 66%)
  adding: bin/guest_gfx/lib/libz.so (deflated 61%)
  adding: bin/guest_gfx/lib/libwayland-egl.so (deflated 66%)
  adding: bin/guest_gfx/lib/libffi.so (deflated 78%)
  adding: bin/guest_gfx/lib/libffi.so.8 (deflated 78%)
  adding: bin/guest_gfx/lib/libdrm.so (deflated 60%)
  adding: bin/guest_gfx/lib/libgallium-25.0.1.so (deflated 76%)
  adding: bin/view.exe (deflated 96%)
  adding: bin/systeminfo.exe (deflated 94%)
  adding: bin/dism.exe (deflated 97%)
  adding: bin/runas.exe (deflated 97%)
  adding: bin/find.exe (deflated 97%)
  adding: bin/attrib.exe (deflated 96%)
  adding: bin/winedevice.exe (deflated 96%)
  adding: bin/schtasks.exe (deflated 93%)
  adding: bin/aspnet_regiis.exe (deflated 97%)
  adding: bin/unlodctr.exe (deflated 98%)
  adding: bin/icacls.exe (deflated 97%)
  adding: bin/cacls.exe (deflated 97%)
  adding: bin/mshta.exe (deflated 97%)
  adding: bin/wuauserv.exe (deflated 97%)
  adding: bin/winemine.exe (deflated 88%)
  adding: bin/net.exe (deflated 95%)
  adding: bin/hh.exe (deflated 91%)
  adding: bin/progman.exe (deflated 90%)
  adding: runtime-components.json (deflated 49%)
  adding: audio/ (stored 0%)
  adding: audio/winehua-gm.sf2 (deflated 16%)
runtime payload PASS: wineArch=aarch64
[32m[BUILD][0m     wine_runtime.version (VPP compat) -> rawfile/
[32m[BUILD][0m   wine-data.zip → rawfile/ (212M)

  libs/arm64-v8a/
[32m[BUILD][0m Pad 布局组装完成 (arm64-v8a)
total 211916
drwxr-xr-x 2 ubuntu ubuntu     4096 Oct  4 13:14 .
drwxr-xr-x 3 ubuntu ubuntu     4096 Sep 12 15:48 ..
-rw-r--r-- 2 ubuntu ubuntu    22152 Oct  4 13:14 avicap32.so
-rw-r--r-- 2 ubuntu ubuntu   216776 Oct  4 13:14 bcrypt.so
-rw-r--r-- 2 ubuntu ubuntu    59560 Oct  4 13:14 crypt32.so
-rw-r--r-- 2 ubuntu ubuntu    17768 Oct  4 13:14 ctapi32.so
-rw-r--r-- 2 ubuntu ubuntu    45616 Oct  4 13:14 dnsapi.so
-rw-r--r-- 2 ubuntu ubuntu    70496 Oct  4 13:14 dwrite.so
-rw-r--r-- 2 ubuntu ubuntu    11600 Oct  4 13:14 kerberos.so
-rwxr-xr-x 1 ubuntu ubuntu 15377920 Sep 27 16:06 kms_swrast_dri.so
-rwxr-xr-x 1 ubuntu ubuntu   466104 Sep 27 16:06 libEGL.so
-rwxr-xr-x 1 ubuntu ubuntu   466104 Sep 27 16:06 libEGL.so.1
-rwxr-xr-x 1 ubuntu ubuntu    37440 Sep 27 16:06 libGLESv1_CM.so
-rwxr-xr-x 1 ubuntu ubuntu    37440 Sep 27 16:06 libGLESv1_CM.so.1
-rwxr-xr-x 1 ubuntu ubuntu    37440 Sep 27 16:06 libGLESv1_CM.so.1.1.0
-rwxr-xr-x 1 ubuntu ubuntu    79880 Sep 27 16:06 libGLESv2.so
-rwxr-xr-x 1 ubuntu ubuntu    79880 Sep 27 16:06 libGLESv2.so.2
-rwxr-xr-x 1 ubuntu ubuntu    79880 Sep 27 16:06 libGLESv2.so.2.0.0
-rw-r--r-- 2 ubuntu ubuntu 43018640 Oct  4 13:14 libavcodec.so.60
-rw-r--r-- 2 ubuntu ubuntu 12867632 Oct  4 13:14 libavfilter.so.9
-rw-r--r-- 2 ubuntu ubuntu 13471136 Oct  4 13:14 libavformat.so.60
-rw-r--r-- 2 ubuntu ubuntu  1923296 Oct  4 13:14 libavutil.so.58
-rwxr-xr-x 1 ubuntu ubuntu  1262504 Sep 27 16:06 libc++_shared.so
-rw-r--r-- 2 ubuntu ubuntu    72144 Oct  4 13:14 libc.so
-rwxr-xr-x 1 ubuntu ubuntu    97400 Sep 27 16:06 libdrm.so
-rwxr-xr-x 1 ubuntu ubuntu    97400 Sep 27 16:06 libdrm.so.2
-rw-r--r-- 2 ubuntu ubuntu   991128 Sep 20 12:21 libepoxy.so
-rw-r--r-- 2 ubuntu ubuntu   991128 Sep 20 12:21 libepoxy.so.0
-rw-r--r-- 2 ubuntu ubuntu    86144 Sep 20 12:21 libffi.so
-rw-r--r-- 2 ubuntu ubuntu   102104 Oct  4 13:14 libffi.so.8
-rw-r--r-- 2 ubuntu ubuntu   701912 Sep 20 12:21 libfreetype.so
-rw-r--r-- 2 ubuntu ubuntu   844152 Oct  4 13:14 libfreetype.so.6
-rwxr-xr-x 1 ubuntu ubuntu 15377920 Sep 27 16:06 libgallium-25.0.1.so
-rw-r--r-- 2 ubuntu ubuntu  7528208 Oct  4 13:14 libgio-2.0.so.0
-rw-r--r-- 2 ubuntu ubuntu  3451944 Oct  4 13:14 libglib-2.0.so.0
-rw-r--r-- 2 ubuntu ubuntu    47024 Oct  4 13:14 libgmodule-2.0.so.0
-rw-r--r-- 2 ubuntu ubuntu   541416 Oct  4 13:14 libgmp.so.10
-rw-r--r-- 2 ubuntu ubuntu  1778808 Sep 20 12:21 libgnutls.so
-rw-r--r-- 2 ubuntu ubuntu  2008920 Oct  4 13:14 libgnutls.so.30
-rw-r--r-- 2 ubuntu ubuntu  1141952 Oct  4 13:14 libgobject-2.0.so.0
-rw-r--r-- 2 ubuntu ubuntu    88968 Oct  4 13:14 libgstallocators-1.0.so.0
-rw-r--r-- 2 ubuntu ubuntu   261984 Oct  4 13:14 libgstapp-1.0.so.0
-rw-r--r-- 2 ubuntu ubuntu  1507456 Oct  4 13:14 libgstaudio-1.0.so.0
-rw-r--r-- 2 ubuntu ubuntu  1473760 Oct  4 13:14 libgstbase-1.0.so.0
-rw-r--r-- 2 ubuntu ubuntu  1965528 Oct  4 13:14 libgstcodecparsers-1.0.so.0
-rw-r--r-- 2 ubuntu ubuntu   214096 Oct  4 13:14 libgstcontroller-1.0.so.0
-rw-r--r-- 2 ubuntu ubuntu   133808 Oct  4 13:14 libgstfft-1.0.so.0
-rw-r--r-- 2 ubuntu ubuntu   545688 Oct  4 13:14 libgstmpegts-1.0.so.0
-rw-r--r-- 2 ubuntu ubuntu   216672 Oct  4 13:14 libgstnet-1.0.so.0
-rw-r--r-- 2 ubuntu ubuntu   790056 Oct  4 13:14 libgstpbutils-1.0.so.0
-rw-r--r-- 2 ubuntu ubuntu  4173400 Oct  4 13:14 libgstreamer-1.0.so.0
-rw-r--r-- 2 ubuntu ubuntu   149768 Oct  4 13:14 libgstriff-1.0.so.0
-rw-r--r-- 2 ubuntu ubuntu   536600 Oct  4 13:14 libgstrtp-1.0.so.0
-rw-r--r-- 2 ubuntu ubuntu   434544 Oct  4 13:14 libgstrtsp-1.0.so.0
-rw-r--r-- 2 ubuntu ubuntu   311592 Oct  4 13:14 libgstsdp-1.0.so.0
-rw-r--r-- 2 ubuntu ubuntu   710832 Oct  4 13:14 libgsttag-1.0.so.0
-rw-r--r-- 2 ubuntu ubuntu  2455000 Oct  4 13:14 libgstvideo-1.0.so.0
-rw-r--r-- 2 ubuntu ubuntu    14696 Oct  4 13:14 libgthread-2.0.so.0
-rw-r--r-- 2 ubuntu ubuntu   735480 Oct  4 13:14 libhogweed.so.6
-rw-r--r-- 2 ubuntu ubuntu    12464 Oct  4 13:14 libintl.so
-rw-r--r-- 2 ubuntu ubuntu   974112 Oct  4 13:14 libnettle.so.8
-rw-r--r-- 2 ubuntu ubuntu   358456 Oct  4 13:14 libpcre2-8.so.0
-rw-r--r-- 2 ubuntu ubuntu   265584 Oct  4 13:14 libswresample.so.4
-rw-r--r-- 2 ubuntu ubuntu  1744944 Oct  4 13:14 libswscale.so.7
-rw-r--r-- 2 ubuntu ubuntu    82416 Oct  4 13:14 libtasn1.so.6
-rw-r--r-- 2 ubuntu ubuntu  1856568 Oct  4 13:14 libunistring.so.5
-rwxr-xr-x 1 ubuntu ubuntu    72072 Sep 27 16:06 libvenus_heaven_material_replay.so
-rwxr-xr-x 1 ubuntu ubuntu    54864 Sep 27 16:06 libvenus_sampled_image_probe.so
-rwxr-xr-x 1 ubuntu ubuntu    38152 Sep 27 16:06 libvenus_spirv_replay.so
lrwxrwxrwx 3 ubuntu ubuntu       21 Sep 27 23:46 libvirglrenderer.so -> libvirglrenderer.so.1
-rw-r--r-- 2 ubuntu ubuntu  3201552 Sep 27 23:46 libvirglrenderer.so.1
-rw-r--r-- 1 ubuntu ubuntu   610136 Sep 27 16:06 libvulkan.so
-rw-r--r-- 1 ubuntu ubuntu   610136 Sep 27 16:06 libvulkan.so.1
-rwxr-xr-x 1 ubuntu ubuntu  1303128 Sep 27 16:06 libvulkan_virtio.so
-rw-r--r-- 2 ubuntu ubuntu    57240 Sep 20 12:21 libwayland-client.so
-rw-r--r-- 2 ubuntu ubuntu   162816 Oct  4 13:14 libwayland-client.so.0
-rw-r--r-- 2 ubuntu ubuntu     4712 Sep 20 12:21 libwayland-egl.so
-rw-r--r-- 2 ubuntu ubuntu    14824 Oct  4 13:14 libwayland-egl.so.1
-rw-r--r-- 2 ubuntu ubuntu    73560 Sep 20 12:21 libwayland-server.so
-rw-r--r-- 3 ubuntu ubuntu    73560 Sep 20 12:21 libwayland-server.so.0
-rwxr-xr-x 1 ubuntu ubuntu    41880 Sep 27 16:06 libwinehua_guest_vulkan_smoke.so
-rw-r--r-- 2 ubuntu ubuntu    58512 Sep 20 12:21 libwinehua_host_heaven_replay.so
-rw-r--r-- 2 ubuntu ubuntu   169392 Sep 27 23:46 libwinehua_vtest_server.so
-rw-r--r-- 2 ubuntu ubuntu  1074136 Oct  4 13:14 libwineserver.so
-rw-r--r-- 2 ubuntu ubuntu   352568 Sep 20 12:21 libxkbcommon.so
-rw-r--r-- 2 ubuntu ubuntu   736784 Oct  4 13:14 libxkbcommon.so.0
-rw-r--r-- 2 ubuntu ubuntu    33432 Sep 20 12:21 libxkbregistry.so
-rw-r--r-- 2 ubuntu ubuntu    83960 Oct  4 13:14 libxkbregistry.so.0
-rw-r--r-- 2 ubuntu ubuntu  1399336 Sep 20 12:21 libxml2.so
-rw-r--r-- 2 ubuntu ubuntu  1624104 Oct  4 13:14 libxml2.so.2
-rw-r--r-- 2 ubuntu ubuntu     8936 Oct  4 13:14 libz.so
-rw-r--r-- 2 ubuntu ubuntu    28360 Oct  4 13:14 localspl.so
-rw-r--r-- 2 ubuntu ubuntu    59224 Oct  4 13:14 mountmgr.so
-rw-r--r-- 2 ubuntu ubuntu    28000 Oct  4 13:14 msv1_0.so
-rw-r--r-- 2 ubuntu ubuntu    11600 Oct  4 13:14 netapi32.so
-rw-r--r-- 2 ubuntu ubuntu   376368 Oct  4 13:14 nsiproxy.so
-rw-r--r-- 2 ubuntu ubuntu  3375648 Oct  4 13:14 ntdll.so
-rw-r--r-- 2 ubuntu ubuntu   194376 Oct  4 13:14 odbc32.so
-rw-r--r-- 2 ubuntu ubuntu    36032 Oct  4 13:14 opencl.so
-rw-r--r-- 2 ubuntu ubuntu  6085688 Oct  4 13:14 opengl32.so
-rw-r--r-- 2 ubuntu ubuntu   149448 Oct  4 13:14 qcap.so
-rw-r--r-- 2 ubuntu ubuntu   127056 Oct  4 13:14 secur32.so
-rwxr-xr-x 1 ubuntu ubuntu 15377920 Sep 27 16:06 swrast_dri.so
-rwxr-xr-x 1 ubuntu ubuntu 15377920 Sep 27 16:06 virtio_gpu_dri.so
-rwxr-xr-x 2 ubuntu ubuntu  8691152 Oct  4 13:14 win32u.so
-rw-r--r-- 2 ubuntu ubuntu    18376 Oct  4 13:14 windows.media.speech.so
-rw-r--r-- 2 ubuntu ubuntu    80520 Oct  4 13:14 winebth.so
-rw-r--r-- 2 ubuntu ubuntu   167424 Oct  4 13:14 winebus.so
-rw-r--r-- 2 ubuntu ubuntu   364976 Oct  4 13:14 winedmo.so
-rw-r--r-- 2 ubuntu ubuntu   995216 Oct  4 13:14 winegstreamer.so
-rw-r--r-- 2 ubuntu ubuntu   305464 Oct  4 13:14 wineohos.so
-rw-r--r-- 2 ubuntu ubuntu   121688 Oct  4 13:14 wineps.so
-rw-r--r-- 2 ubuntu ubuntu  4025856 Oct  4 13:14 winevulkan.so
-rw-r--r-- 2 ubuntu ubuntu  1282448 Oct  4 13:14 winewayland.so
-rw-r--r-- 2 ubuntu ubuntu    23640 Oct  4 13:14 winspool.so
-rw-r--r-- 2 ubuntu ubuntu    89048 Oct  4 13:14 ws2_32.so
  rawfile/wine-data.zip
