frame,frameMs,presentMs
1,2.354200000,0.893700000
2,16.158300000,0.711000000
3,15.832800000,0.412500000
4,17.632800000,1.159900000
5,15.571400000,0.287000000
6,16.728600000,0.340600000
7,16.996900000,0.591200000
8,17.737500000,1.145900000
9,16.322400000,0.878100000
10,15.921400000,0.460900000
11,17.469800000,1.024500000
12,16.603100000,1.163500000
13,15.654700000,0.306800000
14,16.951000000,0.552100000
15,17.463500000,1.101100000
16,16.264100000,0.820800000
17,16.999500000,0.516600000
18,17.106200000,1.590100000
19,16.777100000,0.565600000
20,15.753100000,0.356200000
21,17.355300000,0.366700000
22,16.078600000,0.668800000
23,16.169300000,0.725500000
24,17.383800000,0.841700000
25,17.055200000,1.658300000
26,16.028700000,0.530200000
27,15.826000000,0.382800000
28,18.278700000,1.265100000
29,15.819200000,0.518200000
30,17.049500000,0.392200000
31,15.821400000,0.340600000
32,17.451500000,0.906800000
33,15.867200000,0.402100000
34,16.827100000,0.390600000
35,19.488000000,1.975500000
36,13.830200000,0.446900000
37,21.906300000,2.365600000
38,11.779700000,0.398500000
39,17.296300000,0.603100000
40,15.849500000,0.466700000
41,16.693800000,0.289600000
42,18.645300000,1.655700000
43,15.022900000,0.538000000
44,15.803600000,0.403600000
45,16.989100000,0.578100000
46,17.888000000,0.941100000
47,15.912500000,0.528700000
48,17.043200000,1.575500000
49,16.534900000,0.969300000
50,17.364100000,1.975500000
51,14.901000000,0.456800000
52,16.675000000,0.326100000
53,17.075600000,0.616600000
54,17.321800000,0.925000000
55,17.341700000,0.414000000
56,17.294800000,1.865700000
57,15.001000000,0.651000000
58,17.049000000,0.584900000
59,15.790100000,0.397900000
60,16.688000000,0.409900000
61,16.837500000,0.463500000
62,17.224500000,0.578100000
63,16.552600000,1.144300000
64,15.935900000,0.492200000
65,17.746900000,0.805200000
66,23.250500000,7.518200000
67,8.750000000,0.448900000
68,16.793300000,0.401000000
69,17.922400000,0.517200000
70,15.932800000,0.383900000
71,17.056700000,0.439000000
72,16.023500000,0.432300000
73,17.559400000,0.880200000
74,23.855200000,8.484300000
75,9.620800000,0.467200000
76,17.042200000,1.384900000
77,19.883800000,0.365100000
78,11.863600000,0.555200000
79,16.695800000,0.297900000
80,17.487000000,1.149500000
81,15.966700000,0.634900000
82,16.915600000,0.468200000
83,17.040600000,0.552600000
84,15.815100000,0.405200000
85,17.188000000,0.836400000
86,17.116700000,0.591700000
87,15.827100000,0.419800000
88,17.631200000,1.146900000
89,15.890100000,0.420300000
90,16.700000000,0.355200000
91,17.045400000,0.544200000
92,17.192700000,0.593700000
93,16.438000000,1.011400000
94,15.829200000,0.327100000
95,17.567700000,0.800000000
96,15.886900000,0.417700000
97,17.002600000,0.566600000
98,18.126100000,1.687000000
99,15.430200000,0.912500000
100,15.940100000,0.651600000
101,16.798400000,0.354700000
102,18.287000000,1.863000000
103,15.602600000,1.205800000
104,15.757300000,0.386500000
105,16.854700000,0.438600000
106,16.845300000,0.446900000
107,16.729200000,0.443800000
108,16.654100000,0.331300000
109,17.328200000,0.642200000
110,16.167200000,0.746300000
111,17.159900000,0.749500000
112,16.669200000,1.188100000
113,16.122900000,0.633900000
114,17.198000000,0.752100000
115,16.803100000,1.399500000
116,16.145300000,0.659900000
117,17.795300000,0.496900000
118,15.781800000,0.425000000
119,16.056200000,0.724500000
120,16.733900000,0.339600000
121,17.164600000,0.780700000
122,16.040100000,0.543200000
123,18.026000000,1.346900000
124,16.272900000,0.783900000
125,16.084900000,0.541200000
126,17.055800000,0.633900000
127,16.475000000,1.048500000
128,15.772300000,0.385400000
129,17.144800000,0.559900000
130,17.789600000,1.389600000
131,16.184900000,0.421400000
132,15.840100000,0.433400000
133,17.537000000,1.070900000
134,15.887500000,0.442800000
135,17.176600000,0.773400000
136,16.136900000,0.530200000
137,17.612000000,1.144300000
138,15.835400000,0.423900000
139,16.959400000,0.525500000
140,16.825500000,0.492700000
141,15.799000000,0.396400000
142,17.059900000,0.634900000
143,16.903600000,0.461500000
144,18.752600000,2.310900000
145,15.261500000,0.508300000
146,15.963000000,0.539600000
147,17.686000000,0.441600000
148,15.903600000,0.505200000
149,16.835900000,0.378600000
150,16.015700000,0.418300000
151,18.683300000,0.557300000
152,14.647400000,0.328100000
153,17.424000000,1.120300000
154,16.110900000,0.709400000
155,17.279700000,0.637500000
156,17.122400000,1.550500000
157,15.974500000,0.533300000
158,16.905700000,1.429700000
159,16.533800000,0.869300000
160,16.332800000,0.679700000
161,17.533400000,0.289600000
162,15.918700000,0.558400000
163,15.917700000,0.473400000
164,16.943300000,0.475500000
165,17.568200000,1.117200000
166,16.059900000,0.655700000
167,16.639100000,0.304200000
168,16.977000000,0.592700000
169,15.833900000,0.500000000
170,17.226600000,0.684300000
171,17.359900000,0.594300000
172,16.286400000,0.691700000
173,17.222900000,1.400500000
174,16.905800000,0.783400000
175,15.756700000,0.388500000
176,15.984400000,0.537500000
177,17.520800000,0.782800000
178,15.694800000,0.394800000
179,16.993800000,0.625000000
180,17.573900000,1.122900000
181,15.975600000,0.423400000
182,18.432800000,1.814000000
183,15.843200000,1.422400000
184,15.572900000,0.266600000
185,16.799500000,0.327100000
186,20.465100000,4.086000000
187,12.789600000,0.393800000
188,18.076500000,1.549500000
189,14.840100000,0.407800000
190,16.831300000,0.510400000
191,16.770300000,0.412000000
192,17.206800000,0.795800000
193,16.794800000,1.385400000
194,15.881200000,0.441700000
195,16.757300000,0.376600000
196,16.942200000,0.467700000
197,16.822900000,0.397900000
198,18.982800000,1.443800000
199,13.869800000,0.501000000
200,17.224000000,0.804100000
201,15.928100000,0.433900000
202,17.943800000,0.485900000
203,15.987500000,0.467200000
204,17.474400000,0.842700000
205,15.964600000,0.422400000
206,17.493200000,0.698400000
207,16.502100000,1.047900000
208,15.859400000,0.411500000
209,16.578700000,0.293300000
210,18.839500000,2.446300000
211,14.865700000,0.439000000
212,15.970800000,0.515600000
213,16.727100000,0.380800000
214,16.984400000,0.567200000
215,16.666100000,0.330200000
216,17.745300000,1.307200000
217,15.902600000,0.493800000
218,15.579200000,0.282800000
219,17.802600000,1.433900000
220,16.047400000,0.409900000
221,18.001000000,1.542200000
222,17.282800000,0.545300000
223,15.986500000,1.094800000
224,15.587500000,0.293200000
225,17.470800000,1.127600000
226,16.096400000,0.449500000
227,19.078600000,0.542200000
228,15.166700000,1.747900000
229,15.892200000,0.451500000
230,16.031800000,0.663600000
231,17.455200000,1.008800000
232,15.756700000,0.363000000
233,16.687000000,0.300000000
234,16.759900000,0.346400000
235,18.320800000,0.786500000
236,14.818300000,0.411000000
237,16.882800000,0.462500000
238,16.795800000,0.416700000
239,16.764600000,0.375600000
240,17.087000000,0.666700000
241,16.496300000,1.040100000
242,16.708400000,0.442200000
243,15.778600000,0.425500000
244,17.450000000,0.519800000
245,16.858900000,0.404700000
246,15.841600000,0.412500000
247,17.426600000,1.044300000
248,15.570800000,0.273400000
249,18.453200000,0.757300000
250,15.618200000,0.351100000
251,16.629100000,0.314500000
252,16.895400000,0.545400000
253,18.721300000,0.409900000
254,14.944800000,0.508300000
255,15.794800000,0.404200000
256,17.161500000,0.731300000
257,16.995300000,0.572400000
258,15.883300000,0.456300000
259,17.208300000,0.686900000
260,16.889600000,0.468200000
261,15.925500000,0.493700000
262,16.902100000,0.432800000
263,17.304700000,0.642700000
264,15.956800000,0.432800000
265,17.374500000,0.984900000
266,16.028100000,0.458300000
267,17.188500000,0.818800000
268,15.830800000,0.526500000
269,17.967100000,0.446400000
270,17.037500000,1.650500000
271,16.027100000,0.599000000
272,16.187500000,0.508900000
273,17.900500000,0.547900000
274,14.759900000,0.444800000
275,16.963600000,0.671900000
276,18.209900000,1.595800000
277,15.534900000,1.152100000
278,18.147900000,1.251000000
279,14.797400000,0.394800000
280,16.844800000,0.492800000
281,17.313500000,0.451100000
282,15.796900000,0.390700000
283,16.985900000,0.369300000
284,16.724500000,0.739000000
285,17.181300000,0.797400000
286,15.995300000,0.506700000
287,16.867700000,0.410500000
288,17.673400000,0.924000000
289,16.659400000,0.607800000
290,15.700000000,0.352600000
291,17.200500000,0.606800000
292,15.974000000,0.481800000
293,16.805200000,0.399000000
294,17.539600000,0.779700000
295,16.625000000,0.406700000
296,16.579700000,0.966100000
297,16.211900000,0.332800000
298,16.557300000,1.019300000
299,16.193800000,0.516200000
300,17.847400000,1.271900000
301,16.253100000,0.633900000
302,17.976600000,1.495300000
303,15.010400000,0.644800000
304,15.552600000,0.267700000
305,18.026000000,0.718700000
306,15.736500000,0.376100000
307,16.931200000,0.407200000
308,16.946900000,0.493300000
309,17.571400000,0.536500000
310,16.111900000,0.611400000
311,16.798500000,0.341700000
312,16.300500000,0.915700000
313,16.044300000,0.592200000
314,16.599400000,0.281700000
315,16.858900000,0.400600000
316,17.004700000,0.452600000
317,16.831800000,0.412500000
318,15.911900000,0.426100000
319,17.044300000,0.734900000
320,16.921900000,0.476100000
321,17.118200000,0.366200000
322,15.916200000,0.446800000
323,16.821300000,0.408900000
324,17.007800000,0.590100000
325,16.355800000,0.815600000
326,16.991100000,0.653600000
327,16.054700000,0.639100000
328,16.751600000,0.336400000
329,16.716100000,0.368200000
330,16.825500000,0.479700000
331,17.540600000,0.743800000
332,16.515700000,1.181300000
333,16.432800000,1.044800000
334,18.741100000,0.907300000
335,18.331800000,1.415100000
336,14.040100000,2.603700000
337,15.016100000,0.551000000
338,16.679700000,0.350500000
339,17.303200000,0.898900000
340,16.203600000,0.766100000
341,17.010900000,0.601600000
342,15.773000000,0.385900000
343,17.914000000,1.502100000
344,15.864100000,0.480800000
345,17.223900000,0.814600000
346,16.231300000,0.690600000
347,17.951000000,1.015600000
348,14.768300000,0.415600000
349,17.067700000,0.426000000
350,16.630200000,0.331800000
351,17.885900000,0.506300000
352,15.903700000,0.480200000
353,16.110900000,0.499500000
354,17.006800000,0.717200000
355,16.748400000,0.377100000
356,16.155200000,0.538600000
357,17.488600000,1.081200000
358,16.150000000,0.469200000
359,16.812500000,0.369800000
360,17.068200000,0.471400000
361,17.339100000,1.595300000
362,15.086900000,0.479700000
363,16.454700000,0.383300000
364,16.625500000,0.322900000
365,17.271900000,0.743800000
366,17.395300000,0.969300000
367,16.242200000,0.739100000
368,16.741200000,1.292200000
369,15.910900000,0.451600000
370,16.902600000,0.373500000
371,17.278600000,0.894200000
372,16.309400000,0.803600000
373,17.188600000,0.436400000
374,16.660900000,0.694800000
375,16.553100000,1.064600000
376,15.780200000,0.394800000
377,16.820300000,0.369700000
378,16.984400000,0.637500000
379,16.749500000,0.387000000
380,17.214100000,0.812000000
381,16.209900000,0.765700000
382,16.098400000,0.703700000
383,17.755200000,0.951500000
384,16.225500000,0.758900000
385,15.863000000,0.502100000
386,16.811000000,0.405800000
387,17.131200000,0.725000000
388,16.868300000,0.439600000
389,16.164500000,0.626600000
390,17.189100000,0.706300000
391,16.623400000,0.404700000
392,15.558900000,0.270800000
393,17.005700000,0.622400000
394,16.871900000,0.449400000
395,17.305700000,0.565600000
396,15.983900000,0.632300000
397,17.905700000,0.578200000
398,15.695900000,0.352600000
399,17.277000000,0.347900000
400,15.703700000,0.337500000
401,16.796900000,0.396800000
402,17.183800000,0.800000000
403,17.841200000,1.190100000
404,14.866600000,0.456800000
405,17.451600000,1.003600000
406,15.797400000,0.486500000
407,17.187000000,0.493200000
408,17.351000000,0.600500000
409,15.918800000,0.476500000
410,17.564500000,0.742200000
411,16.314600000,0.464600000
412,15.615600000,0.295300000
413,16.919300000,0.417200000
414,17.419800000,1.017200000
415,16.228700000,0.726500000
416,16.820300000,0.398500000
417,17.075000000,1.667200000
418,15.679100000,0.270300000
419,17.010400000,0.402000000
420,17.416200000,0.958300000
421,17.494800000,0.324500000
422,15.268700000,0.927100000
423,17.264600000,0.443800000
424,16.239100000,0.749000000
425,15.895300000,0.448500000
426,16.787500000,0.413100000
427,17.563500000,1.079200000
428,15.961000000,0.538500000
429,17.052100000,0.645800000
430,16.347400000,0.806800000
431,16.960400000,0.591600000
432,15.908800000,0.513600000
433,17.747400000,0.994300000
434,15.882800000,0.517700000
435,17.399000000,0.909400000
436,15.835900000,0.390100000
437,16.744800000,0.318200000
438,17.772900000,0.759900000
439,15.861500000,0.396400000
440,17.167700000,0.626000000
441,15.827600000,0.413100000
442,16.721400000,0.368200000
443,17.015600000,0.429200000
444,17.069800000,0.434400000
445,17.610900000,2.125500000
446,15.006800000,0.537500000
447,17.480700000,1.048400000
448,16.131300000,0.560400000
449,16.894800000,0.372900000
450,15.983800000,0.505200000
451,18.041700000,1.496800000
452,16.057800000,0.650000000
453,17.043700000,1.693200000
454,15.752600000,0.403100000
455,16.859400000,0.399500000
456,17.385400000,0.564600000
457,17.584400000,0.818200000
458,17.190100000,2.038600000
459,16.003700000,1.797400000
460,14.651500000,0.285400000
461,16.982800000,0.589100000
462,17.255800000,0.786400000
463,16.314000000,0.468200000
464,16.595300000,0.294200000
465,17.427100000,0.511000000
466,16.470900000,0.732300000
467,16.469700000,0.366600000
468,15.641200000,0.335900000
469,20.012500000,1.192700000
470,13.922400000,0.381300000
471,18.229700000,0.549000000
472,14.814600000,0.382800000
473,17.010900000,0.565100000
474,16.996900000,0.690100000
475,16.405700000,1.029200000
476,16.819300000,0.426000000
477,15.692200000,0.341100000
478,17.106200000,0.768700000
479,17.385400000,0.430200000
480,16.831300000,1.376100000
481,16.009900000,0.601000000
482,17.391100000,0.955300000
483,16.092700000,0.830200000
484,16.693800000,0.354700000
485,17.835900000,0.531800000
486,15.116200000,0.486400000
487,18.118700000,0.944800000
488,14.796900000,0.443800000
489,16.728100000,0.296300000
490,17.478100000,0.566100000
491,16.898000000,0.997900000
492,15.945300000,0.453700000
493,17.454100000,0.454700000
494,16.033900000,0.682800000
495,17.303100000,0.922400000
496,15.843800000,0.455700000
497,20.487500000,0.386000000
498,12.854600000,0.400500000
499,17.474500000,0.691100000
500,16.985400000,0.990100000
501,17.072400000,0.873400000
502,16.459900000,1.291600000
503,16.807300000,1.169800000
504,15.810400000,0.508400000
505,16.136000000,0.703200000
506,17.031800000,0.346800000
507,17.715600000,1.016700000
508,19.045300000,0.773400000
509,12.745800000,0.405200000
510,17.145900000,0.678600000
511,17.268700000,0.874000000
512,15.731800000,0.365100000
513,17.382300000,0.788500000
514,16.051500000,0.508300000
515,18.714600000,1.111400000
516,17.656300000,0.298500000
517,20.923900000,2.257800000
518,10.378100000,0.314600000
519,20.246900000,0.414500000
520,14.160400000,2.523400000
521,15.481800000,0.258900000
522,18.812500000,0.850000000
523,13.905200000,0.470400000
524,18.537500000,1.964100000
525,15.896900000,1.039600000
526,15.516100000,0.398900000
527,16.749000000,0.371900000
528,15.645300000,0.295300000
529,19.282800000,0.876000000
530,19.729700000,5.454700000
531,12.360900000,0.826000000
532,15.741700000,0.331800000
533,17.607300000,0.388500000
534,16.440100000,1.067700000
535,16.216200000,0.832800000
536,17.584900000,0.816200000
537,16.053600000,0.652600000
538,16.339100000,0.434900000
539,16.954600000,0.433800000
540,21.529700000,0.549000000
541,11.894800000,0.411000000
542,15.676100000,0.367200000
543,16.801000000,0.491200000
544,16.887500000,0.409900000
545,19.776600000,3.216600000
546,13.975000000,0.639600000
547,16.973900000,0.332300000
548,15.799500000,0.436500000
549,20.740600000,4.384900000
550,17.950600000,5.104700000
551,12.056200000,0.656300000
552,15.846900000,0.376600000
553,17.387500000,0.424000000
554,16.766100000,0.394300000
555,15.781800000,0.429700000
556,17.043200000,0.521400000
557,17.449500000,0.915600000
558,15.818800000,0.460400000
559,17.976000000,0.535900000
560,16.440600000,0.730800000
561,17.275000000,0.702600000
562,14.849500000,0.531300000
563,17.010400000,0.615100000
564,18.286500000,1.021300000
565,15.730700000,1.399500000
566,15.842700000,0.500000000
567,17.334900000,0.974000000
568,16.596900000,1.012500000
569,16.119300000,0.688500000
570,16.861900000,0.541700000
571,17.039600000,0.545300000
572,15.707800000,0.354200000
573,16.665700000,0.314600000
574,16.813000000,0.451600000
575,17.046900000,0.635900000
576,16.931700000,0.556200000
577,17.401100000,0.562000000
578,16.371800000,0.918200000
579,16.481800000,1.126100000
580,16.332300000,0.414600000
581,18.264100000,0.420900000
582,14.635400000,0.320300000
583,18.737500000,2.235400000
584,14.851500000,0.519800000
585,18.461500000,0.567700000
586,14.846400000,0.408300000
587,18.216100000,1.449500000
588,14.696900000,0.352100000
589,16.854700000,0.422400000
590,16.947400000,0.546300000
591,17.735400000,0.808800000
592,16.578600000,1.209400000
593,16.186500000,0.539000000
594,16.349500000,0.929700000
595,16.794800000,0.349500000
596,15.795800000,0.398000000
597,16.934400000,0.477100000
598,16.864500000,0.399400000
599,17.692200000,1.313000000
600,16.224500000,0.794200000
601,16.596400000,1.190100000
602,17.304100000,1.764600000
603,16.117700000,0.727600000
604,15.692700000,0.370800000
605,17.267800000,0.953100000
606,17.236900000,0.871400000
607,18.002600000,2.432800000
608,15.039600000,0.475000000
609,15.806300000,0.428200000
610,16.616600000,0.272400000
611,17.317200000,0.908300000
612,16.888600000,0.603200000
613,16.573400000,1.173500000
614,16.081800000,0.594300000
615,17.603100000,1.150600000
616,16.403100000,0.857300000
617,15.818300000,0.420300000
618,16.866600000,0.459400000
619,17.566200000,0.828100000
620,16.313000000,0.769200000
621,17.435400000,2.075000000
622,15.988500000,0.513600000
623,16.367800000,0.535400000
624,17.098900000,0.649500000
625,18.022900000,2.212500000
626,14.687000000,0.358800000
627,17.269800000,0.804200000
628,16.204200000,0.833300000
629,16.769200000,0.385900000
630,16.891200000,0.513100000
631,17.143700000,1.230700000
632,16.106800000,0.678200000
633,16.670300000,1.320300000
634,16.279700000,0.835400000
635,17.097400000,0.667200000
636,15.686500000,0.384400000
637,17.977600000,0.932300000
638,15.838500000,0.442700000
639,17.457300000,0.772400000
640,15.861500000,0.405700000
641,19.156700000,2.562000000
642,14.019300000,0.494300000
643,19.001600000,0.365100000
644,14.928600000,0.566700000
645,17.131800000,0.435400000
646,15.914000000,0.410400000
647,17.422400000,0.928100000
648,21.387500000,5.886500000
649,10.900000000,0.469200000
650,16.666700000,0.329700000
651,18.814600000,2.437500000
652,14.715600000,0.363000000
653,17.799500000,0.808900000
654,16.506800000,1.092200000
655,16.327600000,1.008900000
656,15.853600000,0.487000000
657,16.808900000,0.449400000
658,16.745300000,0.392200000
659,17.117200000,0.754100000
660,15.898900000,0.500000000
661,19.325000000,1.718300000
662,15.138600000,0.783900000
663,15.613000000,0.291700000
664,17.152600000,0.408800000
665,17.008800000,0.611500000
666,15.894800000,0.473900000
667,18.094800000,1.480200000
668,16.297900000,0.802100000
669,16.359900000,0.994300000
670,15.736000000,0.400000000
671,16.814600000,0.415100000
672,17.229100000,0.795900000
673,18.079700000,0.771800000
674,14.949000000,0.542700000
675,17.095800000,0.747900000
676,16.031300000,0.687500000
677,16.769200000,0.384900000
678,17.628700000,0.361500000
679,16.597400000,0.400000000
680,15.866100000,0.462000000
681,17.479700000,0.930800000
682,15.683900000,0.333900000
683,16.851000000,0.504200000
684,16.968200000,0.609900000
685,18.515700000,2.050000000
686,14.884300000,0.444300000
687,15.668800000,0.320900000
688,17.010400000,0.602100000
689,18.563000000,1.968300000
690,15.456800000,0.973400000
691,17.085400000,1.631800000
692,15.897400000,0.442200000
693,17.360400000,0.923400000
694,15.782300000,0.351100000
695,16.821900000,0.445300000
696,17.128100000,0.687000000
697,16.638000000,1.258300000
698,15.866200000,0.440100000
699,17.695800000,1.096800000
700,15.925500000,0.501600000
701,17.726100000,1.288000000
702,16.316100000,0.769800000
703,16.919300000,1.234900000
704,17.210900000,1.923900000
705,14.980200000,0.641700000
706,16.788100000,0.388500000
707,17.018700000,0.300500000
708,16.980200000,0.623500000
709,17.052600000,1.241200000
710,16.009400000,0.500000000
711,17.848400000,1.152600000
712,15.657800000,1.308300000
713,16.289600000,0.873500000
714,18.012000000,1.486900000
715,14.983300000,0.517700000
716,16.852100000,0.470900000
717,17.191200000,0.665100000
718,16.480200000,1.130200000
719,17.390600000,0.440100000
720,16.150500000,0.675600000
721,16.645900000,0.667200000
722,16.111900000,0.644800000
723,18.837000000,2.438500000
724,14.888600000,0.472900000
725,17.070800000,0.638600000
726,15.590600000,0.288000000
727,16.853100000,0.462500000
728,16.868800000,0.429700000
729,17.604200000,0.662000000
730,15.946800000,0.506200000
731,17.319800000,0.914600000
732,16.262000000,0.841600000
733,16.467700000,0.590700000
734,17.054700000,0.469800000
735,15.822400000,0.399500000
736,16.856200000,0.902100000
737,17.311500000,0.963600000
738,15.757800000,0.366100000
739,17.219300000,0.753100000
740,16.623900000,0.318700000
741,17.323500000,0.581200000
742,16.056700000,0.556800000
743,16.923000000,0.479700000
744,15.761400000,0.391100000
745,17.924500000,0.314100000
746,15.881800000,0.563500000
747,17.575000000,0.445800000
748,15.909300000,0.478100000
749,17.070900000,0.493200000
750,16.479700000,1.067700000
751,15.997900000,0.401100000
752,16.870800000,0.446400000
753,17.681800000,1.311500000
754,16.436400000,0.791100000
755,15.917800000,0.500000000
756,16.868700000,0.485900000
757,16.843800000,0.329700000
758,15.695300000,0.343800000
759,16.836900000,0.434400000
760,17.554200000,0.860400000
761,16.128700000,0.711400000
762,17.473400000,0.944300000
763,16.690600000,1.249000000
764,15.914100000,0.465600000
765,17.228600000,0.837500000
766,16.206300000,0.781200000
767,17.137500000,0.579700000
768,15.755700000,0.380700000
769,17.835900000,0.495300000
770,16.210500000,0.768200000
771,24.582300000,4.873900000
772,8.105200000,0.641200000
773,16.833300000,0.450000000
774,19.791700000,2.297400000
775,13.632300000,0.310900000
776,16.596800000,0.304700000
777,17.072400000,0.740100000
778,16.117700000,0.715100000
779,16.693300000,0.334900000
780,17.366600000,0.837000000
781,16.158400000,0.786400000
782,16.969800000,0.422900000
783,16.715600000,1.194800000
784,17.094800000,1.035900000
785,16.602600000,1.131200000
786,15.730700000,0.361500000
787,17.520300000,1.005800000
788,16.239600000,0.758800000
789,17.702600000,0.408900000
790,16.177600000,0.831800000
791,15.883900000,0.461400000
792,17.008800000,0.633400000
793,19.915100000,1.098500000
794,12.621900000,0.296300000
795,17.602100000,1.232300000
796,15.827600000,0.444300000
797,17.823900000,1.402600000
798,16.240700000,0.907800000
799,16.823400000,1.192700000
800,15.765100000,0.387500000
801,16.589600000,0.282800000
802,16.880700000,0.596900000
803,16.809400000,0.404700000
804,17.131800000,0.706800000
805,16.129100000,0.516700000
806,16.758400000,0.373000000
807,17.285400000,0.865600000
808,15.975000000,0.438500000
809,19.128600000,2.704200000
810,13.871900000,0.449500000
811,17.381300000,0.676000000
812,17.158800000,0.626100000
813,15.823400000,0.400500000
814,16.808900000,0.439600000
815,17.606300000,1.153700000
816,16.951000000,0.668700000
817,16.532300000,0.854100000
818,15.910400000,0.432300000
819,15.988500000,0.573400000
820,17.016700000,0.416700000
821,16.916700000,0.506200000
822,17.335900000,0.400000000
823,17.214600000,1.741700000
824,15.502600000,1.052000000
825,15.980700000,0.392200000
826,16.863600000,0.405700000
827,18.677100000,1.359900000
828,15.293700000,0.839100000
829,16.310900000,0.422400000
830,17.200000000,0.779200000
831,16.670400000,1.109400000
832,15.796300000,0.316100000
833,16.881800000,0.432800000
834,17.038000000,0.670900000
835,15.732800000,0.361500000
836,17.240100000,0.452700000
837,18.127100000,1.676600000
838,14.809900000,0.459900000
839,16.606800000,0.301100000
840,16.940100000,0.463000000
841,18.678600000,1.752100000
842,15.003700000,0.516600000
843,17.538500000,1.165100000
844,16.345300000,0.684900000
845,16.249500000,0.831300000
846,15.787500000,0.377600000
847,17.714100000,1.389000000
848,15.618200000,0.307300000
849,16.972400000,0.521300000
850,17.294300000,0.366100000
851,19.511900000,0.914100000
852,14.449000000,0.506800000
853,16.201600000,0.833300000
854,15.945300000,0.438000000
855,16.724400000,0.390700000
856,17.421900000,0.931300000
857,15.909900000,0.442200000
858,17.126600000,0.760900000
859,16.010900000,0.667200000
860,16.712000000,0.317700000
861,17.326000000,0.881300000
862,15.951600000,0.515600000
863,16.878600000,0.428100000
864,16.982300000,0.661900000
865,18.039600000,1.259900000
866,15.031800000,0.594700000
867,17.250500000,0.813000000
868,15.931800000,0.408900000
869,16.788500000,0.403100000
870,18.011500000,1.558300000
871,15.990100000,0.334400000
872,17.470300000,1.983300000
873,14.711500000,0.346900000
874,16.816600000,0.433900000
875,16.812500000,0.406800000
876,16.818300000,0.417200000
877,17.462500000,1.065600000
878,16.829600000,1.450500000
879,16.629200000,1.270800000
880,15.858300000,0.504100000
881,16.663100000,0.339600000
882,17.018700000,0.649500000
883,16.868800000,0.969800000
884,16.779700000,1.278600000
885,15.658800000,0.317200000
886,16.841700000,0.495300000
887,16.662500000,0.336500000
888,16.588000000,0.292200000
889,17.259900000,0.807800000
890,15.673400000,0.349000000
891,16.874000000,0.516200000
892,16.895300000,0.429100000
893,18.662000000,1.872400000
894,16.277600000,1.768800000
895,14.823900000,0.389000000
896,17.657300000,1.006300000
897,15.760400000,0.369700000
898,17.076100000,0.527600000
899,16.744300000,0.367200000
900,16.898400000,0.576000000
901,16.059400000,0.685400000
902,16.982800000,0.546300000
903,18.206200000,1.777100000
904,14.836000000,0.333300000
905,16.691100000,0.354700000
906,17.684400000,1.148900000
907,16.106200000,0.655700000
908,16.646900000,0.318200000
909,17.260400000,0.769300000
910,16.851100000,1.216100000
911,15.880200000,0.430700000
912,17.391100000,0.445800000
913,15.774500000,0.373000000
914,17.949500000,0.800000000
915,15.557300000,1.184400000
916,16.719800000,0.433800000
917,18.815600000,2.423400000
918,14.695800000,1.246900000
919,16.332800000,1.001000000
920,16.800000000,0.441700000
921,17.995900000,1.049400000
922,14.951000000,0.418700000
923,17.008900000,0.519800000
924,17.032300000,0.420900000
925,16.484300000,1.039100000
926,16.525600000,0.585900000
927,17.636400000,0.675000000
928,16.149000000,0.720900000
929,15.730700000,0.369800000
930,16.768800000,0.403700000
931,17.005200000,0.651000000
932,16.981200000,0.486500000
933,15.919800000,0.387000000
934,16.947400000,0.520300000
935,17.881300000,1.433300000
936,16.057800000,0.419200000
937,15.881200000,0.343200000
938,17.163600000,0.861900000
939,17.393200000,1.579100000
940,16.214600000,0.439000000
941,15.820300000,0.399000000
942,17.476000000,0.855200000
943,15.983900000,0.328700000
944,16.816600000,0.391100000
945,16.867200000,0.563000000
946,15.617700000,0.262500000
947,17.968300000,0.351100000
948,15.708800000,0.342200000
949,17.265100000,0.670800000
950,17.490100000,0.731300000
951,16.242700000,0.860900000
952,16.018300000,0.347400000
953,16.867200000,0.401500000
954,17.231200000,0.779600000
955,16.672900000,0.844800000
956,16.202600000,0.726600000
957,17.516200000,0.648900000
958,16.828600000,1.290600000
959,19.533400000,0.406200000
960,12.951500000,0.559400000
961,15.814600000,0.374500000
962,16.807300000,0.406200000
963,16.763500000,0.454700000
964,17.063600000,0.393700000
965,16.830700000,0.415700000
966,16.812500000,1.269300000
967,15.570800000,0.266200000
968,16.661000000,0.366700000
969,17.685900000,0.852100000
970,16.378100000,0.902600000
971,16.850600000,0.416100000
972,17.106700000,0.485500000
973,15.849500000,0.400000000
974,16.693200000,0.353100000
975,17.298000000,0.860400000
976,16.139500000,0.553700000
977,17.017200000,0.624000000
978,15.853700000,0.388100000
979,16.596300000,0.283300000
980,16.933400000,0.553600000
981,17.594200000,1.213500000
982,16.182300000,0.572900000
983,16.824500000,0.413000000
984,16.043200000,0.671400000
985,16.811000000,0.341700000
986,17.293200000,0.491700000
987,15.764100000,0.342700000
988,16.972400000,0.445800000
989,16.859800000,0.428600000
990,17.137500000,0.783800000
991,20.103700000,1.503200000
992,14.001600000,1.292200000
993,16.091600000,1.148500000
994,16.201600000,0.510400000
995,16.305200000,0.588100000
996,17.155700000,0.792700000
997,15.836000000,0.413600000
998,17.163500000,0.734400000
999,19.081800000,2.702100000
1000,15.393700000,0.908400000
1001,15.993300000,0.552600000
1002,16.177600000,0.494300000
1003,16.954100000,0.514100000
1004,16.138600000,0.565600000
1005,17.910900000,1.268800000
1006,16.350500000,0.966200000
1007,16.642200000,0.821900000
1008,15.602600000,0.302600000
1009,16.717200000,0.369300000
1010,18.380200000,1.128200000
1011,14.887000000,0.379700000
1012,17.067700000,0.668300000
1013,17.234400000,0.471300000
1014,16.105200000,0.640700000
1015,16.865600000,0.420900000
1016,18.454200000,1.506700000
1017,15.203600000,0.360900000
1018,16.504700000,1.043200000
1019,16.149000000,0.755700000
1020,17.315600000,0.691700000
1021,16.689600000,1.169300000
1022,15.970800000,0.443200000
1023,17.126000000,0.770800000
1024,15.809900000,0.415600000
1025,17.025600000,0.463000000
1026,17.567700000,1.053100000
1027,15.760900000,0.386000000
1028,18.120800000,1.662000000
1029,15.095900000,0.522900000
1030,17.048900000,0.549400000
1031,17.327600000,0.932300000
1032,15.777600000,0.405700000
1033,17.816200000,0.967700000
1034,16.323900000,0.731800000
1035,18.851100000,3.427000000
1036,14.276600000,0.662000000
1037,15.829100000,0.488600000
1038,16.844800000,0.428100000
1039,20.382300000,2.883900000
1040,12.953100000,0.602100000
1041,20.153200000,0.316600000
1042,12.904100000,0.561400000
1043,16.833400000,0.466100000
1044,16.723900000,0.381300000
1045,16.823400000,0.464000000
1046,17.064100000,0.553100000
1047,18.991200000,3.541100000
1048,13.913000000,0.453200000
1049,18.564600000,1.847900000
1050,14.700500000,0.374000000
1051,17.066600000,0.330700000
1052,16.781800000,0.410900000
1053,15.939600000,0.334400000
1054,17.130200000,0.633900000
1055,16.862500000,0.468300000
1056,17.356800000,0.682300000
1057,15.770800000,0.392700000
1058,16.859900000,0.317700000
1059,17.406300000,0.583300000
1060,16.063500000,0.582300000
1061,16.850000000,1.296300000
1062,16.211500000,0.617700000
1063,16.900000000,0.395300000
1064,15.820800000,0.399400000
1065,23.519800000,0.466100000
1066,12.331200000,2.684400000
1067,14.454200000,0.203700000
1068,17.332300000,0.972400000
1069,19.288500000,3.674000000
1070,13.667200000,0.325500000
1071,19.002100000,0.386500000
1072,13.940600000,0.592700000
1073,16.911500000,0.423000000
1074,17.119300000,0.707300000
1075,17.142700000,1.639600000
1076,16.465600000,0.901500000
1077,17.744800000,0.474500000
1078,14.687500000,0.320800000
1079,16.843700000,0.484400000
1080,17.132800000,0.735400000
1081,15.566200000,0.199000000
1082,16.563500000,0.345900000
1083,17.589600000,0.366200000
1084,16.633400000,0.293200000
1085,16.428600000,0.217200000
1086,16.807800000,0.481800000
1087,16.685400000,0.317700000
1088,16.641200000,0.308400000
1089,17.221300000,0.904700000
1090,17.716700000,1.143700000
1091,15.621300000,1.156200000
1092,15.761000000,0.364100000
1093,16.789000000,0.437000000
1094,19.941700000,3.463500000
1095,20.706800000,2.612500000
1096,9.964600000,0.584300000
1097,16.088000000,0.408900000
1098,16.934900000,0.368800000
1099,17.044300000,0.389600000
1100,16.631700000,1.043200000
1101,15.739100000,0.371400000
1102,17.537000000,0.761400000
1103,16.022400000,0.566700000
1104,17.551500000,1.227600000
1105,15.829200000,0.437000000
1106,17.020300000,0.640100000
1107,17.206800000,0.489600000
1108,16.206700000,0.402600000
1109,17.867800000,1.426600000
1110,14.788500000,0.471900000
1111,17.278600000,0.909900000
1112,16.927600000,0.338500000
1113,15.743800000,0.331800000
1114,17.002100000,0.487500000
1115,16.759400000,0.391700000
1116,17.449400000,0.909900000
1117,18.618800000,3.148500000
1118,14.221300000,0.453700000
1119,17.605200000,0.683800000
1120,15.747400000,0.408300000
1121,16.888600000,0.467700000
1122,15.571900000,0.285400000
1123,16.802600000,0.346400000
1124,19.204700000,0.820900000
1125,14.239000000,0.516100000
1126,17.070300000,0.579700000
1127,19.742200000,3.191700000
1128,14.673500000,1.364000000
1129,15.643200000,0.312500000
1130,16.810400000,0.398000000
1131,19.669300000,1.255700000
1132,14.298900000,0.442700000
1133,15.744300000,0.374000000
1134,17.138000000,0.810400000
1135,15.770900000,0.474400000
1136,16.843700000,0.553100000
1137,16.791100000,0.461000000
1138,17.489100000,1.036000000
1139,15.963600000,0.561500000
1140,17.074400000,0.721400000
1141,15.731800000,0.358400000
1142,16.691700000,0.356200000
1143,16.663500000,0.340100000
1144,17.079700000,0.732800000
1145,17.066700000,0.529700000
1146,16.979700000,0.433800000
1147,17.147300000,1.440100000
1148,16.831300000,1.187000000
1149,17.814100000,0.647400000
1150,15.859300000,1.671900000
1151,18.946400000,4.208400000
1152,13.035900000,0.714500000
1153,16.869300000,0.331800000
1154,21.690600000,6.335400000
1155,15.225500000,4.319300000
1156,14.377100000,1.791100000
1157,14.582800000,0.296400000
1158,16.632300000,0.319700000
1159,16.934900000,0.499500000
1160,16.676100000,0.315100000
1161,17.397400000,0.908900000
1162,16.163000000,0.458900000
1163,21.130200000,0.507800000
1164,11.839600000,0.439100000
1165,16.919200000,0.494300000
1166,16.642200000,0.319800000
1167,17.195900000,0.892200000
1168,15.775000000,0.496300000
1169,18.682800000,1.988000000
1170,14.603100000,0.281700000
1171,16.838500000,0.452600000
1172,17.437000000,0.457300000
1173,15.681800000,0.338000000
1174,17.113500000,0.805700000
1175,16.702600000,0.362500000
1176,17.178700000,0.755200000
1177,16.121300000,0.483800000
1178,16.906300000,0.456800000
1179,18.270800000,1.884900000
1180,15.989100000,0.513500000
1181,15.763500000,0.354700000
1182,17.464100000,1.141200000
1183,15.971300000,0.414000000
1184,17.178700000,0.629200000
1185,16.075000000,0.675500000
1186,16.780700000,0.369300000
1187,16.297400000,0.448500000
1188,18.291200000,1.038500000
1189,15.705200000,0.981300000
1190,16.340100000,1.056300000
1191,17.141600000,0.574000000
1192,15.886500000,0.437500000
1193,16.600000000,0.287500000
1194,17.288000000,0.908300000
1195,15.664600000,0.319300000
1196,16.997400000,0.416200000
1197,17.292700000,0.857300000
1198,15.853100000,0.467700000
1199,16.877100000,0.406800000
1200,16.790600000,0.430200000
1201,16.724000000,0.352100000
1202,17.130200000,0.505700000
1203,15.945300000,0.367200000
1204,16.868300000,0.329600000
1205,16.741100000,0.387000000
1206,17.061500000,0.605200000
1207,16.466600000,0.455200000
1208,18.172900000,1.481200000
1209,15.326100000,0.734900000
1210,16.041600000,0.469800000
1211,16.875000000,0.359900000
1212,17.874500000,1.462500000
1213,15.642700000,0.325000000
1214,17.168300000,0.632300000
1215,17.277600000,1.839600000
1216,14.880700000,0.476100000
1217,17.017200000,0.387500000
1218,16.587500000,0.287000000
1219,17.327600000,0.486900000
1220,16.354200000,0.922400000
1221,17.759900000,0.844800000
1222,16.555700000,1.145300000
1223,15.900000000,0.356300000
1224,16.152100000,0.796900000
1225,18.261400000,0.958900000
1226,14.946400000,0.437500000
1227,18.686400000,1.928700000
1228,14.779200000,0.361000000
1229,17.507300000,0.936900000
1230,16.179200000,0.733800000
1231,16.733800000,0.345300000
1232,15.733300000,0.371800000
1233,16.720400000,0.382800000
1234,17.341600000,0.435900000
1235,16.670300000,0.321800000
1236,17.054700000,0.730200000
1237,16.397400000,0.816600000
1238,16.663600000,0.339100000
1239,16.909900000,0.582800000
1240,17.132800000,1.781200000
1241,16.353600000,0.983900000
1242,15.715600000,0.351000000
1243,17.049000000,0.351600000
1244,16.942200000,0.392100000
1245,16.992200000,0.849000000
1246,15.900000000,0.431300000
1247,16.820800000,0.417200000
1248,17.086500000,0.659400000
1249,16.538500000,1.094800000
1250,15.819800000,0.408300000
1251,16.964100000,0.490100000
1252,16.952000000,0.544300000
1253,17.265700000,0.726000000
1254,16.783300000,1.401000000
1255,16.218800000,0.808900000
1256,15.748400000,0.392700000
1257,16.707800000,0.384900000
1258,17.549000000,0.492700000
1259,16.690600000,0.451100000
1260,15.964600000,0.405800000
1261,17.375000000,0.418700000
1262,15.906200000,0.463100000
1263,17.911500000,0.549500000
1264,16.123900000,0.678600000
1265,16.418300000,0.953600000
1266,17.212500000,0.464000000
1267,16.081200000,0.379700000
1268,16.692700000,0.341100000
1269,17.255200000,0.872400000
1270,16.391700000,0.804700000
1271,16.299000000,0.866600000
1272,17.522400000,1.012500000
1273,15.931200000,0.364100000
1274,16.906300000,0.375000000
1275,15.817700000,0.415600000
1276,16.817200000,0.459400000
1277,16.796800000,0.383300000
1278,16.760400000,0.395800000
1279,17.068300000,0.507300000
1280,17.152100000,0.500000000
1281,16.682800000,1.030200000
1282,15.847900000,0.399000000
1283,16.730700000,0.341200000
1284,16.909400000,0.544800000
1285,17.376000000,0.815600000
1286,15.803200000,0.405200000
1287,17.079600000,0.669300000
1288,24.655200000,7.169200000
1289,8.658900000,0.683900000
1290,15.937000000,0.625500000
1291,16.618700000,0.269800000
1292,16.769800000,0.361400000
1293,17.367200000,0.781300000
1294,16.390100000,0.403100000
1295,17.041200000,0.300500000
1296,17.179100000,0.409400000
1297,17.140100000,1.826100000
1298,14.847400000,0.453100000
1299,16.661000000,0.347400000
1300,16.715100000,0.314100000
1301,17.563000000,0.875500000
1302,15.813500000,0.335900000
1303,16.940100000,0.426100000
1304,16.865100000,0.308300000
1305,17.097400000,1.359400000
1306,16.270900000,0.468200000
1307,16.010400000,0.576500000
1308,16.629200000,0.317200000
1309,16.976500000,0.550000000
1310,16.734900000,0.374500000
1311,18.099000000,0.459400000
1312,15.317200000,0.801000000
1313,16.760400000,0.338100000
1314,17.184300000,0.391700000
1315,15.816700000,0.419800000
1316,16.911500000,0.433800000
1317,17.398900000,0.586500000
1318,15.767200000,0.397400000
1319,17.131300000,0.686500000
1320,16.698400000,0.968800000
1321,17.114600000,0.535900000
1322,15.797400000,0.388500000
1323,17.291700000,0.854200000
1324,16.155200000,0.329200000
1325,16.651500000,0.283300000
1326,18.004700000,0.914600000
1327,15.831300000,1.375000000
1328,15.785400000,0.379200000
1329,19.933300000,1.867200000
1330,14.145800000,0.459900000
1331,16.140700000,0.392200000
1332,16.993700000,0.667200000
1333,16.542700000,0.425000000
1334,16.156800000,0.312000000
1335,16.784400000,0.459300000
1336,16.722900000,0.375600000
1337,16.922900000,0.480200000
1338,18.594300000,0.518200000
1339,15.307300000,0.420800000
1340,15.650500000,0.320300000
1341,16.766700000,0.477700000
1342,16.765600000,0.327100000
1343,17.258300000,0.861500000
1344,15.807300000,0.406300000
1345,17.476000000,0.980700000
1346,15.960500000,0.402000000
1347,17.358800000,1.032300000
1348,15.971900000,0.514600000
1349,17.266700000,0.958800000
1350,16.659900000,0.688500000
1351,16.492700000,0.861500000
1352,16.747400000,0.379700000
1353,18.106700000,1.066100000
1354,14.961500000,0.411500000
1355,17.850500000,1.450000000
1356,16.268800000,0.436500000
1357,16.317100000,0.766700000
1358,16.478200000,0.874000000
1359,17.510400000,0.452100000
1360,15.964100000,0.485900000
1361,16.768200000,1.198000000
1362,15.656800000,0.335400000
1363,16.921300000,0.444800000
1364,17.078100000,0.671300000
1365,17.017200000,0.664100000
1366,16.308900000,0.908400000
1367,16.667700000,0.341700000
1368,17.100500000,0.692200000
1369,16.499000000,0.906200000
1370,16.011400000,0.530800000
1371,16.766200000,0.389000000
1372,18.061900000,0.462500000
1373,15.826600000,0.393800000
1374,15.656300000,0.336000000
1375,16.618200000,0.291200000
1376,18.317200000,0.997400000
1377,20.560400000,3.642700000
1378,12.122400000,0.588500000
1379,17.204200000,1.187500000
1380,15.556200000,0.264100000
1381,16.648400000,0.333300000
1382,16.717700000,0.350000000
1383,18.271900000,1.848500000
1384,15.138000000,0.437000000
1385,17.251100000,0.648900000
1386,15.906800000,0.439600000
1387,17.351500000,0.559400000
1388,15.758400000,0.371900000
1389,17.510900000,1.095800000
1390,17.396900000,1.002100000
1391,16.493700000,1.003600000
1392,16.247400000,0.693200000
1393,17.113600000,1.066100000
1394,16.805200000,1.299500000
1395,15.932800000,0.566200000
1396,16.804100000,0.479700000
1397,16.344800000,0.359900000
1398,17.011000000,0.596300000
1399,17.264000000,0.610400000
1400,15.814600000,0.388600000
1401,16.791700000,0.498500000
1402,15.941600000,0.565100000
1403,17.622400000,1.014500000
1404,15.757300000,0.373400000
1405,16.755200000,0.441600000
1406,17.742200000,1.384900000
1407,17.057800000,1.607300000
1408,15.898000000,0.429100000
1409,16.790600000,1.330200000
1410,15.562000000,0.262500000
1411,17.000000000,0.381200000
1412,16.757800000,0.394800000
1413,17.275000000,0.927700000
1414,15.759900000,0.410900000
1415,17.070300000,0.466600000
1416,16.964000000,0.600000000
1417,16.837000000,0.433300000
1418,16.126100000,0.697900000
1419,17.586400000,1.163600000
1420,16.134400000,0.456800000
1421,17.389600000,0.343800000
1422,15.991700000,0.546800000
1423,25.654100000,6.088600000
1424,7.265100000,0.372400000
1425,18.374500000,1.708400000
1426,22.381800000,1.422900000
1427,12.238500000,3.182300000
1428,13.625500000,0.315100000
1429,17.138600000,0.565700000
1430,15.768700000,0.381200000
1431,17.079700000,0.418800000
1432,17.032300000,0.501100000
1433,17.153100000,0.548500000
1434,15.871400000,0.484400000
1435,16.751500000,0.471900000
1436,17.049500000,0.368700000
1437,16.953200000,1.353600000
1438,15.851500000,0.383300000
1439,17.256300000,0.682800000
1440,15.898400000,0.493800000
1441,17.023400000,0.484900000
1442,16.959900000,0.415100000
1443,16.014100000,0.550600000
1444,17.435900000,0.879700000
1445,17.530200000,1.347900000
1446,16.049500000,0.478600000
1447,16.052600000,0.518200000
1448,16.995300000,0.442700000
1449,16.886000000,0.784300000
1450,15.764000000,0.372400000
1451,18.194300000,1.119800000
1452,16.828100000,0.491100000
1453,16.115100000,1.281800000
1454,15.752600000,0.385900000
1455,17.076600000,0.617200000
1456,15.928700000,0.441100000
1457,16.546800000,0.264600000
1458,18.076600000,1.329700000
1459,15.763000000,0.368200000
1460,16.709400000,0.351100000
1461,17.511400000,1.037500000
1462,15.911000000,0.459900000
1463,17.144800000,0.697400000
1464,15.587000000,0.282300000
1465,17.141600000,0.771400000
1466,17.186500000,0.800000000
1467,17.767200000,2.239600000
1468,14.969200000,0.453100000
1469,17.545300000,0.549500000
1470,17.668800000,2.165700000
1471,15.442200000,0.983900000
1472,15.747400000,0.409400000
1473,17.670800000,0.760900000
1474,15.828700000,0.383800000
1475,18.038500000,0.477100000
1476,16.260400000,0.444800000
1477,16.988000000,0.395300000
1478,18.547400000,1.964100000
1479,14.956300000,0.496400000
1480,15.960900000,0.622900000
1481,15.789100000,0.439600000
1482,17.103600000,0.617700000
1483,17.369300000,0.785900000
1484,15.940600000,0.477600000
1485,17.708900000,1.358400000
1486,15.929700000,0.391600000
1487,16.772900000,1.413000000
1488,15.675000000,0.341700000
1489,18.470800000,1.192700000
1490,14.947900000,0.518200000
1491,21.718300000,4.897900000
1492,12.056700000,0.416700000
1493,16.667200000,0.397900000
1494,16.695300000,0.392800000
1495,16.752600000,0.328100000
1496,16.621400000,0.296900000
1497,16.787500000,0.495800000
1498,16.628100000,0.319800000
1499,16.837000000,0.388600000
1500,15.794800000,0.398000000
1501,16.681800000,0.372900000
1502,17.530700000,1.126500000
1503,17.269800000,1.851100000
1504,15.806200000,0.376600000
1505,18.289600000,1.926000000
1506,15.406300000,0.306300000
1507,16.560900000,0.661000000
1508,15.726000000,0.345300000
1509,18.399000000,1.948500000
1510,16.093200000,0.386500000
1511,15.908400000,0.507800000
1512,16.644800000,0.319300000
1513,16.937500000,0.371300000
1514,17.561400000,0.447900000
1515,17.464600000,1.939600000
1516,14.863000000,0.413500000
1517,18.081300000,1.676500000
1518,16.335900000,1.886900000
1519,17.152600000,1.326600000
1520,14.887500000,0.410900000
1521,17.825000000,0.344800000
1522,18.044800000,2.285400000
1523,13.802600000,0.406800000
1524,16.668200000,0.318200000
1525,19.435500000,0.862500000
1526,14.853100000,0.444300000
1527,15.536400000,0.258900000
1528,17.763600000,0.409400000
1529,16.471900000,0.586500000
1530,17.084300000,0.375500000
1531,17.451100000,1.408300000
1532,15.424400000,0.946900000
1533,17.116700000,0.776600000
1534,15.812000000,0.384400000
1535,17.940600000,0.947900000
1536,16.042200000,0.711000000
1537,16.505700000,1.135900000
1538,16.825000000,0.400500000
1539,16.543800000,1.094800000
1540,17.006200000,0.569300000
1541,17.862000000,0.731300000
1542,15.093200000,0.646400000
1543,16.934400000,0.392700000
1544,16.556300000,0.443700000
1545,16.118700000,0.650500000
1546,16.721900000,0.310900000
1547,18.291700000,0.419800000
1548,15.229600000,0.845900000
1549,17.373500000,0.413100000
1550,16.985900000,1.114600000
1551,15.830800000,0.456200000
1552,16.572900000,0.274000000
1553,17.007800000,0.670800000
1554,16.550500000,1.106300000
1555,16.426000000,1.011000000
1556,16.971900000,0.480800000
1557,16.090100000,0.612000000
1558,17.467700000,0.953700000
1559,16.779200000,1.331200000
1560,16.212000000,0.796800000
1561,16.342200000,1.030200000
1562,17.971800000,0.446300000
1563,15.006800000,0.347400000
1564,17.109400000,0.295800000
1565,16.676000000,0.359900000
1566,20.125000000,1.169300000
1567,13.218800000,0.908400000
1568,16.857800000,0.334400000
1569,15.989100000,0.518700000
1570,16.881200000,0.385900000
1571,17.552600000,0.561500000
1572,16.109900000,0.680800000
1573,17.316100000,0.378100000
1574,15.773500000,0.404200000
1575,17.936400000,1.305800000
1576,16.082900000,0.670300000
1577,16.134300000,0.754700000
1578,17.085400000,0.691600000
1579,16.871900000,0.914100000
1580,16.167700000,0.696300000
1581,17.410400000,0.777100000
1582,16.803700000,0.419300000
1583,16.044800000,0.615700000
1584,15.802100000,0.348500000
1585,17.131200000,0.458800000
1586,16.776100000,0.324500000
1587,17.843700000,1.128100000
1588,15.537000000,1.112500000
1589,18.001600000,1.446300000
1590,14.701000000,0.343300000
1591,16.728600000,0.369800000
1592,17.266200000,0.900600000
1593,17.829200000,0.907300000
1594,16.246800000,0.514100000
1595,16.464600000,0.785500000
1596,15.552600000,0.254100000
1597,16.808900000,0.507300000
1598,16.770800000,0.392700000
1599,17.588500000,1.015600000
1600,17.643300000,0.401600000
1601,15.326500000,0.504200000
1602,15.623500000,0.304200000
1603,16.635900000,0.315100000
1604,16.717200000,0.368800000
1605,17.782800000,1.383300000
1606,16.724000000,0.514600000
1607,16.379700000,1.014600000
1608,16.093200000,0.460400000
1609,18.513000000,0.725000000
1610,14.912000000,0.456800000
1611,18.082800000,1.586500000
1612,16.076000000,0.645800000
1613,19.669800000,0.810900000
1614,12.660400000,0.322900000
1615,17.483900000,1.065600000
1616,16.415600000,0.879200000
1617,17.315100000,0.652600000
1618,15.854700000,0.434300000
1619,18.119800000,1.122900000
1620,14.805700000,0.331700000
1621,16.916700000,0.596900000
1622,16.664600000,0.315100000
1623,21.180700000,3.979200000
1624,11.905700000,0.496300000
1625,17.399500000,1.068700000
1626,15.820900000,0.412500000
1627,17.707300000,1.281800000
1628,16.565600000,1.174000000
1629,16.442200000,1.087500000
1630,16.782300000,0.496900000
1631,15.664500000,0.317700000
1632,16.653700000,0.283300000
1633,17.030200000,0.387500000
1634,17.351600000,0.883800000
1635,16.948400000,1.475500000
1636,16.154700000,0.523900000
1637,17.400000000,0.807900000
1638,15.965100000,0.550600000
1639,17.008800000,0.390600000
1640,16.229200000,0.681300000
1641,17.094300000,0.440700000
1642,16.689000000,1.209300000
1643,16.473500000,1.063500000
1644,16.517700000,0.784400000
1645,17.370300000,0.397900000
1646,16.036500000,0.617200000
1647,15.788000000,0.418300000
1648,16.990100000,0.588600000
1649,16.860900000,0.474000000
1650,18.139100000,1.072900000
1651,15.957800000,1.491100000
1652,15.882300000,0.458800000
1653,17.304200000,0.795300000
1654,16.244200000,0.441700000
1655,17.066700000,0.520800000
1656,15.778600000,0.388500000
1657,18.667700000,2.251100000
1658,16.397400000,1.531300000
1659,15.096400000,0.700600000
1660,16.898400000,0.443200000
1661,17.076100000,0.594800000
1662,16.286400000,0.586000000
1663,18.340100000,0.577100000
1664,14.754200000,0.404700000
1665,17.408900000,1.077600000
1666,15.889500000,0.501600000
1667,16.889100000,0.465700000
1668,17.077600000,0.638000000
1669,16.090100000,0.630800000
1670,16.821400000,0.400000000
1671,18.738500000,2.278100000
1672,16.897400000,2.446900000
1673,14.049500000,0.552600000
1674,16.753100000,0.427100000
1675,17.171400000,0.655200000
1676,15.814000000,0.416200000
1677,16.725500000,0.414600000
1678,17.002600000,0.478100000
1679,18.259400000,1.871900000
1680,14.855800000,0.428600000
1681,18.144700000,1.736500000
1682,15.642800000,0.311900000
1683,16.931200000,0.570800000
1684,15.803600000,0.428100000
1685,16.673500000,0.362000000
1686,17.874500000,0.941100000
1687,16.276000000,0.801000000
1688,15.672900000,0.343200000
1689,16.568800000,0.285400000
1690,17.548400000,0.266100000
1691,19.931300000,0.957800000
1692,12.823900000,0.411400000
1693,17.434400000,1.004100000
1694,17.623400000,0.995300000
1695,16.374000000,0.427600000
1696,17.288000000,1.773000000
1697,15.082300000,0.627000000
1698,17.051600000,0.625000000
1699,15.692200000,0.350000000
1700,17.966600000,1.508900000
1701,16.796900000,1.248000000
1702,16.294300000,0.817700000
1703,15.888500000,0.482800000
1704,17.993200000,1.395800000
1705,16.080800000,0.659900000
1706,16.096300000,0.591700000
1707,18.222400000,1.364100000
1708,14.919800000,0.489600000
1709,18.891700000,1.880200000
1710,15.214000000,0.825000000
1711,16.382300000,0.766200000
1712,18.127100000,1.456700000
1713,14.758300000,0.383300000
1714,16.965700000,0.556700000
1715,17.282300000,0.881300000
1716,15.825000000,0.365700000
1717,17.618200000,1.192700000
1718,16.870300000,0.685900000
1719,16.372400000,1.025000000
1720,15.862500000,0.325500000
1721,18.217200000,1.795900000
1722,14.833300000,0.427600000
1723,18.179700000,1.743200000
1724,16.317200000,0.587000000
1725,16.843700000,0.309400000
1726,15.673500000,0.349000000
1727,17.582800000,1.165100000
1728,16.295800000,0.857800000
1729,15.790700000,0.387500000
1730,16.936400000,0.483900000
1731,17.271400000,0.902600000
1732,16.096300000,0.722900000
1733,18.512000000,2.076600000
1734,15.485400000,1.079700000
1735,17.496900000,1.940600000
1736,16.941700000,0.630200000
1737,15.478100000,0.937000000
1738,16.253100000,0.813100000
1739,16.883900000,0.430700000
1740,16.981700000,0.524500000
1741,15.609900000,0.304600000
1742,18.457800000,2.045800000
1743,14.692700000,0.339000000
1744,16.817800000,0.439600000
1745,16.933300000,0.433900000
1746,16.675000000,0.341100000
1747,17.079200000,0.560400000
1748,16.756700000,0.329600000
1749,17.652100000,0.908400000
1750,16.015100000,0.466200000
1751,16.169300000,0.708800000
1752,16.954700000,0.625000000
1753,16.075500000,0.717100000
1754,16.668700000,0.333300000
1755,17.590100000,1.246400000
1756,16.342800000,0.858300000
1757,15.849400000,0.445300000
1758,16.621900000,0.328600000
1759,17.269300000,0.503700000
1760,16.819300000,0.414000000
1761,17.394200000,0.523000000
1762,16.302600000,0.750000000
1763,16.320900000,0.872400000
1764,16.726000000,1.311500000
1765,16.760400000,1.176600000
1766,16.056800000,0.672400000
1767,16.653600000,0.338000000
1768,17.095900000,0.284400000
1769,16.984300000,0.529200000
1770,16.795900000,1.368800000
1771,15.689600000,0.328700000
1772,16.917100000,0.473500000
1773,16.545400000,0.252100000
1774,17.158800000,0.639100000
1775,15.878700000,0.473900000
1776,16.947900000,0.387000000
1777,17.488000000,0.697400000
1778,16.035400000,0.642200000
1779,17.942700000,1.491200000
1780,15.096400000,0.642200000
1781,18.640100000,2.189600000
1782,15.907800000,1.416600000
1783,15.912000000,0.511400000
1784,16.848900000,0.462500000
1785,15.972400000,0.537000000
1786,16.728200000,0.338000000
1787,17.665100000,0.407800000
1788,15.635400000,0.320300000
1789,16.861400000,0.441700000
1790,17.205800000,0.452000000
1791,16.102600000,0.679200000
1792,17.433800000,0.436000000
1793,16.270300000,0.837500000
1794,17.546900000,0.486000000
1795,16.121900000,0.538000000
1796,16.780200000,1.334900000
1797,15.807800000,0.460900000
1798,18.043200000,0.489600000
1799,15.732800000,0.408300000
1800,16.844300000,0.305700000
1801,15.559900000,0.268700000
1802,16.607300000,0.302100000
1803,16.567200000,0.294800000
1804,17.631200000,0.317200000
1805,17.536000000,1.188600000
1806,16.513000000,1.130800000
1807,15.749000000,0.391200000
1808,16.879100000,0.429700000
1809,17.432300000,1.055200000
1810,15.614100000,0.268300000
1811,16.842700000,0.463100000
1812,17.428100000,0.646400000
1813,16.754700000,1.275000000
1814,16.589100000,0.589100000
1815,16.783300000,1.305700000
1816,16.018700000,0.390600000
1817,16.295400000,0.544300000
1818,17.367700000,0.994300000
1819,16.963000000,1.495300000
1820,17.335400000,1.295300000
1821,15.847400000,1.281800000
1822,15.801600000,0.396400000
1823,16.643200000,0.306800000
1824,16.840100000,0.505800000
1825,17.060900000,0.372900000
1826,15.949500000,0.610400000
1827,17.752600000,1.276000000
1828,15.866700000,0.417800000
1829,16.919300000,0.549400000
1830,17.639000000,0.917200000
1831,16.816700000,0.880300000
1832,14.962500000,0.499400000
1833,19.089000000,2.657800000
1834,14.841700000,0.431800000
1835,15.951600000,0.483900000
1836,16.704100000,0.390100000
1837,16.893300000,0.407200000
1838,17.145800000,0.511500000
1839,15.570300000,0.277100000
1840,18.464100000,1.042200000
1841,16.258800000,0.625600000
1842,15.858900000,0.315600000
1843,16.638000000,0.332800000
1844,17.084400000,0.706800000
1845,18.001000000,1.190100000
1846,14.913600000,0.425500000
1847,17.025000000,0.626500000
1848,16.965600000,0.550600000
1849,15.731200000,0.418700000
1850,16.745400000,0.372300000
1851,16.719200000,0.359900000
1852,17.091200000,0.664600000
1853,17.368200000,0.684300000
1854,17.445800000,1.944800000
1855,14.868800000,0.463500000
1856,16.939000000,0.463500000
1857,18.351600000,1.917200000
1858,15.042700000,0.429700000
1859,17.569300000,1.165600000
1860,16.421300000,1.017700000
1861,16.166700000,0.858300000
1862,16.727600000,0.365700000
1863,16.942700000,0.381300000
1864,16.835400000,0.799500000
1865,18.398000000,2.891600000
1866,13.782800000,0.405200000
1867,17.324400000,0.606200000
1868,17.081300000,0.684400000
1869,15.896300000,0.471400000
1870,17.256800000,0.380700000
1871,16.137500000,0.476500000
1872,18.203100000,1.787500000
1873,15.140100000,0.693700000
1874,17.066700000,0.623900000
1875,15.768200000,0.446300000
1876,16.916200000,0.572900000
1877,17.062000000,0.669800000
1878,17.215100000,0.771800000
1879,15.905700000,0.466200000
1880,17.605700000,0.576100000
1881,15.516200000,0.241700000
1882,17.181200000,0.741100000
1883,17.163000000,0.692200000
1884,15.812000000,0.416600000
1885,21.843800000,0.575000000
1886,11.905700000,0.443800000
1887,18.133900000,1.603600000
1888,15.095300000,0.458300000
1889,17.992700000,1.576000000
1890,14.622900000,0.317700000
1891,17.030700000,0.530200000
1892,32.453200000,5.343200000
1893,11.579100000,8.140100000
1894,10.086000000,0.973900000
1895,12.849400000,0.512500000
1896,17.031300000,0.668200000
1897,16.718700000,0.317800000
1898,17.037500000,0.681200000
1899,16.181300000,0.783800000
1900,16.597900000,0.287000000
1901,16.830700000,0.494300000
1902,16.979200000,0.413100000
1903,16.133900000,0.691700000
1904,17.450000000,0.770800000
1905,16.359300000,0.896900000
1906,15.802100000,0.376100000
1907,17.006800000,0.503600000
1908,17.200000000,0.500000000
1909,16.055200000,0.485400000
1910,17.084900000,0.667200000
1911,15.713000000,0.309900000
1912,18.732800000,0.506800000
1913,15.737500000,1.220300000
1914,15.669300000,0.334400000
1915,16.542700000,0.262000000
1916,16.811500000,0.440600000
1917,17.811400000,1.354200000
1918,16.033900000,0.518700000
1919,17.892700000,1.503700000
1920,15.859400000,0.440100000
1921,16.867100000,1.385400000
1922,16.782300000,1.299000000
1923,16.633400000,1.247400000
1924,16.255700000,0.795300000
1925,18.193200000,1.391200000
1926,15.352100000,0.903700000
1927,15.664100000,0.331800000
1928,17.072900000,0.713000000
1929,17.109900000,0.483400000
1930,16.270800000,0.468200000
1931,17.595800000,1.173400000
1932,16.571400000,0.438600000
1933,15.603100000,0.282300000
1934,16.840700000,0.485900000
1935,17.772900000,1.387500000
1936,15.776500000,0.392700000
1937,16.716700000,0.362000000
1938,16.924000000,0.441700000
1939,15.635900000,0.349500000
1940,16.727600000,0.367200000
1941,17.600500000,1.167200000
1942,16.553100000,0.568800000
1943,16.843300000,0.417700000
1944,16.379100000,0.967200000
1945,17.521900000,0.758300000
1946,17.306800000,1.604700000
1947,15.244800000,0.921300000
1948,16.948400000,0.531800000
1949,15.657800000,0.328100000
1950,16.542200000,0.269300000
1951,16.849000000,0.447400000
1952,17.502100000,0.776000000
1953,18.633800000,2.089500000
1954,13.954200000,0.455700000
1955,17.470800000,1.068200000
1956,15.696900000,0.418800000
1957,16.961400000,0.606800000
1958,17.268800000,0.460900000
1959,15.793700000,0.475600000
1960,16.818300000,0.331200000
1961,16.855200000,0.442200000
1962,18.090100000,1.053600000
1963,17.281200000,1.889600000
1964,15.760500000,1.108300000
1965,17.614500000,0.753600000
1966,15.150600000,0.854100000
1967,15.706200000,0.333300000
1968,16.696400000,0.368800000
1969,16.772900000,0.408900000
1970,17.159400000,0.440600000
1971,17.201500000,0.497400000
1972,15.841700000,0.446400000
1973,16.948900000,0.615600000
1974,17.147400000,0.365600000
1975,15.778200000,0.476500000
1976,16.983300000,0.432800000
1977,17.427600000,0.605200000
1978,15.629200000,0.320300000
1979,16.893200000,0.493700000
1980,17.338000000,0.631800000
1981,15.922900000,0.469800000
1982,16.689100000,0.319300000
1983,17.401600000,0.626100000
1984,16.305700000,0.834900000
1985,17.199500000,0.866700000
1986,16.406200000,0.451100000
1987,15.906300000,0.588500000
1988,19.156700000,0.802100000
1989,14.785500000,0.415600000
1990,15.784300000,0.348900000
1991,16.606300000,0.314100000
1992,16.809900000,0.407300000
1993,16.712000000,0.345300000
1994,17.303100000,0.996900000
1995,18.514000000,2.076600000
1996,15.191700000,0.611900000
1997,15.858900000,0.436900000
1998,18.824400000,2.042700000
1999,15.081800000,0.561500000
2000,16.275500000,0.928100000
2001,18.994800000,1.309900000
2002,14.432300000,0.942100000
2003,17.170300000,0.664100000
2004,17.394800000,0.384400000
2005,21.456800000,4.532800000
2006,11.401600000,1.062500000
2007,19.220800000,1.107300000
2008,12.828100000,0.506200000
2009,16.877600000,0.586400000
2010,16.840100000,0.533800000
2011,16.850000000,0.432800000
2012,17.137500000,0.470300000
2013,15.562500000,0.291100000
2014,16.805700000,0.263500000
2015,17.026100000,0.775000000
2016,17.151000000,0.421300000
2017,15.920300000,0.453100000
2018,16.815100000,0.440100000
2019,18.663600000,1.969300000
2020,14.885400000,0.420400000
2021,17.190100000,0.782800000
2022,17.507300000,2.048000000
2023,14.885400000,0.417700000
2024,17.502100000,0.490100000
2025,16.320800000,0.912000000
2026,17.294800000,0.884400000
2027,16.000000000,0.443200000
2028,16.800000000,0.328600000
2029,16.775500000,0.459900000
2030,15.976100000,0.633400000
2031,17.073900000,0.628100000
2032,17.044800000,0.537500000
2033,15.779700000,0.406800000
2034,17.291700000,0.844700000
2035,16.152100000,0.437500000
2036,16.846300000,0.496800000
2037,18.026100000,1.195800000
2038,15.746300000,0.363000000
2039,15.631800000,0.308300000
2040,17.849000000,0.407300000
2041,15.628100000,0.282800000
2042,18.205200000,1.484900000
2043,18.901000000,3.066700000
2044,15.281800000,1.174500000
2045,14.875000000,0.481300000
2046,17.421400000,0.514600000
2047,15.914500000,0.481800000
2048,19.267200000,2.765100000
2049,14.054700000,0.596900000
2050,16.831300000,0.532300000
2051,16.832300000,0.521400000
2052,15.684900000,0.291700000
2053,17.341600000,0.443200000
2054,17.292700000,0.843700000
2055,16.160400000,0.725500000
2056,16.923000000,0.450500000
2057,16.693200000,1.311000000
2058,15.740600000,0.383800000
2059,16.917700000,0.376000000
2060,16.817200000,0.423400000
2061,17.460900000,0.723500000
2062,15.894300000,0.428200000
2063,16.868800000,0.398000000
2064,18.009300000,1.160400000
2065,17.170400000,2.725000000
2066,15.497400000,0.794800000
2067,18.058800000,2.276000000
2068,14.868200000,0.434900000
2069,15.879200000,0.433900000
2070,17.065100000,0.728700000
2071,18.116700000,1.716600000
2072,15.317700000,0.658300000
2073,18.155200000,1.277600000
2074,15.023400000,0.463100000
2075,18.041200000,1.433800000
2076,15.257300000,0.907300000
2077,16.820800000,0.444300000
2078,17.410400000,0.994700000
2079,16.347900000,0.924000000
2080,16.370900000,0.496300000
2081,17.399400000,0.812500000
2082,15.954200000,0.627100000
2083,16.868800000,0.507800000
2084,17.243200000,1.844800000
2085,17.347400000,1.793700000
2086,14.680700000,0.353600000
2087,16.853100000,0.436500000
2088,17.310500000,0.400000000
2089,16.031200000,0.667200000
2090,17.227600000,0.475000000
2091,15.556300000,0.276600000
2092,18.402000000,0.765600000
2093,15.736500000,0.366100000
2094,17.178600000,0.383300000
2095,16.164600000,0.747400000
2096,16.741700000,0.391700000
2097,18.039100000,1.544200000
2098,14.693700000,0.353100000
2099,18.384900000,1.448000000
2100,14.663000000,0.331700000
2101,17.101600000,0.703600000
2102,18.000500000,0.368800000
2103,16.204200000,0.420800000
2104,15.583800000,0.292700000
2105,16.964100000,0.639100000
2106,17.209400000,0.866600000
2107,15.632800000,0.316200000
2108,16.784900000,0.405800000
2109,16.615600000,0.297400000
2110,16.832300000,0.422300000
2111,18.479700000,0.696900000
2112,14.628600000,0.308300000
2113,16.794300000,0.474000000
2114,17.241100000,0.415100000
2115,17.219300000,0.509400000
2116,16.046900000,0.497400000
2117,18.536400000,2.001000000
2118,15.590200000,0.448500000
2119,15.910400000,0.465100000
2120,16.867200000,0.537500000
2121,15.853600000,0.401000000
2122,17.062000000,0.509900000
2123,18.873900000,0.434400000
2124,15.815700000,1.115600000
2125,16.897900000,1.166700000
2126,14.757300000,0.419200000
2127,17.228100000,0.855200000
2128,16.593700000,0.278600000
2129,16.690200000,0.338500000
2130,17.317100000,0.681800000
2131,16.096400000,0.570800000
2132,17.275500000,0.806300000
2133,15.881800000,0.529200000
2134,17.121900000,0.678600000
2135,15.552600000,0.266200000
2136,18.343200000,0.401600000
2137,17.175500000,1.361400000
2138,14.968200000,0.615100000
2139,17.153200000,0.726100000
2140,17.059300000,0.538600000
2141,15.946900000,0.533300000
2142,17.017700000,0.393200000
2143,17.059400000,0.384400000
2144,15.886500000,0.454700000
2145,18.928100000,2.145900000
2146,14.985400000,0.500500000
2147,15.855200000,0.479700000
2148,17.716200000,1.309400000
2149,15.920800000,0.533900000
2150,16.839100000,0.342200000
2151,18.117700000,1.593200000
2152,15.490100000,0.509900000
2153,15.763500000,0.377600000
2154,16.682800000,0.351000000
2155,16.897400000,0.617200000
2156,16.668200000,0.336900000
2157,17.374500000,0.543800000
2158,15.892200000,0.343200000
2159,16.839600000,0.329700000
2160,17.002100000,0.636000000
2161,17.100500000,0.573400000
2162,16.200000000,0.878700000
2163,16.849500000,0.364100000
2164,17.055700000,1.324500000
2165,15.923400000,0.530700000
2166,18.532900000,0.632300000
2167,14.941100000,0.371900000
2168,16.737500000,0.408400000
2169,17.014100000,0.641100000
2170,16.747400000,0.368700000
2171,15.995800000,0.551000000
2172,18.092200000,0.490600000
2173,15.430200000,1.067100000
2174,17.395800000,0.934900000
2175,16.491200000,0.516100000
2176,16.601500000,0.549000000
2177,16.063100000,0.612000000
2178,17.118200000,0.419800000
2179,15.765600000,0.387000000
2180,17.430700000,1.098400000
2181,15.889100000,0.368300000
2182,16.897400000,0.374500000
2183,19.352600000,2.092200000
2184,14.777100000,1.279700000
2185,15.873900000,0.432300000
2186,17.949500000,1.423500000
2187,16.110400000,0.430200000
2188,15.826100000,0.389000000
2189,16.926500000,0.546800000
2190,18.017700000,1.435400000
2191,16.171400000,1.208300000
2192,16.282300000,0.802600000
2193,16.599500000,0.942200000
2194,16.465600000,0.969800000
2195,16.820800000,0.487000000
2196,16.984400000,1.642200000
2197,16.179700000,0.765600000
2198,17.984400000,1.557800000
2199,15.566600000,1.151100000
2200,16.204700000,0.650000000
2201,16.822400000,0.396900000
2202,17.247900000,0.610400000
2203,15.920900000,0.615700000
2204,17.690100000,0.648500000
2205,16.559900000,0.750000000
2206,15.841100000,0.399000000
2207,21.683300000,4.671300000
2208,12.279700000,0.325000000
2209,17.428200000,1.301600000
2210,14.750500000,0.394800000
2211,17.169300000,0.788100000
2212,16.711900000,0.376100000
2213,16.542200000,0.259400000
2214,16.741200000,0.455700000
2215,16.584300000,0.306300000
2216,16.917200000,0.445300000
2217,16.944300000,0.360500000
2218,15.893200000,0.460500000
2219,16.555200000,0.281300000
2220,16.580800000,0.289600000
2221,17.673400000,0.582800000
2222,16.431300000,0.453700000
2223,16.730700000,0.255700000
2224,16.557300000,0.288000000
2225,16.793200000,0.487500000
2226,16.490600000,0.238000000
2227,16.642200000,0.376500000
2228,16.605200000,0.308900000
2229,16.971400000,0.431200000
2230,15.862500000,0.367700000
2231,16.739600000,0.393800000
2232,17.391600000,1.068700000
2233,15.675000000,0.339600000
2234,17.347900000,1.014000000
2235,16.872400000,0.388500000
2236,16.689600000,0.372400000
2237,17.526600000,0.949000000
2238,16.358300000,0.571900000
2239,16.116700000,0.693700000
2240,17.627100000,0.379600000
2241,15.960900000,0.444800000
2242,15.730200000,0.316100000
2243,16.963000000,0.549000000
2244,18.866700000,1.473400000
2245,15.271400000,0.429200000
2246,17.633800000,2.034900000
2247,15.019800000,0.528100000
2248,16.909400000,0.618800000
2249,16.688500000,0.359900000
2250,17.520300000,0.406200000
2251,16.125000000,0.633300000
2252,16.750000000,0.952600000
2253,16.233400000,0.945300000
2254,16.669200000,0.355200000
2255,16.929700000,0.489600000
2256,17.073500000,1.469800000
2257,15.902600000,0.424500000
2258,16.799400000,0.414000000
2259,17.251100000,0.778600000
2260,16.134900000,0.740700000
2261,15.863500000,0.439600000
2262,19.670900000,1.922400000
2263,13.840100000,0.395300000
2264,17.709300000,0.917200000
2265,16.058400000,0.735400000
2266,16.951000000,0.486500000
2267,16.992700000,1.350500000
2268,16.405200000,1.046400000
2269,15.891700000,0.444700000
2270,16.917200000,0.454100000
2271,16.947900000,0.615700000
2272,16.764100000,0.386500000
2273,15.948400000,0.494800000
2274,17.759900000,1.323400000
2275,16.310400000,0.467200000
2276,16.429700000,0.802600000
2277,17.247400000,0.518200000
2278,17.226000000,1.814100000
2279,15.840100000,0.463500000
2280,16.611000000,0.384900000
2281,15.814000000,0.530300000
2282,18.370900000,1.950000000
2283,16.152100000,0.576100000
2284,16.034900000,0.382200000
2285,17.039500000,0.552600000
2286,16.653200000,1.186000000
2287,17.057300000,1.427100000
2288,15.970300000,0.590600000
2289,16.911400000,0.346900000
2290,15.893800000,0.441200000
2291,16.877100000,0.495800000
2292,17.210400000,0.742700000
2293,17.238000000,1.424500000
2294,15.614100000,0.295400000
2295,17.516600000,0.582300000
2296,15.789600000,0.359900000
2297,16.679200000,0.346400000
2298,18.301000000,1.960400000
2299,15.521900000,0.488500000
2300,16.701000000,1.262000000
2301,15.790700000,0.385900000
2302,18.000500000,1.026100000
2303,15.941600000,0.493200000
2304,17.559900000,0.836000000
2305,15.980800000,0.633900000
2306,16.220300000,0.792200000
2307,17.461400000,1.121900000
2308,17.029200000,0.452600000
2309,16.332800000,0.922400000
2310,16.177100000,0.727600000
2311,16.926000000,0.497400000
2312,16.112000000,0.445900000
2313,17.406300000,0.537500000
2314,16.890100000,0.438100000
2315,15.857800000,0.434900000
2316,17.690100000,1.003700000
2317,16.177600000,0.349000000
2318,16.142700000,0.440100000
2319,17.279700000,0.432800000
2320,15.843700000,0.441100000
2321,16.912000000,0.505200000
2322,17.040600000,0.418700000
2323,16.264600000,0.566100000
2324,16.842700000,0.448400000
2325,17.208400000,0.608900000
2326,16.090600000,0.485500000
2327,17.068200000,0.534900000
2328,15.894800000,0.591700000
2329,16.688600000,0.362500000
2330,17.623900000,0.858300000
2331,16.052100000,0.656800000
2332,16.999000000,0.345400000
2333,15.742100000,0.451000000
2334,17.118800000,0.464600000
2335,17.393200000,0.987500000
2336,16.875500000,0.445800000
2337,16.670400000,0.811500000
2338,15.843700000,0.364600000
2339,17.145800000,0.489100000
2340,16.992200000,1.119800000
2341,15.667200000,0.338500000
2342,16.873500000,0.433300000
2343,17.236900000,0.554700000
2344,16.865700000,1.144300000
2345,15.755200000,0.375500000
2346,16.863000000,0.324000000
2347,16.743700000,0.383300000
2348,17.360500000,1.890600000
2349,16.059300000,0.305700000
2350,15.780800000,0.439500000
2351,17.114000000,0.714100000
2352,18.905800000,1.726600000
2353,15.127600000,0.704700000
2354,17.371300000,0.630200000
2355,15.242700000,0.790700000
2356,18.108400000,1.122900000
2357,14.879600000,0.407300000
2358,18.354200000,2.031800000
2359,14.837500000,0.512000000
2360,17.060900000,0.714000000
2361,17.356800000,1.002100000
2362,16.478700000,0.477000000
2363,15.964500000,0.456300000
2364,17.188600000,0.786500000
2365,17.102100000,0.699000000
2366,16.132800000,0.596900000
2367,17.018200000,0.401600000
2368,16.471400000,1.068200000
2369,16.609900000,0.309400000
2370,17.126500000,0.469800000
2371,15.891700000,0.438000000
2372,18.352100000,1.310400000
2373,15.914600000,0.542200000
2374,16.843700000,0.941600000
2375,16.159400000,0.511900000
2376,16.548400000,1.070900000
2377,15.869300000,0.450000000
2378,17.101000000,0.752100000
2379,21.431300000,3.695800000
2380,11.869300000,0.386400000
2381,16.678100000,0.331300000
2382,17.618200000,0.377600000
2383,15.858900000,0.407800000
2384,17.132300000,0.414500000
2385,16.103600000,0.658900000
2386,18.001600000,0.580700000
2387,14.740100000,0.389000000
2388,16.665600000,0.335400000
2389,16.954700000,0.531700000
2390,17.672900000,1.020300000
2391,16.029200000,0.570300000
2392,17.172900000,0.480300000
2393,16.179100000,0.736000000
2394,18.850000000,1.980200000
2395,15.548500000,1.211500000
2396,16.756200000,1.227100000
2397,16.017700000,0.513000000
2398,17.487000000,0.429700000
2399,15.081800000,0.634900000
2400,25.369300000,1.321800000
2401,8.150500000,0.774500000
2402,17.151000000,0.636000000
2403,16.174000000,0.677600000
2404,17.458800000,0.479200000
2405,15.738600000,0.407300000
2406,16.916100000,0.596900000
2407,17.614100000,1.156200000
2408,17.027100000,1.400500000
2409,14.714000000,0.369800000
2410,17.337500000,0.821300000
2411,17.030800000,0.311000000
2412,15.646300000,0.327600000
2413,16.805700000,0.434400000
2414,18.404700000,1.665100000
2415,14.801600000,0.445800000
2416,16.677600000,0.347400000
2417,16.608300000,0.294800000
2418,17.291700000,0.781800000
2419,16.671400000,0.322900000
2420,18.639500000,0.616700000
2421,15.684400000,0.804100000
2422,15.690100000,0.330700000
2423,16.734400000,0.395300000
2424,17.156200000,0.443200000
2425,16.805800000,0.741700000
2426,16.343200000,0.928100000
2427,16.345300000,0.847900000
2428,17.325000000,0.708400000
2429,15.850000000,0.513600000
2430,17.963000000,0.571800000
2431,17.455200000,2.381700000
2432,14.845900000,0.366100000
2433,17.127100000,0.496900000
2434,15.904100000,0.453100000
2435,17.199500000,0.696900000
2436,16.617200000,1.277600000
2437,16.522900000,0.999500000
2438,15.593200000,0.291700000
2439,17.740700000,0.278200000
2440,15.784900000,0.394300000
2441,16.780700000,0.394800000
2442,17.852100000,1.425000000
2443,15.959900000,0.509900000
2444,16.910900000,0.395900000
2445,17.478100000,0.867700000
2446,16.097400000,0.442200000
2447,16.020300000,0.556800000
2448,16.919300000,0.615600000
2449,17.081800000,0.683800000
2450,16.124500000,0.394300000
2451,18.058800000,1.239100000
2452,15.490100000,0.758400000
2453,17.112000000,0.659300000
2454,16.221900000,0.853100000
2455,16.827600000,0.435400000
2456,16.837500000,1.557300000
2457,16.631200000,1.209900000
2458,16.215100000,0.579200000
2459,16.970900000,0.497900000
2460,16.755200000,1.298400000
2461,15.836900000,0.406800000
2462,17.055300000,0.740600000
2463,17.210900000,0.611400000
2464,17.053600000,1.434900000
2465,15.893800000,0.403200000
2466,17.061400000,0.377100000
2467,15.962000000,0.503700000
2468,20.372900000,0.457800000
2469,14.321400000,1.218800000
2470,18.827100000,1.620900000
2471,15.635900000,3.004700000
2472,14.682800000,0.991100000
2473,15.857800000,0.382800000
2474,17.153700000,0.413600000
2475,17.034400000,0.377600000
2476,16.129700000,0.508800000
2477,16.965100000,0.595900000
2478,25.622900000,3.178600000
2479,10.142700000,0.611500000
2480,14.733300000,0.910900000
2481,16.003700000,0.642200000
2482,16.832800000,0.434400000
2483,16.935400000,0.415100000
2484,16.332800000,0.965100000
2485,17.410900000,0.429200000
2486,16.242200000,0.637500000
2487,15.790700000,0.373400000
2488,16.826500000,0.421900000
2489,17.086000000,0.553600000
2490,16.844200000,0.400000000
2491,17.589100000,1.169800000
2492,16.599500000,0.433400000
2493,15.947400000,0.455800000
2494,15.954600000,0.467700000
2495,17.102100000,0.601000000
2496,18.282300000,0.864600000
2497,15.393300000,0.614600000
2498,17.066600000,1.025000000
2499,16.426100000,0.477100000
2500,15.657300000,0.322900000
2501,17.520800000,0.716700000
2502,18.808300000,3.451600000
2503,13.828100000,0.269300000
2504,16.668800000,0.430200000
2505,17.989600000,1.641200000
2506,16.202600000,0.563000000
2507,17.143200000,0.504700000
2508,16.664100000,0.393300000
2509,15.446300000,0.216700000
2510,17.322400000,0.627600000
2511,15.586000000,0.286000000
2512,17.126000000,0.757800000
2513,16.872400000,0.451600000
2514,17.030700000,0.372400000
2515,16.163600000,0.493200000
2516,16.775500000,0.315100000
2517,17.321300000,0.597400000
2518,15.911500000,0.544800000
2519,17.607300000,1.093800000
2520,17.250500000,1.424000000
2521,15.329200000,0.474500000
2522,17.169800000,0.494700000
2523,17.109300000,0.495800000
2524,17.304200000,1.958800000
2525,14.811500000,0.422300000
2526,19.094200000,0.552000000
2527,13.817800000,0.365100000
2528,17.349400000,0.509400000
2529,18.386000000,1.698500000
2530,15.556700000,0.851000000
2531,15.927600000,0.413500000
2532,17.453700000,0.541200000
2533,15.996300000,0.612000000
2534,16.731300000,0.344800000
2535,17.047900000,0.450500000
2536,16.352600000,0.581300000
2537,16.254700000,0.487500000
2538,18.487500000,1.051000000
2539,15.788500000,0.439600000
2540,17.141700000,1.192200000
2541,14.653100000,0.323900000
2542,17.762000000,1.375000000
2543,16.243800000,0.250000000
2544,17.937500000,0.322900000
2545,16.634900000,0.521400000
2546,16.089500000,0.687500000
2547,17.333900000,1.490100000
2548,15.867200000,1.059400000
2549,15.925000000,0.478700000
2550,17.719800000,1.295800000
2551,15.808800000,0.412000000
2552,19.524500000,2.012500000
2553,14.392200000,1.033800000
2554,15.971900000,0.494800000
2555,17.224500000,0.563000000
2556,15.790600000,0.395300000
2557,17.227600000,0.442200000
2558,17.872900000,0.782900000
2559,14.869800000,0.384400000
2560,18.168700000,0.374500000
2561,15.933400000,0.589500000
2562,17.179700000,0.652000000
2563,16.323400000,0.809900000
2564,16.854700000,1.388500000
2565,16.160900000,0.810900000
2566,16.792200000,0.440100000
2567,22.275500000,5.013000000
2568,12.642700000,1.504200000
2569,15.026600000,0.358900000
2570,18.321400000,0.343300000
2571,14.784300000,0.467200000
2572,17.237000000,0.820900000
2573,15.749500000,0.380700000
2574,17.534900000,0.470800000
2575,18.164000000,2.584900000
2576,25.345900000,0.238600000
2577,17.228100000,12.016200000
2578,6.880200000,0.997900000
2579,16.407800000,0.480200000
2580,17.528200000,1.555200000
2581,16.919700000,0.834900000
2582,13.428200000,0.238500000
2583,17.882300000,0.320300000
2584,16.982800000,0.489000000
2585,16.388500000,0.829200000
2586,17.578100000,1.967200000
2587,16.130200000,0.515600000
2588,17.202100000,0.499500000
2589,16.212000000,0.606300000
2590,16.046400000,0.692100000
2591,16.841100000,0.404700000
2592,15.686500000,0.346900000
2593,17.015100000,0.482200000
2594,20.220800000,0.814100000
2595,14.322400000,0.468800000
2596,16.162000000,0.622400000
2597,15.843200000,0.394800000
2598,17.140100000,0.587000000
2599,16.914600000,0.519800000
2600,16.926000000,1.567700000
2601,15.609400000,0.308800000
2602,19.750500000,0.882300000
2603,13.850600000,0.518200000
2604,17.509900000,0.462500000
2605,15.852000000,0.564100000
2606,17.448000000,0.967700000
2607,16.227000000,0.817200000
2608,18.492200000,1.281300000
2609,14.947900000,0.404700000
2610,17.628200000,1.033300000
2611,15.935900000,0.396900000
2612,15.959400000,0.630200000
2613,16.859400000,0.529200000
2614,16.963500000,0.512000000
2615,17.127600000,0.596900000
2616,16.349500000,0.367800000
2617,17.164000000,0.730700000
2618,16.258900000,0.775600000
2619,17.009900000,1.545400000
2620,16.395800000,0.925000000
2621,15.957800000,0.413600000
2622,19.950600000,0.594800000
2623,13.986900000,0.577100000
2624,16.332800000,0.538000000
2625,17.328200000,0.469200000
2626,16.316600000,0.920800000
2627,15.901100000,0.450000000
2628,18.837500000,0.420300000
2629,14.833300000,0.425500000
2630,16.916200000,0.442200000
2631,17.663500000,0.766600000
2632,15.683300000,0.374400000
2633,16.622400000,0.301000000
2634,17.021900000,0.411500000
2635,15.865600000,0.506700000
2636,16.822900000,0.413000000
2637,17.602700000,0.473400000
2638,17.221300000,0.989000000
2639,15.204200000,0.668700000
2640,16.974500000,0.413500000
2641,17.033300000,0.649000000
2642,16.179200000,0.738000000
2643,17.223900000,0.474400000
2644,17.214600000,1.644800000
2645,19.860400000,3.775000000
2646,12.751600000,1.250000000
2647,15.721300000,0.374500000
2648,17.194300000,0.793300000
2649,17.042700000,0.342700000
2650,16.043200000,0.396300000
2651,17.241200000,0.695800000
2652,16.153100000,0.792200000
2653,16.821900000,0.443300000
2654,17.016600000,0.499400000
2655,15.614100000,0.300000000
2656,16.854700000,0.350000000
2657,16.734400000,0.386400000
2658,17.126000000,0.722900000
2659,17.292700000,0.769800000
2660,16.654200000,0.908900000
2661,17.402100000,1.947400000
2662,15.006700000,0.405700000
2663,16.918800000,0.330800000
2664,16.937500000,0.450600000
2665,15.591700000,0.308400000
2666,18.821800000,1.303100000
2667,14.873000000,0.431200000
2668,18.046300000,1.309900000
2669,15.921400000,0.503100000
2670,17.992100000,0.626600000
2671,15.736000000,1.351000000
2672,15.902600000,0.469200000
2673,17.271900000,0.872400000
2674,16.493200000,0.541100000
2675,16.320800000,0.932800000
2676,17.485400000,0.388000000
2677,15.694300000,0.317200000
2678,16.697400000,0.366200000
2679,17.003700000,0.688000000
2680,17.069200000,0.707200000
2681,15.829700000,0.410400000
2682,17.882300000,1.406700000
2683,16.103700000,0.657300000
2684,16.496800000,1.043200000
2685,17.251600000,0.742700000
2686,16.912000000,1.418200000
2687,16.166100000,0.720300000
2688,16.763000000,1.216100000
2689,16.742200000,0.798500000
2690,16.339100000,0.461000000
2691,16.410400000,0.863500000
2692,17.521400000,0.452100000
2693,15.908300000,0.452600000
2694,17.279200000,0.700500000
2695,16.188000000,0.724500000
2696,17.357800000,0.460900000
2697,16.094800000,0.381800000
2698,16.837000000,1.046900000
2699,16.326000000,0.898000000
2700,17.218800000,1.547900000
2701,15.713500000,0.417700000
2702,16.606200000,0.297900000
2703,17.727600000,0.679200000
2704,15.738600000,0.348500000
2705,16.651000000,0.326100000
2706,17.348500000,0.804100000
2707,15.631200000,0.323400000
2708,18.082300000,1.186000000
2709,16.169300000,0.513000000
2710,16.523400000,0.925500000
2711,16.127600000,0.616200000
2712,17.747900000,0.812500000
2713,15.675000000,0.310400000
2714,16.688600000,0.298400000
2715,17.371900000,0.720800000
2716,17.339000000,0.415600000
2717,14.750500000,0.425500000
2718,18.669300000,2.267200000
2719,14.937000000,0.484900000
2720,19.616700000,3.197900000
2721,14.245300000,0.840600000
2722,17.107300000,0.651000000
2723,17.906700000,0.538600000
2724,15.315700000,0.332900000
2725,15.715600000,0.333900000
2726,17.156200000,0.318700000
2727,17.221400000,0.488000000
2728,17.163500000,1.827600000
2729,15.767200000,0.479700000
2730,18.462500000,0.745800000
2731,14.762500000,0.349500000
2732,17.119800000,0.331200000
2733,16.026000000,0.733300000
2734,16.782300000,0.333300000
2735,16.879200000,0.463500000
2736,17.522900000,0.611500000
2737,15.896900000,0.466700000
2738,16.192700000,0.583800000
2739,17.421900000,0.616200000
2740,17.593700000,2.152100000
2741,14.786500000,0.387500000
2742,18.079700000,1.636500000
2743,15.903100000,0.530200000
2744,16.024500000,0.570800000
2745,17.963500000,1.525000000
2746,16.176600000,0.761400000
2747,15.725000000,0.377600000
2748,17.346300000,0.968800000
2749,16.983400000,0.512500000
2750,17.450500000,1.241600000
2751,15.367700000,0.742800000
2752,17.288500000,0.804700000
2753,16.296400000,0.341600000
2754,15.715600000,0.356800000
2755,17.304700000,0.520900000
2756,17.065600000,0.651500000
2757,17.119300000,1.712500000
2758,16.317200000,0.744700000
2759,16.280200000,0.870900000
2760,17.106300000,0.465600000
2761,15.761400000,0.372400000
2762,17.026600000,0.472900000
2763,17.123900000,0.445300000
2764,16.141200000,0.639100000
2765,16.881700000,0.367700000
2766,17.870900000,1.101600000
2767,15.001000000,0.656200000
2768,17.880800000,0.884400000
2769,17.006200000,1.050000000
2770,15.752100000,0.365100000
2771,16.191700000,0.767200000
2772,17.558300000,0.485500000
2773,15.880200000,0.430700000
2774,16.809400000,0.336400000
2775,16.896300000,0.420300000
2776,15.956800000,0.410400000
2777,17.031200000,0.542200000
2778,17.396900000,0.926000000
2779,15.967200000,0.521400000
2780,17.780200000,1.164600000
2781,16.601600000,0.609400000
2782,16.470800000,0.900500000
2783,19.153100000,3.582800000
2784,12.755800000,0.380800000
2785,17.736900000,0.509300000
2786,15.577100000,0.279100000
2787,16.531300000,0.264100000
2788,18.044200000,0.541600000
2789,15.842800000,0.415100000
2790,17.361900000,0.988600000
2791,15.777600000,0.367700000
2792,17.070400000,0.640100000
2793,17.581200000,0.907300000
2794,16.295300000,0.990600000
2795,15.824000000,0.412500000
2796,17.204700000,0.778100000
2797,17.130200000,0.541700000
2798,15.842200000,0.368800000
2799,17.242700000,0.536400000
2800,15.767200000,0.366100000
2801,16.798400000,0.398000000
2802,20.128600000,3.728100000
2803,14.157300000,0.605700000
2804,17.099000000,1.294800000
2805,16.250500000,0.575500000
2806,18.389600000,1.854200000
2807,13.765100000,0.354700000
2808,16.671900000,0.290100000
2809,16.796300000,0.376000000
2810,17.124000000,0.638000000
2811,17.412500000,0.544800000
2812,17.388500000,0.443800000
2813,16.299000000,2.002100000
2814,16.831200000,1.184300000
2815,14.692200000,0.367200000
2816,19.831300000,0.559900000
2817,14.102600000,0.642200000
2818,17.057300000,0.653600000
2819,16.459900000,0.853100000
2820,17.023400000,0.574500000
2821,15.885900000,0.451600000
2822,16.937500000,0.421400000
2823,17.214600000,0.578100000
2824,15.784400000,0.328600000
2825,16.868200000,0.505200000
2826,17.092200000,0.442700000
2827,16.452600000,0.804700000
2828,17.199000000,0.769200000
2829,17.107300000,0.521900000
2830,15.750500000,0.417200000
2831,17.281200000,0.951000000
2832,16.397400000,0.603200000
2833,17.372900000,1.815600000
2834,16.715700000,1.176500000
2835,16.108800000,0.652100000
2836,16.130800000,0.792200000
2837,16.750500000,0.467200000
2838,17.018700000,0.390100000
2839,15.678200000,0.352000000
2840,20.310400000,0.712500000
2841,14.326000000,0.844700000
2842,15.754200000,0.380800000
2843,16.896300000,0.458300000
2844,17.180200000,0.468300000
2845,17.307300000,1.732300000
2846,19.066200000,4.236500000
2847,13.047400000,0.290100000
2848,16.786400000,0.497400000
2849,16.696900000,0.371400000
2850,16.707300000,0.853100000
2851,15.696900000,0.365100000
2852,20.620300000,4.089600000
2853,14.023900000,1.573500000
2854,15.847400000,0.436500000
2855,16.954700000,0.513500000
2856,17.292700000,0.696900000
2857,16.616200000,1.001000000
2858,17.827100000,1.166100000
2859,15.835900000,1.054100000
2860,20.187500000,2.534400000
2861,11.637000000,0.318300000
2862,18.450000000,2.093200000
2863,15.465100000,0.945900000
2864,16.908300000,0.412500000
2865,15.703100000,0.352000000
2866,16.723000000,0.323500000
2867,16.712500000,0.311000000
2868,17.224400000,0.881200000
2869,16.912000000,0.588500000
2870,15.659900000,0.348400000
2871,16.691200000,0.325500000
2872,17.201000000,0.799500000
2873,16.655700000,0.288000000
2874,16.984900000,0.400600000
2875,16.824500000,0.330700000
2876,16.818800000,1.398400000
2877,16.053600000,0.618800000
2878,17.725500000,1.235900000
2879,19.253100000,1.168800000
2880,14.022400000,0.733900000
2881,25.809400000,0.438500000
2882,6.474000000,0.222900000
2883,16.583800000,0.405700000
2884,16.381300000,0.178700000
2885,17.413500000,1.090600000
2886,17.026600000,0.426600000
2887,15.698400000,0.370300000
2888,17.951100000,1.258300000
2889,16.566100000,0.505700000
2890,17.397900000,1.063600000
2891,15.384400000,0.934400000
2892,16.809400000,1.138600000
2893,15.842700000,0.433900000
2894,16.844300000,0.436400000
2895,17.083800000,0.723500000
2896,16.866700000,0.432300000
2897,15.820300000,0.501600000
2898,16.675000000,0.376600000
2899,16.661400000,0.354100000
2900,17.331300000,0.607800000
2901,17.310900000,0.537000000
2902,16.272400000,0.759400000
2903,15.728700000,0.357300000
2904,17.352600000,1.014600000
2905,16.922900000,0.378100000
2906,19.261500000,0.463600000
2907,26.321800000,0.847400000
2908,3.411500000,0.202100000
2909,16.634400000,0.328200000
2910,17.036400000,0.712500000
2911,16.759900000,0.460900000
2912,19.682300000,3.109400000
2913,14.361500000,0.670300000
2914,15.772900000,0.401500000
2915,17.057300000,0.527600000
2916,17.356200000,0.407800000
2917,15.847900000,0.319300000
2918,18.226100000,1.303100000
2919,15.393700000,0.913000000
2920,16.685400000,0.343700000
2921,17.028200000,0.527600000
2922,16.669200000,0.499000000
2923,20.242200000,4.131800000
2924,13.271400000,0.886900000
2925,17.171300000,0.883800000
2926,21.683900000,3.934900000
2927,9.751600000,0.392800000
2928,17.488500000,1.173000000
2929,16.622900000,0.301600000
2930,17.804700000,0.396900000
2931,14.828100000,0.427600000
2932,18.123500000,1.654600000
2933,15.767700000,0.394200000
2934,17.700500000,0.426100000
2935,16.146900000,0.680700000
2936,20.613000000,0.438100000
2937,12.234400000,0.808300000
2938,16.663500000,0.323400000
2939,16.826000000,0.518200000
2940,16.900000000,0.411400000
2941,15.782900000,0.394300000
2942,16.923400000,0.471900000
2943,16.954200000,0.550600000
2944,16.883300000,0.455200000
2945,15.645300000,0.349000000
2946,17.838600000,1.414100000
2947,15.657200000,0.339000000
2948,17.096400000,0.668300000
2949,17.276600000,0.547400000
2950,16.431700000,0.812500000
2951,16.870900000,0.557300000
2952,16.093200000,0.662000000
2953,17.169800000,0.764500000
2954,15.633800000,0.298900000
2955,16.829200000,0.423400000
2956,17.437500000,0.870900000
2957,15.804700000,0.375000000
2958,16.592200000,0.293300000
2959,16.793700000,0.415100000
2960,18.986500000,2.035400000
2961,15.698400000,0.515100000
2962,15.941700000,0.506700000
2963,19.760400000,2.754700000
2964,14.010900000,0.492100000
2965,16.275000000,0.372400000
2966,17.351600000,0.726100000
2967,17.278100000,1.059900000
2968,15.157300000,0.655700000
2969,17.194800000,0.825500000
2970,15.652100000,0.331300000
2971,16.692200000,0.400500000
2972,16.792200000,0.421400000
2973,17.132300000,0.675500000
2974,17.098900000,0.764100000
2975,15.774500000,0.402100000
2976,17.162000000,0.742200000
2977,16.907800000,0.542200000
2978,15.893200000,0.401600000
2979,17.794300000,1.357300000
2980,16.996400000,1.623400000
2981,16.031700000,0.628200000
2982,17.231800000,1.748400000
2983,15.770300000,0.408900000
2984,17.087500000,0.677100000
2985,16.014100000,0.562500000
2986,17.936900000,0.977100000
2987,15.954700000,0.494300000
2988,18.198000000,2.494800000
2989,15.655700000,0.444800000
2990,16.080200000,0.662500000
2991,15.665100000,0.325500000
2992,17.061500000,0.563500000
2993,17.032200000,0.519800000
2994,17.742800000,1.110400000
2995,17.395800000,1.890600000
2996,14.739000000,0.377600000
2997,17.323500000,0.532300000
2998,15.916700000,0.459400000
2999,16.868200000,0.391700000
3000,17.143200000,0.530200000
3001,15.920800000,0.519800000
3002,17.406800000,0.960400000
3003,16.195300000,0.794300000
3004,16.919800000,0.468800000
3005,15.758900000,0.408400000
3006,17.201500000,0.796900000
3007,17.312000000,0.503200000
3008,16.892700000,1.396900000
3009,16.493800000,0.781200000
3010,16.687500000,1.229700000
3011,15.591100000,0.293700000
3012,18.970300000,2.482800000
3013,14.667200000,0.347900000
3014,17.169800000,0.484900000
3015,15.797900000,0.404200000
3016,19.631300000,1.115600000
3017,13.762000000,0.371400000
3018,16.641100000,0.337000000
3019,16.682800000,0.308800000
3020,16.728700000,0.375600000
3021,17.191100000,0.732300000
3022,16.712000000,0.351500000
3023,16.846900000,0.515100000
3024,15.794800000,0.390100000
3025,17.013500000,0.395300000
3026,17.107300000,0.495300000
3027,15.896900000,0.344300000
3028,16.817100000,0.358300000
3029,17.383400000,0.923000000
3030,16.864000000,0.846300000
3031,15.685500000,0.357800000
3032,17.085900000,0.615700000
3033,17.478100000,0.486000000
3034,20.188000000,4.614100000
3035,13.409400000,0.559900000
3036,16.124000000,0.403700000
3037,16.778600000,1.234400000
3038,15.914600000,0.472400000
3039,16.939600000,0.370300000
3040,16.714100000,0.372400000
3041,16.770800000,0.383900000
3042,16.373900000,0.963000000
3043,17.746900000,0.891700000
3044,16.344800000,0.968300000
3045,16.310900000,0.526600000
3046,15.891700000,0.463600000
3047,17.079200000,0.362000000
3048,17.306200000,0.553700000
3049,15.902600000,0.443700000
3050,16.911000000,0.454200000
3051,17.710400000,1.080200000
3052,17.244800000,0.844800000
3053,14.745300000,0.368800000
3054,17.345800000,0.525000000
3055,16.041200000,0.381800000
3056,17.117200000,0.612500000
3057,15.777600000,0.385400000
3058,17.717200000,0.705200000
3059,15.857200000,0.444300000
3060,19.100600000,2.734900000
3061,14.900000000,0.428600000
3062,16.179700000,0.478100000
3063,17.048900000,0.368800000
3064,15.690600000,0.318200000
3065,17.042700000,0.667200000
3066,17.180800000,0.750000000
3067,16.950000000,0.488500000
3068,15.863000000,0.411500000
3069,17.461500000,1.050500000
3070,16.828600000,0.712500000
3071,15.852600000,0.514000000
3072,17.317700000,0.996400000
3073,15.608300000,0.300000000
3074,16.911000000,0.434400000
3075,17.022400000,0.670800000
3076,16.680200000,0.358900000
3077,16.675500000,0.325000000
3078,17.412000000,0.535500000
3079,16.316100000,0.734900000
3080,15.749000000,0.382300000
3081,16.998900000,0.635900000
3082,16.736000000,0.377600000
3083,17.150500000,0.714600000
3084,16.675500000,1.196800000
3085,16.964600000,1.312500000
3086,16.289600000,0.624500000
3087,16.154700000,0.699500000
3088,16.890100000,0.537500000
3089,16.733800000,0.354700000
3090,18.615700000,1.854200000
3091,14.716100000,0.363600000
3092,16.820800000,0.451500000
3093,16.249500000,0.865100000
3094,16.843800000,0.454700000
3095,17.171800000,0.481200000
3096,16.264100000,0.889100000
3097,16.618800000,0.315700000
3098,16.943200000,0.379700000
3099,15.732800000,0.359900000
3100,17.614100000,1.048900000
3101,15.820800000,0.430800000
3102,17.562500000,1.153600000
3103,15.841700000,0.425500000
3104,16.821300000,0.417700000
3105,17.120900000,0.696900000
3106,16.914000000,0.473400000
3107,16.043800000,0.653100000
3108,16.710900000,0.418800000
3109,16.770300000,0.393800000
3110,16.862500000,0.398900000
3111,17.178700000,0.526500000
3112,15.811900000,0.396300000
3113,16.943300000,0.507800000
3114,17.978100000,1.384900000
3115,14.869800000,0.394800000
3116,16.803100000,0.390100000
3117,17.277600000,0.844200000
3118,15.894800000,0.411500000
3119,17.928700000,1.351600000
3120,16.731200000,1.184900000
3121,16.447900000,1.051100000
3122,15.954700000,0.388000000
3123,17.016200000,0.417700000
3124,16.486900000,0.434900000
3125,16.944300000,0.468300000
3126,18.941700000,0.419800000
3127,13.900000000,0.429600000
3128,17.024400000,0.648400000
3129,16.429200000,0.985400000
3130,16.729700000,0.375000000
3131,16.695800000,0.341600000
3132,17.033900000,0.548900000
3133,15.746900000,0.377600000
3134,17.427600000,0.576100000
3135,16.580700000,1.087500000
3136,16.151000000,0.437500000
3137,16.843800000,0.447900000
3138,17.150500000,0.436000000
3139,15.805700000,0.426000000
3140,17.285500000,0.443800000
3141,17.876500000,0.927600000
3142,15.139100000,0.643300000
3143,16.695800000,0.392200000
3144,17.297400000,0.497900000
3145,16.022900000,0.417200000
3146,16.850000000,0.375500000
3147,17.214600000,0.392200000
3148,16.147400000,0.505200000
3149,17.197400000,0.730300000
3150,16.400000000,0.452600000
3151,17.118800000,1.526000000
3152,15.656200000,0.332300000
3153,17.255200000,0.545300000
3154,16.149500000,0.420300000
3155,16.855200000,0.459900000
3156,17.494300000,0.832800000
3157,16.085900000,0.489000000
3158,16.024000000,0.426500000
3159,17.254100000,0.856300000
3160,16.328200000,0.655200000
3161,17.787500000,1.154200000
3162,15.945800000,0.426600000
3163,16.878100000,1.287000000
3164,16.231300000,0.451000000
3165,17.008300000,0.363600000
3166,17.085900000,1.325500000
3167,15.810500000,0.404700000
3168,17.448900000,0.570800000
3169,16.250500000,0.463600000
3170,17.189100000,1.114600000
3171,16.221900000,0.458800000
3172,16.313500000,0.658900000
3173,17.006800000,0.520400000
3174,16.153600000,0.752600000
3175,16.570900000,0.290600000
3176,16.814000000,0.364600000
3177,17.430200000,0.699500000
3178,15.838600000,0.412000000
3179,17.373900000,0.952000000
3180,16.128200000,0.744800000
3181,16.820300000,0.348000000
3182,16.704100000,1.342700000
3183,15.777100000,0.355200000
3184,17.510400000,0.604700000
3185,16.794300000,0.437500000
3186,16.941700000,1.523900000
3187,15.550500000,0.274400000
3188,16.778600000,0.440100000
3189,17.332900000,0.930200000
3190,17.005700000,0.584400000
3191,16.154700000,0.721300000
3192,17.109300000,0.510400000
3193,15.676600000,0.345300000
3194,17.435400000,1.023500000
3195,16.679700000,1.181800000
3196,17.500000000,1.528200000
3197,15.778700000,0.402100000
3198,16.881200000,1.465600000
3199,15.830700000,0.321900000
3200,16.784900000,0.384400000
3201,17.189600000,0.779600000
3202,16.040100000,0.444800000
3203,17.613600000,0.719300000
3204,15.934900000,0.580200000
3205,16.678100000,0.396900000
3206,17.357800000,1.014600000
3207,16.005700000,0.635900000
3208,17.411000000,0.377600000
3209,16.070300000,0.579700000
3210,17.729700000,0.972400000
3211,15.875000000,0.265700000
3212,15.908300000,0.469300000
3213,17.708300000,1.296400000
3214,16.584400000,0.394800000
3215,15.979200000,0.525000000
3216,17.365600000,0.447900000
3217,16.378100000,0.861000000
3218,16.543800000,1.076100000
3219,17.330200000,0.612500000
3220,15.966100000,0.594300000
3221,16.708400000,0.326100000
3222,17.377600000,0.495300000
3223,16.305700000,0.486400000
3224,16.797900000,1.066200000
3225,15.948400000,0.628100000
3226,16.758400000,0.403700000
3227,16.671900000,0.333300000
3228,17.331700000,0.603100000
3229,15.826600000,0.416200000
3230,17.922900000,0.488600000
3231,16.633300000,0.938600000
3232,15.739100000,0.397400000
3233,16.829200000,0.536500000
3234,16.261400000,0.654700000
3235,17.292700000,0.763600000
3236,16.015100000,0.402100000
3237,17.452600000,0.745800000
3238,16.753700000,1.086500000
3239,16.263500000,0.817200000
3240,16.614100000,1.085900000
3241,15.583300000,0.279700000
3242,18.128100000,0.759900000
3243,16.992800000,1.533900000
3244,15.813500000,0.487500000
3245,16.921900000,0.437000000
3246,16.652100000,1.166700000
3247,15.767100000,0.404100000
3248,17.597400000,1.185400000
3249,15.717700000,0.368200000
3250,16.948500000,0.489000000
3251,17.021300000,0.506800000
3252,19.631800000,2.736000000
3253,14.078700000,0.718700000
3254,16.117100000,0.723900000
3255,17.106800000,0.356300000
3256,15.956800000,0.462500000
3257,16.860900000,0.413500000
3258,18.662000000,1.969800000
3259,15.496400000,0.497400000
3260,16.416600000,0.627600000
3261,17.018300000,1.515700000
3262,16.941100000,1.167800000
3263,15.895800000,0.511500000
3264,16.599000000,1.233900000
3265,16.808800000,0.402100000
3266,16.282900000,0.475500000
3267,17.153100000,0.522400000
3268,16.318200000,0.429700000
3269,17.249000000,0.705700000
3270,16.564000000,1.144300000
3271,15.875600000,0.412000000
3272,16.972300000,0.518200000
3273,17.179700000,0.419800000
3274,15.993300000,0.546900000
3275,16.848900000,0.387000000
3276,17.587000000,0.866700000
3277,16.133900000,0.322400000
3278,15.664000000,0.316700000
3279,17.326100000,0.689500000
3280,16.985900000,0.527100000
3281,15.917700000,0.446400000
3282,17.790600000,0.637000000
3283,15.820300000,0.427100000
3284,17.776600000,1.323000000
3285,16.439100000,0.821900000
3286,15.866600000,0.537000000
3287,16.552100000,0.269300000
3288,16.703100000,0.305200000
3289,16.714600000,0.371800000
3290,17.665100000,1.168300000
3291,16.345900000,0.429100000
3292,16.502000000,0.900500000
3293,15.567200000,0.295300000
3294,17.376600000,0.834400000
3295,16.919300000,0.498900000
3296,17.255700000,1.722400000
3297,16.190100000,0.484400000
3298,16.246900000,0.671400000
3299,16.698400000,0.361400000
3300,17.165600000,0.457800000
3301,16.183400000,0.452100000
3302,17.198400000,0.727600000
3303,16.292200000,0.912500000
3304,16.185400000,0.457800000
3305,16.712000000,0.364600000
3306,17.337000000,0.469800000
3307,16.052600000,0.656300000
3308,16.871900000,0.433800000
3309,17.094200000,1.158900000
3310,17.057800000,1.547900000
3311,15.940100000,0.501000000
3312,15.748000000,0.381200000
3313,17.103600000,0.658900000
3314,16.733900000,0.378200000
3315,17.357800000,0.782300000
3316,16.265100000,0.390100000
3317,17.975500000,0.421400000
3318,18.266100000,0.457300000
3319,15.339100000,0.644300000
3320,14.822900000,0.499500000
3321,17.987500000,0.371300000
3322,15.707300000,0.316100000
3323,15.692200000,0.361500000
3324,17.466100000,0.712500000
3325,16.833400000,0.436900000
3326,16.416100000,0.953100000
3327,17.400500000,0.514100000
3328,15.941700000,0.462500000
3329,17.009400000,0.437500000
3330,15.728600000,0.403100000
3331,16.802100000,0.321800000
3332,16.731800000,0.399000000
3333,17.068700000,0.694200000
3334,16.871900000,0.466200000
3335,16.866700000,0.432300000
3336,16.659900000,0.963000000
3337,16.389000000,0.363500000
3338,16.650600000,0.303600000
3339,16.973400000,0.365600000
3340,16.680200000,1.042700000
3341,15.791100000,0.371800000
3342,17.334400000,0.905300000
3343,16.781300000,0.418700000
3344,15.797900000,0.463000000
3345,17.212000000,0.821400000
3346,17.801500000,1.066200000
3347,19.605800000,2.029700000
3348,14.566600000,1.017700000
3349,15.680800000,1.139100000
3350,15.695300000,0.307300000
3351,17.177100000,0.468700000
3352,17.108300000,1.739500000
3353,16.191100000,0.772400000
3354,16.131800000,0.629700000
3355,16.777600000,0.422900000
3356,18.120300000,0.938500000
3357,15.582300000,1.059300000
3358,16.932300000,1.637000000
3359,15.634900000,0.317700000
3360,17.273400000,0.783900000
3361,16.283900000,0.424000000
3362,17.938500000,0.463000000
3363,16.630800000,0.537500000
3364,15.985400000,0.366200000
3365,15.556700000,0.268200000
3366,17.841700000,1.500600000
3367,15.937500000,0.412000000
3368,17.311000000,0.717200000
3369,16.128100000,0.692700000
3370,17.358800000,0.496900000
3371,15.849000000,0.440100000
3372,17.295800000,0.584900000
3373,15.710400000,0.367700000
3374,16.869800000,0.505800000
3375,17.845900000,1.495300000
3376,16.637500000,0.949000000
3377,16.070800000,0.407300000
3378,18.892700000,1.086500000
3379,13.864600000,0.413600000
3380,17.854200000,1.100000000
3381,16.232200000,0.476600000
3382,16.053200000,0.657300000
3383,16.642200000,0.327600000
3384,17.401000000,0.933300000
3385,16.072400000,0.469800000
3386,17.241100000,0.631800000
3387,17.000000000,0.862500000
3388,16.807900000,0.983300000
3389,17.571800000,0.715100000
3390,14.889600000,0.528700000
3391,16.653100000,0.337000000
3392,16.758400000,0.379700000
3393,17.281200000,0.463500000
3394,16.127600000,0.439600000
3395,16.928200000,0.470300000
3396,16.588000000,0.608300000
3397,15.935900000,0.402100000
3398,17.094300000,0.708800000
3399,17.055700000,0.370300000
3400,16.185400000,0.752600000
3401,17.042200000,0.580200000
3402,16.565600000,1.093300000
3403,15.693800000,0.346400000
3404,17.230200000,0.849000000
3405,16.930700000,0.606200000
3406,16.772900000,0.345400000
3407,15.552100000,0.266100000
3408,17.792200000,0.389600000
3409,16.034400000,0.392200000
3410,18.912500000,1.977600000
3411,14.994800000,0.651100000
3412,16.920800000,0.513000000
3413,15.736000000,0.417100000
3414,17.386900000,1.007800000
3415,15.777100000,0.379700000
3416,17.092200000,0.580700000
3417,17.221400000,0.491700000
3418,15.857200000,0.406700000
3419,17.385500000,0.736400000
3420,15.848900000,0.403600000
3421,17.195900000,0.388000000
3422,17.603600000,0.440100000
3423,16.266700000,0.541600000
3424,15.815100000,0.423900000
3425,17.101000000,0.699500000
3426,17.745300000,0.809400000
3427,16.084900000,0.511000000
3428,17.402100000,1.729700000
3429,15.513000000,1.054200000
3430,17.446400000,0.907800000
3431,15.892200000,0.531700000
3432,18.994800000,1.953100000
3433,14.035400000,0.448000000
3434,17.670800000,1.251500000
3435,16.627600000,0.446900000
3436,16.085400000,0.482800000
3437,15.601100000,0.297900000
3438,17.954700000,0.410900000
3439,15.817100000,0.415100000
3440,16.741700000,0.334400000
3441,17.789100000,1.353100000
3442,16.275500000,0.833800000
3443,15.712500000,0.381300000
3444,16.686500000,0.374500000
3445,17.462500000,0.485900000
3446,15.948900000,0.531200000
3447,17.150500000,0.753100000
3448,18.758900000,0.342700000
3449,17.826600000,0.385900000
3450,13.729100000,1.194300000
3451,16.147400000,0.674000000
3452,17.347900000,0.954100000
3453,16.244300000,0.923500000
3454,17.070300000,0.500000000
3455,16.131300000,0.453600000
3456,17.107300000,0.388000000
3457,15.961400000,0.372900000
3458,18.192200000,1.532300000
3459,16.508300000,0.582800000
3460,16.752600000,0.978700000
3461,16.562000000,1.160400000
3462,17.387000000,1.253100000
3463,14.924000000,0.530200000
3464,17.039000000,0.567200000
3465,16.321900000,0.914100000
3466,17.300000000,0.895300000
3467,15.748400000,0.362500000
3468,17.949000000,1.504200000
3469,15.666100000,0.331800000
3470,16.903200000,0.524000000
3471,15.919800000,0.527600000
3472,17.454600000,0.634400000
3473,15.908900000,0.405800000
3474,17.369800000,0.926100000
3475,16.484900000,0.915600000
3476,19.168200000,1.779200000
3477,14.888000000,0.394200000
3478,15.639100000,0.311500000
3479,17.724000000,0.728100000
3480,16.515100000,0.891700000
3481,16.543200000,1.180800000
3482,15.882300000,0.446400000
3483,17.126000000,0.697400000
3484,16.381300000,0.964600000
3485,16.816600000,0.427100000
3486,17.257800000,0.584900000
3487,15.983400000,0.413600000
3488,16.796900000,0.396800000
3489,17.010400000,0.462500000
3490,15.943700000,0.515100000
3491,16.687000000,0.344300000
3492,18.045800000,1.385900000
3493,15.839600000,0.418800000
3494,16.155200000,0.707300000
3495,17.381800000,0.446900000
3496,16.153100000,0.526600000
3497,16.949500000,0.438000000
3498,15.706800000,0.337000000
3499,17.632300000,1.161500000
3500,15.957800000,0.584900000
3501,17.537500000,1.142700000
3502,15.972400000,0.530200000
3503,16.896300000,0.449500000
3504,17.721900000,0.814100000
3505,15.877100000,0.461900000
3506,15.601500000,0.301500000
3507,16.973000000,0.363600000
3508,18.914500000,1.050000000
3509,14.751600000,0.387000000
3510,17.651100000,1.328100000
3511,15.933300000,0.558300000
3512,16.771900000,0.408300000
3513,17.429600000,0.388500000
3514,17.417200000,1.928600000
3515,15.093800000,0.383800000
3516,16.924500000,0.406700000
3517,16.557300000,0.859900000
3518,16.062500000,0.633300000
3519,17.119200000,0.751500000
3520,16.806800000,0.429700000
3521,15.990100000,0.603200000
3522,17.163500000,0.739600000
3523,16.798500000,0.455800000
3524,15.750000000,0.374500000
3525,20.358800000,1.105700000
3526,14.001600000,0.513600000
3527,15.896400000,0.453600000
3528,17.134800000,0.687500000
3529,16.962500000,0.407300000
3530,15.869300000,0.428700000
3531,17.653700000,1.061900000
3532,16.078100000,0.563100000
3533,16.609400000,0.305700000
3534,17.331700000,0.743200000
3535,16.491200000,1.055700000
3536,15.888000000,0.501100000
3537,17.247400000,0.808400000
3538,16.859900000,0.445300000
3539,15.737000000,0.363000000
3540,16.997900000,0.606800000
3541,17.669300000,1.003600000
3542,15.718200000,0.364600000
3543,18.396900000,1.607800000
3544,14.566600000,0.301500000
3545,16.702100000,0.360900000
3546,16.990600000,0.542700000
3547,17.043300000,0.456700000
3548,17.537500000,1.117200000
3549,16.368700000,0.447900000
3550,15.636500000,0.320300000
3551,16.856200000,0.362500000
3552,17.174500000,0.476600000
3553,16.286500000,0.896900000
3554,19.322400000,2.734400000
3555,15.185900000,0.805300000
3556,15.837500000,0.417700000
3557,15.852100000,0.377100000
3558,17.543200000,0.383900000
3559,16.264100000,0.544200000
3560,17.081200000,0.549500000
3561,15.575500000,0.270800000
3562,19.496400000,2.511500000
3563,14.766700000,0.381300000
3564,15.682300000,0.392200000
3565,17.064000000,0.406300000
3566,16.982800000,0.523500000
3567,17.275000000,0.600000000
3568,16.591700000,0.537500000
3569,16.413000000,0.645300000
3570,16.206800000,0.744200000
3571,16.835400000,0.394300000
3572,17.007300000,0.551600000
3573,15.767200000,0.288500000
3574,16.914000000,0.402600000
3575,16.732900000,0.379100000
3576,16.792700000,0.463000000
3577,16.664000000,0.328100000
3578,16.798500000,0.306300000
3579,17.419800000,0.408300000
3580,16.176500000,0.534900000
3581,18.418300000,0.481200000
3582,14.643700000,0.314600000
3583,16.696900000,0.371400000
3584,16.747400000,0.353700000
3585,17.140600000,0.413100000
3586,15.937500000,0.484400000
3587,16.820300000,0.400000000
3588,17.546400000,0.536400000
3589,15.771300000,0.391200000
3590,17.517200000,0.958800000
3591,16.046900000,0.713600000
3592,15.838500000,0.412000000
3593,17.475000000,1.167700000
3594,15.711500000,0.340100000
3595,17.102600000,0.499400000
3596,17.426000000,0.830800000
3597,16.172400000,0.810400000
3598,16.749000000,0.411400000
3599,16.799500000,0.401500000
3600,17.006200000,0.446900000
3601,16.999500000,1.113600000
