frame,frameMs,presentMs
1,7.626500000,0.327600000
2,17.129700000,0.695900000
3,16.750500000,0.319800000
4,17.325000000,0.787500000
5,15.924500000,0.583900000
6,18.010400000,1.409400000
7,14.812500000,0.409300000
8,17.591700000,1.050500000
9,15.640600000,0.327100000
10,18.107800000,1.623500000
11,16.263100000,0.759900000
12,17.225500000,1.475000000
13,17.053100000,0.476500000
14,15.439100000,0.366700000
15,15.571300000,0.273900000
16,18.089100000,0.372400000
17,15.559400000,0.268800000
18,17.124400000,0.738000000
19,17.181300000,0.523900000
20,16.902100000,0.432800000
21,15.877600000,0.389100000
22,17.585900000,0.465100000
23,16.527600000,0.587500000
24,18.228100000,0.957800000
25,15.196900000,0.678100000
26,15.678700000,0.354200000
27,16.565600000,0.275500000
28,17.033300000,0.697400000
29,16.971400000,0.449400000
30,16.142200000,0.565100000
31,18.548400000,0.823400000
32,16.564600000,1.183300000
33,15.121300000,0.569800000
34,17.200000000,0.438500000
35,15.775000000,0.362500000
36,16.599000000,0.291600000
37,17.397400000,0.809900000
38,16.815600000,0.863600000
39,16.003700000,0.613600000
40,17.592700000,1.180200000
41,16.008800000,0.503100000
42,18.023500000,1.517100000
43,18.150500000,1.370900000
44,21.053600000,0.711400000
45,10.321900000,1.713600000
46,17.110900000,1.213500000
47,14.551600000,0.268200000
48,17.278100000,0.777600000
49,17.270900000,0.500000000
50,16.168200000,0.346400000
51,16.762000000,0.416200000
52,17.090600000,0.412000000
53,17.412000000,1.978600000
54,15.181800000,0.784900000
55,17.121300000,0.723400000
56,16.010900000,0.452600000
57,16.998000000,0.529100000
58,17.398900000,0.549500000
59,16.380200000,0.815700000
60,15.943300000,0.479200000
61,17.497400000,1.067700000
62,16.673400000,0.446800000
63,15.880700000,0.480200000
64,17.539600000,1.024500000
65,15.954200000,0.370300000
66,17.950000000,1.003600000
67,16.608300000,0.766100000
68,15.943200000,0.438600000
69,16.391200000,0.661000000
70,17.068200000,0.376600000
71,15.571900000,0.285900000
72,16.762000000,0.401000000
73,17.414000000,0.902100000
74,18.196900000,2.314100000
75,14.876000000,0.526500000
76,17.482300000,0.611500000
77,15.667700000,0.338500000
78,17.716700000,0.315100000
79,16.414100000,1.016200000
80,15.808300000,0.432800000
81,17.169300000,0.837000000
82,16.040600000,0.587000000
83,16.817200000,0.405200000
84,17.133800000,0.376500000
85,16.783900000,1.275500000
86,16.483800000,0.366600000
87,16.668800000,0.321900000
88,17.918200000,1.343800000
89,15.989100000,0.353100000
90,15.726600000,0.354700000
91,17.435400000,0.958900000
92,17.627600000,1.836500000
93,15.241600000,0.890600000
94,17.073500000,0.420900000
95,17.015600000,1.730200000
96,15.806300000,0.465100000
97,17.285900000,0.347900000
98,15.942700000,0.367700000
99,17.724500000,1.155700000
100,16.062500000,0.452100000
101,15.813000000,0.467700000
102,18.013500000,1.332800000
103,16.866200000,1.428700000
104,16.113500000,0.596400000
105,15.797400000,0.419300000
106,19.220900000,2.832800000
107,14.695300000,0.339600000
108,16.610900000,0.298900000
109,17.781300000,1.033300000
110,14.809300000,0.506200000
111,18.716200000,0.641700000
112,14.611400000,0.300600000
113,16.624500000,0.328600000
114,17.219300000,0.746300000
115,17.007800000,0.379200000
116,16.420300000,1.072900000
117,16.952100000,0.490700000
118,15.878100000,0.441200000
119,17.369300000,0.987000000
120,16.919800000,0.507800000
121,16.357300000,0.850000000
122,17.310400000,0.364600000
123,15.931800000,0.638600000
124,19.175500000,1.233400000
125,13.822400000,0.404700000
126,17.063000000,0.651100000
127,17.409400000,0.436900000
128,16.240600000,0.702600000
129,16.146900000,0.542100000
130,18.314000000,1.350000000
131,14.684400000,0.383300000
132,17.308300000,0.950000000
133,17.564600000,0.505700000
134,15.879700000,0.431300000
135,17.763600000,0.421900000
136,15.941600000,1.572400000
137,16.653700000,1.038000000
138,15.880200000,0.487500000
139,17.053600000,0.678600000
140,15.930200000,0.464000000
141,16.944300000,0.509400000
142,17.463000000,0.430700000
143,16.842700000,1.376600000
144,16.941200000,1.160900000
145,16.362000000,0.502100000
146,15.848400000,0.357800000
147,16.874500000,0.394300000
148,17.416600000,0.529200000
149,15.850000000,0.400500000
150,17.370400000,0.767700000
151,16.363500000,0.955700000
152,15.870800000,0.457800000
153,17.502600000,1.019800000
154,16.718300000,1.283300000
155,15.785400000,0.390200000
156,17.587500000,1.035900000
157,16.596300000,1.020300000
158,16.043800000,0.634900000
159,17.087500000,0.620300000
160,16.997400000,1.303100000
161,15.809400000,0.372400000
162,16.973900000,0.618200000
163,17.725000000,0.453600000
164,15.981300000,0.498400000
165,16.133300000,0.802100000
166,18.755700000,1.370300000
167,14.852600000,0.407300000
168,15.958900000,0.441200000
169,17.403600000,0.879700000
170,15.917700000,0.520300000
171,16.765700000,0.400600000
172,17.443200000,1.056300000
173,15.864100000,0.559400000
174,16.856200000,0.489100000
175,17.251600000,0.917200000
176,16.800500000,0.946400000
177,15.925000000,0.481800000
178,17.553100000,0.831300000
179,16.504200000,0.538000000
180,15.743700000,0.396800000
181,17.160400000,0.806800000
182,17.254700000,0.813600000
183,15.831300000,0.413100000
184,17.084900000,0.697400000
185,15.947400000,0.583800000
186,17.900500000,1.278700000
187,16.235900000,0.765100000
188,16.045300000,0.609400000
189,17.213600000,0.392200000
190,15.934900000,0.409900000
191,17.400000000,0.881800000
192,15.662000000,0.340700000
193,18.229600000,1.860400000
194,15.979700000,0.512000000
195,16.796900000,0.407300000
196,16.038600000,0.539600000
197,18.098900000,1.489600000
198,15.687000000,0.344800000
199,17.373400000,0.556200000
200,15.949000000,0.622900000
201,17.248400000,0.437000000
202,17.213600000,1.692700000
203,15.621800000,0.318700000
204,16.975600000,0.566700000
205,16.308300000,0.912500000
206,17.513000000,1.124500000
207,16.445300000,0.939600000
208,15.765100000,0.441100000
209,16.669800000,0.324400000
210,17.130200000,0.535400000
211,15.941200000,0.448400000
212,17.062500000,0.640700000
213,16.655200000,0.324000000
214,17.927600000,1.628200000
215,16.259900000,0.847400000
216,15.858300000,0.455200000
217,17.223500000,0.419300000
218,17.512500000,2.004700000
219,15.464500000,1.062000000
220,16.730200000,0.351500000
221,15.890200000,0.552600000
222,16.878100000,0.444300000
223,16.881200000,0.527600000
224,16.902600000,0.468800000
225,17.151100000,0.719700000
226,16.150500000,0.727100000
227,16.642200000,0.318800000
228,17.879100000,1.474400000
229,15.746400000,1.157300000
230,16.390100000,0.529100000
231,16.807300000,0.395900000
232,15.737500000,0.377100000
233,16.664100000,0.320300000
234,16.760400000,0.394300000
235,18.442200000,1.771900000
236,16.097900000,0.723500000
237,16.129700000,0.274000000
238,16.902100000,0.453600000
239,16.060400000,0.527600000
240,16.653100000,0.339600000
241,17.710400000,0.496900000
242,16.438600000,0.777600000
243,15.876000000,0.415100000
244,17.246300000,0.800000000
245,16.104200000,0.702100000
246,16.570300000,0.283300000
247,17.675500000,1.291600000
248,15.619800000,0.317200000
249,16.994800000,0.545300000
250,17.070300000,0.429100000
251,15.863100000,0.492200000
252,16.961900000,0.512000000
253,17.900000000,0.400500000
254,15.663100000,0.298500000
255,18.840100000,0.582800000
256,15.155200000,0.725000000
257,15.764000000,0.404700000
258,16.980800000,0.541100000
259,15.932800000,0.417700000
260,17.020800000,0.505200000
261,17.449000000,1.039000000
262,16.437000000,0.993700000
263,16.040100000,0.655300000
264,17.148400000,0.700500000
265,17.279200000,0.498400000
266,15.859900000,0.438500000
267,17.391600000,1.060400000
268,16.529700000,1.026000000
269,15.970300000,0.571900000
270,17.496900000,1.067700000
271,16.772400000,1.331200000
272,16.006200000,0.498900000
273,18.325600000,0.285500000
274,15.486400000,1.155200000
275,15.769800000,0.378100000
276,16.969300000,0.583900000
277,18.489600000,2.207800000
278,15.028100000,0.531700000
279,16.864100000,0.407900000
280,16.376000000,0.744800000
281,17.132800000,0.532800000
282,16.004700000,0.544800000
283,17.231200000,0.845800000
284,15.864600000,0.550500000
285,16.764100000,0.389600000
286,18.752600000,2.392200000
287,14.753600000,0.365600000
288,18.298000000,1.868200000
289,15.143200000,0.763500000
290,16.655700000,0.325000000
291,17.412000000,1.045300000
292,16.200500000,0.455800000
293,15.730700000,0.367100000
294,16.675000000,0.365100000
295,16.767800000,0.309400000
296,16.982200000,0.334300000
297,16.856800000,0.435900000
298,23.896400000,1.189000000
299,10.535900000,1.193700000
300,15.743800000,0.381300000
301,17.086900000,0.309300000
302,16.818300000,1.397400000
303,15.700500000,0.350000000
304,17.165600000,0.722900000
305,15.906800000,0.538600000
306,16.649500000,0.331300000
307,16.619200000,0.297400000
308,17.580200000,0.678600000
309,15.800000000,0.395300000
310,17.367200000,0.973500000
311,16.981800000,0.629200000
312,16.844800000,1.446400000
313,16.233800000,0.803100000
314,15.966200000,0.477600000
315,16.938000000,0.428600000
316,17.195800000,0.738000000
317,15.704700000,0.340100000
318,17.000600000,0.505700000
319,17.484900000,1.019300000
320,15.677600000,0.341200000
321,16.615100000,0.317700000
322,16.784900000,0.368800000
323,17.885400000,0.421800000
324,15.765100000,0.303700000
325,19.079700000,2.759400000
326,15.195300000,1.598400000
327,15.873400000,0.412000000
328,17.567700000,0.490600000
329,17.117200000,1.686400000
330,14.818800000,0.410900000
331,17.433800000,1.061500000
332,15.951600000,0.434400000
333,17.062500000,0.632300000
334,17.077600000,0.500000000
335,15.818700000,0.430200000
336,26.069300000,8.758400000
337,7.908300000,0.357300000
338,16.088600000,0.406800000
339,16.848400000,0.374500000
340,17.060400000,0.686500000
341,15.694800000,0.351000000
342,16.897400000,0.551000000
343,17.788600000,1.280700000
344,15.784900000,0.394300000
345,17.171300000,0.449000000
346,15.595800000,0.301500000
347,19.484400000,2.091700000
348,14.847400000,0.438000000
349,16.947900000,0.364500000
350,15.955200000,0.477600000
351,16.969300000,0.569800000
352,17.074500000,0.416700000
353,16.073400000,0.634400000
354,16.896400000,0.553100000
355,18.119800000,1.331800000
356,15.203600000,0.483300000
357,16.871900000,0.485400000
358,15.739100000,0.387000000
359,16.630200000,0.310500000
360,17.038500000,0.550500000
361,17.743200000,0.722400000
362,15.783900000,0.395900000
363,16.722400000,0.358400000
364,17.126000000,0.550500000
365,15.706800000,0.366100000
366,17.188500000,0.725500000
367,17.631800000,0.706200000
368,16.399500000,0.789500000
369,16.020800000,0.519300000
370,17.242200000,0.542700000
371,15.913600000,0.413500000
372,16.998400000,0.423500000
373,17.600000000,0.590100000
374,15.862000000,0.474000000
375,15.767200000,0.472400000
376,16.636400000,0.307300000
377,16.763000000,0.398900000
378,17.101600000,0.695900000
379,17.178100000,0.466600000
380,15.674000000,0.325500000
381,16.742700000,0.376600000
382,18.016100000,1.364600000
383,18.029700000,0.520300000
384,15.034400000,0.567200000
385,15.666700000,0.316200000
386,16.680200000,0.410900000
387,17.018200000,0.643800000
388,17.349500000,0.742200000
389,15.854700000,0.542200000
390,16.706700000,0.375000000
391,17.157300000,0.784900000
392,17.409900000,1.554700000
393,15.925500000,0.473400000
394,15.737000000,0.326500000
395,16.657300000,0.330700000
396,17.192700000,0.777100000
397,17.172400000,0.449500000
398,16.444300000,0.314100000
399,16.637000000,0.303100000
400,17.212500000,0.569200000
401,16.513500000,0.678200000
402,15.996900000,0.462000000
403,17.313000000,0.932300000
404,16.077600000,0.728100000
405,17.033900000,0.469700000
406,16.411400000,0.862500000
407,17.388000000,0.927100000
408,16.134900000,0.333300000
409,15.772400000,0.312000000
410,17.059900000,0.585400000
411,17.026600000,0.407300000
412,22.356800000,3.728600000
413,13.339600000,0.534400000
414,14.186900000,0.493200000
415,22.853200000,2.450000000
416,10.722400000,0.316100000
417,15.965600000,0.656800000
418,16.616100000,0.307300000
419,16.699500000,0.350000000
420,17.042200000,0.717700000
421,17.810400000,0.986900000
422,16.632300000,1.120300000
423,17.769300000,0.433800000
424,17.073400000,1.463500000
425,14.096900000,0.311500000
426,17.182800000,0.847900000
427,15.654700000,0.291100000
428,17.185400000,0.528200000
429,16.799500000,0.401600000
430,16.822900000,0.318200000
431,16.012000000,0.651500000
432,17.167700000,0.703700000
433,18.346300000,1.691600000
434,14.803200000,0.431300000
435,16.761900000,0.393200000
436,17.131800000,0.496900000
437,15.962000000,0.456800000
438,16.867200000,0.522400000
439,17.080200000,0.321400000
440,16.729700000,0.491100000
441,16.069200000,0.382800000
442,17.917800000,0.993200000
443,16.010900000,0.591200000
444,16.030700000,0.553700000
445,17.918800000,1.541100000
446,15.852600000,0.321400000
447,16.123400000,0.393800000
448,17.928700000,1.368200000
449,15.675000000,0.354700000
450,16.945300000,0.458300000
451,15.492200000,0.249500000
452,18.295800000,0.906800000
453,15.877100000,0.417700000
454,17.125000000,0.452600000
455,15.954100000,0.464100000
456,16.974000000,0.466200000
457,17.545800000,0.433800000
458,15.933400000,0.651600000
459,16.921300000,0.605700000
460,16.047900000,0.715600000
461,17.273500000,0.569800000
462,15.846300000,0.423400000
463,16.566700000,0.276000000
464,17.470300000,0.469300000
465,16.043800000,0.443800000
466,17.843700000,1.306800000
467,16.233900000,0.793300000
468,15.879600000,0.483800000
469,17.388100000,0.957300000
470,16.121300000,0.570300000
471,17.130800000,0.485900000
472,15.842700000,0.423000000
473,17.914000000,1.398900000
474,15.765100000,0.386500000
475,16.701100000,0.414600000
476,16.723400000,0.385400000
477,16.638000000,0.316100000
478,17.328200000,0.482300000
479,15.655200000,0.329200000
480,16.841600000,0.556700000
481,17.231300000,0.914600000
482,16.928600000,0.511500000
483,15.832300000,0.410400000
484,17.162500000,0.733900000
485,16.916700000,0.361000000
486,15.780200000,0.470800000
487,16.773400000,0.485400000
488,17.045900000,0.649400000
489,16.797900000,0.353200000
490,17.388500000,0.591200000
491,15.677600000,0.343200000
492,16.912500000,0.418700000
493,17.791200000,1.047900000
494,16.036400000,0.607300000
495,15.674500000,0.343200000
496,17.307800000,0.929200000
497,16.804200000,0.454200000
498,16.770300000,1.293200000
499,16.341100000,0.860900000
500,16.821400000,0.344800000
501,17.434900000,1.916600000
502,19.810400000,2.590600000
503,12.824500000,0.526100000
504,16.344300000,0.781700000
505,16.983300000,0.408400000
506,16.306800000,0.541600000
507,16.794200000,0.392700000
508,17.691200000,0.942700000
509,15.576000000,0.285900000
510,17.207300000,0.430200000
511,16.308300000,0.665600000
512,16.114600000,0.392200000
513,16.807800000,0.352600000
514,17.402100000,0.472400000
515,16.160400000,0.665600000
516,17.042200000,0.584900000
517,16.630800000,1.198500000
518,16.192700000,0.534900000
519,16.655700000,0.329700000
520,17.124000000,0.767200000
521,15.828100000,0.418800000
522,17.823400000,1.304200000
523,15.933900000,0.616600000
524,17.214000000,0.437000000
525,16.174000000,0.718200000
526,17.288000000,0.438600000
527,16.053100000,0.444800000
528,17.078700000,0.645900000
529,16.537000000,1.140100000
530,16.192700000,0.616700000
531,16.669800000,0.340100000
532,16.897900000,0.570300000
533,16.753100000,0.383400000
534,17.065100000,0.594800000
535,20.253100000,1.685400000
536,13.405200000,0.876600000
537,16.738600000,1.365100000
538,16.094800000,0.461500000
539,16.682800000,0.818200000
540,15.727600000,0.372900000
541,16.683800000,0.271400000
542,16.856300000,0.431300000
543,17.205200000,0.720900000
544,17.591700000,0.845800000
545,15.760900000,0.366700000
546,15.890100000,0.449500000
547,17.168800000,0.519300000
548,17.049400000,0.319800000
549,15.801100000,0.381800000
550,17.384900000,1.052600000
551,16.898400000,0.470300000
552,15.632800000,0.328600000
553,17.291700000,0.628600000
554,17.004700000,0.492700000
555,16.096300000,0.407300000
556,17.244800000,0.821400000
557,16.338100000,0.956200000
558,16.634800000,0.306200000
559,17.117800000,0.531800000
560,15.863500000,0.411500000
561,16.840100000,0.433900000
562,17.265600000,0.898500000
563,16.318300000,0.601500000
564,17.522400000,0.930200000
565,16.200500000,0.842700000
566,15.992700000,0.556800000
567,17.377100000,0.415100000
568,16.252000000,0.815100000
569,16.914100000,0.487000000
570,15.917700000,0.501600000
571,17.301100000,0.898900000
572,16.941600000,0.485900000
573,16.971400000,1.489000000
574,16.221900000,0.776600000
575,16.070300000,0.421300000
576,16.698400000,0.373400000
577,17.365600000,1.014100000
578,16.645300000,1.242800000
579,16.718300000,1.267200000
580,16.215600000,0.831800000
581,16.656800000,0.326600000
582,17.036900000,0.602600000
583,17.208900000,1.509900000
584,16.431800000,0.517700000
585,16.595800000,0.561000000
586,17.804200000,2.317700000
587,15.026500000,0.667700000
588,17.218300000,0.751600000
589,15.911400000,0.598500000
590,16.872900000,0.439600000
591,17.679700000,0.951600000
592,16.459900000,0.951600000
593,16.795300000,0.700600000
594,16.334900000,0.827100000
595,16.436000000,0.970900000
596,16.257800000,0.818800000
597,16.591100000,0.290600000
598,17.128200000,0.445800000
599,17.092100000,1.652100000
600,16.365700000,0.962500000
601,16.634900000,0.370300000
602,15.919800000,0.512500000
603,16.808800000,0.417700000
604,17.385400000,0.671400000
605,15.741700000,0.402600000
606,16.887000000,0.556300000
607,16.956200000,0.346900000
608,16.140100000,0.352600000
609,16.822900000,0.445800000
610,17.027600000,0.500500000
611,16.379700000,0.795300000
612,16.713100000,0.277600000
613,17.690600000,0.978700000
614,16.055700000,0.766700000
615,17.246900000,1.775500000
616,16.179700000,0.444700000
617,15.985400000,0.588100000
618,17.232800000,0.767200000
619,15.778100000,0.417700000
620,16.835400000,0.458300000
621,17.063600000,0.541700000
622,17.488000000,0.711000000
623,16.346400000,0.754700000
624,18.139000000,0.927600000
625,15.143200000,0.313600000
626,16.240200000,0.303100000
627,17.310900000,0.906800000
628,16.190100000,0.760900000
629,16.198400000,0.671400000
630,16.988600000,0.492100000
631,16.904100000,0.374400000
632,16.752100000,0.522900000
633,15.778700000,0.371900000
634,17.597900000,1.148500000
635,16.251500000,0.800500000
636,16.620900000,0.286000000
637,17.160400000,0.501100000
638,16.065600000,0.537500000
639,16.912500000,0.475000000
640,17.105800000,0.490100000
641,16.195300000,0.820300000
642,17.346300000,0.855300000
643,16.612000000,0.476100000
644,15.878600000,0.383900000
645,17.915700000,1.393700000
646,14.981200000,0.557800000
647,16.612500000,0.289500000
648,16.764100000,0.477100000
649,17.075500000,0.761000000
650,16.802100000,0.395900000
651,16.872400000,0.573500000
652,15.881200000,0.396300000
653,16.836500000,0.411000000
654,16.774500000,0.332800000
655,17.795800000,0.496900000
656,15.621900000,0.324000000
657,16.731200000,0.353600000
658,18.430800000,1.422400000
659,14.738000000,0.404700000
660,16.953100000,0.498000000
661,16.965100000,0.375500000
662,16.162500000,0.560400000
663,16.862000000,0.547900000
664,17.367700000,0.542700000
665,15.984400000,0.485400000
666,17.741600000,0.474500000
667,16.399500000,0.350500000
668,15.661000000,0.340100000
669,16.851000000,0.522900000
670,16.950500000,0.439100000
671,17.088000000,0.893200000
672,15.674500000,0.315100000
673,17.139600000,0.804700000
674,15.878600000,0.505200000
675,16.646900000,0.353600000
676,17.431300000,1.050500000
677,15.654100000,0.324000000
678,16.824000000,0.424500000
679,17.238000000,0.735400000
680,16.993200000,0.531300000
681,16.699000000,1.286000000
682,15.909900000,0.405300000
683,17.047400000,0.702100000
684,17.272400000,0.755200000
685,16.385900000,0.733300000
686,17.702600000,0.446300000
687,14.663100000,0.342700000
688,16.654600000,0.327600000
689,17.059400000,0.544800000
690,17.530700000,0.961500000
691,16.444300000,0.927100000
692,15.927600000,0.482300000
693,16.594800000,0.305200000
694,17.044800000,0.641700000
695,16.810400000,0.420300000
696,17.405200000,0.905700000
697,17.472400000,1.069300000
698,15.704200000,0.532200000
699,15.588500000,0.288500000
700,17.040100000,0.679200000
701,16.956800000,0.480200000
702,16.996400000,0.554200000
703,16.476000000,1.076100000
704,16.285900000,0.843300000
705,16.899000000,0.536500000
706,17.027600000,0.496900000
707,15.767200000,0.383900000
708,16.923900000,0.483300000
709,17.722400000,0.903100000
710,16.014600000,0.553100000
711,15.723500000,0.432300000
712,16.771300000,0.383300000
713,17.032300000,0.563000000
714,17.480700000,1.009400000
715,16.636500000,0.580200000
716,16.618200000,0.576600000
717,16.506800000,0.426100000
718,16.682800000,1.274500000
719,15.760400000,0.391700000
720,16.541200000,0.264600000
721,17.549500000,1.174500000
722,16.345300000,0.615100000
723,16.789000000,0.350000000
724,16.997400000,0.357800000
725,16.125000000,0.567700000
726,16.753100000,0.360900000
727,18.413100000,1.109400000
728,15.556200000,0.660500000
729,15.818200000,0.405200000
730,16.809400000,0.505200000
731,16.615600000,0.277000000
732,16.992200000,0.591200000
733,18.274000000,0.426000000
734,15.700000000,0.532800000
735,19.491700000,2.229200000
736,12.573400000,0.290100000
737,16.941700000,0.485500000
738,17.713500000,0.410900000
739,16.632800000,1.264100000
740,15.950000000,0.443700000
741,16.868200000,0.450000000
742,16.361500000,0.916100000
743,18.309900000,0.723500000
744,15.430200000,0.537000000
745,15.680700000,0.318300000
746,17.300600000,0.809400000
747,19.979600000,0.478100000
748,13.412500000,0.934400000
749,16.865200000,0.465100000
750,16.591600000,1.125000000
751,16.464600000,0.607800000
752,16.806300000,0.447400000
753,16.975000000,0.534300000
754,16.349400000,0.894700000
755,18.232300000,1.122900000
756,15.084400000,0.480200000
757,18.066100000,1.388000000
758,15.053700000,0.588000000
759,17.750000000,0.902100000
760,16.353600000,0.633800000
761,16.141200000,0.436000000
762,16.893200000,0.491200000
763,15.788600000,0.317200000
764,16.627000000,0.308300000
765,16.709900000,0.342200000
766,17.120300000,0.704200000
767,17.214600000,0.645800000
768,17.471900000,1.959400000
769,16.768800000,0.920800000
770,14.917100000,0.448900000
771,16.776600000,0.354700000
772,16.854700000,0.504700000
773,17.850000000,1.456200000
774,16.365100000,0.878600000
775,16.442700000,1.050000000
776,16.392700000,0.516700000
777,15.840600000,0.423900000
778,16.671400000,0.316200000
779,17.077600000,0.630800000
780,17.017700000,0.658800000
781,16.706300000,1.216600000
782,16.156200000,0.407800000
783,17.408900000,0.591100000
784,15.584300000,0.275000000
785,16.774500000,0.443700000
786,16.950000000,0.505800000
787,17.902100000,0.706700000
788,16.185400000,0.732300000
789,16.271900000,0.470400000
790,17.085400000,1.131700000
791,15.606800000,0.298400000
792,16.910900000,0.470300000
793,22.038600000,4.865100000
794,11.047900000,0.278100000
795,17.078100000,0.661500000
796,17.068700000,0.411400000
797,15.958900000,0.455800000
798,16.819800000,0.405200000
799,17.574500000,1.216100000
800,16.020300000,0.596900000
801,17.187000000,0.749500000
802,16.392100000,0.957800000
803,16.394300000,0.930700000
804,16.786000000,0.417700000
805,15.731700000,0.428100000
806,18.959400000,2.495900000
807,15.033900000,0.616600000
808,16.989000000,0.375000000
809,16.054700000,0.476500000
810,16.647400000,0.336500000
811,17.372900000,0.972400000
812,17.968200000,0.710900000
813,16.187500000,0.404100000
814,16.031300000,0.440600000
815,15.762000000,0.424500000
816,16.718700000,0.433800000
817,17.402600000,0.884300000
818,15.961500000,0.461900000
819,17.126000000,0.601000000
820,17.278200000,0.619800000
821,15.897900000,0.420300000
822,16.910900000,0.478700000
823,17.616700000,2.091200000
824,15.061400000,0.565100000
825,17.224500000,0.595300000
826,18.047900000,0.524500000
827,15.325000000,0.756800000
828,15.936000000,0.406800000
829,17.261400000,0.838500000
830,16.861500000,0.520900000
831,16.128600000,0.689600000
832,17.058900000,0.666700000
833,16.992700000,0.692200000
834,15.878100000,0.457800000
835,18.076100000,1.633300000
836,16.139000000,0.521400000
837,16.408900000,1.027100000
838,17.696900000,2.021400000
839,16.961900000,0.465600000
840,14.869800000,0.459400000
841,17.302100000,0.463500000
842,16.946900000,1.250000000
843,16.714000000,0.710900000
844,17.323000000,1.302600000
845,17.244200000,0.407800000
846,14.504700000,0.377600000
847,16.886000000,0.587500000
848,16.796800000,0.408300000
849,16.800600000,0.390600000
850,15.891100000,0.441200000
851,19.770300000,3.378600000
852,14.796400000,0.431200000
853,16.539000000,1.091600000
854,17.010400000,0.914600000
855,15.743800000,0.422900000
856,17.143700000,0.475000000
857,15.959900000,0.495300000
858,17.774000000,1.232900000
859,16.340100000,0.379700000
860,15.869300000,0.362500000
861,16.758300000,0.329200000
862,17.158900000,0.276600000
863,17.076500000,1.201000000
864,17.716700000,1.946900000
865,15.798900000,0.596900000
866,15.768300000,0.371900000
867,16.709900000,0.346400000
868,17.058800000,0.458300000
869,16.984400000,1.297400000
870,16.210900000,0.503600000
871,17.209900000,1.864600000
872,16.545300000,1.107800000
873,16.276600000,0.890100000
874,15.724500000,0.372400000
875,17.072400000,0.644300000
876,16.804700000,0.410400000
877,17.219800000,0.436000000
878,16.081200000,0.542200000
879,17.383300000,0.695800000
880,16.031800000,0.527600000
881,19.120900000,0.437500000
882,13.907800000,0.470300000
883,17.454700000,1.090600000
884,17.107800000,0.805700000
885,19.022900000,0.504700000
886,12.879700000,0.617700000
887,17.171800000,0.818700000
888,16.819300000,0.385400000
889,16.013000000,0.490600000
890,17.143300000,0.405200000
891,16.879700000,0.434800000
892,15.972900000,0.419700000
893,17.852100000,1.372900000
894,15.798900000,0.405700000
895,18.134400000,1.509400000
896,16.072400000,0.452100000
897,16.313500000,0.903100000
898,15.689100000,0.349500000
899,17.206200000,0.727600000
900,19.419800000,3.000000000
901,14.235400000,0.366100000
902,16.699000000,0.632300000
903,15.849500000,0.407900000
904,16.596300000,0.302100000
905,16.812000000,0.423500000
906,16.760400000,0.379100000
907,19.696400000,0.870300000
908,13.906200000,0.493800000
909,17.745300000,1.383300000
910,16.141200000,0.567200000
911,15.848400000,0.333300000
912,16.610400000,0.314100000
913,16.966700000,0.678100000
914,17.107300000,0.599000000
915,15.811500000,0.395800000
916,16.702600000,0.415600000
917,16.596800000,0.284300000
918,16.661500000,0.331200000
919,17.531800000,1.150500000
920,16.259300000,0.444800000
921,18.105800000,1.683400000
922,16.057800000,1.511400000
923,15.941100000,0.616100000
924,17.018300000,0.607300000
925,17.220800000,0.988600000
926,16.519300000,0.526000000
927,16.584900000,1.131700000
928,16.115600000,0.783300000
929,17.721300000,1.316700000
930,17.000000000,0.434900000
931,15.861500000,0.420300000
932,15.669300000,0.351600000
933,16.631700000,0.341200000
934,18.437000000,2.032300000
935,15.581300000,1.138600000
936,15.916100000,0.485400000
937,18.706300000,2.214100000
938,14.710400000,0.337000000
939,16.600500000,0.313500000
940,17.850000000,0.671400000
941,16.989600000,1.228200000
942,16.477600000,1.040600000
943,16.131200000,0.479700000
944,16.387500000,0.745800000
945,18.517800000,1.955200000
946,15.807200000,0.519800000
947,15.604700000,0.290600000
948,16.618300000,1.120400000
949,17.711400000,1.049000000
950,16.439600000,0.999000000
951,16.660400000,1.188000000
952,16.028700000,0.645300000
953,15.779100000,0.392700000
954,17.120900000,0.404200000
955,17.633300000,1.304700000
956,16.237000000,0.763000000
957,15.968200000,0.520300000
958,17.126000000,0.742700000
959,17.754200000,1.208300000
960,16.094300000,0.535400000
961,15.968200000,0.601600000
962,16.829200000,0.352600000
963,17.364600000,0.928600000
964,16.228100000,0.741200000
965,15.919300000,0.444800000
966,17.518200000,0.463600000
967,16.117700000,0.653700000
968,16.709900000,0.373400000
969,17.097400000,0.643800000
970,15.838000000,0.535900000
971,16.721400000,0.366200000
972,17.021800000,0.456800000
973,17.384400000,0.571300000
974,17.735400000,0.504200000
975,14.950600000,0.424400000
976,16.957200000,0.475000000
977,15.874500000,0.566100000
978,18.822400000,2.474000000
979,15.471900000,1.077600000
980,15.932800000,0.455700000
981,16.891700000,0.438000000
982,16.833800000,0.530700000
983,16.711000000,0.372400000
984,17.251500000,0.855200000
985,16.038600000,0.632300000
986,17.870800000,0.429200000
987,15.392200000,1.026100000
988,17.387000000,0.578100000
989,16.425000000,0.798400000
990,16.939000000,0.430700000
991,17.452100000,2.117700000
992,15.826100000,1.175600000
993,15.675000000,0.344800000
994,16.943700000,0.579200000
995,17.015600000,0.676500000
996,17.046900000,1.620800000
997,16.610900000,1.260900000
998,16.175600000,0.871400000
999,16.341600000,0.308300000
1000,16.881800000,0.324000000
1001,16.707800000,0.360900000
1002,17.114100000,0.745400000
1003,16.729100000,1.105700000
1004,15.742200000,0.391100000
1005,17.496900000,1.050000000
1006,16.005700000,0.680700000
1007,17.162500000,0.828600000
1008,15.596900000,0.296800000
1009,16.670300000,0.315100000
1010,17.079700000,0.383800000
1011,16.709400000,0.365600000
1012,17.966700000,1.643200000
1013,15.939000000,0.517700000
1014,15.959900000,0.538500000
1015,17.094800000,0.725500000
1016,17.080700000,0.483900000
1017,16.346900000,0.587000000
1018,15.862500000,0.397400000
1019,17.114100000,0.680200000
1020,16.967700000,0.543800000
1021,17.220800000,0.490600000
1022,16.035400000,0.604200000
1023,19.321400000,0.499500000
1024,14.928100000,0.429200000
1025,15.800000000,0.345300000
1026,17.471400000,0.481700000
1027,20.452600000,5.132300000
1028,11.703600000,0.372900000
1029,16.814100000,0.352000000
1030,16.822900000,0.530700000
1031,16.830700000,0.480700000
1032,17.261500000,0.810500000
1033,18.003600000,2.201100000
1034,18.344300000,3.855700000
1035,13.393700000,0.879200000
1036,16.624000000,1.301600000
1037,15.696400000,0.386000000
1038,19.718200000,3.305200000
1039,14.462500000,0.297400000
1040,16.048900000,0.656200000
1041,16.755800000,0.382800000
1042,17.884300000,1.450000000
1043,17.356800000,1.748500000
1044,14.867700000,0.433900000
1045,17.173500000,0.523400000
1046,16.360900000,0.790700000
1047,17.056800000,0.488600000
1048,16.387500000,1.001600000
1049,15.741100000,0.403100000
1050,17.043800000,0.509300000
1051,17.026000000,0.659400000
1052,17.440100000,1.119300000
1053,15.858300000,0.428100000
1054,17.543300000,0.690100000
1055,15.738500000,0.374000000
1056,17.076100000,0.702100000
1057,15.585900000,0.280200000
1058,16.729700000,0.275500000
1059,16.654100000,0.331300000
1060,16.749500000,0.357300000
1061,17.556800000,0.915600000
1062,16.362000000,0.485400000
1063,17.945800000,1.003600000
1064,14.908300000,0.397400000
1065,16.680800000,0.390100000
1066,18.331700000,1.896300000
1067,14.906800000,0.431300000
1068,17.063000000,0.657300000
1069,17.211500000,0.506800000
1070,16.169800000,0.456300000
1071,17.253600000,0.743200000
1072,15.669800000,0.356200000
1073,17.215600000,0.487500000
1074,16.975600000,0.570800000
1075,16.761900000,1.194300000
1076,15.944800000,0.473900000
1077,17.043300000,0.506800000
1078,17.540100000,0.587500000
1079,16.154700000,0.505200000
1080,15.885400000,0.458400000
1081,18.351000000,1.225500000
1082,16.039100000,1.490600000
1083,15.897400000,0.346400000
1084,17.147900000,0.578700000
1085,17.036500000,0.630200000
1086,15.902000000,0.464000000
1087,16.944300000,0.367700000
1088,15.813500000,0.371300000
1089,17.093800000,0.678700000
1090,17.846400000,0.771400000
1091,15.768200000,0.384900000
1092,17.137500000,0.552100000
1093,16.036400000,0.613500000
1094,17.418300000,0.897900000
1095,15.949400000,0.330700000
1096,18.578200000,2.034900000
1097,14.818200000,0.405200000
1098,16.743800000,0.361400000
1099,15.957800000,0.524400000
1100,17.001000000,0.440100000
1101,17.219800000,0.450000000
1102,15.815600000,0.471800000
1103,17.591700000,1.239600000
1104,15.981200000,0.491700000
1105,17.752600000,1.276000000
1106,16.479200000,0.512500000
1107,15.932800000,0.454100000
1108,17.011000000,0.426100000
1109,15.801000000,0.408800000
1110,16.782800000,0.465600000
1111,16.625000000,0.338000000
1112,16.719300000,0.352100000
1113,16.957300000,0.528100000
1114,17.052600000,0.655300000
1115,21.040600000,0.410400000
1116,11.613500000,0.315600000
1117,17.252100000,0.856200000
1118,16.699000000,0.350000000
1119,17.023900000,0.606700000
1120,15.742800000,0.373000000
1121,17.628600000,0.696900000
1122,15.856300000,0.440600000
1123,17.286400000,0.967700000
1124,16.143800000,0.686400000
1125,16.811900000,0.431200000
1126,17.329200000,0.777600000
1127,16.176000000,0.346300000
1128,17.411000000,1.012500000
1129,16.178100000,0.429700000
1130,16.120800000,0.649500000
1131,17.359400000,1.038600000
1132,16.438000000,1.137500000
1133,15.821400000,0.367200000
1134,17.328100000,0.345800000
1135,16.901100000,0.408900000
1136,15.780200000,0.346400000
1137,16.768700000,0.342700000
1138,17.267200000,0.924500000
1139,15.801600000,0.420800000
1140,16.736900000,0.442700000
1141,17.088600000,0.697900000
1142,16.699500000,0.461400000
1143,16.864600000,0.380700000
1144,17.422300000,0.769800000
1145,15.912000000,0.537000000
1146,16.783400000,0.334900000
1147,16.793700000,0.378600000
1148,15.925000000,0.297400000
1149,16.847400000,0.490600000
1150,17.017700000,0.578600000
1151,16.920800000,0.506800000
1152,16.345900000,0.851500000
1153,17.241100000,0.514100000
1154,20.337000000,4.870900000
1155,12.067200000,0.641100000
1156,16.779200000,0.299500000
1157,16.661900000,0.343800000
1158,16.713100000,0.366200000
1159,17.031200000,0.758900000
1160,16.709900000,0.385400000
1161,15.990100000,0.451000000
1162,18.955700000,1.393800000
1163,14.853700000,0.354200000
1164,16.779700000,0.387000000
1165,17.536400000,0.525600000
1166,15.943800000,0.482300000
1167,15.915600000,0.472900000
1168,16.993200000,0.616100000
1169,16.867200000,0.469800000
1170,17.063000000,0.490600000
1171,16.372400000,0.823900000
1172,17.389600000,0.545800000
1173,15.674500000,0.333300000
1174,16.988500000,0.639000000
1175,16.421900000,1.075500000
1176,18.888600000,2.460400000
1177,13.790100000,0.450000000
1178,17.227000000,0.370300000
1179,16.678200000,0.305700000
1180,17.060900000,0.751000000
1181,15.700000000,0.392200000
1182,16.882300000,0.510400000
1183,16.485900000,0.228600000
1184,16.727600000,0.352100000
1185,17.270400000,0.858800000
1186,16.855700000,0.393200000
1187,15.867700000,0.438100000
1188,16.730200000,0.368200000
1189,16.726000000,0.396400000
1190,16.920400000,0.454700000
1191,16.620300000,0.304700000
1192,16.923900000,0.569200000
1193,16.731300000,0.338000000
1194,16.821900000,0.420300000
1195,15.914500000,0.588100000
1196,16.779700000,0.473400000
1197,17.361000000,0.766100000
1198,15.804600000,0.420300000
1199,16.932900000,0.567700000
1200,16.744800000,0.290600000
1201,17.812500000,1.336500000
1202,15.965600000,0.513000000
1203,16.650500000,1.064100000
1204,17.322400000,0.594200000
1205,15.763000000,0.387000000
1206,17.331300000,0.509900000
1207,16.552000000,1.230200000
1208,17.395900000,0.399500000
1209,14.692200000,0.353200000
1210,16.610400000,0.311500000
1211,17.912000000,0.498400000
1212,15.913500000,0.536000000
1213,17.347400000,0.985400000
1214,15.982800000,0.381200000
1215,17.004700000,0.523500000
1216,18.104200000,1.097400000
1217,15.322900000,0.407900000
1218,16.798900000,0.445800000
1219,15.705800000,0.292700000
1220,17.209300000,0.364500000
1221,17.126100000,0.472400000
1222,16.553100000,1.001100000
1223,16.905700000,0.456200000
1224,15.868800000,0.394300000
1225,16.617200000,0.316100000
1226,16.897900000,0.426600000
1227,17.082800000,0.482800000
1228,15.714600000,0.346900000
1229,16.979200000,0.570900000
1230,16.709300000,0.353600000
1231,17.321900000,0.851600000
1232,17.382800000,0.608400000
1233,16.227600000,0.559900000
1234,16.354700000,1.013000000
1235,15.705700000,0.354100000
1236,16.860500000,0.472900000
1237,16.732800000,0.388600000
1238,19.219800000,2.819800000
1239,15.627000000,0.589500000
1240,15.876600000,0.383300000
1241,15.842200000,0.409900000
1242,16.831800000,0.409400000
1243,17.376500000,1.020300000
1244,16.597900000,0.908300000
1245,15.671900000,0.343700000
1246,16.851100000,0.354700000
1247,16.588500000,0.279100000
1248,17.972400000,1.281800000
1249,16.027600000,0.722400000
1250,19.509400000,2.394800000
1251,13.579100000,0.276100000
1252,16.986000000,0.660400000
1253,17.645300000,1.155300000
1254,15.785900000,0.403100000
1255,17.450000000,0.613600000
1256,15.751100000,0.391200000
1257,17.676000000,0.907800000
1258,17.112500000,0.755700000
1259,15.117700000,0.457800000
1260,16.952600000,0.416100000
1261,15.857300000,0.450000000
1262,17.135400000,0.422400000
1263,16.559400000,0.281700000
1264,17.787500000,1.373500000
1265,15.868800000,0.443800000
1266,16.902600000,0.459900000
1267,15.897900000,0.469300000
1268,17.550000000,0.750500000
1269,15.949500000,0.563000000
1270,16.917200000,0.575600000
1271,17.003600000,0.619300000
1272,16.109900000,0.709900000
1273,18.537500000,1.602600000
1274,15.012000000,0.592100000
1275,17.047400000,0.423000000
1276,15.559300000,0.265100000
1277,16.704200000,0.367200000
1278,16.657300000,0.342200000
1279,16.705200000,0.308800000
1280,17.311500000,0.887000000
1281,17.031200000,0.609400000
1282,16.783400000,1.009400000
1283,16.090600000,0.607300000
1284,16.760900000,0.369300000
1285,17.220800000,0.508300000
1286,16.194800000,0.700000000
1287,17.508400000,0.546400000
1288,16.689000000,0.491700000
1289,16.025600000,0.441600000
1290,15.683800000,0.335400000
1291,17.979200000,1.468200000
1292,15.785400000,0.371400000
1293,16.774000000,0.395300000
1294,17.464500000,0.541100000
1295,16.174000000,0.463000000
1296,16.956800000,0.517200000
1297,15.693700000,0.347900000
1298,18.242700000,0.908900000
1299,16.092700000,0.755700000
1300,15.666200000,0.355200000
1301,17.120800000,0.770900000
1302,17.001100000,0.418700000
1303,15.797300000,0.383800000
1304,16.841700000,0.433900000
1305,16.898500000,0.485400000
1306,16.852000000,0.543700000
1307,16.839100000,0.334400000
1308,16.962000000,0.604200000
1309,16.408300000,1.046400000
1310,17.110400000,0.637500000
1311,15.716200000,0.364600000
1312,17.407800000,0.986500000
1313,17.878100000,1.220300000
1314,19.784900000,0.386500000
1315,15.667700000,0.396900000
1316,18.523500000,4.055200000
1317,11.289000000,0.309900000
1318,15.613600000,0.304200000
1319,18.153600000,0.841100000
1320,15.841100000,0.456300000
1321,17.281300000,0.899000000
1322,16.157300000,0.414600000
1323,16.819800000,0.400500000
1324,17.193700000,0.480200000
1325,15.959400000,0.511400000
1326,16.724000000,0.399000000
1327,17.245300000,0.496900000
1328,16.222400000,0.517700000
1329,16.912000000,0.622300000
1330,15.837500000,0.436500000
1331,16.634800000,0.317100000
1332,16.740700000,0.409900000
1333,17.265100000,0.911500000
1334,16.740100000,0.317700000
1335,15.840100000,0.428100000
1336,18.268700000,0.447400000
1337,15.795900000,0.418700000
1338,16.709300000,0.356700000
1339,17.014100000,0.517200000
1340,16.427600000,0.466600000
1341,16.215100000,0.713100000
1342,16.986500000,0.657800000
1343,16.573400000,0.279100000
1344,17.975500000,1.507300000
1345,15.277600000,0.697900000
1346,17.440100000,1.008900000
1347,15.772400000,0.378600000
1348,17.369800000,0.994800000
1349,16.051100000,0.559900000
1350,17.080200000,0.452100000
1351,16.288000000,0.878700000
1352,16.912500000,0.478200000
1353,15.901000000,0.460900000
1354,17.414600000,1.030200000
1355,16.195300000,0.748400000
1356,17.113100000,0.617200000
1357,15.762500000,0.397400000
1358,17.668700000,0.543300000
1359,17.329700000,0.413100000
1360,16.143200000,0.457300000
1361,15.748500000,0.381800000
1362,16.785400000,0.384900000
1363,16.993700000,0.579700000
1364,17.319300000,0.953700000
1365,16.293700000,0.873400000
1366,15.630300000,0.313600000
1367,17.442700000,0.776500000
1368,16.735900000,0.371900000
1369,17.243800000,0.445800000
1370,15.754600000,0.326000000
1371,17.027100000,0.564600000
1372,17.466700000,0.414100000
1373,18.270800000,0.431300000
1374,13.903100000,0.355200000
1375,16.863600000,0.510400000
1376,18.367700000,0.442700000
1377,14.692700000,0.353600000
1378,17.269800000,0.833900000
1379,17.870300000,1.663500000
1380,15.125000000,0.511400000
1381,17.406800000,0.621800000
1382,19.328100000,0.638000000
1383,12.816700000,0.387500000
1384,16.596300000,0.302100000
1385,16.609400000,0.298400000
1386,16.810400000,0.420300000
1387,17.247900000,0.867200000
1388,16.817700000,0.350000000
1389,16.037000000,0.440100000
1390,16.925500000,0.439100000
1391,16.645400000,0.279200000
1392,16.706200000,0.360900000
1393,16.791700000,0.485400000
1394,16.999500000,0.492700000
1395,16.094200000,0.642700000
1396,17.086500000,0.726100000
1397,16.781800000,0.378700000
1398,17.824400000,1.500000000
1399,15.117200000,0.678100000
1400,16.701600000,0.412000000
1401,16.757300000,0.409400000
1402,17.655200000,0.448500000
1403,15.569800000,0.278700000
1404,16.955200000,0.487500000
1405,17.065600000,0.500500000
1406,22.914600000,7.390600000
1407,10.381200000,0.927600000
1408,16.014600000,0.560400000
1409,17.127100000,0.492200000
1410,15.860400000,0.449500000
1411,17.418300000,1.015100000
1412,16.409300000,0.716100000
1413,16.994800000,0.494800000
1414,16.464600000,1.036500000
1415,23.837000000,2.853200000
1416,8.597400000,0.285400000
1417,16.545800000,0.268200000
1418,17.803700000,0.429100000
1419,15.665100000,0.343800000
1420,16.642100000,0.340100000
1421,17.811000000,1.327100000
1422,15.660400000,0.341100000
1423,17.157800000,0.522900000
1424,16.641700000,0.333400000
1425,16.595800000,0.277600000
1426,17.333900000,0.941100000
1427,15.754700000,0.351600000
1428,17.205200000,0.527600000
1429,17.245300000,0.522900000
1430,16.960400000,1.523900000
1431,16.392200000,0.945300000
1432,16.198900000,0.801600000
1433,15.614100000,0.326600000
1434,18.008300000,0.598400000
1435,16.136500000,0.722900000
1436,17.125000000,0.471800000
1437,15.642200000,0.257300000
1438,16.665100000,0.348500000
1439,16.595300000,0.288500000
1440,16.904200000,0.476600000
1441,17.569200000,0.922300000
1442,16.169800000,0.422900000
1443,16.544800000,0.267700000
1444,17.381800000,0.615600000
1445,15.772400000,0.382300000
1446,17.219300000,0.902700000
1447,16.798900000,1.143800000
1448,17.221900000,0.997900000
1449,15.919800000,0.555200000
1450,16.884400000,0.346900000
1451,15.776000000,0.339600000
1452,18.231800000,1.174000000
1453,16.443200000,0.517800000
1454,19.329700000,2.979700000
1455,20.301000000,1.200600000
1456,11.108400000,0.488000000
1457,14.771800000,0.410900000
1458,16.795900000,0.368200000
1459,17.073400000,0.774500000
1460,16.446900000,0.601100000
1461,16.890100000,0.339600000
1462,17.363500000,1.957800000
1463,15.652100000,0.340600000
1464,17.425000000,0.667200000
1465,16.321900000,0.896900000
1466,18.696900000,3.251600000
1467,14.226000000,0.490100000
1468,18.127600000,0.833900000
1469,15.205200000,0.471800000
1470,17.314600000,0.896900000
1471,15.617700000,0.316600000
1472,16.703700000,0.343300000
1473,17.265100000,0.791100000
1474,17.788500000,1.200500000
1475,15.243700000,0.742700000
1476,17.075600000,0.442200000
1477,16.432800000,0.782300000
1478,19.282800000,0.408900000
1479,14.079700000,0.501100000
1480,17.219800000,0.408300000
1481,15.709900000,0.279700000
1482,16.909300000,0.456800000
1483,17.159900000,0.396900000
1484,16.866700000,0.466700000
1485,15.949000000,0.594200000
1486,17.314500000,0.980700000
1487,15.562500000,0.253200000
1488,16.877700000,0.475000000
1489,17.129100000,0.684400000
1490,17.654700000,0.367200000
1491,15.874500000,0.384900000
1492,16.868700000,1.501000000
1493,16.473500000,0.832300000
1494,17.651000000,2.223500000
1495,14.815600000,0.393700000
1496,20.656800000,1.750000000
1497,12.835900000,0.516100000
1498,17.532900000,1.129200000
1499,16.172900000,0.446400000
1500,18.347400000,1.371300000
1501,15.669200000,1.260900000
1502,16.132900000,0.622900000
1503,17.056200000,0.576600000
1504,17.387500000,1.017200000
1505,16.325000000,1.053600000
1506,16.893800000,0.946300000
1507,16.581200000,0.522900000
1508,16.076000000,0.367200000
1509,17.182300000,0.419300000
1510,15.925600000,0.374500000
1511,16.670800000,0.335400000
1512,17.403100000,1.602600000
1513,16.001600000,0.422900000
1514,16.489600000,0.764500000
1515,16.961900000,0.489600000
1516,16.968300000,1.427600000
1517,16.158800000,0.858900000
1518,17.184900000,0.790600000
1519,16.153100000,0.753600000
1520,17.094800000,0.567200000
1521,16.009400000,0.546400000
1522,17.916700000,1.288100000
1523,14.978600000,0.540600000
1524,17.824000000,1.219800000
1525,16.112500000,0.719300000
1526,17.066700000,0.371400000
1527,15.865100000,0.385500000
1528,17.962500000,1.513000000
1529,15.866600000,0.438000000
1530,16.119300000,0.620800000
1531,17.383800000,0.357200000
1532,15.911500000,0.458300000
1533,16.674000000,0.343300000
1534,16.918700000,0.583900000
1535,16.813000000,0.396900000
1536,17.099500000,0.732800000
1537,16.412000000,0.943800000
1538,15.879700000,0.504700000
1539,16.884400000,0.460900000
1540,17.988500000,0.504700000
1541,16.540600000,1.143300000
1542,17.651100000,1.907800000
1543,14.900500000,0.524500000
1544,17.090600000,0.764000000
1545,15.624500000,0.273400000
1546,17.677100000,1.344300000
1547,16.165100000,0.509400000
1548,21.630700000,0.325000000
1549,11.864600000,0.561500000
1550,16.836400000,0.507800000
1551,15.734400000,0.396400000
1552,17.287500000,0.893800000
1553,16.832800000,0.428600000
1554,17.576600000,0.399500000
1555,15.843700000,0.326000000
1556,16.002700000,0.715600000
1557,16.586900000,0.306200000
1558,16.766700000,0.400500000
1559,16.628100000,0.323400000
1560,16.622400000,0.313000000
1561,16.714600000,0.366700000
1562,16.931300000,0.494800000
1563,16.813000000,0.392700000
1564,17.878600000,1.049000000
1565,16.077100000,0.473400000
1566,15.931300000,0.402600000
1567,17.716100000,0.479200000
1568,15.921400000,0.469800000
1569,16.942700000,0.493200000
1570,17.822900000,2.312500000
1571,16.073400000,0.426000000
1572,16.343200000,0.735900000
1573,16.196400000,0.724500000
1574,16.771900000,0.405200000
1575,16.012500000,0.559800000
1576,17.263000000,0.792100000
1577,16.850000000,1.243700000
1578,16.004200000,0.599000000
1579,17.893700000,0.455200000
1580,16.640600000,0.819800000
1581,15.900600000,0.399500000
1582,15.864000000,0.459400000
1583,16.986500000,0.636000000
1584,16.716100000,0.388000000
1585,17.109900000,0.688500000
1586,16.032800000,0.519800000
1587,16.995300000,0.421300000
1588,17.520400000,0.767700000
1589,16.069200000,0.581700000
1590,16.595900000,0.290700000
1591,17.497900000,0.925000000
1592,16.051500000,0.538500000
1593,16.514100000,1.034900000
1594,18.208300000,1.560900000
1595,15.342200000,0.927600000
1596,15.824500000,0.375000000
1597,18.104700000,1.671400000
1598,15.929700000,0.491200000
1599,15.885900000,0.445800000
1600,16.711000000,0.381700000
1601,16.816100000,0.456800000
1602,17.059900000,0.456300000
1603,17.075000000,0.383300000
1604,16.235900000,0.503100000
1605,16.737000000,0.379700000
1606,17.014600000,0.445300000
1607,16.345800000,0.506200000
1608,17.742200000,1.343700000
1609,16.616700000,1.028100000
1610,15.829700000,0.463100000
1611,15.621800000,0.316700000
1612,16.696400000,0.301000000
1613,16.727600000,0.368200000
1614,16.693800000,0.364500000
1615,16.712500000,0.364500000
1616,18.463000000,0.914600000
1617,14.871800000,0.445300000
1618,16.679200000,0.351500000
1619,16.641700000,0.326600000
1620,16.671900000,0.352600000
1621,17.486900000,1.110900000
1622,15.844800000,0.497900000
1623,17.182300000,0.716200000
1624,17.240100000,0.548000000
1625,16.289100000,0.851600000
1626,17.079200000,0.631200000
1627,16.667700000,1.312500000
1628,16.864000000,1.426100000
1629,16.384900000,0.557300000
1630,17.012000000,1.529700000
1631,16.263500000,0.683800000
1632,15.819300000,0.416700000
1633,17.440100000,1.047400000
1634,15.833300000,0.297400000
1635,16.617800000,0.319300000
1636,16.820300000,0.432800000
1637,17.334900000,0.633300000
1638,15.815600000,0.399000000
1639,16.784900000,0.403100000
1640,16.745800000,0.341100000
1641,16.668200000,0.307300000
1642,17.864100000,1.337500000
1643,15.828700000,0.417700000
1644,17.054100000,0.692200000
1645,16.569300000,0.950600000
1646,16.271900000,0.690600000
1647,17.741600000,1.349500000
1648,16.292700000,0.546900000
1649,16.210500000,0.445900000
1650,16.792100000,0.402600000
1651,17.211500000,1.731700000
1652,15.828100000,0.377600000
1653,17.117200000,0.620900000
1654,16.456800000,0.985900000
1655,17.264100000,0.587000000
1656,15.864500000,0.484300000
1657,17.105200000,0.824400000
1658,15.804700000,0.486500000
1659,18.167700000,0.391600000
1660,16.154200000,0.536000000
1661,15.877100000,0.519800000
1662,16.610900000,0.290600000
1663,17.554700000,1.093700000
1664,16.141200000,0.529200000
1665,16.958800000,0.605700000
1666,16.356800000,0.730200000
1667,16.857800000,0.418800000
1668,15.625500000,0.296300000
1669,18.504700000,0.604700000
1670,15.749000000,0.397400000
1671,20.572400000,2.038500000
1672,13.247900000,0.592700000
1673,15.877600000,0.397400000
1674,16.582800000,0.294800000
1675,17.801600000,1.468700000
1676,16.267700000,0.567100000
1677,15.953600000,0.483900000
1678,17.075500000,0.694800000
1679,18.354200000,1.926000000
1680,14.947400000,0.371800000
1681,17.491700000,0.310500000
1682,15.923900000,0.474000000
1683,15.880700000,0.443700000
1684,17.029200000,0.583900000
1685,16.677100000,0.340600000
1686,17.050000000,0.655200000
1687,17.270800000,0.725000000
1688,15.599000000,0.279200000
1689,16.631800000,0.327100000
1690,17.266600000,0.461500000
1691,15.709900000,0.344200000
1692,16.902600000,0.484900000
1693,17.736000000,1.264000000
1694,15.430700000,0.369700000
1695,16.641100000,0.327100000
1696,16.673000000,0.355300000
1697,16.870800000,0.405200000
1698,17.960900000,1.466700000
1699,16.350000000,0.544800000
1700,16.413000000,0.690100000
1701,15.696900000,0.360400000
1702,16.906800000,0.455200000
1703,16.903100000,0.442700000
1704,16.992200000,0.500000000
1705,17.112000000,0.464100000
1706,15.714600000,0.383900000
1707,17.005700000,0.614600000
1708,16.876600000,0.425600000
1709,15.826500000,0.402600000
1710,17.004700000,0.512500000
1711,17.144300000,0.669200000
1712,16.838000000,0.418300000
1713,16.338000000,0.901100000
1714,17.679700000,0.684400000
1715,15.981800000,0.377600000
1716,15.848900000,0.468800000
1717,16.676100000,0.351600000
1718,17.189000000,0.501000000
1719,16.841200000,0.424500000
1720,15.843700000,0.414000000
1721,17.401600000,1.068300000
1722,17.044800000,0.670300000
1723,15.677100000,0.358400000
1724,17.173400000,0.535400000
1725,17.049000000,0.469700000
1726,16.563000000,1.141600000
1727,15.667700000,0.345800000
1728,17.247400000,0.629200000
1729,17.029200000,0.674500000
1730,15.995300000,0.459900000
1731,16.812000000,0.448500000
1732,16.941100000,0.595900000
1733,16.796900000,0.420300000
1734,17.009900000,0.608300000
1735,16.380700000,0.949000000
1736,16.818200000,0.421300000
1737,15.724500000,0.356700000
1738,18.228100000,1.483900000
1739,15.700600000,0.354700000
1740,16.933800000,0.530200000
1741,15.802600000,0.333800000
1742,17.067700000,0.652600000
1743,17.462000000,0.504200000
1744,16.402100000,1.020400000
1745,15.665100000,0.329700000
1746,16.784400000,0.419800000
1747,16.635400000,0.306800000
1748,16.815600000,0.368700000
1749,16.723400000,0.433900000
1750,16.598000000,0.327100000
1751,16.753100000,0.390100000
1752,17.743200000,1.250600000
1753,16.164600000,0.713600000
1754,19.059900000,1.588000000
1755,14.307800000,0.914600000
1756,15.864100000,0.564100000
1757,16.805200000,0.360400000
1758,16.850500000,0.443800000
1759,17.162500000,0.704700000
1760,15.791100000,0.367700000
1761,16.653200000,0.356300000
1762,16.710900000,0.376500000
1763,17.075500000,0.679200000
1764,16.867200000,0.442200000
1765,17.142700000,0.435400000
1766,16.324000000,0.783900000
1767,16.575500000,0.296300000
1768,17.026600000,0.358900000
1769,16.021800000,0.542200000
1770,17.411000000,0.887500000
1771,15.740100000,0.373500000
1772,17.239000000,0.466100000
1773,16.891700000,0.401600000
1774,16.481800000,0.968700000
1775,15.715100000,0.368200000
1776,17.182300000,0.520800000
1777,17.959400000,1.153600000
1778,16.068200000,0.536500000
1779,16.435400000,0.481800000
1780,16.380200000,0.949500000
1781,16.927100000,0.388600000
1782,15.779700000,0.392200000
1783,16.877600000,0.362000000
1784,18.234900000,1.255200000
1785,15.850000000,0.393800000
1786,15.860900000,0.469800000
1787,16.930200000,0.485900000
1788,16.972900000,0.598400000
1789,16.906800000,0.288000000
1790,15.805200000,0.496300000
1791,22.854700000,0.544800000
1792,11.211500000,0.802100000
1793,16.637500000,0.294300000
1794,19.957800000,0.433900000
1795,12.668700000,0.375500000
1796,16.651600000,0.329200000
1797,16.607800000,0.304200000
1798,17.315600000,1.015100000
1799,16.934400000,0.483300000
1800,16.033300000,0.547900000
1801,16.602100000,0.268200000
1802,16.813600000,0.367200000
1803,17.014000000,0.600500000
1804,17.629700000,0.567700000
1805,16.873400000,1.434400000
1806,15.359900000,0.488500000
1807,16.997400000,0.669800000
1808,16.250600000,0.752100000
1809,17.338500000,0.726000000
1810,16.321900000,0.972400000
1811,16.871300000,0.469800000
1812,17.056300000,1.641100000
1813,16.571300000,1.183300000
1814,16.449000000,0.860900000
1815,15.766700000,0.372400000
1816,20.565100000,3.902000000
1817,12.669200000,0.290700000
1818,16.713100000,0.368300000
1819,17.573900000,1.277100000
1820,17.492700000,1.615100000
1821,14.834900000,0.414600000
1822,16.641200000,0.333300000
1823,16.609900000,0.326100000
1824,16.700500000,0.369300000
1825,16.830700000,0.417700000
1826,17.710900000,1.208900000
1827,15.806800000,0.402100000
1828,17.011000000,0.652100000
1829,16.886900000,0.497900000
1830,16.956300000,0.885400000
1831,16.369800000,0.395900000
1832,16.050500000,0.421900000
1833,17.070300000,0.634400000
1834,18.141700000,1.131800000
1835,14.987500000,0.587500000
1836,16.832800000,0.420300000
1837,16.929700000,0.367700000
1838,15.965600000,0.568200000
1839,16.862000000,0.498000000
1840,17.279100000,0.909400000
1841,15.777100000,0.392700000
1842,16.937000000,0.494800000
1843,16.976600000,0.623400000
1844,16.758300000,0.383900000
1845,17.169300000,0.769800000
1846,16.378100000,0.951600000
1847,15.958300000,0.509300000
1848,16.707800000,0.376500000
1849,17.259400000,0.898000000
1850,15.582300000,0.309900000
1851,21.484400000,0.388600000
1852,13.643200000,0.577600000
1853,16.036000000,0.326000000
1854,16.986400000,1.437000000
1855,16.556300000,1.269800000
1856,15.968200000,0.582800000
1857,16.750000000,0.388500000
1858,16.869800000,0.580200000
1859,16.681800000,0.407300000
1860,16.628600000,0.315700000
1861,17.179200000,0.558300000
1862,15.593700000,0.268800000
1863,16.588600000,0.316100000
1864,16.973900000,0.568200000
1865,16.622900000,0.306300000
1866,16.648000000,0.358300000
1867,16.869200000,0.551100000
1868,16.837500000,0.500500000
1869,16.738000000,0.372900000
1870,16.803200000,0.395300000
1871,15.773400000,0.402600000
1872,16.975000000,0.644300000
1873,17.012000000,0.697900000
1874,17.458300000,0.567700000
1875,16.237000000,0.801600000
1876,16.301600000,0.854700000
1877,17.242700000,0.780200000
1878,15.773900000,0.416700000
1879,17.324000000,0.529700000
1880,16.189600000,0.342700000
1881,16.697400000,0.365100000
1882,20.993700000,4.113000000
1883,11.856300000,0.460900000
1884,16.657800000,0.323500000
1885,16.628100000,0.297400000
1886,17.434400000,0.974400000
1887,15.865600000,0.427100000
1888,17.200500000,0.768700000
1889,17.590600000,1.034400000
1890,15.913600000,0.445300000
1891,17.357800000,0.459400000
1892,15.976000000,0.541100000
1893,16.766200000,0.381300000
1894,15.851000000,0.410900000
1895,16.832800000,0.449400000
1896,17.702100000,1.293800000
1897,15.865100000,0.457200000
1898,16.869300000,0.502600000
1899,16.934400000,0.535500000
1900,15.789600000,0.407800000
1901,17.125500000,0.364600000
1902,16.861400000,0.479200000
1903,17.125000000,0.551000000
1904,15.910500000,0.564100000
1905,17.059300000,0.405200000
1906,17.076100000,0.445900000
1907,15.862500000,0.303100000
1908,16.617200000,0.308800000
1909,16.935400000,0.659400000
1910,17.859900000,0.701500000
1911,15.692200000,0.352100000
1912,16.869200000,0.397900000
1913,15.798500000,0.330200000
1914,16.896300000,0.439000000
1915,16.906300000,0.586500000
1916,16.839600000,0.489600000
1917,20.908800000,0.631800000
1918,12.340600000,0.946400000
1919,16.681800000,0.341700000
1920,17.274500000,0.883400000
1921,15.993200000,0.661000000
1922,16.879200000,0.474400000
1923,15.845300000,0.438600000
1924,17.789600000,1.025500000
1925,15.646900000,0.319700000
1926,17.250500000,0.864600000
1927,17.164000000,0.508300000
1928,16.336000000,0.768200000
1929,15.915600000,0.553700000
1930,17.085900000,0.688500000
1931,16.900600000,0.522400000
1932,16.946800000,0.561500000
1933,16.029200000,0.709900000
1934,16.751000000,0.471800000
1935,18.628200000,2.074000000
1936,15.003600000,0.706700000
1937,15.986500000,0.636900000
1938,17.153600000,0.772400000
1939,17.058900000,0.551600000
1940,15.881200000,0.411400000
1941,16.910400000,0.488500000
1942,17.080200000,0.695300000
1943,16.300000000,0.799500000
1944,17.485500000,0.956800000
1945,17.332800000,1.836400000
1946,14.790100000,0.417700000
1947,16.802600000,0.421400000
1948,17.414600000,0.946300000
1949,17.141100000,1.575500000
1950,16.694800000,0.997400000
1951,16.585900000,0.458300000
1952,18.410500000,2.724500000
1953,14.539500000,1.137000000
1954,16.433400000,1.006700000
1955,15.691100000,0.337500000
1956,16.629700000,0.310400000
1957,18.124500000,0.616600000
1958,15.972400000,0.516600000
1959,17.105700000,0.755200000
1960,16.300500000,0.834900000
1961,16.852100000,0.429700000
1962,17.397900000,1.675000000
1963,16.065100000,0.416100000
1964,15.803700000,0.409400000
1965,17.052100000,0.433800000
1966,18.247900000,1.214600000
1967,14.899500000,0.315100000
1968,16.663500000,0.334900000
1969,17.372900000,0.983900000
1970,16.149500000,0.708400000
1971,16.890100000,0.413000000
1972,16.838000000,0.296900000
1973,16.193300000,0.818700000
1974,16.806700000,0.430200000
1975,16.993300000,0.336400000
1976,15.733300000,0.455200000
1977,16.723900000,0.360500000
1978,16.689600000,0.348400000
1979,17.050500000,0.685400000
1980,17.057900000,0.684400000
1981,16.745300000,0.330700000
1982,16.808800000,1.410900000
1983,19.851100000,0.347900000
1984,13.009300000,0.659400000
1985,17.133400000,0.542200000
1986,17.859400000,2.450000000
1987,15.153600000,0.770300000
1988,16.553100000,0.258300000
1989,16.881300000,0.498400000
1990,17.322400000,0.726600000
1991,16.492700000,0.944800000
1992,16.200500000,0.516200000
1993,17.129200000,0.449000000
1994,15.884300000,0.538100000
1995,16.733400000,0.395300000
1996,17.420300000,0.650500000
1997,15.607300000,0.297400000
1998,16.923900000,0.598900000
1999,17.451100000,0.519800000
2000,15.966100000,0.524500000
2001,17.101100000,0.722400000
2002,16.047400000,0.443200000
2003,16.686900000,0.354100000
2004,16.653700000,0.308300000
2005,17.389600000,0.975500000
2006,16.032800000,0.546300000
2007,18.925000000,1.653100000
2008,15.078600000,0.481200000
2009,15.613000000,0.308900000
2010,16.650000000,0.325600000
2011,17.500000000,0.774500000
2012,16.479200000,0.827600000
2013,17.182800000,0.650000000
2014,15.896400000,0.581300000
2015,16.987000000,0.595300000
2016,16.945300000,0.534900000
2017,16.700500000,1.045300000
2018,16.247900000,0.486500000
2019,16.881300000,0.396300000
2020,15.855200000,0.444300000
2021,17.171300000,0.797900000
2022,17.555800000,0.995800000
2023,16.003100000,0.702100000
2024,15.895800000,0.532300000
2025,17.059400000,0.664600000
2026,16.970300000,0.397400000
2027,16.884900000,0.453600000
2028,15.766700000,0.380200000
2029,17.470800000,1.060400000
2030,16.043700000,0.525500000
2031,17.367200000,0.975000000
2032,15.831300000,0.413000000
2033,16.758300000,0.320800000
2034,16.743800000,0.402100000
2035,17.229700000,0.810400000
2036,16.980200000,1.355200000
2037,15.926000000,0.407800000
2038,17.082300000,0.690700000
2039,16.169800000,0.779200000
2040,17.581200000,1.127600000
2041,17.259900000,1.860900000
2042,15.572400000,0.503700000
2043,17.841700000,1.411900000
2044,14.581200000,0.284400000
2045,16.592200000,0.264600000
2046,18.096400000,0.696900000
2047,15.879700000,0.487500000
2048,16.927100000,0.486400000
2049,16.855700000,0.472400000
2050,17.439600000,1.716100000
2051,17.274400000,0.581200000
2052,14.990200000,0.499400000
2053,16.879100000,0.578600000
2054,16.897900000,0.416200000
2055,15.866200000,0.381800000
2056,17.027100000,0.694200000
2057,17.703100000,1.298900000
2058,16.227100000,0.703600000
2059,16.860900000,1.424500000
2060,15.977600000,0.381200000
2061,16.776600000,0.342200000
2062,17.167700000,0.547400000
2063,16.275000000,0.477600000
2064,16.048400000,0.703100000
2065,17.242700000,0.851500000
2066,16.054700000,0.367200000
2067,16.763000000,0.382300000
2068,17.430200000,1.001600000
2069,16.274000000,0.559400000
2070,17.027100000,0.576000000
2071,16.280200000,0.874500000
2072,16.884900000,0.438100000
2073,17.292200000,1.258900000
2074,16.432800000,0.612500000
2075,15.706200000,0.304700000
2076,16.946400000,0.504200000
2077,17.564600000,0.301600000
2078,16.030700000,0.678700000
2079,16.096400000,0.407300000
2080,16.984300000,0.563500000
2081,16.631800000,0.317700000
2082,17.926100000,1.621800000
2083,14.526000000,0.269200000
2084,17.537000000,0.258300000
2085,16.914000000,0.576100000
2086,15.676100000,0.339600000
2087,16.692700000,0.337500000
2088,16.657300000,0.326000000
2089,17.460400000,1.123400000
2090,17.167700000,0.544800000
2091,15.737500000,0.389100000
2092,17.147900000,0.845300000
2093,16.676100000,0.301100000
2094,16.779100000,0.416100000
2095,15.801600000,0.350000000
2096,17.618700000,0.805700000
2097,15.759400000,0.391200000
2098,16.877100000,0.451600000
2099,17.639100000,1.075000000
2100,15.794800000,0.429600000
2101,17.257800000,0.879100000
2102,16.358800000,0.659300000
2103,17.942200000,0.464600000
2104,14.641700000,0.316200000
2105,17.096800000,0.289100000
2106,17.125600000,0.694700000
2107,16.765100000,0.303100000
2108,17.035400000,0.494800000
2109,15.817200000,0.428200000
2110,17.592200000,1.148400000
2111,15.817200000,0.411400000
2112,16.981700000,0.504200000
2113,17.862500000,0.610900000
2114,15.412500000,0.580800000
2115,17.029700000,0.590700000
2116,16.171400000,0.704100000
2117,17.850000000,0.645900000
2118,16.377000000,0.759400000
2119,16.536500000,0.640100000
2120,16.181800000,0.864100000
2121,16.150500000,0.302100000
2122,16.905700000,0.542200000
2123,16.870300000,0.455700000
2124,16.955800000,0.538000000
2125,15.802100000,0.417700000
2126,16.675500000,0.353700000
2127,17.396300000,0.588500000
2128,15.775000000,0.392700000
2129,16.914100000,0.449500000
2130,17.178600000,0.491700000
2131,17.385500000,0.549500000
2132,15.627000000,0.313000000
2133,17.515700000,0.475000000
2134,16.400000000,0.965100000
2135,17.537500000,0.458300000
2136,14.908800000,0.488100000
2137,17.219300000,0.874400000
2138,17.048400000,0.570900000
2139,16.114600000,0.409900000
2140,17.063500000,0.443700000
2141,15.939600000,0.590600000
2142,16.620300000,0.290700000
2143,16.647400000,0.341700000
2144,16.863600000,0.351100000
2145,16.709400000,0.366700000
2146,17.150500000,0.783900000
2147,17.040600000,0.405700000
2148,17.742700000,1.561400000
2149,15.929700000,0.513000000
2150,16.031800000,0.582200000
2151,15.568700000,0.285400000
2152,16.695300000,0.352600000
2153,17.269300000,0.915100000
2154,17.052100000,0.518700000
2155,15.831800000,0.446900000
2156,16.645300000,0.320300000
2157,16.719200000,0.387500000
2158,17.321900000,0.917700000
2159,16.978100000,0.518300000
2160,15.755200000,0.390600000
2161,16.700600000,0.345300000
2162,16.840100000,0.473400000
2163,16.817200000,0.440600000
2164,17.658800000,0.533900000
2165,16.718200000,1.064100000
2166,16.308900000,0.798000000
2167,15.638500000,0.322900000
2168,16.708900000,0.303100000
2169,17.343700000,0.917700000
2170,16.978200000,0.518700000
2171,16.434900000,0.450000000
2172,16.309900000,0.670300000
2173,16.756200000,0.477600000
2174,16.625000000,0.322400000
2175,17.922400000,1.547900000
2176,17.379200000,2.719800000
2177,14.982300000,0.510400000
2178,15.788500000,0.369800000
2179,16.567200000,0.278100000
2180,16.867700000,0.460900000
2181,16.956300000,0.344200000
2182,16.980200000,0.553700000
2183,17.761900000,1.327100000
2184,15.218800000,0.550000000
2185,16.831800000,0.559300000
2186,16.725500000,0.388000000
2187,16.822400000,0.439600000
2188,17.888000000,1.044300000
2189,16.331200000,1.802000000
2190,16.665700000,1.193700000
2191,16.634900000,0.948500000
2192,16.359300000,0.483800000
2193,15.999000000,0.409400000
2194,17.238000000,0.405200000
2195,16.438600000,0.955200000
2196,16.383300000,0.950600000
2197,17.307800000,0.662500000
2198,15.977600000,0.492700000
2199,17.067200000,0.613600000
2200,16.419800000,0.832300000
2201,17.128100000,0.517700000
2202,15.989600000,0.506800000
2203,16.195300000,0.359900000
2204,17.233900000,0.590700000
2205,16.832800000,0.434900000
2206,15.881200000,0.439600000
2207,16.725600000,0.407800000
2208,16.632200000,0.312500000
2209,17.770400000,1.484900000
2210,15.971300000,0.500500000
2211,17.596400000,0.941600000
2212,16.367700000,0.955700000
2213,15.699500000,0.348400000
2214,16.614500000,0.309400000
2215,16.627600000,0.303200000
2216,17.015700000,0.503100000
2217,18.261400000,0.840600000
2218,15.605200000,1.073400000
2219,16.424500000,0.542200000
2220,16.888600000,0.468200000
2221,15.843200000,0.370900000
2222,16.942200000,0.474400000
2223,16.730200000,0.375600000
2224,17.235400000,0.846900000
2225,16.120800000,0.815100000
2226,17.346900000,0.726500000
2227,15.585900000,0.286500000
2228,17.015100000,0.429700000
2229,16.840100000,0.441600000
2230,17.009900000,0.481800000
2231,15.821400000,0.374500000
2232,16.844300000,0.521400000
2233,18.434300000,1.358400000
2234,14.959400000,0.317200000
2235,17.419300000,0.472400000
2236,15.638000000,0.325500000
2237,16.769800000,0.395900000
2238,16.633900000,0.315200000
2239,16.977600000,0.665700000
2240,16.829600000,0.430700000
2241,17.019300000,0.575000000
2242,15.894800000,0.440600000
2243,17.675500000,0.396900000
2244,15.906300000,0.451500000
2245,16.972900000,0.620300000
2246,17.311500000,0.683900000
2247,15.777000000,0.370800000
2248,17.369800000,0.691700000
2249,16.157300000,0.735500000
2250,18.763000000,2.299000000
2251,15.177100000,0.599000000
2252,15.978200000,0.365600000
2253,16.798900000,0.481800000
2254,16.737000000,0.257300000
2255,16.974500000,0.470300000
2256,15.988500000,0.377600000
2257,17.736500000,0.840600000
2258,15.922400000,0.395300000
2259,16.815100000,0.415600000
2260,15.903100000,0.540700000
2261,16.732800000,0.300500000
2262,16.680700000,0.318700000
2263,17.673500000,0.436400000
2264,15.923400000,0.487000000
2265,17.241200000,0.464600000
2266,16.303100000,0.983900000
2267,17.270300000,0.806700000
2268,16.329700000,0.886000000
2269,17.378100000,1.628600000
2270,15.988000000,0.523400000
2271,17.053200000,0.750000000
2272,16.518200000,1.160900000
2273,15.862500000,0.440600000
2274,16.806200000,0.520300000
2275,16.794300000,0.502600000
2276,16.817200000,0.378700000
2277,16.085900000,0.742700000
2278,17.057800000,0.684300000
2279,17.010500000,0.601000000
2280,15.966100000,0.484400000
2281,18.079700000,1.683800000
2282,15.743700000,0.358800000
2283,17.338100000,0.663100000
2284,15.802600000,0.501600000
2285,16.941100000,0.476600000
2286,15.910900000,0.487000000
2287,17.406300000,0.757800000
2288,16.521400000,1.064100000
2289,17.081200000,0.426100000
2290,16.969800000,0.277700000
2291,16.042200000,0.466700000
2292,16.866600000,0.463500000
2293,16.446400000,0.904200000
2294,16.836500000,0.418300000
2295,20.806700000,0.645800000
2296,12.274000000,0.720800000
2297,18.195300000,0.391200000
2298,14.841700000,0.423900000
2299,17.208300000,0.512000000
2300,16.056300000,0.430700000
2301,17.089500000,0.455700000
2302,17.854200000,1.193800000
2303,14.995300000,0.419800000
2304,17.489600000,1.013100000
2305,16.477100000,0.373500000
2306,15.907800000,0.521900000
2307,16.775000000,0.396900000
2308,17.313000000,0.857200000
2309,16.439600000,0.653200000
2310,17.444300000,0.989600000
2311,18.077100000,0.478600000
2312,13.663500000,0.341700000
2313,16.676600000,0.362500000
2314,16.876500000,0.407300000
2315,16.719300000,0.306200000
2316,17.110400000,0.685400000
2317,17.057800000,0.438000000
2318,16.113600000,0.530200000
2319,18.995300000,0.858800000
2320,14.982800000,0.400000000
2321,15.971300000,0.404200000
2322,16.866200000,0.461500000
2323,18.015600000,1.034900000
2324,15.626100000,1.043800000
2325,17.318200000,1.175000000
2326,15.889600000,0.537500000
2327,16.679700000,0.358800000
2328,16.673900000,0.329700000
2329,18.830700000,1.955800000
2330,14.046400000,0.631800000
2331,16.850500000,0.351600000
2332,16.962000000,0.631800000
2333,16.718200000,0.390600000
2334,15.724500000,0.368700000
2335,17.860900000,1.508400000
2336,15.899000000,0.482800000
2337,17.333900000,0.633800000
2338,16.535400000,1.088500000
2339,17.678100000,2.238500000
2340,14.876600000,0.432300000
2341,16.778600000,0.426000000
2342,17.485900000,0.892200000
2343,16.362000000,0.985900000
2344,17.041700000,0.421900000
2345,15.804200000,0.420300000
2346,16.667100000,0.353700000
2347,17.070900000,0.786500000
2348,16.711400000,0.361400000
2349,16.900000000,0.451000000
2350,17.305800000,1.567800000
2351,15.956200000,0.543700000
2352,15.630200000,0.322400000
2353,18.265600000,0.493200000
2354,15.950000000,0.491700000
2355,17.361000000,0.763000000
2356,16.307800000,0.890100000
2357,23.311500000,0.457800000
2358,10.745800000,1.319300000
2359,15.910900000,0.331200000
2360,16.084900000,0.735900000
2361,16.838000000,0.433300000
2362,17.130200000,0.565600000
2363,16.215200000,0.803100000
2364,16.853600000,0.420900000
2365,17.397900000,0.478100000
2366,15.912000000,0.485400000
2367,17.170300000,0.646900000
2368,16.164100000,0.697400000
2369,16.739000000,0.346800000
2370,15.816200000,0.424500000
2371,17.852100000,0.980700000
2372,16.458800000,0.793200000
2373,16.361000000,0.319800000
2374,16.936900000,0.369200000
2375,15.562000000,0.274500000
2376,16.685900000,0.359300000
2377,16.687500000,0.366100000
2378,17.139600000,0.334900000
2379,17.295300000,0.763500000
2380,15.743300000,0.375500000
2381,16.998900000,0.557300000
2382,16.816200000,0.402100000
2383,17.098900000,0.383900000
2384,16.301100000,0.467800000
2385,16.765600000,0.394300000
2386,17.414600000,0.814500000
2387,17.469300000,1.836400000
2388,15.433800000,0.917200000
2389,16.772900000,1.147900000
2390,15.966700000,0.370900000
2391,16.717700000,0.374500000
2392,16.824500000,0.530200000
2393,17.414600000,0.809900000
2394,15.895800000,0.462000000
2395,17.537500000,0.425500000
2396,16.028600000,0.471900000
2397,16.375600000,0.411400000
2398,17.211900000,0.520300000
2399,15.629700000,0.267700000
2400,17.986500000,1.577600000
2401,16.180200000,0.792800000
2402,16.095300000,0.395800000
2403,16.846400000,0.455200000
2404,17.001500000,0.635400000
2405,16.010400000,0.309400000
2406,16.971400000,0.482300000
2407,17.022400000,0.767700000
2408,15.906200000,0.311500000
2409,16.886000000,0.487500000
2410,17.279700000,0.806700000
2411,16.123400000,0.459400000
2412,17.376000000,0.528600000
2413,15.649500000,0.309300000
2414,16.962500000,0.608300000
2415,16.931800000,0.445800000
2416,17.204200000,0.401500000
2417,18.981200000,0.456300000
2418,15.147400000,1.553600000
2419,15.822900000,0.355200000
2420,15.759400000,0.377100000
2421,17.059400000,0.652100000
2422,17.287500000,0.730700000
2423,16.285900000,0.822900000
2424,16.347900000,0.928600000
2425,17.786000000,0.689600000
2426,15.993200000,0.288000000
2427,15.639600000,0.327100000
2428,17.792700000,1.392700000
2429,16.205700000,0.803100000
2430,16.645300000,0.338000000
2431,17.284400000,0.513000000
2432,15.810900000,0.411900000
2433,17.083900000,0.531300000
2434,17.169800000,0.564600000
2435,17.056800000,0.860900000
2436,16.772400000,1.231800000
2437,16.266600000,0.428600000
2438,15.850000000,0.391100000
2439,16.933900000,0.477100000
2440,17.319200000,0.506800000
2441,16.080800000,0.673400000
2442,16.069800000,0.647400000
2443,18.339000000,2.005200000
2444,15.933400000,0.613000000
2445,15.838000000,0.402100000
2446,17.067200000,0.744200000
2447,17.182800000,0.702600000
2448,15.877100000,0.427100000
2449,17.581200000,0.756800000
2450,15.769800000,0.406200000
2451,16.579200000,0.293200000
2452,17.843700000,1.475000000
2453,15.700000000,0.354100000
2454,16.719300000,0.341100000
2455,17.733900000,0.445800000
2456,16.467700000,0.977600000
2457,15.763500000,0.377600000
2458,16.925000000,0.435400000
2459,16.016100000,0.630200000
2460,16.866200000,0.441700000
2461,16.967200000,0.589100000
2462,16.713000000,0.363000000
2463,17.504200000,0.754600000
2464,16.395800000,0.542200000
2465,18.559900000,2.306300000
2466,13.846900000,0.446800000
2467,17.775000000,0.906300000
2468,15.781200000,0.388000000
2469,17.546400000,0.539100000
2470,16.061400000,0.533800000
2471,15.929200000,0.510900000
2472,16.701600000,0.359400000
2473,17.432800000,0.813100000
2474,16.341600000,0.700000000
2475,16.975000000,0.380200000
2476,15.807900000,0.414600000
2477,18.435400000,1.518200000
2478,14.969200000,0.582800000
2479,17.548500000,0.458400000
2480,16.106800000,0.502600000
2481,17.572300000,0.391600000
2482,15.799500000,0.503100000
2483,17.195900000,0.785400000
2484,15.826000000,0.490100000
2485,17.283300000,0.866200000
2486,16.104200000,0.581300000
2487,17.716100000,0.494200000
2488,15.983400000,0.545300000
2489,16.676000000,0.368200000
2490,17.080800000,0.750000000
2491,16.873900000,1.229700000
2492,16.426600000,0.543700000
2493,16.029100000,0.397900000
2494,17.284400000,0.544300000
2495,16.277100000,0.887000000
2496,16.675000000,0.337000000
2497,17.087500000,0.351000000
2498,17.976600000,2.275500000
2499,15.613000000,1.023400000
2500,16.316100000,0.809900000
2501,16.183400000,0.775000000
2502,16.572900000,0.269300000
2503,17.172900000,0.828200000
2504,15.978600000,0.429100000
2505,17.557900000,1.092700000
2506,16.276500000,0.829700000
2507,17.071900000,0.543700000
2508,16.513000000,1.023500000
2509,17.138600000,1.593700000
2510,16.142100000,0.530200000
2511,16.357900000,0.445300000
2512,17.614500000,1.073900000
2513,15.934400000,0.390100000
2514,16.116700000,0.620400000
2515,16.518200000,0.264500000
2516,18.708900000,1.904200000
2517,16.543700000,0.443800000
2518,14.618200000,0.311400000
2519,19.317700000,2.862000000
2520,14.774500000,0.387000000
2521,17.899500000,1.194300000
2522,15.390100000,0.405200000
2523,16.845800000,0.395800000
2524,15.814600000,0.402100000
2525,17.976600000,1.613500000
2526,16.314600000,0.852000000
2527,15.555200000,0.271400000
2528,17.602600000,0.427100000
2529,16.896900000,1.404200000
2530,16.280200000,0.891600000
2531,17.031200000,0.448400000
2532,15.780700000,0.402000000
2533,17.509900000,1.214000000
2534,15.854700000,0.424500000
2535,17.871400000,0.398900000
2536,16.138000000,0.774000000
2537,15.784400000,0.401100000
2538,17.286400000,0.331200000
2539,17.323000000,0.506200000
2540,15.963000000,0.558400000
2541,17.229700000,0.362000000
2542,16.211900000,0.777600000
2543,18.562000000,1.676100000
2544,15.197400000,0.471300000
2545,16.715600000,1.406300000
2546,15.869800000,0.358900000
2547,17.051600000,0.682800000
2548,17.188500000,0.385900000
2549,16.042200000,0.545300000
2550,17.048500000,0.596300000
2551,16.523900000,1.078700000
2552,16.330200000,0.515100000
2553,17.248500000,0.372400000
2554,16.832800000,1.306300000
2555,17.221300000,0.634400000
2556,15.488100000,0.426500000
2557,16.987500000,0.391600000
2558,16.632800000,0.447900000
2559,16.847400000,1.393700000
2560,16.368700000,0.912000000
2561,16.293200000,0.892700000
2562,16.613100000,0.291600000
2563,17.156700000,0.784900000
2564,16.238100000,0.381300000
2565,16.965100000,0.464600000
2566,16.992700000,0.371400000
2567,16.174400000,0.737000000
2568,18.141700000,1.357200000
2569,15.706800000,1.139100000
2570,15.876000000,0.434400000
2571,16.951100000,0.557800000
2572,17.128600000,0.484900000
2573,15.900500000,0.305200000
2574,16.817200000,0.471300000
2575,17.427100000,0.506800000
2576,16.378700000,0.431200000
2577,16.072300000,0.426000000
2578,17.588600000,1.154600000
2579,16.202100000,0.841200000
2580,16.720800000,0.367700000
2581,15.671900000,0.346400000
2582,17.112000000,0.534400000
2583,16.759300000,0.410400000
2584,17.163100000,0.743800000
2585,16.018700000,0.546900000
2586,17.313000000,0.535900000
2587,16.863600000,0.904700000
2588,17.126500000,1.665100000
2589,16.192200000,0.804200000
2590,16.036000000,0.621300000
2591,16.816100000,0.402100000
2592,16.807800000,0.395300000
2593,17.475000000,0.697400000
2594,16.078100000,0.471900000
2595,16.936000000,1.353200000
2596,16.597400000,0.938000000
2597,16.060900000,0.524500000
2598,18.374500000,0.626500000
2599,16.578600000,1.191200000
2600,15.533400000,0.802600000
2601,16.016100000,0.539100000
2602,18.902100000,1.128200000
2603,16.315600000,1.924000000
2604,14.799500000,0.486500000
2605,17.027600000,0.700000000
2606,16.810400000,0.342700000
2607,16.468800000,0.535400000
2608,17.069800000,0.425000000
2609,15.759300000,0.386400000
2610,17.208900000,0.704200000
2611,18.248400000,0.538500000
2612,15.227600000,0.703600000
2613,16.177100000,0.654700000
2614,18.040100000,1.614100000
2615,17.563600000,1.332800000
2616,14.759900000,0.437000000
2617,17.651000000,0.905800000
2618,15.894300000,0.459400000
2619,15.982300000,0.659900000
2620,16.931700000,0.577100000
2621,17.282300000,0.764100000
2622,16.719800000,0.863600000
2623,15.625000000,0.309900000
2624,17.243800000,0.562000000
2625,17.208300000,0.489600000
2626,16.212000000,0.877600000
2627,15.729700000,0.376500000
2628,16.921300000,0.484400000
2629,17.855200000,1.323400000
2630,16.034900000,0.453600000
2631,17.224500000,0.819300000
2632,16.260900000,0.670800000
2633,16.467200000,0.900000000
2634,16.775600000,0.385400000
2635,17.710400000,0.602100000
2636,16.927600000,1.370800000
2637,14.839600000,0.451600000
2638,17.591100000,1.078700000
2639,16.069300000,0.571800000
2640,16.907800000,0.423000000
2641,17.185900000,0.505200000
2642,16.293800000,0.563100000
2643,15.652100000,0.332900000
2644,16.687500000,0.379700000
2645,17.158300000,0.742700000
2646,17.772400000,1.101600000
2647,17.013500000,0.965100000
2648,15.418300000,0.841200000
2649,17.506700000,1.119300000
2650,15.227100000,0.351600000
2651,16.910900000,0.370300000
2652,17.374000000,0.979100000
2653,15.847400000,0.365100000
2654,17.227600000,0.877600000
2655,16.906800000,0.455700000
2656,15.670300000,0.332800000
2657,16.784400000,0.427100000
2658,16.873400000,0.452100000
2659,18.050000000,1.741700000
2660,16.816100000,0.443700000
2661,14.825000000,0.419700000
2662,17.341700000,1.016600000
2663,18.295800000,1.593200000
2664,14.888600000,0.399000000
2665,23.944300000,0.416100000
2666,9.737500000,1.417200000
2667,15.579600000,0.276000000
2668,18.270900000,0.375000000
2669,16.092200000,0.606800000
2670,20.593200000,4.184400000
2671,14.494300000,1.332800000
2672,14.673400000,0.278100000
2673,16.841200000,0.461400000
2674,17.674400000,1.101000000
2675,17.191700000,1.219700000
2676,14.834900000,0.438100000
2677,17.107300000,0.344800000
2678,16.096300000,0.508800000
2679,16.816700000,0.415100000
2680,16.931800000,0.596900000
2681,16.779700000,0.466200000
2682,15.723900000,0.375000000
2683,16.940600000,0.488500000
2684,16.775600000,0.359400000
2685,16.893700000,0.470900000
2686,16.995300000,0.348900000
2687,16.692700000,1.171900000
2688,16.038100000,0.484900000
2689,18.582800000,2.042700000
2690,15.521300000,1.002600000
2691,15.645300000,0.319800000
2692,18.757300000,2.288000000
2693,16.972400000,1.717800000
2694,15.125500000,0.705200000
2695,21.540700000,3.156300000
2696,13.466100000,0.595300000
2697,14.644300000,0.318800000
2698,16.754700000,0.452600000
2699,16.637000000,0.346300000
2700,17.575000000,0.998900000
2701,17.484300000,1.284900000
2702,16.458400000,1.779700000
2703,14.984300000,0.552600000
2704,18.004700000,0.821900000
2705,17.839600000,2.238500000
2706,14.331800000,0.926100000
2707,17.598400000,0.558300000
2708,16.484400000,0.884400000
2709,16.163500000,0.707300000
2710,15.883900000,0.423400000
2711,17.358800000,0.714100000
2712,17.371400000,0.783300000
2713,15.851600000,0.543300000
2714,17.372400000,0.727100000
2715,16.911900000,1.420300000
2716,15.961500000,0.362000000
2717,16.269300000,0.792700000
2718,16.686400000,0.334300000
2719,17.602600000,0.559400000
2720,17.114100000,1.435900000
2721,15.445300000,0.825000000
2722,17.610400000,0.643200000
2723,16.285400000,0.804200000
2724,16.159400000,0.626100000
2725,18.154200000,1.067200000
2726,14.883300000,0.492200000
2727,17.100000000,0.689100000
2728,15.713000000,0.357800000
2729,17.203700000,0.879200000
2730,17.753100000,1.367200000
2731,16.019800000,0.676100000
2732,16.193700000,0.903100000
2733,16.716700000,0.366700000
2734,17.239100000,0.407200000
2735,16.160900000,0.587000000
2736,17.419300000,0.969800000
2737,16.682300000,1.265100000
2738,16.024400000,0.621400000
2739,16.923500000,0.497900000
2740,15.765100000,0.363600000
2741,16.782800000,0.385400000
2742,17.391700000,0.951500000
2743,17.579100000,1.138000000
2744,16.100000000,0.702100000
2745,16.036000000,0.455700000
2746,17.427600000,0.637000000
2747,15.966100000,0.489600000
2748,17.276100000,0.758800000
2749,16.343200000,0.951100000
2750,15.974500000,0.487500000
2751,17.328100000,0.466200000
2752,15.622900000,0.330200000
2753,17.856800000,1.429100000
2754,15.934900000,0.476500000
2755,17.110900000,0.670300000
2756,18.783900000,1.148900000
2757,15.697400000,2.244800000
2758,14.576500000,0.288500000
2759,18.163100000,0.654700000
2760,16.006200000,0.510900000
2761,18.316700000,1.353600000
2762,16.101500000,0.871400000
2763,15.625600000,0.318700000
2764,16.990100000,0.536900000
2765,15.619200000,0.307800000
2766,16.812500000,0.428100000
2767,18.456300000,2.021300000
2768,15.103600000,0.530800000
2769,16.962000000,0.478700000
2770,19.146900000,1.782800000
2771,14.590100000,1.036000000
2772,15.710900000,0.371300000
2773,16.790600000,0.442700000
2774,16.988100000,0.431300000
2775,17.873400000,1.367700000
2776,17.777600000,0.951600000
2777,13.709900000,0.392700000
2778,16.943200000,0.605200000
2779,16.954700000,0.544800000
2780,16.577600000,0.292700000
2781,16.645900000,0.279200000
2782,17.647900000,1.177100000
2783,15.890100000,0.451100000
2784,16.834400000,0.469200000
2785,18.202600000,1.360400000
2786,15.348900000,0.417200000
2787,15.679200000,0.356800000
2788,16.640100000,0.319800000
2789,16.744300000,0.416700000
2790,16.938000000,0.472900000
2791,17.479100000,0.421800000
2792,15.934900000,0.497400000
2793,16.718800000,0.364100000
2794,17.343700000,1.059900000
2795,16.002600000,0.587500000
2796,16.968800000,0.396300000
2797,17.187500000,0.396400000
2798,15.801000000,0.478100000
2799,17.070900000,0.725000000
2800,17.523400000,0.357800000
2801,15.953700000,0.514600000
2802,15.806200000,0.401600000
2803,16.633900000,0.344800000
2804,19.663500000,3.032800000
2805,13.757800000,0.385900000
2806,18.117700000,1.659900000
2807,15.847900000,0.429200000
2808,18.850600000,0.930700000
2809,13.726500000,0.405700000
2810,16.663600000,0.308900000
2811,16.780700000,0.408400000
2812,17.115100000,0.723400000
2813,17.367200000,0.890600000
2814,15.920800000,0.474500000
2815,17.192700000,0.556300000
2816,16.023500000,0.367200000
2817,17.030700000,0.558400000
2818,17.320300000,0.429700000
2819,15.582800000,0.298400000
2820,17.218200000,0.860400000
2821,15.904700000,0.483900000
2822,17.145900000,0.488000000
2823,21.961900000,4.568200000
2824,10.643300000,0.327100000
2825,16.643700000,0.321300000
2826,16.725000000,0.366600000
2827,17.544300000,1.110400000
2828,16.966100000,0.474000000
2829,16.481300000,0.603700000
2830,15.585400000,0.288000000
2831,17.710400000,0.331700000
2832,15.803700000,0.420300000
2833,18.391100000,1.909900000
2834,16.346400000,0.666700000
2835,15.816100000,0.391700000
2836,18.427100000,2.115600000
2837,15.042700000,0.579700000
2838,17.237500000,0.389600000
2839,16.074000000,0.705700000
2840,16.606200000,0.299400000
2841,16.883900000,0.548900000
2842,16.702100000,1.207300000
2843,15.953600000,0.544800000
2844,17.000500000,0.451000000
2845,17.556800000,1.188100000
2846,15.658300000,0.323900000
2847,16.761000000,0.354100000
2848,17.659300000,1.278100000
2849,15.914100000,0.484400000
2850,17.188000000,0.734900000
2851,16.446900000,0.936900000
2852,15.971300000,0.453600000
2853,17.396900000,0.963000000
2854,15.774000000,0.341100000
2855,17.316600000,0.888500000
2856,16.604200000,0.298400000
2857,17.264600000,0.586500000
2858,15.822400000,0.271900000
2859,16.716700000,0.370400000
2860,17.801500000,1.247400000
2861,15.975500000,0.468200000
2862,16.052600000,0.638000000
2863,17.083400000,0.650000000
2864,18.030700000,1.540100000
2865,14.810900000,0.399400000
2866,17.004700000,0.641600000
2867,16.840700000,0.454200000
2868,16.779100000,0.388500000
2869,17.064100000,1.327600000
2870,15.853600000,0.427600000
2871,17.655800000,1.110400000
2872,17.689000000,2.274500000
2873,15.265700000,0.739600000
2874,15.926000000,0.390600000
2875,16.833800000,0.527600000
2876,16.905300000,0.573400000
2877,16.994700000,0.533900000
2878,15.719800000,0.339000000
2879,16.853200000,0.440100000
2880,17.128600000,0.590100000
2881,16.506800000,0.747400000
2882,17.456800000,0.876100000
2883,15.971800000,0.579700000
2884,18.715700000,2.161400000
2885,14.716100000,0.364000000
2886,16.957800000,0.615100000
2887,16.283300000,0.882300000
2888,17.429700000,0.858400000
2889,15.553200000,0.280200000
2890,17.823400000,1.515100000
2891,15.719800000,0.377600000
2892,16.908800000,0.444300000
2893,17.126100000,0.519800000
2894,15.901000000,0.433900000
2895,16.846400000,0.438600000
2896,17.170800000,0.529700000
2897,16.398400000,1.091100000
2898,15.607900000,0.301600000
2899,16.535900000,0.264000000
2900,17.695800000,0.353100000
2901,16.793300000,0.404700000
2902,15.916100000,0.561000000
2903,17.231300000,0.809300000
2904,16.920300000,0.587000000
2905,15.846300000,0.425500000
2906,16.698500000,0.336000000
2907,17.241600000,0.917700000
2908,17.193300000,0.589100000
2909,15.961400000,0.478200000
2910,16.813000000,0.418700000
2911,17.499000000,0.894300000
2912,15.674500000,0.376600000
2913,16.936400000,0.403100000
2914,16.027100000,0.412500000
2915,17.366700000,0.455800000
2916,15.908800000,0.430200000
2917,16.606800000,0.302600000
2918,17.537000000,0.980700000
2919,17.527600000,0.441100000
2920,17.938000000,2.283300000
2921,13.845300000,0.432300000
2922,17.081800000,0.467700000
2923,16.989100000,0.484300000
2924,15.949400000,0.482800000
2925,17.522400000,1.099500000
2926,15.746900000,0.375500000
2927,16.772400000,0.402600000
2928,16.902100000,0.384900000
2929,17.425000000,0.389600000
2930,15.947400000,0.430200000
2931,16.780700000,0.397900000
2932,17.469800000,0.834900000
2933,15.816100000,0.410400000
2934,16.686500000,0.348400000
2935,17.252100000,0.448500000
2936,16.002100000,0.498900000
2937,16.784900000,0.389000000
2938,18.301000000,1.464000000
2939,17.504200000,2.945300000
2940,13.892700000,0.436000000
2941,17.253600000,0.805700000
2942,16.126100000,0.392100000
2943,17.540100000,0.730300000
2944,16.239600000,0.735900000
2945,16.054100000,0.452600000
2946,17.140700000,0.705200000
2947,16.818700000,0.335400000
2948,15.869800000,0.422900000
2949,16.721900000,0.431300000
2950,16.649400000,0.323900000
2951,16.851100000,0.429200000
2952,17.198900000,0.637500000
2953,16.407900000,0.921800000
2954,17.056700000,0.720800000
2955,15.838600000,0.392700000
2956,17.777600000,1.393700000
2957,16.198900000,0.754200000
2958,16.682300000,0.335900000
2959,16.692700000,0.814600000
2960,15.829200000,0.491100000
2961,16.904200000,0.425500000
2962,17.532800000,1.095900000
2963,15.757300000,0.375000000
2964,16.716600000,0.355700000
2965,16.890700000,0.582800000
2966,16.885400000,0.466700000
2967,17.273400000,0.790200000
2968,15.912500000,0.594800000
2969,16.581300000,0.286500000
2970,16.781700000,0.399500000
2971,17.139100000,0.440600000
2972,16.242200000,0.773400000
2973,16.910400000,0.476000000
2974,16.449500000,0.911500000
2975,17.265600000,0.824500000
2976,16.084400000,0.632800000
2977,18.226500000,0.768200000
2978,14.791700000,0.360400000
2979,16.846400000,0.437500000
2980,17.104100000,0.498900000
2981,16.139600000,0.713000000
2982,16.911500000,0.463100000
2983,17.075500000,0.425000000
2984,16.329700000,0.613500000
2985,16.647400000,0.287000000
2986,17.267700000,0.439600000
2987,15.920800000,0.515100000
2988,17.415100000,0.971400000
2989,16.300500000,0.856200000
2990,15.914100000,0.390100000
2991,16.627600000,0.297400000
2992,17.011000000,0.588500000
2993,16.808300000,0.417700000
2994,16.654700000,0.315100000
2995,17.204100000,0.677600000
2996,15.690100000,0.289600000
2997,16.958400000,0.424000000
2998,17.219200000,0.562500000
2999,15.937500000,0.479700000
3000,16.742800000,0.408400000
3001,16.806200000,0.520800000
3002,16.751000000,0.464600000
3003,17.412500000,0.610900000
3004,16.732900000,0.648900000
3005,17.414500000,1.215100000
3006,14.899000000,0.468300000
3007,17.206800000,0.904200000
3008,15.763000000,0.299500000
3009,17.469300000,0.733800000
3010,15.998900000,0.427100000
3011,17.427100000,0.493700000
3012,15.703700000,0.351000000
3013,17.323900000,0.759400000
3014,17.841200000,1.028600000
3015,14.882800000,0.483900000
3016,16.796300000,0.499400000
3017,17.218800000,0.785900000
3018,18.579100000,2.168700000
3019,15.383400000,0.563000000
3020,15.818200000,0.411500000
3021,16.610400000,0.315700000
3022,16.752600000,0.471300000
3023,17.012500000,0.623900000
3024,16.011000000,0.436000000
3025,17.014000000,0.638500000
3026,16.838000000,0.444300000
3027,17.279200000,0.803700000
3028,15.999000000,0.595900000
3029,17.229700000,0.711400000
3030,16.277600000,0.798500000
3031,15.974400000,0.458800000
3032,17.180200000,0.504100000
3033,17.026100000,0.472400000
3034,16.393200000,0.706200000
3035,16.701100000,0.364100000
3036,17.051000000,0.714600000
3037,16.224500000,0.867200000
3038,16.791600000,0.403600000
3039,15.694800000,0.326500000
3040,16.793300000,0.424000000
3041,17.734900000,1.290100000
3042,16.236900000,0.481200000
3043,18.528700000,1.095300000
3044,16.159900000,1.626100000
3045,14.542700000,0.270800000
3046,16.851600000,0.425000000
3047,16.915100000,0.457800000
3048,16.777000000,0.380200000
3049,16.910500000,0.555300000
3050,17.300500000,0.959400000
3051,16.259900000,0.654200000
3052,15.605700000,0.303100000
3053,17.216200000,0.666100000
3054,16.988500000,0.567200000
3055,17.497900000,0.692700000
3056,16.214100000,0.451000000
3057,15.700500000,0.370800000
3058,17.412000000,0.945300000
3059,16.066100000,0.540700000
3060,16.910400000,0.449500000
3061,16.956800000,0.338500000
3062,15.607300000,0.324000000
3063,17.636500000,0.298500000
3064,16.948400000,0.395300000
3065,16.827600000,1.331800000
3066,16.117200000,0.656800000
3067,17.130700000,0.404200000
3068,16.017700000,0.396800000
3069,16.797400000,0.458300000
3070,16.930700000,0.380700000
3071,16.009900000,0.533300000
3072,16.854700000,0.406700000
3073,16.894300000,0.587500000
3074,16.725500000,0.353600000
3075,16.534400000,0.257300000
3076,17.331800000,0.532800000
3077,16.049400000,0.600500000
3078,17.778700000,1.370300000
3079,16.436500000,0.770800000
3080,15.908300000,0.472400000
3081,18.095300000,1.617200000
3082,15.364600000,0.851600000
3083,15.858300000,0.447900000
3084,17.699500000,0.771900000
3085,15.798400000,0.413000000
3086,17.405800000,0.795800000
3087,15.876000000,0.388600000
3088,16.714600000,0.351600000
3089,17.785900000,1.301000000
3090,16.013000000,0.600000000
3091,17.411000000,0.602600000
3092,15.857300000,0.421400000
3093,17.017200000,0.619300000
3094,16.414000000,1.032800000
3095,18.109400000,1.710400000
3096,15.198400000,0.655800000
3097,17.329200000,0.605800000
3098,16.887500000,0.902600000
3099,16.025500000,0.657300000
3100,15.925000000,0.564600000
3101,16.972900000,0.493700000
3102,17.696400000,1.015600000
3103,16.457800000,0.807300000
3104,16.402100000,0.721400000
3105,15.808300000,0.366600000
3106,16.704700000,0.337500000
3107,17.184400000,0.791200000
3108,17.176000000,0.832800000
3109,15.890700000,0.607800000
3110,16.771300000,0.399000000
3111,17.015600000,0.584900000
3112,15.815100000,0.420800000
3113,16.778700000,0.417200000
3114,17.071300000,0.644800000
3115,17.628200000,0.762500000
3116,15.694800000,0.331700000
3117,16.835900000,0.449500000
3118,17.162000000,0.466600000
3119,15.819800000,0.408800000
3120,16.791600000,0.377100000
3121,18.950500000,1.366700000
3122,14.868800000,0.433900000
3123,15.832300000,0.443300000
3124,16.718200000,0.393800000
3125,16.871400000,0.470300000
3126,16.626500000,0.305700000
3127,17.418300000,1.017200000
3128,16.704100000,1.184400000
3129,15.774500000,0.361000000
3130,17.148400000,0.777100000
3131,16.752100000,0.366100000
3132,15.720300000,0.412000000
3133,16.864600000,0.478600000
3134,17.163000000,0.460400000
3135,16.944800000,0.611900000
3136,16.448000000,1.001600000
3137,17.170800000,0.697400000
3138,16.271900000,0.425600000
3139,17.028100000,0.416200000
3140,16.520300000,0.485400000
3141,15.948400000,0.388100000
3142,17.033900000,0.705700000
3143,16.888000000,0.478700000
3144,15.782800000,0.342700000
3145,17.762000000,1.148400000
3146,16.238000000,0.370800000
3147,17.380200000,1.007300000
3148,15.868800000,0.538600000
3149,17.034400000,0.479200000
3150,15.859300000,0.476100000
3151,17.321900000,0.967700000
3152,16.827600000,0.339000000
3153,16.005200000,0.527600000
3154,18.021900000,1.570800000
3155,15.878100000,0.454700000
3156,17.416200000,0.511500000
3157,16.315100000,0.622400000
3158,16.005700000,0.506700000
3159,16.803100000,0.409400000
3160,16.804200000,0.379200000
3161,16.745800000,0.304100000
3162,15.898500000,0.455200000
3163,18.023900000,1.601600000
3164,17.049000000,1.558900000
3165,14.789000000,0.393200000
3166,16.831300000,0.395300000
3167,17.109900000,0.573900000
3168,17.335400000,0.698900000
3169,16.690600000,0.403600000
3170,15.954200000,0.517200000
3171,17.550000000,0.968800000
3172,17.040100000,1.721400000
3173,15.652100000,0.595900000
3174,15.594300000,0.296900000
3175,18.931700000,1.347900000
3176,15.067700000,0.362500000
3177,17.259900000,0.811500000
3178,16.370900000,0.892200000
3179,17.677000000,1.159400000
3180,15.785500000,0.407300000
3181,15.778100000,0.387000000
3182,16.997900000,0.495400000
3183,16.885400000,0.465600000
3184,17.517700000,0.768700000
3185,15.945900000,0.480200000
3186,16.560900000,0.255200000
3187,16.861500000,0.579200000
3188,16.710400000,0.357300000
3189,16.696900000,0.343800000
3190,18.571300000,0.992700000
3191,14.991700000,0.614500000
3192,15.758300000,0.398400000
3193,17.276600000,0.863500000
3194,16.857800000,0.438600000
3195,15.641600000,0.319800000
3196,16.659400000,0.345800000
3197,16.858900000,0.413100000
3198,17.786400000,1.393700000
3199,15.982300000,0.338100000
3200,17.024000000,0.419200000
3201,15.747900000,0.380200000
3202,17.477600000,1.058400000
3203,18.132800000,1.596900000
3204,14.611000000,0.299000000
3205,16.540100000,0.274000000
3206,16.891100000,0.430200000
3207,16.996400000,0.534900000
3208,17.940100000,1.082800000
3209,15.157800000,0.753200000
3210,16.925000000,0.325500000
3211,16.997400000,0.437500000
3212,15.981700000,0.550000000
3213,16.634400000,0.314000000
3214,17.324000000,0.916700000
3215,15.881700000,0.459400000
3216,16.742200000,0.381700000
3217,18.405200000,1.053100000
3218,14.752100000,0.376000000
3219,17.106800000,0.577600000
3220,17.376000000,1.005200000
3221,17.989100000,1.387500000
3222,16.120800000,1.595300000
3223,14.640100000,0.338600000
3224,16.939100000,0.632300000
3225,16.799000000,0.377600000
3226,17.316600000,0.871900000
3227,16.314600000,0.899000000
3228,17.308900000,0.511900000
3229,19.773900000,3.568700000
3230,13.123500000,0.527600000
3231,17.485400000,0.372400000
3232,16.162500000,0.387500000
3233,15.785900000,0.290100000
3234,18.194300000,0.349000000
3235,16.612000000,1.043200000
3236,15.711900000,0.325000000
3237,16.734900000,0.377000000
3238,15.985500000,0.562000000
3239,16.907800000,0.482200000
3240,17.126500000,0.439600000
3241,17.100600000,1.053100000
3242,16.965100000,1.321400000
3243,17.227000000,0.745300000
3244,15.325600000,0.969800000
3245,16.722400000,0.336900000
3246,15.986900000,0.504200000
3247,17.289100000,0.826100000
3248,16.775500000,0.308300000
3249,15.645300000,0.334900000
3250,16.783900000,0.414100000
3251,16.907800000,0.471900000
3252,17.399000000,0.560900000
3253,16.264500000,0.477100000
3254,16.971900000,0.604200000
3255,15.674000000,0.340100000
3256,16.988000000,0.532800000
3257,18.982800000,1.859400000
3258,15.442700000,0.359300000
3259,15.798500000,0.492100000
3260,16.815100000,0.438500000
3261,16.779100000,0.379700000
3262,17.131800000,0.447900000
3263,15.596900000,0.293800000
3264,16.995300000,0.523400000
3265,17.532300000,0.626600000
3266,16.388000000,0.426500000
3267,16.395300000,0.917200000
3268,17.560900000,0.655700000
3269,15.732300000,0.323900000
3270,16.699500000,0.336400000
3271,17.062500000,0.479200000
3272,16.202600000,0.440100000
3273,16.726600000,0.332800000
3274,17.294300000,0.429700000
3275,16.051500000,0.579700000
3276,16.808900000,0.370900000
3277,16.803100000,0.532800000
3278,17.516700000,0.466100000
3279,15.168200000,0.468700000
3280,16.925000000,0.575000000
3281,16.785900000,0.392700000
3282,16.701600000,0.376100000
3283,17.204700000,0.638600000
3284,16.107300000,0.536900000
3285,16.920300000,0.469800000
3286,16.252600000,0.802100000
3287,16.809900000,0.408900000
3288,17.674500000,1.144800000
3289,16.882800000,0.954100000
3290,15.840100000,0.767200000
3291,15.704700000,0.372400000
3292,16.668700000,0.344800000
3293,16.779200000,0.391200000
3294,18.878100000,2.046400000
3295,14.889100000,0.579700000
3296,16.945300000,0.385900000
3297,15.576500000,0.288600000
3298,16.930800000,0.393800000
3299,22.613000000,5.496300000
3300,11.149000000,0.819200000
3301,17.554600000,0.448900000
3302,16.475600000,0.690700000
3303,15.664500000,0.378700000
3304,17.081300000,0.791700000
3305,17.566100000,1.118700000
3306,16.344300000,0.558900000
3307,16.624500000,1.060900000
3308,15.684400000,0.350600000
3309,16.648900000,0.332800000
3310,17.564600000,1.086500000
3311,15.868800000,0.455800000
3312,18.043700000,0.977100000
3313,16.212000000,0.458900000
3314,16.239000000,0.685400000
3315,15.712000000,0.348900000
3316,16.933900000,0.469200000
3317,16.960900000,0.496900000
3318,17.379700000,0.974000000
3319,16.503100000,0.810400000
3320,15.798500000,0.364000000
3321,16.654100000,0.307900000
3322,17.227100000,0.872900000
3323,16.607800000,0.305200000
3324,17.021900000,0.574500000
3325,16.896400000,1.415100000
3326,16.680700000,0.409400000
3327,15.676600000,0.339100000
3328,16.908300000,0.581300000
3329,16.804700000,0.436000000
3330,17.477100000,1.006800000
3331,16.058800000,0.712000000
3332,16.908300000,0.471300000
3333,16.133400000,0.822400000
3334,16.799500000,0.486500000
3335,16.953100000,0.581300000
3336,16.396300000,0.543200000
3337,17.352100000,0.538600000
3338,17.527600000,1.609400000
3339,14.718300000,0.378200000
3340,17.456700000,0.305700000
3341,15.976600000,0.500500000
3342,17.393200000,0.655800000
3343,16.314100000,0.875500000
3344,17.500000000,1.031300000
3345,15.553100000,0.276000000
3346,16.883300000,0.596300000
3347,16.690100000,0.363100000
3348,16.993800000,0.550600000
3349,16.625000000,1.179600000
3350,15.964100000,0.288100000
3351,18.351000000,1.575000000
3352,14.756200000,0.390600000
3353,16.557900000,0.263000000
3354,17.361400000,0.447900000
3355,17.255700000,0.475000000
3356,16.324500000,0.524000000
3357,15.796900000,0.391700000
3358,16.626000000,0.319800000
3359,16.544800000,0.264600000
3360,16.896900000,0.446900000
3361,17.071900000,0.655200000
3362,16.823400000,0.420800000
3363,16.876100000,0.440100000
3364,16.314500000,0.865600000
3365,16.983400000,0.508800000
3366,17.433800000,0.420800000
3367,17.169800000,1.409400000
3368,15.161500000,0.613000000
3369,16.654100000,0.332800000
3370,18.197400000,1.040700000
3371,15.004700000,0.557300000
3372,18.239100000,1.554100000
3373,15.603600000,1.153700000
3374,16.029700000,0.386500000
3375,16.689100000,0.350500000
3376,17.656200000,0.771900000
3377,15.631800000,0.304700000
3378,16.856300000,0.451500000
3379,17.327600000,0.548400000
3380,16.040100000,0.418700000
3381,16.925500000,0.433900000
3382,16.739600000,0.296400000
3383,15.575000000,0.292700000
3384,17.971800000,0.538000000
3385,16.351100000,0.926000000
3386,18.056800000,1.498900000
3387,15.266600000,0.758300000
3388,16.911000000,0.433900000
3389,15.586400000,0.273400000
3390,17.112000000,0.538000000
3391,17.346400000,0.851100000
3392,16.755200000,0.909300000
3393,18.315100000,0.470800000
3394,15.914000000,1.142700000
3395,14.591200000,0.296900000
3396,16.963000000,0.518200000
3397,17.267200000,0.837000000
3398,16.946900000,0.882800000
3399,15.690100000,0.320900000
3400,17.658300000,0.990200000
3401,15.833300000,0.384300000
3402,18.136500000,1.739100000
3403,16.043700000,0.400500000
3404,16.312000000,0.769800000
3405,16.948500000,0.474500000
3406,16.225000000,0.613000000
3407,19.179600000,1.389600000
3408,13.609900000,0.306300000
3409,17.021400000,0.389500000
3410,16.683800000,0.346900000
3411,16.578700000,0.283300000
3412,16.956200000,0.640600000
3413,16.771400000,0.387000000
3414,16.715600000,0.358300000
3415,17.395300000,0.493200000
3416,16.026600000,0.424500000
3417,15.919800000,0.479100000
3418,18.518200000,1.716100000
3419,15.475000000,0.770300000
3420,17.133900000,1.735400000
3421,16.098400000,0.669300000
3422,16.728700000,0.369800000
3423,17.070300000,0.334900000
3424,16.036900000,0.640600000
3425,16.992800000,0.435900000
3426,16.492100000,0.405200000
3427,17.115100000,0.380700000
3428,15.850600000,0.338600000
3429,16.940600000,0.505200000
3430,18.656200000,1.182300000
3431,14.926100000,0.516700000
3432,17.228100000,1.183900000
3433,17.117200000,1.173900000
3434,17.115100000,2.067200000
3435,15.440100000,1.063000000
3436,16.279700000,0.633300000
3437,16.761500000,0.377100000
3438,16.512500000,1.041100000
3439,17.349400000,0.451500000
3440,17.540700000,1.563500000
3441,14.823400000,0.431300000
3442,18.500500000,0.634900000
3443,14.857300000,0.438000000
3444,16.725500000,0.356700000
3445,17.279700000,0.842100000
3446,16.877600000,0.475000000
3447,16.038600000,0.559900000
3448,17.570300000,0.648400000
3449,15.890600000,0.438600000
3450,17.360400000,0.965600000
3451,16.817700000,1.470300000
3452,16.102100000,0.626600000
3453,15.797400000,0.418700000
3454,17.408300000,0.850000000
3455,15.687000000,0.344300000
3456,17.799500000,1.482300000
3457,15.795800000,0.417200000
3458,18.177100000,1.258900000
3459,15.862000000,0.463600000
3460,16.711400000,1.231800000
3461,15.519800000,0.250000000
3462,17.899500000,0.493800000
3463,16.325000000,0.844300000
3464,18.117700000,1.272400000
3465,15.276600000,0.521400000
3466,17.071300000,0.411400000
3467,15.912000000,0.434400000
3468,17.520300000,1.034900000
3469,16.803200000,1.301500000
3470,16.105200000,0.359400000
3471,16.300000000,0.628700000
3472,16.961400000,0.558300000
3473,17.347400000,0.484900000
3474,16.082300000,0.633900000
3475,15.946400000,0.389000000
3476,16.985900000,0.317700000
3477,16.597900000,0.290100000
3478,17.085400000,0.631200000
3479,16.736000000,0.363600000
3480,17.798400000,2.406300000
3481,15.602600000,1.104700000
3482,17.308900000,1.491100000
3483,15.718700000,0.359400000
3484,17.124000000,0.534900000
3485,15.929700000,0.542100000
3486,16.913500000,0.431800000
3487,16.875500000,0.323400000
3488,17.189600000,0.466200000
3489,17.275000000,1.811500000
3490,15.609400000,1.154600000
3491,15.735400000,0.390100000
3492,17.107300000,0.641600000
3493,17.225000000,0.349000000
3494,16.380200000,0.922400000
3495,16.853700000,0.408300000
3496,17.518200000,1.711500000
3497,15.791100000,0.331200000
3498,15.893300000,0.481800000
3499,17.220800000,0.798900000
3500,17.267200000,0.377700000
3501,15.722900000,0.353100000
3502,17.288500000,0.417700000
3503,15.936000000,0.473400000
3504,16.827100000,0.417800000
3505,17.784900000,0.471400000
3506,15.994700000,0.427600000
3507,16.706800000,0.359900000
3508,16.945300000,0.372400000
3509,15.754700000,0.359400000
3510,16.903100000,0.459900000
3511,17.587000000,1.152100000
3512,17.138600000,0.890100000
3513,15.693700000,0.392200000
3514,18.699500000,1.450500000
3515,13.761400000,0.384900000
3516,17.670900000,1.284400000
3517,16.453600000,0.988500000
3518,16.546900000,0.257300000
3519,16.685900000,0.334900000
3520,17.271900000,0.572300000
3521,15.855200000,0.431800000
3522,17.709900000,0.341700000
3523,15.950000000,0.580700000
3524,16.909400000,0.456700000
3525,16.171900000,0.679100000
3526,17.453100000,0.464600000
3527,15.635900000,0.319700000
3528,17.366200000,0.897400000
3529,15.901500000,0.457800000
3530,21.519800000,1.710400000
3531,12.209400000,0.347900000
3532,17.045300000,0.376000000
3533,16.470300000,0.564600000
3534,16.685400000,0.325000000
3535,17.093800000,0.478200000
3536,20.281200000,0.505700000
3537,12.008900000,0.465600000
3538,17.616100000,1.204100000
3539,15.979700000,0.460400000
3540,16.643800000,0.315100000
3541,17.126000000,0.788000000
3542,15.877100000,0.415100000
3543,20.823400000,2.160900000
3544,13.276100000,0.927000000
3545,16.632300000,0.820400000
3546,15.881800000,0.448500000
3547,17.304600000,0.803100000
3548,16.821900000,0.405700000
3549,16.151600000,0.812500000
3550,17.579100000,1.126600000
3551,16.100600000,0.490600000
3552,17.302000000,0.777100000
3553,16.530300000,0.925000000
3554,17.285400000,1.075500000
3555,16.323900000,0.514100000
3556,17.041700000,0.424500000
3557,14.832300000,0.450000000
3558,17.370300000,0.902600000
3559,18.344800000,1.238000000
3560,15.163500000,0.500600000
3561,15.807300000,0.275000000
3562,16.709900000,0.378600000
3563,16.796900000,0.387500000
3564,17.913500000,0.727100000
3565,16.355200000,0.525000000
3566,15.842800000,0.415100000
3567,17.044200000,0.352600000
3568,17.058400000,0.397400000
3569,15.725000000,0.366700000
3570,17.029100000,0.473500000
3571,17.026600000,0.629600000
3572,15.826600000,0.454600000
3573,16.902000000,0.460400000
3574,18.928700000,2.441100000
3575,14.754700000,0.374500000
3576,16.720800000,0.423400000
3577,17.489100000,0.535400000
3578,16.042200000,0.526000000
3579,16.359800000,0.820300000
3580,17.359900000,0.446300000
3581,15.819800000,0.302600000
3582,17.166700000,0.722900000
3583,16.485400000,0.853600000
3584,17.434400000,0.957800000
3585,15.985400000,0.504700000
3586,19.147400000,0.883400000
3587,14.009900000,0.494800000
3588,17.442700000,0.951100000
3589,17.323400000,1.865600000
3590,14.990200000,0.344200000
3591,16.782200000,0.386400000
3592,18.742200000,1.650000000
3593,14.890100000,0.520800000
3594,17.077600000,0.708800000
3595,16.213600000,0.808300000
3596,16.882800000,0.475500000
3597,16.283300000,0.328600000
3598,17.815100000,0.510500000
3599,16.004200000,0.591700000
3600,15.797900000,0.413600000
3601,17.592200000,1.037500000
