frame,frameMs,presentMs
1,1.913100000,0.459300000
2,16.709300000,0.293200000
3,18.526600000,2.159400000
4,14.724000000,0.169300000
5,17.134900000,0.752100000
6,17.141100000,0.318200000
7,15.642700000,0.299500000
8,17.057800000,0.666700000
9,17.286500000,0.640600000
10,16.305200000,0.547400000
11,16.628100000,0.254700000
12,18.259900000,0.408300000
13,14.665600000,0.282300000
14,16.645300000,0.214600000
15,17.073000000,0.331800000
16,17.286900000,0.878600000
17,15.917200000,0.543200000
18,19.154700000,0.811400000
19,13.803700000,0.468800000
20,18.211900000,1.862000000
21,16.529700000,0.510900000
22,16.115700000,0.697400000
23,16.497900000,0.479200000
24,19.044800000,0.208900000
25,22.910900000,8.587000000
26,12.581800000,5.173400000
27,12.438500000,0.578700000
28,15.681800000,0.302100000
29,16.726000000,0.369200000
30,16.775500000,0.394300000
31,16.997400000,0.576500000
32,17.379700000,0.226500000
33,15.626100000,0.320800000
34,17.388000000,0.727600000
35,15.774000000,0.310400000
36,21.290600000,1.609400000
37,13.702600000,0.782300000
38,15.774500000,0.399000000
39,15.610400000,0.242200000
40,18.538000000,1.043800000
41,15.696900000,0.308400000
42,17.015100000,0.317200000
43,15.770800000,0.357300000
44,18.536500000,0.906300000
45,14.999400000,0.515100000
46,17.720900000,1.336500000
47,15.580200000,0.246400000
48,19.114100000,1.877100000
49,14.853600000,0.500500000
50,16.797900000,0.965600000
51,16.103100000,0.785500000
52,16.986500000,0.295300000
53,15.570300000,0.221900000
54,18.490600000,0.920900000
55,15.833400000,0.525500000
56,16.885400000,0.434900000
57,16.209400000,0.776600000
58,17.390600000,0.752600000
59,15.870300000,0.431800000
60,16.857800000,0.222400000
61,20.392200000,4.027100000
62,12.511500000,0.199000000
63,16.933800000,0.565600000
64,17.024500000,0.642700000
65,20.431800000,0.572400000
66,12.686900000,0.208800000
67,16.834900000,0.497400000
68,17.602100000,1.142700000
69,15.887500000,0.519800000
70,16.437000000,0.962500000
71,17.291700000,0.901000000
72,18.955700000,1.949400000
73,14.214600000,0.439600000
74,17.659900000,0.170800000
75,15.660400000,1.265100000
76,16.397400000,0.981800000
77,15.542200000,0.213000000
78,19.297900000,1.235900000
79,14.753600000,0.368200000
80,17.404700000,0.957800000
81,16.237500000,0.532800000
82,20.096900000,1.061000000
83,12.732800000,0.414600000
84,19.145800000,0.219800000
85,14.429200000,0.159800000
86,16.717200000,0.148900000
87,16.791100000,0.295800000
88,17.716200000,0.965600000
89,16.426600000,0.622300000
90,16.001000000,0.170800000
91,15.613500000,0.278200000
92,17.813100000,0.257300000
93,16.255200000,0.770800000
94,16.746800000,0.283300000
95,20.456300000,3.180200000
96,13.012500000,0.290100000
97,17.579200000,0.689600000
98,15.813000000,0.374000000
99,15.685900000,0.373400000
100,16.908900000,0.481800000
101,16.564000000,0.232800000
102,18.538600000,2.158800000
103,14.839000000,0.465100000
104,16.681800000,0.348400000
105,17.116700000,0.775000000
106,16.981700000,0.591100000
107,17.552100000,1.155700000
108,17.833900000,1.219800000
109,13.741100000,0.296800000
110,17.178200000,0.652600000
111,16.979600000,0.257300000
112,16.742700000,0.328100000
113,16.243800000,0.213000000
114,16.799000000,0.239600000
115,16.569200000,0.232800000
116,17.842200000,1.445900000
117,15.975500000,0.266100000
118,15.839600000,0.453100000
119,17.039100000,0.699000000
120,16.903100000,0.256300000
121,16.883900000,0.476000000
122,15.603100000,0.185900000
123,16.611400000,0.272400000
124,17.734900000,0.399000000
125,15.583900000,0.232300000
126,17.707800000,0.269800000
127,15.624000000,0.239100000
128,17.949400000,0.541100000
129,16.056800000,0.659900000
130,17.014100000,0.599000000
131,16.740600000,0.376500000
132,18.946900000,3.323500000
133,13.727600000,0.340100000
134,18.367700000,2.010400000
135,15.322400000,0.944300000
136,17.672400000,1.311000000
137,15.691100000,0.328100000
138,17.361500000,0.962000000
139,15.709400000,0.331300000
140,16.781700000,0.366600000
141,17.397900000,0.277600000
142,15.616200000,0.129200000
143,16.614100000,0.241200000
144,17.044700000,0.658300000
145,16.832900000,0.486000000
146,16.645300000,0.261500000
147,17.734900000,1.037000000
148,16.288500000,0.909300000
149,15.627100000,0.213000000
150,17.093200000,0.756200000
151,16.961000000,0.269300000
152,15.917100000,0.513000000
153,16.837000000,0.446400000
154,21.612500000,1.302100000
155,12.008900000,0.290600000
156,19.072400000,1.775500000
157,13.695800000,0.303600000
158,17.563600000,1.113500000
159,15.965100000,0.601000000
160,17.150000000,0.736400000
161,16.579600000,0.217200000
162,16.556800000,0.226100000
163,16.586500000,0.240700000
164,16.628600000,0.239000000
165,17.283900000,0.505200000
166,16.183800000,0.671900000
167,16.682800000,0.296900000
168,17.498000000,0.771900000
169,15.674400000,0.310900000
170,20.049500000,0.322400000
171,12.754200000,0.429200000
172,16.591600000,0.233400000
173,16.698500000,0.381800000
174,20.062500000,3.622400000
175,13.614600000,0.237000000
176,18.668700000,2.320800000
177,14.955200000,0.589600000
178,17.133400000,0.603100000
179,17.086900000,0.228100000
180,16.629700000,1.079700000
181,15.703200000,0.272900000
182,16.720800000,0.357300000
183,17.077600000,0.350000000
184,17.259400000,1.841700000
185,16.385900000,0.977100000
186,16.031800000,0.620900000
187,16.837500000,0.471300000
188,17.188500000,0.185900000
189,16.025500000,0.655700000
190,18.133900000,1.116100000
191,14.856200000,0.355700000
192,17.263100000,0.414600000
193,15.870800000,0.506200000
194,16.833300000,0.460900000
195,17.027100000,0.279700000
196,17.193800000,0.858900000
197,15.722400000,0.379200000
198,16.846800000,0.471300000
199,17.011000000,0.503100000
200,17.329700000,0.942200000
201,15.876000000,0.144300000
202,18.051000000,1.594800000
203,14.571900000,0.197400000
204,16.624500000,0.258900000
205,16.704700000,0.282300000
206,16.611400000,0.225500000
207,17.531800000,0.187500000
208,16.991700000,0.592700000
209,15.722400000,0.263000000
210,17.058800000,0.677600000
211,17.689100000,0.404100000
212,15.947400000,0.577600000
213,16.613500000,0.262500000
214,16.839600000,0.283800000
215,16.355700000,0.443200000
216,17.814600000,1.427600000
217,16.587000000,1.252600000
218,16.562500000,0.755800000
219,21.452100000,3.282300000
220,21.653100000,6.116700000
221,18.133300000,12.780200000
222,15.132900000,7.428100000
223,17.751500000,12.369300000
224,11.554700000,5.522900000
225,22.425500000,11.080200000
226,13.664100000,9.933900000
227,11.046900000,4.728100000
228,15.196300000,0.128600000
229,13.560400000,0.230800000
230,18.040700000,0.648500000
231,16.330700000,0.128700000
232,16.289100000,0.605700000
233,16.753100000,0.415700000
234,16.984900000,0.474000000
235,16.018200000,0.618800000
236,18.172900000,1.647900000
237,15.970900000,0.413000000
238,15.912500000,0.491600000
239,16.795300000,0.355200000
240,17.830200000,1.184300000
241,15.617200000,0.269300000
242,16.659300000,0.258300000
243,17.417700000,0.604100000
244,15.687500000,0.161400000
245,17.104200000,0.654700000
246,16.818200000,0.290600000
247,15.596400000,0.265100000
248,17.689100000,0.322400000
249,16.793200000,0.383900000
250,15.880200000,0.392200000
251,17.169300000,0.751600000
252,16.911400000,0.338500000
253,15.632800000,0.287000000
254,16.736500000,0.248900000
255,17.837000000,1.397400000
256,15.922900000,0.346400000
257,16.698400000,0.279100000
258,23.267700000,4.470300000
259,10.013600000,0.572400000
260,17.042200000,0.574500000
261,16.716600000,0.356200000
262,17.283900000,0.853600000
263,15.622400000,0.220900000
264,17.032300000,0.218700000
265,16.899500000,0.243300000
266,15.722300000,0.307800000
267,17.136500000,0.766200000
268,18.242700000,1.866700000
269,14.879700000,0.254200000
270,20.002600000,3.038500000
271,13.660400000,0.305700000
272,16.618800000,0.253200000
273,16.990100000,0.322900000
274,15.919800000,0.267200000
275,17.470300000,0.851000000
276,17.158300000,1.660900000
277,15.941200000,0.562500000
278,18.892700000,1.609900000
279,14.701000000,1.178100000
280,16.094300000,0.227600000
281,16.639000000,0.232300000
282,17.193800000,0.544800000
283,15.685400000,0.322400000
284,16.787500000,0.267200000
285,16.982800000,0.530200000
286,16.599500000,0.264000000
287,16.674000000,0.291700000
288,17.203600000,0.834400000
289,16.644800000,0.322900000
290,16.669800000,0.289100000
291,16.709400000,0.318300000
292,17.195300000,0.653700000
293,15.558800000,0.225500000
294,17.146900000,0.728600000
295,17.071900000,0.683400000
296,15.762000000,0.363600000
297,17.359300000,0.951000000
298,18.351100000,2.795900000
299,14.828600000,0.328600000
300,16.922400000,0.497400000
301,15.600000000,0.327000000
302,16.521900000,0.232300000
303,18.018200000,0.555700000
304,16.616700000,0.230700000
305,15.702100000,0.268800000
306,17.121800000,0.703100000
307,19.062500000,0.510900000
308,13.812000000,0.455800000
309,16.955800000,0.642700000
310,24.168700000,4.736000000
311,8.488500000,0.168200000
312,18.101100000,0.596400000
313,15.979200000,0.542800000
314,17.452600000,0.736900000
315,16.165600000,0.822900000
316,16.639600000,0.299500000
317,16.383800000,0.807300000
318,17.584900000,0.226000000
319,15.786000000,0.427100000
320,16.798900000,0.344300000
321,16.983900000,0.417200000
322,16.348900000,0.712500000
323,17.044800000,0.644800000
324,15.959400000,0.596400000
325,16.699000000,0.338500000
326,16.614000000,0.256200000
327,18.046900000,1.270800000
328,15.870300000,0.339100000
329,15.729700000,0.411500000
330,16.970800000,0.603600000
331,17.301100000,0.631300000
332,21.979100000,3.433900000
333,12.123500000,0.657800000
334,16.085900000,0.615700000
335,15.551600000,0.216100000
336,16.904100000,0.569800000
337,16.681800000,0.190600000
338,16.837500000,0.467200000
339,17.287000000,0.286500000
340,17.016100000,1.293800000
341,15.692200000,0.360900000
342,17.008400000,0.450500000
343,16.680700000,0.195800000
344,17.018200000,0.661000000
345,15.987000000,0.605200000
346,16.988500000,0.534900000
347,17.222400000,0.663000000
348,16.442700000,1.073500000
349,15.793800000,0.456200000
350,16.792200000,0.136900000
351,17.061400000,0.485400000
352,17.097900000,0.655200000
353,15.840200000,0.404200000
354,17.431200000,0.779700000
355,15.738000000,0.424500000
356,16.776600000,0.406200000
357,17.026000000,0.644300000
358,16.617200000,0.230200000
359,18.064100000,0.227600000
360,17.308300000,2.870300000
361,14.514600000,0.163600000
362,16.926000000,0.269800000
363,16.821400000,0.390100000
364,15.900000000,0.481800000
365,16.759400000,0.410400000
366,16.954100000,0.512500000
367,19.215100000,2.604700000
368,14.664600000,1.076500000
369,16.155200000,0.820800000
370,17.281300000,0.925500000
371,15.812000000,0.482800000
372,18.084300000,0.576500000
373,16.041200000,0.188500000
374,18.130700000,0.295900000
375,15.866700000,1.044300000
376,15.857800000,0.452600000
377,15.545800000,0.202000000
378,17.627600000,0.247900000
379,16.804700000,0.460400000
380,15.799500000,0.381300000
381,17.439100000,0.981700000
382,17.068700000,0.511500000
383,15.526600000,0.208900000
384,16.759900000,0.389100000
385,16.533300000,0.188500000
386,17.232800000,0.779200000
387,18.952100000,0.337500000
388,15.608300000,1.855200000
389,17.134900000,1.090600000
390,19.442200000,4.861000000
391,13.358900000,1.779700000
392,15.681700000,0.299400000
393,16.694800000,0.336500000
394,16.730800000,0.272900000
395,15.553600000,0.237500000
396,18.027100000,0.254700000
397,15.517700000,0.218200000
398,16.883300000,0.501000000
399,17.163600000,0.695900000
400,18.425500000,0.266700000
401,14.679200000,0.287500000
402,17.331700000,0.332300000
403,16.078700000,0.715100000
404,16.671300000,0.284900000
405,16.947900000,0.312500000
406,16.649500000,0.218200000
407,16.733400000,0.310400000
408,15.594200000,0.218300000
409,17.993300000,0.681800000
410,16.193700000,0.784900000
411,16.909400000,0.321400000
412,16.425500000,0.439600000
413,16.829200000,0.402600000
414,17.333800000,0.922900000
415,17.933900000,2.528200000
416,14.755200000,0.180800000
417,16.989000000,0.284900000
418,15.926600000,0.519300000
419,17.285900000,0.777100000
420,17.575600000,2.162000000
421,14.954700000,0.209800000
422,16.967100000,0.375000000
423,16.901600000,0.296900000
424,17.263500000,0.531200000
425,15.907900000,0.508400000
426,17.236400000,0.721300000
427,15.841700000,0.535900000
428,16.852100000,0.265700000
429,17.577600000,0.579100000
430,15.493700000,0.213000000
431,16.606300000,0.271300000
432,16.833300000,0.516100000
433,16.860400000,0.445800000
434,17.496400000,1.436900000
435,15.874500000,0.255700000
436,16.716100000,0.336500000
437,17.287500000,0.726600000
438,15.901600000,0.521400000
439,17.098400000,0.733800000
440,16.090100000,0.580700000
441,16.887500000,0.287000000
442,17.021900000,0.598000000
443,16.681700000,0.857800000
444,15.536500000,0.171900000
445,18.277100000,0.380800000
446,16.168200000,0.690100000
447,16.005700000,0.634400000
448,16.868800000,0.465700000
449,16.753600000,0.337500000
450,17.238600000,0.316700000
451,15.799500000,0.346300000
452,17.198900000,0.431200000
453,16.904700000,0.469800000
454,16.099500000,0.233900000
455,17.303100000,0.213500000
456,16.313600000,0.817200000
457,17.807200000,1.489500000
458,16.708900000,2.066100000
459,14.647400000,0.289600000
460,17.477100000,0.930700000
461,17.130700000,0.702600000
462,16.787500000,0.583800000
463,16.025500000,0.599500000
464,17.061000000,0.657800000
465,16.275000000,0.918300000
466,16.760900000,0.232800000
467,16.709400000,0.282800000
468,17.589000000,0.785900000
469,16.551100000,1.166700000
470,15.780700000,0.390600000
471,17.868800000,0.172400000
472,19.431200000,4.911000000
473,13.122900000,0.331300000
474,15.740100000,0.426500000
475,16.732300000,0.350000000
476,16.672400000,0.165100000
477,16.745300000,0.145300000
478,16.690700000,0.300600000
479,16.582300000,0.235900000
480,16.744700000,0.234300000
481,17.261500000,0.892200000
482,16.459400000,0.521900000
483,16.783300000,0.366100000
484,15.951600000,0.616200000
485,16.937500000,0.537000000
486,17.296300000,0.168200000
487,16.650500000,0.243800000
488,15.966700000,0.504200000
489,17.006300000,0.143200000
490,17.111900000,0.200000000
491,18.256800000,0.399500000
492,15.169800000,0.209400000
493,15.665600000,0.276000000
494,16.811500000,0.361000000
495,17.473400000,0.558900000
496,15.663000000,0.208900000
497,16.672400000,0.166200000
498,17.543800000,0.703100000
499,15.885900000,0.468200000
500,17.498500000,0.242700000
501,16.118200000,0.721300000
502,16.721400000,0.212500000
503,16.639000000,0.252600000
504,17.953700000,0.352600000
505,14.965100000,0.534900000
506,16.939500000,0.303700000
507,17.614100000,0.590600000
508,15.931800000,0.525000000
509,16.733800000,0.361400000
510,17.407800000,0.273900000
511,16.321900000,0.880200000
512,16.692700000,0.979700000
513,16.891700000,1.527600000
514,15.996300000,0.285900000
515,16.596400000,0.221900000
516,18.374000000,0.696800000
517,14.563500000,0.244300000
518,18.124500000,0.635500000
519,15.796300000,0.246800000
520,17.042700000,1.622900000
521,15.684400000,0.276000000
522,17.441200000,0.197400000
523,15.539000000,0.211500000
524,17.437000000,1.035400000
525,18.078700000,0.344200000
526,15.698400000,0.187000000
527,17.718700000,2.117200000
528,16.428200000,0.643700000
529,14.836400000,0.367800000
530,16.813000000,0.372400000
531,17.207900000,0.213000000
532,16.545800000,0.199500000
533,16.543200000,0.196300000
534,17.630700000,0.269300000
535,15.631300000,0.227100000
536,17.210400000,0.227600000
537,16.427600000,0.883300000
538,16.819300000,0.159900000
539,16.641100000,1.027100000
540,16.036000000,0.635400000
541,16.479100000,0.188600000
542,17.146400000,0.788000000
543,17.230700000,0.337000000
544,20.837000000,3.437500000
545,12.141700000,0.722900000
546,17.227600000,0.270300000
547,15.514000000,0.201100000
548,16.728200000,0.348000000
549,17.028100000,0.642700000
550,17.085400000,0.569300000
551,15.777600000,0.275500000
552,17.341700000,0.950500000
553,16.516600000,0.178600000
554,16.914100000,0.585400000
555,16.281800000,0.849400000
556,16.855700000,0.489600000
557,16.631300000,0.294800000
558,17.003600000,0.408400000
559,16.202100000,0.713000000
560,16.984400000,0.351600000
561,17.508300000,0.778100000
562,15.608800000,0.224500000
563,16.650000000,0.251500000
564,16.782300000,0.217800000
565,16.555800000,0.211000000
566,17.591100000,0.672900000
567,15.874000000,0.277600000
568,16.713000000,0.284900000
569,16.988000000,0.550500000
570,16.684900000,1.256800000
571,15.950000000,0.584900000
572,17.190600000,0.700500000
573,15.988100000,0.622300000
574,16.772300000,0.410900000
575,16.917200000,0.265700000
576,17.529200000,0.308300000
577,18.077600000,0.723500000
578,14.275500000,0.902600000
579,16.933900000,0.288600000
580,16.669800000,0.254100000
581,16.775500000,0.383800000
582,15.716100000,0.340100000
583,17.031300000,0.698500000
584,18.377100000,1.983800000
585,15.878600000,1.403600000
586,16.952100000,1.578600000
587,15.838000000,0.295300000
588,17.382800000,0.275500000
589,15.857800000,0.304100000
590,17.296400000,0.406300000
591,16.554700000,1.162000000
592,16.388000000,0.994800000
593,17.162000000,0.314600000
594,16.460900000,0.839600000
595,16.020300000,0.527100000
596,16.767700000,0.340100000
597,17.373500000,0.453600000
598,15.741700000,0.378200000
599,17.143200000,0.655200000
600,16.959900000,0.252600000
601,16.474500000,1.013600000
602,15.643200000,0.285900000
603,18.192700000,1.617100000
604,16.323400000,0.423500000
605,16.314100000,0.558900000
606,16.649500000,0.221800000
607,16.646800000,0.295800000
608,17.403200000,0.356700000
609,15.809300000,0.204200000
610,17.292800000,0.190100000
611,16.080200000,0.329600000
612,17.449400000,1.050500000
613,15.515100000,0.218800000
614,17.698000000,1.271300000
615,15.958800000,0.276500000
616,16.705200000,0.216600000
617,16.614100000,0.247400000
618,16.844300000,0.225000000
619,16.597900000,0.257300000
620,18.961400000,2.348400000
621,21.907300000,6.509400000
622,13.482300000,5.118200000
623,13.328700000,1.394800000
624,21.661400000,3.916700000
625,10.802600000,0.475000000
626,16.879200000,0.273400000
627,16.251600000,0.848400000
628,17.179100000,0.164500000
629,15.824500000,0.260400000
630,17.200500000,0.836900000
631,16.570900000,0.215100000
632,17.526000000,0.287000000
633,15.704700000,0.251600000
634,16.843200000,0.366100000
635,16.749000000,0.322900000
636,17.181700000,1.832300000
637,15.700000000,0.241200000
638,18.266700000,1.869800000
639,15.066200000,0.679700000
640,17.083800000,0.726600000
641,17.014600000,0.511000000
642,15.725000000,0.357800000
643,16.642700000,0.279700000
644,16.592700000,0.241700000
645,17.166700000,0.792800000
646,16.822900000,0.477100000
647,17.082800000,0.264600000
648,15.924500000,0.556800000
649,17.042200000,0.647300000
650,15.622900000,0.249500000
651,18.237500000,0.352600000
652,15.598400000,0.254100000
653,16.855800000,0.339000000
654,17.083300000,0.295800000
655,15.712000000,0.417100000
656,17.968700000,0.256300000
657,16.797900000,0.264600000
658,15.732300000,0.323900000
659,18.033400000,0.676000000
660,20.505700000,0.462500000
661,12.236400000,0.435400000
662,16.616700000,1.218200000
663,15.887000000,0.552600000
664,17.509900000,1.105200000
665,15.694800000,0.313000000
666,18.172400000,0.954200000
667,15.550500000,0.229700000
668,17.204200000,0.777600000
669,15.818700000,0.496300000
670,16.635400000,0.218700000
671,16.811000000,0.353100000
672,17.802600000,0.239100000
673,16.354700000,0.171400000
674,17.107800000,1.675000000
675,15.731700000,0.270300000
676,16.961000000,0.143800000
677,15.803600000,0.438500000
678,17.513000000,1.146900000
679,15.907900000,0.138000000
680,16.725000000,0.305800000
681,16.877600000,0.193800000
682,16.849400000,0.473400000
683,16.843300000,0.318700000
684,18.564600000,2.393300000
685,13.985900000,0.634400000
686,16.752600000,0.323400000
687,16.940100000,0.604100000
688,16.925000000,0.556300000
689,17.068200000,0.394200000
690,16.133400000,0.683800000
691,17.313500000,0.326600000
692,16.353100000,0.952600000
693,16.851600000,1.236500000
694,15.619300000,0.242200000
695,16.977600000,0.530700000
696,19.168200000,2.658300000
697,14.842700000,0.172900000
698,15.693200000,0.365600000
699,17.078700000,0.738000000
700,18.306200000,1.904200000
701,14.951100000,0.404600000
702,17.604100000,0.772400000
703,15.651600000,0.247400000
704,16.665600000,0.275500000
705,16.878200000,0.262500000
706,17.415100000,0.719800000
707,15.810400000,0.400500000
708,16.788500000,0.208800000
709,16.676100000,0.318800000
710,17.514000000,0.232800000
711,16.310400000,0.436400000
712,16.952100000,0.223400000
713,15.632800000,0.244800000
714,18.375000000,1.582800000
715,14.778200000,0.369800000
716,16.624400000,0.268800000
717,17.184400000,0.778600000
718,17.650000000,1.199000000
719,16.249500000,0.805700000
720,15.997900000,0.165600000
721,17.761500000,0.448500000
722,16.548900000,1.170800000
723,16.055200000,0.446300000
724,16.007300000,0.622400000
725,17.247900000,0.692200000
726,17.784400000,2.408900000
727,14.745300000,0.296800000
728,16.632300000,0.263000000
729,17.534400000,1.151100000
730,16.094300000,0.607300000
731,16.630700000,0.289600000
732,18.263000000,1.888600000
733,14.723500000,0.396900000
734,17.074400000,0.650000000
735,17.203700000,0.336000000
736,16.398900000,0.968200000
737,17.622400000,0.604100000
738,17.348500000,0.808300000
739,14.638000000,0.305200000
740,16.707800000,0.300000000
741,20.162500000,1.981800000
742,13.792700000,0.423400000
743,15.652100000,0.277100000
744,16.597400000,0.267200000
745,17.800000000,0.238000000
746,15.776000000,0.426500000
747,17.790100000,1.429700000
748,15.967700000,0.582300000
749,18.397400000,0.891200000
750,14.882900000,0.411000000
751,17.010900000,0.643700000
752,17.067700000,0.676600000
753,15.967200000,0.549000000
754,16.604200000,0.261400000
755,17.135900000,0.272900000
756,17.560400000,2.015700000
757,15.688000000,0.290600000
758,16.991700000,0.539600000
759,16.815100000,1.424000000
760,17.152100000,0.288000000
761,19.583300000,0.620800000
762,12.606300000,0.262500000
763,16.720300000,0.389100000
764,18.771300000,0.809900000
765,15.602600000,1.003100000
766,16.187500000,0.816100000
767,16.269800000,0.843200000
768,17.828200000,1.217200000
769,15.402000000,0.971900000
770,18.041200000,1.593200000
771,15.330200000,0.483900000
772,17.366700000,0.763500000
773,27.955200000,6.672900000
774,15.534900000,4.806800000
775,14.919800000,6.305200000
776,11.906700000,5.509400000
777,11.794300000,0.550500000
778,17.133800000,0.729100000
779,16.504200000,0.219300000
780,17.780700000,1.243700000
781,16.244800000,0.366600000
782,18.185500000,1.667700000
783,14.848900000,0.357800000
784,15.951100000,0.497300000
785,16.656700000,0.218300000
786,16.827100000,0.465100000
787,17.206300000,0.130800000
788,15.628600000,0.184400000
789,21.228100000,4.757300000
790,12.807300000,0.417700000
791,16.658400000,0.320800000
792,18.103600000,0.463600000
793,14.777600000,0.233800000
794,17.103100000,0.703600000
795,16.962000000,0.298500000
796,17.362000000,0.878600000
797,15.652600000,0.252100000
798,17.795800000,0.161900000
799,16.107800000,0.751600000
800,16.055200000,0.686400000
801,17.060500000,0.288600000
802,15.963000000,0.368800000
803,23.896300000,3.347900000
804,10.413600000,0.369800000
805,15.584400000,0.267700000
806,16.674400000,0.276000000
807,17.516200000,0.991700000
808,15.905200000,0.489000000
809,16.776000000,0.272400000
810,17.151600000,0.591100000
811,17.189600000,0.832300000
812,15.633300000,0.256200000
813,17.008900000,0.651600000
814,17.052600000,0.679700000
815,20.917700000,5.413600000
816,12.339600000,0.436500000
817,15.485400000,0.183900000
818,18.123400000,0.649000000
819,18.799000000,0.289100000
820,13.646800000,0.216100000
821,16.677600000,0.289100000
822,16.908400000,0.290100000
823,16.995300000,0.669800000
824,15.728600000,0.293700000
825,16.735500000,0.144800000
826,18.079100000,1.222900000
827,16.047400000,0.617200000
828,17.876600000,1.302600000
829,15.022400000,0.580800000
830,17.123400000,0.704700000
831,16.876100000,0.498500000
832,15.593700000,0.232800000
833,16.718800000,0.283400000
834,17.029600000,0.633800000
835,18.500600000,1.348400000
836,14.636900000,0.246900000
837,17.029200000,0.665100000
838,16.581800000,0.231800000
839,16.692700000,0.140100000
840,17.322400000,0.249500000
841,15.852100000,0.464100000
842,16.709300000,0.345800000
843,17.014100000,0.357300000
844,17.079700000,0.623500000
845,15.705700000,0.134400000
846,16.949500000,0.592200000
847,19.112500000,0.150000000
848,13.717700000,0.383800000
849,16.709900000,0.331200000
850,16.963500000,0.566600000
851,16.744300000,0.279100000
852,18.923500000,1.926500000
853,14.574400000,0.195900000
854,17.706300000,1.345300000
855,16.039000000,0.293700000
856,15.661000000,0.247900000
857,17.250500000,0.591700000
858,17.646900000,0.158800000
859,16.206800000,0.778100000
860,15.659300000,0.260400000
861,17.334400000,0.939600000
862,16.868200000,0.296400000
863,15.821900000,0.192700000
864,17.414100000,0.976500000
865,17.113500000,0.611500000
866,15.565100000,0.203100000
867,18.648500000,0.201000000
868,14.471800000,0.107800000
869,17.064600000,0.669800000
870,17.821900000,1.516200000
871,15.958800000,0.608400000
872,16.670400000,0.278600000
873,16.704100000,0.294800000
874,16.750000000,0.417700000
875,15.781300000,0.353100000
876,20.255200000,3.837500000
877,13.761400000,0.357300000
878,16.581800000,0.251500000
879,16.943800000,0.324500000
880,15.859900000,0.439000000
881,16.971800000,0.529200000
882,17.116200000,0.252100000
883,16.862000000,0.476600000
884,18.088500000,0.239600000
885,15.102600000,0.433900000
886,15.551000000,0.236000000
887,17.757900000,0.328100000
888,15.685400000,0.290600000
889,16.820800000,0.256300000
890,16.943800000,0.552600000
891,17.082800000,0.272400000
892,16.232800000,0.417700000
893,16.743200000,0.319200000
894,16.713000000,0.218200000
895,16.987500000,0.627100000
896,16.930200000,0.551000000
897,15.574000000,0.225000000
898,17.097400000,0.567200000
899,17.030200000,0.335400000
900,16.729700000,0.253700000
901,16.975000000,0.400000000
902,16.366700000,0.308800000
903,16.735900000,0.268200000
904,16.684900000,0.351000000
905,17.485900000,0.532800000
906,15.687000000,0.258900000
907,17.683300000,0.231700000
908,16.043800000,0.706800000
909,16.487000000,0.302600000
910,15.852600000,0.438000000
911,16.806200000,0.370800000
912,17.709400000,1.355700000
913,15.683300000,0.303100000
914,16.734900000,0.230200000
915,18.454700000,1.592700000
916,16.385400000,0.533300000
917,15.081800000,0.490600000
918,17.070300000,0.688000000
919,16.557800000,0.275600000
920,17.075000000,0.580700000
921,15.640100000,0.248400000
922,16.955800000,0.303200000
923,16.979600000,0.301000000
924,17.112500000,0.128600000
925,15.867200000,0.361500000
926,16.688100000,0.285400000
927,17.556200000,0.175500000
928,16.926000000,0.284900000
929,15.908400000,0.505800000
930,17.029100000,0.501000000
931,15.670900000,0.244300000
932,17.276000000,0.623400000
933,17.317700000,0.610400000
934,16.676100000,0.390600000
935,15.751500000,0.410900000
936,18.411500000,1.113100000
937,14.657300000,0.267800000
938,16.709400000,0.283800000
939,17.294700000,0.440600000
940,16.849000000,0.484900000
941,15.775500000,0.345300000
942,16.615700000,0.247900000
943,18.880700000,0.341200000
944,14.656200000,0.268700000
945,19.255800000,2.627600000
946,14.889500000,0.343200000
947,16.135500000,0.438500000
948,20.167700000,0.217200000
949,16.751500000,3.662000000
950,14.870900000,2.329200000
951,15.288000000,0.527000000
952,15.687500000,0.208900000
953,17.098900000,0.254100000
954,16.746400000,0.228700000
955,17.360900000,0.244200000
956,15.918800000,0.455200000
957,20.396300000,0.369800000
958,13.258900000,0.912500000
959,16.737500000,0.276600000
960,17.189100000,0.716200000
961,15.977000000,0.638500000
962,16.888600000,0.482800000
963,16.945300000,0.441100000
964,15.757800000,0.270800000
965,16.857800000,0.322900000
966,16.988000000,0.417800000
967,16.759900000,0.292200000
968,16.919300000,0.542200000
969,17.808900000,2.376000000
970,14.651500000,0.258800000
971,17.113600000,0.650000000
972,16.728100000,0.272400000
973,16.828100000,0.256200000
974,17.862000000,0.908300000
975,15.340100000,0.291200000
976,16.622400000,0.245900000
977,18.023400000,1.307800000
978,15.123500000,0.753700000
979,17.007300000,0.623500000
980,16.942100000,0.592700000
981,18.719800000,1.114600000
982,13.925600000,0.241600000
983,16.526000000,0.186400000
984,17.106800000,0.225000000
985,17.792700000,0.697900000
986,15.836400000,0.513000000
987,16.723000000,1.302100000
988,18.608800000,2.052600000
989,13.742200000,0.377100000
990,17.175000000,0.803100000
991,16.629700000,0.266100000
992,16.919300000,0.554200000
993,17.320800000,0.903100000
994,15.958300000,0.603100000
995,16.875500000,0.253200000
996,15.957900000,0.591200000
997,17.115100000,0.576600000
998,32.586400000,0.351600000
999,15.924000000,14.512000000
1000,13.032300000,11.546800000
1001,16.608300000,8.806300000
1002,11.347900000,5.851500000
1003,23.707800000,12.429200000
1004,8.835400000,3.929700000
1005,12.178700000,0.468700000
1006,17.225000000,0.885400000
1007,16.856800000,0.778100000
1008,16.227000000,0.622900000
1009,15.659900000,0.282300000
1010,16.859900000,0.440100000
1011,16.748000000,0.351100000
1012,16.877600000,0.333400000
1013,16.867700000,0.326000000
1014,17.830700000,1.419800000
1015,15.201000000,0.732300000
1016,17.100000000,0.644800000
1017,15.929700000,0.290600000
1018,17.051100000,0.564100000
1019,17.100000000,0.615100000
1020,16.282800000,0.430700000
1021,16.779700000,0.373000000
1022,17.332800000,0.908900000
1023,15.868200000,0.490100000
1024,16.794800000,0.435400000
1025,17.417700000,0.869300000
1026,15.885900000,0.524400000
1027,17.428700000,0.223400000
1028,15.673400000,0.234800000
1029,17.119300000,0.701100000
1030,15.629200000,0.249500000
1031,16.872900000,0.380700000
1032,18.570800000,1.029700000
1033,15.138000000,0.696800000
1034,16.690700000,0.131300000
1035,17.130700000,0.137500000
1036,15.782300000,0.322900000
1037,16.594300000,0.242200000
1038,17.237500000,0.290200000
1039,16.940100000,0.495900000
1040,16.024400000,0.629700000
1041,17.216200000,0.806300000
1042,17.183800000,0.798400000
1043,16.299000000,0.887500000
1044,17.754200000,1.182300000
1045,14.546800000,0.222900000
1046,16.670900000,0.305800000
1047,17.350000000,0.363500000
1048,16.873400000,0.491700000
1049,17.080700000,0.648900000
1050,15.930800000,0.553100000
1051,16.719800000,0.254700000
1052,16.660900000,0.258900000
1053,16.833900000,0.417700000
1054,16.574400000,0.240100000
1055,16.718300000,0.301500000
1056,17.436400000,0.719300000
1057,16.056300000,0.726100000
1058,16.703600000,0.365100000
1059,16.636500000,0.268800000
1060,16.713000000,0.324000000
1061,16.647900000,0.299500000
1062,17.330200000,0.976000000
1063,16.051600000,0.658900000
1064,15.587500000,0.245800000
1065,19.352600000,1.689100000
1066,14.833300000,0.164100000
1067,18.342200000,0.900000000
1068,16.994800000,0.232800000
1069,14.681200000,0.349000000
1070,16.681800000,0.269800000
1071,17.289600000,0.256300000
1072,16.004200000,0.487000000
1073,17.389000000,0.840600000
1074,15.618300000,0.254700000
1075,17.533300000,1.114100000
1076,15.955700000,0.599000000
1077,16.646400000,0.281300000
1078,16.827600000,0.470900000
1079,16.988500000,0.593200000
1080,16.300000000,0.300500000
1081,16.819800000,0.346900000
1082,16.849500000,0.495800000
1083,15.730200000,0.223400000
1084,17.428100000,0.640100000
1085,17.195900000,0.751000000
1086,15.885400000,0.306800000
1087,17.173900000,0.665100000
1088,16.319800000,0.932300000
1089,17.313600000,0.688100000
1090,16.045800000,0.424000000
1091,16.632300000,0.246900000
1092,16.916700000,0.523500000
1093,19.501500000,3.290600000
1094,13.940100000,0.277600000
1095,16.229200000,0.191100000
1096,16.911500000,0.603100000
1097,20.751500000,0.268300000
1098,11.717700000,0.250000000
1099,16.379700000,0.133900000
1100,17.344300000,0.131200000
1101,16.593700000,0.284300000
1102,16.644300000,0.256200000
1103,16.831800000,0.349000000
1104,16.827600000,0.365600000
1105,16.756700000,0.304700000
1106,16.584900000,0.241200000
1107,16.762000000,0.312500000
1108,16.593300000,0.246300000
1109,16.671300000,0.280700000
1110,16.540100000,0.227600000
1111,16.904200000,0.497900000
1112,16.595800000,0.241100000
1113,16.826100000,0.240600000
1114,16.556200000,0.221300000
1115,16.663500000,0.259300000
1116,16.518800000,0.218300000
1117,16.592200000,0.232300000
1118,16.723900000,0.334400000
1119,16.716200000,0.345900000
1120,16.883300000,0.545400000
1121,16.916700000,0.480200000
1122,15.745800000,0.361900000
1123,16.599000000,0.217200000
1124,19.006200000,0.253100000
1125,28.756300000,13.935900000
1126,12.075500000,9.239000000
1127,18.668700000,12.126500000
1128,7.311000000,2.783400000
1129,15.617700000,0.990700000
1130,15.825500000,0.459400000
1131,16.591700000,0.244800000
1132,17.163500000,0.796900000
1133,15.950000000,0.568700000
1134,16.938000000,0.421800000
1135,16.563100000,0.210400000
1136,17.516100000,0.690100000
1137,16.184400000,0.262500000
1138,15.979700000,0.531800000
1139,17.391100000,0.931200000
1140,15.729200000,0.242700000
1141,17.472900000,0.353100000
1142,16.930200000,0.496900000
1143,15.847400000,0.325000000
1144,16.793200000,0.348400000
1145,16.661000000,0.237000000
1146,16.922400000,0.520300000
1147,17.155200000,0.648500000
1148,15.958300000,0.596300000
1149,17.308300000,0.153700000
1150,15.656300000,0.263500000
1151,16.781800000,0.274500000
1152,16.930200000,0.267200000
1153,17.241600000,0.811900000
1154,15.850000000,0.444200000
1155,16.806300000,0.266700000
1156,21.782800000,4.491700000
1157,14.026000000,1.710900000
1158,16.267800000,1.370300000
1159,16.139500000,0.172400000
1160,15.703200000,0.286000000
1161,15.991100000,0.444800000
1162,16.713000000,0.309400000
1163,17.043300000,0.446900000
1164,16.939500000,0.569800000
1165,15.794300000,0.399500000
1166,17.005700000,0.596900000
1167,17.592700000,0.441100000
1168,16.264600000,0.735900000
1169,15.945300000,0.179100000
1170,16.845400000,0.440200000
1171,16.820800000,0.292200000
1172,16.845800000,0.445300000
1173,17.103100000,0.547900000
1174,16.070400000,0.534900000
1175,16.875000000,0.417800000
1176,16.664500000,0.307300000
1177,16.954200000,0.319700000
1178,18.208900000,2.237000000
1179,14.654700000,0.268700000
1180,16.818700000,0.465600000
1181,17.107300000,0.472900000
1182,15.682300000,0.280700000
1183,18.055700000,1.644300000
1184,15.895300000,0.502100000
1185,18.017700000,1.579100000
1186,39.951100000,25.226100000
1187,13.061400000,12.545800000
1188,14.079200000,9.356800000
1189,17.516700000,8.565600000
1190,17.930700000,10.012000000
1191,12.829700000,7.406200000
1192,13.089600000,4.801600000
1193,14.114600000,0.143800000
1194,15.866600000,0.534400000
1195,15.677600000,0.151100000
1196,16.653100000,0.283800000
1197,17.120900000,0.760400000
1198,16.671900000,0.270400000
1199,17.015600000,0.676600000
1200,16.614600000,0.250500000
1201,18.729700000,0.416200000
1202,14.912500000,0.398900000
1203,16.790100000,1.011500000
1204,15.678100000,0.311000000
1205,17.115100000,0.753700000
1206,16.701500000,0.286900000
1207,16.784900000,0.361400000
1208,17.337500000,0.749400000
1209,17.898000000,1.921300000
1210,15.315600000,0.884900000
1211,15.667700000,0.281300000
1212,16.740600000,0.336900000
1213,17.449500000,0.896400000
1214,15.903100000,0.317200000
1215,16.672900000,0.223900000
1216,21.396900000,4.207800000
1217,12.030700000,0.364600000
1218,16.897400000,0.450500000
1219,17.151100000,0.423400000
1220,15.908300000,0.271400000
1221,17.564100000,0.608300000
1222,15.748400000,0.269200000
1223,17.037500000,0.411500000
1224,15.780200000,0.396300000
1225,17.066200000,0.546900000
1226,16.609900000,0.255200000
1227,16.655700000,0.234900000
1228,17.291100000,0.218200000
1229,15.687000000,0.309300000
1230,16.854700000,0.482300000
1231,17.675500000,1.221400000
1232,15.790700000,0.384800000
1233,17.898900000,1.294800000
1234,15.592200000,0.212500000
1235,16.904700000,0.572400000
1236,16.872400000,0.305300000
1237,16.339000000,0.878600000
1238,17.765100000,0.711500000
1239,21.211000000,3.328700000
1240,11.311400000,0.957300000
1241,17.355300000,0.711500000
1242,15.818200000,0.437500000
1243,16.979700000,0.155200000
1244,15.797400000,0.403200000
1245,16.807300000,0.286000000
1246,16.710400000,0.317700000
1247,16.858300000,0.424000000
1248,16.770300000,0.383900000
1249,17.859900000,1.081800000
1250,15.803700000,0.432900000
1251,16.057800000,0.318300000
1252,16.896800000,0.358900000
1253,17.448500000,0.738000000
1254,16.105200000,0.585900000
1255,17.985900000,0.541600000
1256,15.138600000,0.250600000
1257,16.970800000,0.431800000
1258,15.592700000,0.237500000
1259,17.765100000,0.214100000
1260,15.978700000,0.633800000
1261,16.946800000,0.543200000
1262,16.599500000,0.254700000
1263,17.750500000,0.248000000
1264,16.028700000,0.413500000
1265,15.634400000,0.260400000
1266,17.807800000,0.372400000
1267,15.701000000,0.281700000
1268,16.666200000,0.268800000
1269,17.081200000,0.397400000
1270,17.273400000,0.527000000
1271,15.655800000,0.244800000
1272,16.961400000,0.123000000
1273,16.653200000,0.290600000
1274,16.856200000,0.430700000
1275,17.275500000,0.707300000
1276,22.122900000,6.608300000
1277,13.870400000,2.195800000
1278,14.715100000,1.108300000
1279,16.276000000,0.931800000
1280,15.460400000,0.186000000
1281,17.303700000,0.508800000
1282,17.323900000,0.929700000
1283,16.102100000,0.643200000
1284,16.701100000,0.180200000
1285,18.093200000,2.494300000
1286,14.830700000,0.442700000
1287,17.374000000,0.734900000
1288,15.633800000,0.271900000
1289,16.624000000,0.282800000
1290,17.260900000,0.598400000
1291,16.679700000,0.278100000
1292,16.771400000,0.362500000
1293,16.244800000,0.334300000
1294,16.681700000,0.283300000
1295,18.614600000,0.349400000
1296,14.765600000,0.333300000
1297,16.886000000,0.502600000
1298,16.654700000,0.302600000
1299,16.644700000,0.243700000
1300,18.513600000,2.026000000
1301,15.030700000,0.660400000
1302,16.167200000,0.302100000
1303,16.971900000,0.307900000
1304,16.688500000,0.256800000
1305,16.868800000,0.151100000
1306,15.690100000,0.317200000
1307,16.818200000,0.333300000
1308,16.975000000,0.328100000
1309,16.570800000,0.227600000
1310,16.893300000,0.529200000
1311,17.329700000,0.580300000
1312,15.690100000,0.378100000
1313,16.565100000,0.218200000
1314,17.198400000,0.512500000
1315,17.233300000,0.786400000
1316,18.268800000,1.649000000
1317,14.765600000,0.726100000
1318,16.080200000,0.676500000
1319,17.818200000,1.185400000
1320,15.745900000,0.361500000
1321,17.162000000,0.535400000
1322,15.952000000,0.528100000
1323,16.887000000,0.493700000
1324,17.275000000,0.317700000
1325,15.752100000,0.306200000
1326,16.984900000,0.386500000
1327,16.834900000,0.343800000
1328,16.686500000,0.320300000
1329,16.865100000,0.318800000
1330,15.673900000,0.267200000
1331,16.972400000,0.599000000
1332,16.911500000,0.309400000
1333,16.720300000,0.339100000
1334,16.656200000,0.252600000
1335,18.032300000,1.555200000
1336,15.406800000,0.987500000
1337,18.593200000,2.151600000
1338,14.603200000,0.286000000
1339,16.895800000,0.316100000
1340,16.739600000,0.335500000
1341,15.993200000,0.624400000
1342,17.085900000,0.608400000
1343,16.776600000,0.270300000
1344,16.786500000,0.326100000
1345,17.869700000,0.314100000
1346,14.768300000,0.426000000
1347,16.860900000,0.369800000
1348,16.614100000,0.250500000
1349,16.867200000,0.491700000
1350,16.720300000,0.319800000
1351,17.785400000,0.284400000
1352,15.630700000,0.258800000
1353,16.987000000,0.595800000
1354,15.635900000,0.266100000
1355,17.035500000,0.283400000
1356,16.784900000,0.342700000
1357,17.167700000,0.295900000
1358,15.957800000,0.563000000
1359,17.322900000,0.590100000
1360,15.820800000,0.471400000
1361,16.644800000,0.268700000
1362,16.982300000,0.612500000
1363,16.670300000,0.242200000
1364,19.028100000,0.601100000
1365,14.682300000,0.325000000
1366,16.571900000,0.217700000
1367,16.610900000,0.263600000
1368,16.672400000,0.279100000
1369,16.860500000,0.503200000
1370,16.795800000,0.395800000
1371,15.839100000,0.448500000
1372,16.581700000,0.259300000
1373,18.138000000,1.773900000
1374,20.124000000,0.365100000
1375,12.218200000,0.820900000
1376,17.445900000,1.064600000
1377,15.813500000,0.260400000
1378,17.041700000,0.698400000
1379,16.929100000,0.399000000
1380,16.074500000,0.347400000
1381,17.062000000,0.631300000
1382,16.712000000,0.263500000
1383,17.033800000,0.640600000
1384,15.841700000,0.493200000
1385,16.915100000,0.342700000
1386,16.875500000,0.425500000
1387,18.540700000,0.812500000
1388,14.699400000,0.317700000
1389,16.744300000,0.362000000
1390,16.633300000,0.293200000
1391,16.610500000,0.204700000
1392,16.681700000,0.309900000
1393,16.611500000,0.236500000
1394,16.786400000,0.360900000
1395,17.079700000,0.545800000
1396,15.918300000,0.549400000
1397,16.868200000,0.530700000
1398,16.678600000,0.301600000
1399,16.908400000,0.390700000
1400,15.586900000,0.245300000
1401,17.241700000,0.876000000
1402,16.687000000,0.293800000
1403,16.815100000,0.405200000
1404,16.938000000,0.413600000
1405,15.709400000,0.299000000
1406,16.841700000,0.428100000
1407,19.519200000,0.911400000
1408,13.641200000,0.272400000
1409,16.616100000,0.248900000
1410,17.624500000,1.226000000
1411,22.781800000,0.805800000
1412,11.978100000,2.232300000
1413,14.967200000,0.451600000
1414,16.915600000,0.555700000
1415,16.572900000,0.201500000
1416,16.692200000,0.337000000
1417,17.645300000,1.196900000
1418,15.669300000,0.271900000
1419,16.978100000,0.584400000
1420,15.602100000,0.242700000
1421,17.829700000,0.205200000
1422,16.041700000,0.310400000
1423,17.065100000,0.511000000
1424,15.615600000,0.246900000
1425,17.846900000,0.205700000
1426,15.585400000,0.256300000
1427,17.364600000,0.827600000
1428,18.614000000,1.567200000
1429,14.570900000,0.222900000
1430,16.835900000,0.446900000
1431,17.229200000,0.869800000
1432,15.729600000,0.406200000
1433,19.527700000,3.156200000
1434,13.794200000,0.279100000
1435,17.097900000,0.315100000
1436,16.524500000,0.209300000
1437,16.865600000,0.157900000
1438,16.688600000,0.308900000
1439,16.730200000,0.266700000
1440,16.216100000,0.319300000
1441,16.616200000,0.219800000
1442,16.621900000,0.292200000
1443,16.848900000,0.358800000
1444,16.795300000,0.466100000
1445,16.755200000,0.263000000
1446,16.799000000,0.380200000
1447,16.868700000,0.300500000
1448,15.696900000,0.296900000
1449,16.875000000,0.278600000
1450,16.884900000,0.323900000
1451,16.746900000,0.355700000
1452,17.094300000,0.648900000
1453,15.852600000,0.372400000
1454,16.743200000,0.339600000
1455,17.308300000,0.742700000
1456,15.622900000,0.289100000
1457,16.834400000,0.463600000
1458,17.372900000,0.467200000
1459,16.877100000,0.370900000
1460,18.644800000,0.208300000
1461,13.642200000,0.307800000
1462,18.510400000,0.359900000
1463,15.814100000,0.355700000
1464,16.133300000,0.789600000
1465,16.753700000,0.359300000
1466,16.895300000,0.502600000
1467,16.709900000,0.284900000
1468,17.052600000,0.354200000
1469,15.698400000,0.354700000
1470,17.138600000,0.427000000
1471,16.997900000,0.321400000
1472,16.450000000,0.980700000
1473,16.601500000,0.243200000
1474,17.928700000,0.393200000
1475,14.972400000,0.575500000
1476,16.876500000,0.294300000
1477,16.771900000,0.370300000
1478,16.793200000,0.376000000
1479,16.934400000,0.566100000
1480,16.643800000,0.671900000
1481,15.634300000,0.261000000
1482,16.787500000,0.415100000
1483,17.011500000,0.547900000
1484,16.466700000,0.107800000
1485,16.895800000,0.263000000
1486,19.098400000,2.672400000
1487,15.247400000,0.544800000
1488,15.930200000,0.504100000
1489,16.749000000,0.382300000
1490,16.595800000,0.250000000
1491,16.850000000,0.484900000
1492,16.614600000,0.262000000
1493,16.857300000,0.433400000
1494,16.622900000,0.160900000
1495,15.912500000,0.460400000
1496,16.601600000,0.252100000
1497,16.838000000,0.153700000
1498,17.318800000,0.578200000
1499,15.734900000,0.292700000
1500,17.164500000,0.554700000
1501,16.977600000,0.562000000
1502,16.582300000,0.242700000
1503,16.940700000,0.492800000
1504,15.556200000,0.221300000
1505,16.568800000,0.223500000
1506,17.856200000,0.475500000
1507,15.868200000,0.320800000
1508,16.641200000,0.268300000
1509,17.131800000,0.252600000
1510,20.044700000,1.932300000
1511,13.989100000,1.621300000
1512,15.772900000,0.378100000
1513,16.734900000,0.287500000
1514,17.184400000,0.591200000
1515,18.296300000,2.502100000
1516,14.865700000,0.466100000
1517,15.758300000,0.259400000
1518,17.049500000,0.742700000
1519,16.940600000,0.155200000
1520,16.997900000,0.338000000
1521,15.621400000,0.284900000
1522,16.648900000,0.376600000
1523,16.660500000,0.266200000
1524,16.947400000,0.582800000
1525,16.808800000,0.322900000
1526,16.608300000,0.247400000
1527,17.070400000,0.288500000
1528,16.707200000,0.270800000
1529,17.148000000,0.696900000
1530,16.139000000,0.427600000
1531,16.817700000,0.258800000
1532,16.883400000,0.519300000
1533,16.054700000,0.327100000
1534,17.147900000,0.430700000
1535,15.843700000,0.475500000
1536,16.884400000,0.266700000
1537,16.999500000,0.641700000
1538,16.700000000,0.305700000
1539,20.157800000,0.325000000
1540,17.708300000,5.337000000
1541,11.430200000,0.096900000
1542,17.344800000,0.996300000
1543,16.757800000,0.357800000
1544,16.807300000,0.397900000
1545,16.665100000,0.141100000
1546,16.700500000,0.312500000
1547,16.381300000,0.161400000
1548,16.718700000,0.323400000
1549,17.462500000,0.804700000
1550,15.734900000,0.346900000
1551,16.666200000,0.268200000
1552,16.694800000,0.217200000
1553,16.830200000,0.493200000
1554,16.801600000,0.395800000
1555,16.834800000,0.408800000
1556,15.690200000,0.317700000
1557,18.260400000,0.274500000
1558,15.648900000,0.282800000
1559,16.773500000,0.382900000
1560,16.697900000,0.299000000
1561,16.928600000,0.539000000
1562,15.653700000,0.300000000
1563,20.231700000,1.414000000
1564,14.628200000,0.629200000
1565,41.833800000,26.421900000
1566,14.681300000,14.337000000
1567,18.096300000,7.512500000
1568,11.841200000,10.352000000
1569,13.447400000,6.181200000
1570,12.341100000,3.004700000
1571,13.540600000,0.216200000
1572,17.843800000,0.447400000
1573,16.333300000,0.584900000
1574,16.894300000,0.310400000
1575,15.852100000,0.414100000
1576,17.010400000,0.272900000
1577,16.853600000,0.443200000
1578,16.609900000,0.236900000
1579,17.774000000,0.296900000
1580,16.629200000,0.187000000
1581,15.948400000,0.639600000
1582,15.561500000,0.252700000
1583,18.090100000,0.228700000
1584,16.579100000,0.290100000
1585,16.168300000,0.489100000
1586,16.975000000,0.667700000
1587,15.797900000,0.262000000
1588,16.575500000,0.240600000
1589,16.597900000,0.280200000
1590,16.951100000,0.469700000
1591,16.670300000,0.325000000
1592,16.682800000,0.339600000
1593,16.664600000,0.268300000
1594,17.334900000,0.552100000
1595,16.015600000,0.655800000
1596,17.282800000,0.660400000
1597,17.444800000,1.027600000
1598,16.054700000,0.618800000
1599,16.046300000,0.424500000
1600,19.549000000,1.114100000
1601,13.652600000,0.222400000
1602,16.617200000,0.181800000
1603,17.473900000,0.897400000
1604,15.677600000,0.252100000
1605,16.689100000,0.289000000
1606,16.785900000,0.289100000
1607,16.666200000,0.302600000
1608,16.807800000,0.390700000
1609,17.083300000,0.616600000
1610,16.790100000,0.369300000
1611,16.815100000,0.445800000
1612,15.821900000,0.355200000
1613,17.755200000,0.320800000
1614,15.799500000,0.255700000
1615,16.673400000,0.296400000
1616,16.627600000,0.245800000
1617,16.671400000,0.273400000
1618,20.871400000,0.771300000
1619,12.563500000,0.212000000
1620,16.729700000,0.408900000
1621,17.179100000,0.473900000
1622,15.620400000,0.220300000
1623,16.675500000,0.372400000
1624,16.833800000,0.332800000
1625,16.989100000,0.590100000
1626,16.754200000,0.330800000
1627,17.106700000,0.644200000
1628,15.702100000,0.326500000
1629,16.712000000,0.295300000
1630,16.621400000,0.232200000
1631,16.803600000,0.367200000
1632,16.649500000,0.229200000
1633,16.672400000,0.279200000
1634,17.783300000,0.982300000
1635,15.642200000,0.162000000
1636,17.176000000,0.530200000
1637,16.978200000,0.568200000
1638,15.701000000,0.338000000
1639,16.754700000,0.362000000
1640,17.675000000,0.749000000
1641,16.167700000,0.530700000
1642,16.730200000,0.270300000
1643,16.901000000,0.250000000
1644,15.940700000,0.617700000
1645,16.608800000,0.208300000
1646,17.249500000,0.647900000
1647,16.915100000,0.496900000
1648,15.841200000,0.451100000
1649,16.687500000,0.210500000
1650,17.057200000,0.547900000
1651,17.133900000,0.478100000
1652,16.669800000,1.277600000
1653,15.627100000,0.266200000
1654,16.775500000,0.375500000
1655,16.765100000,0.299000000
1656,16.560900000,0.220900000
1657,16.693300000,0.286000000
1658,16.691600000,0.341600000
1659,17.209900000,0.782300000
1660,16.754200000,0.316700000
1661,16.815600000,0.234400000
1662,15.983400000,0.560400000
1663,17.167100000,0.396300000
1664,16.661500000,0.319300000
1665,16.815600000,0.271300000
1666,15.669300000,0.289600000
1667,16.681200000,0.280800000
1668,16.682900000,0.308400000
1669,16.695300000,0.264100000
1670,16.676000000,0.236500000
1671,17.130700000,0.700000000
1672,16.819800000,0.274000000
1673,17.074500000,0.664100000
1674,15.902600000,0.526500000
1675,16.777100000,0.354200000
1676,16.622400000,0.232900000
1677,17.244300000,0.768700000
1678,16.080700000,0.319800000
1679,16.590600000,0.220800000
1680,20.397400000,3.465100000
1681,12.719300000,0.405800000
1682,16.865100000,0.440600000
1683,16.666100000,0.258300000
1684,16.986500000,0.545800000
1685,16.704200000,0.276100000
1686,16.739500000,0.325500000
1687,16.791700000,0.316700000
1688,16.802600000,0.444800000
1689,16.116200000,0.614500000
1690,16.739000000,0.339100000
1691,16.914600000,0.535400000
1692,16.645300000,0.233900000
1693,17.134900000,0.309400000
1694,15.698500000,0.229700000
1695,16.811900000,0.301000000
1696,17.113600000,0.566700000
1697,17.108800000,0.628100000
1698,15.651100000,0.264100000
1699,17.445300000,0.627600000
1700,15.772900000,0.321900000
1701,16.997900000,0.278200000
1702,16.958400000,0.208300000
1703,16.679100000,0.288000000
1704,16.730700000,0.342200000
1705,16.996900000,0.296400000
1706,16.193800000,0.674000000
1707,16.613500000,0.239100000
1708,16.885400000,0.531700000
1709,17.128200000,0.609400000
1710,15.592100000,0.221800000
1711,17.203200000,0.618800000
1712,16.881700000,0.215600000
1713,15.977100000,0.274400000
1714,17.043300000,0.380800000
1715,16.809800000,0.314600000
1716,17.127100000,0.587000000
1717,16.579200000,0.827600000
1718,15.881800000,0.507800000
1719,17.491100000,0.282800000
1720,15.880700000,0.523900000
1721,16.644800000,0.277700000
1722,16.648000000,0.296300000
1723,16.805200000,0.446900000
1724,16.719200000,0.316600000
1725,17.000000000,0.622900000
1726,15.922900000,0.306200000
1727,16.762000000,0.394200000
1728,17.012000000,0.645800000
1729,17.296400000,0.852600000
1730,16.011400000,0.634900000
1731,17.480700000,1.040100000
1732,15.814100000,0.341100000
1733,16.915100000,0.481300000
1734,16.681800000,0.270300000
1735,16.640600000,0.260900000
1736,16.664600000,0.340100000
1737,16.619800000,0.192200000
1738,16.675000000,0.242700000
1739,16.790100000,0.390100000
1740,19.207300000,2.798900000
1741,14.062000000,0.303100000
1742,16.620300000,0.245300000
1743,16.850500000,0.487500000
1744,15.681800000,0.289600000
1745,17.082300000,0.290200000
1746,16.772400000,0.362500000
1747,17.508300000,1.108900000
1748,16.170800000,0.759300000
1749,17.016200000,0.514000000
1750,16.008300000,0.546400000
1751,16.684400000,0.215100000
1752,16.972900000,0.397900000
1753,16.687500000,0.290700000
1754,16.675500000,0.319300000
1755,16.692200000,0.295800000
1756,15.905200000,0.522900000
1757,17.037500000,0.162000000
1758,17.877100000,1.174000000
1759,16.012500000,0.563000000
1760,17.653600000,2.038500000
1761,15.249500000,0.719800000
1762,16.644800000,0.268200000
1763,17.221400000,0.681300000
1764,15.728100000,0.344300000
1765,17.479700000,0.339100000
1766,16.068700000,0.411500000
1767,16.812500000,0.439100000
1768,16.819300000,0.475000000
1769,16.668700000,0.248400000
1770,17.240100000,0.657300000
1771,15.945400000,0.544200000
1772,16.825500000,0.513600000
1773,16.980700000,0.587500000
1774,15.883300000,0.331300000
1775,16.780300000,0.271800000
1776,16.600000000,0.258800000
1777,17.434800000,0.629100000
1778,15.671900000,0.249400000
1779,16.678100000,0.268200000
1780,17.541200000,0.687500000
1781,17.044800000,1.616100000
1782,16.158800000,0.129700000
1783,17.028200000,0.231800000
1784,16.053100000,0.461000000
1785,17.109400000,0.605700000
1786,15.889000000,0.284900000
1787,16.668800000,0.243700000
1788,16.599500000,0.283800000
1789,16.940600000,0.553600000
1790,17.220300000,0.783800000
1791,16.288000000,0.809800000
1792,16.709900000,0.283900000
1793,16.718200000,0.300000000
1794,16.598500000,0.301600000
1795,17.581700000,0.663600000
1796,15.845400000,0.472900000
1797,16.928600000,0.515100000
1798,15.897400000,0.225000000
1799,16.959900000,0.592200000
1800,17.191100000,0.303600000
1801,16.126600000,0.734400000
1802,17.095300000,0.703100000
1803,16.226100000,0.818300000
1804,17.228100000,0.857800000
1805,15.854200000,0.226000000
1806,16.668200000,0.282900000
1807,16.690600000,0.333800000
1808,17.003100000,0.334300000
1809,17.051100000,0.635900000
1810,15.651500000,0.293700000
1811,16.710500000,0.293200000
1812,16.855200000,0.459900000
1813,17.256200000,0.782300000
1814,16.766700000,0.271800000
1815,16.422400000,0.553600000
1816,16.683800000,0.145800000
1817,16.868300000,0.451100000
1818,15.604100000,0.239000000
1819,17.901600000,0.477100000
1820,16.071300000,0.610900000
1821,16.917200000,0.528100000
1822,29.456300000,0.765100000
1823,23.151000000,19.612500000
1824,15.341200000,14.907800000
1825,10.622900000,7.450600000
1826,12.487000000,4.123500000
1827,13.774400000,0.140700000
1828,15.588600000,0.255800000
1829,16.706800000,0.367700000
1830,16.858300000,0.507300000
1831,17.163000000,0.372400000
1832,15.726600000,0.307800000
1833,16.990100000,0.572400000
1834,17.095300000,0.686000000
1835,15.704200000,0.315600000
1836,17.161400000,0.659900000
1837,16.907300000,0.413500000
1838,16.597400000,0.221900000
1839,17.391700000,0.984400000
1840,15.957800000,0.569300000
1841,16.825500000,0.382800000
1842,18.186500000,1.809300000
1843,15.396300000,0.593200000
1844,15.932800000,0.547900000
1845,16.968800000,0.594800000
1846,16.970300000,0.484900000
1847,15.883800000,0.237000000
1848,16.566200000,0.217200000
1849,17.132800000,0.661400000
1850,17.004700000,0.541200000
1851,16.795300000,0.395300000
1852,16.596400000,0.668200000
1853,16.969200000,0.348400000
1854,16.468800000,0.711000000
1855,16.354700000,0.926600000
1856,17.006200000,0.542700000
1857,15.581800000,0.212500000
1858,16.748900000,0.329200000
1859,17.333400000,0.535900000
1860,16.856200000,0.481300000
1861,17.591200000,1.032800000
1862,16.849400000,1.065100000
1863,30.348500000,15.305200000
1864,13.985400000,12.493200000
1865,11.875000000,8.449000000
1866,12.614600000,3.976600000
1867,12.580700000,0.251600000
1868,16.777100000,0.279200000
1869,16.773400000,0.394300000
1870,38.443300000,22.005200000
1871,14.116100000,13.736000000
1872,13.900000000,10.479700000
1873,17.475000000,8.890600000
1874,11.785400000,6.395300000
1875,11.610400000,1.233800000
1876,15.588100000,0.204700000
1877,16.892200000,0.530200000
1878,16.633800000,0.267200000
1879,17.129700000,0.770300000
1880,16.279200000,0.864600000
1881,17.350500000,0.174000000
1882,19.850000000,2.803700000
1883,16.853600000,4.422900000
1884,12.713000000,0.364000000
1885,16.633900000,0.316600000
1886,16.533900000,0.238600000
1887,17.179100000,0.853600000
1888,15.681300000,0.287000000
1889,16.731200000,0.311400000
1890,17.550500000,1.114100000
1891,15.645900000,0.270900000
1892,16.822400000,0.328600000
1893,18.890100000,0.267700000
1894,14.866100000,0.319300000
1895,16.928100000,0.601100000
1896,16.803200000,0.416100000
1897,16.023400000,0.643800000
1898,16.726100000,0.275500000
1899,16.703600000,0.322900000
1900,17.522400000,0.284400000
1901,15.720800000,0.321900000
1902,16.776600000,0.385400000
1903,16.821300000,0.423400000
1904,17.971400000,0.539600000
1905,15.970300000,1.287500000
1906,16.853700000,1.372400000
1907,16.339500000,0.970800000
1908,15.926100000,0.416700000
1909,16.698900000,0.294800000
1910,17.107300000,0.544800000
1911,16.945300000,0.563000000
1912,15.950000000,0.191200000
1913,17.184400000,0.809900000
1914,16.160400000,0.674000000
1915,17.843300000,1.446300000
1916,15.663500000,0.255200000
1917,17.061500000,0.662500000
1918,16.383800000,0.993200000
1919,17.147900000,0.688500000
1920,15.817200000,0.476500000
1921,16.827100000,0.440600000
1922,17.313000000,0.653100000
1923,16.680200000,0.776000000
1924,16.591200000,0.605200000
1925,15.518200000,0.194800000
1926,17.056300000,0.661000000
1927,16.678100000,0.322900000
1928,16.938500000,0.543700000
1929,17.103700000,0.556300000
1930,17.219200000,0.431300000
1931,16.053200000,0.643800000
1932,15.916600000,0.545900000
1933,16.777100000,0.356300000
1934,16.649500000,0.249500000
1935,16.825000000,0.450500000
1936,16.988500000,0.589600000
1937,16.611500000,0.222900000
1938,17.003100000,0.519300000
1939,15.912000000,0.520800000
1940,17.230200000,0.695300000
1941,17.404200000,1.064100000
1942,15.474500000,0.163000000
1943,17.927600000,1.072400000
1944,15.721300000,0.318700000
1945,16.696400000,0.265100000
1946,17.152100000,0.397300000
1947,15.757800000,0.407900000
1948,17.070300000,0.348900000
1949,16.773900000,0.454200000
1950,16.542200000,0.240100000
1951,16.837500000,0.207800000
1952,17.368800000,0.867200000
1953,15.658300000,0.252600000
1954,17.166700000,0.420300000
1955,16.110400000,0.718800000
1956,17.198900000,0.741100000
1957,16.795900000,1.006300000
1958,17.388000000,1.631800000
1959,15.465100000,0.938500000
1960,16.798400000,0.430700000
1961,16.589100000,0.252100000
1962,16.717700000,0.359900000
1963,17.208900000,0.802100000
1964,15.785400000,0.275500000
1965,17.622400000,1.216200000
1966,20.035900000,0.895800000
1967,14.848500000,2.506200000
1968,19.887500000,5.604200000
1969,11.948400000,1.495800000
1970,18.002100000,1.725000000
1971,27.130700000,9.548500000
1972,10.094800000,6.655300000
1973,11.391700000,0.704600000
1974,15.560900000,0.138000000
1975,17.062000000,0.250500000
1976,17.094800000,0.393700000
1977,15.817200000,0.430700000
1978,16.911900000,0.130300000
1979,16.819800000,0.367700000
1980,16.745900000,0.317200000
1981,16.682300000,0.309900000
1982,16.704100000,0.281200000
1983,17.215600000,0.806200000
1984,18.344300000,1.559900000
1985,17.233900000,2.207800000
1986,14.474500000,0.771400000
1987,19.906200000,1.274500000
1988,12.755200000,0.212500000
1989,17.090600000,0.738600000
1990,16.283900000,0.432300000
1991,15.925000000,0.225500000
1992,16.848400000,0.188500000
1993,16.943800000,0.309400000
1994,17.743700000,1.049500000
1995,15.824000000,0.398500000
1996,16.870300000,0.250500000
1997,15.782300000,0.262500000
1998,16.701000000,0.310400000
1999,16.797400000,0.335900000
2000,16.682800000,0.251000000
2001,16.987500000,0.567700000
2002,17.334400000,0.842200000
2003,16.033300000,0.568200000
2004,17.267200000,0.764600000
2005,16.109400000,0.678600000
2006,16.876100000,0.388600000
2007,16.685400000,0.278100000
2008,16.155200000,0.634400000
2009,16.760900000,0.408300000
2010,16.832300000,0.311500000
2011,16.864100000,0.429700000
2012,16.861400000,0.385900000
2013,15.644800000,0.293800000
2014,16.821900000,0.475000000
2015,17.031800000,0.663000000
2016,16.914500000,0.465700000
2017,16.630800000,0.277100000
2018,17.031200000,0.636400000
2019,15.621400000,0.273400000
2020,17.393700000,0.238100000
2021,18.405200000,1.555800000
2022,14.603700000,0.222900000
2023,16.692200000,0.323400000
2024,17.102600000,0.319800000
2025,15.874500000,0.446800000
2026,16.901000000,0.465700000
2027,16.717200000,0.320800000
2028,16.700500000,0.314600000
2029,17.201600000,0.414100000
2030,15.757800000,0.301100000
2031,18.677600000,0.819300000
2032,15.505700000,0.299500000
2033,15.621900000,0.258300000
2034,17.911400000,0.507300000
2035,15.766200000,0.236500000
2036,16.793200000,0.249500000
2037,16.654700000,0.242700000
2038,17.480200000,0.233300000
2039,15.671900000,0.268700000
2040,17.192200000,0.259900000
2041,16.806800000,0.373900000
2042,15.676500000,0.167700000
2043,18.139100000,0.191700000
2044,19.669200000,1.192200000
2045,13.763100000,1.114100000
2046,15.813500000,0.260400000
2047,16.688600000,0.285900000
2048,16.856200000,0.372400000
2049,17.841700000,0.179200000
2050,16.383300000,1.782800000
2051,15.815100000,0.457800000
2052,16.715100000,0.355700000
2053,16.973400000,0.545900000
2054,18.213100000,1.731800000
2055,14.944800000,0.572900000
2056,16.102600000,0.347400000
2057,17.112500000,0.742200000
2058,16.738500000,0.265700000
2059,15.802600000,0.445800000
2060,16.759900000,0.302100000
2061,16.663500000,0.250000000
2062,16.691700000,0.293700000
2063,16.849000000,0.171900000
2064,16.728100000,0.170300000
2065,16.809400000,0.317700000
2066,17.275000000,0.765100000
2067,18.060400000,2.194200000
2068,14.590100000,0.219300000
2069,16.763000000,0.274400000
2070,16.856300000,0.191200000
2071,16.858300000,0.478200000
2072,15.829700000,0.405700000
2073,17.249500000,0.577100000
2074,16.804100000,0.443700000
2075,16.625000000,0.291600000
2076,17.005200000,0.502000000
2077,15.894300000,0.275000000
2078,16.679700000,0.284400000
2079,16.670300000,0.116100000
2080,17.157800000,0.688500000
2081,16.053100000,0.703600000
2082,16.694800000,0.286400000
2083,16.699000000,0.341200000
2084,16.887000000,0.438000000
2085,16.712000000,0.330200000
2086,19.119700000,2.564600000
2087,14.387000000,0.699500000
2088,17.013000000,0.576500000
2089,16.824500000,0.894300000
2090,15.553200000,0.136400000
2091,16.741600000,0.387500000
2092,18.162000000,0.796400000
2093,15.917700000,0.555200000
2094,17.038500000,1.320300000
2095,16.115200000,0.709300000
2096,16.768200000,0.325500000
2097,16.641600000,1.176100000
2098,17.584900000,1.780700000
2099,15.840700000,0.407300000
2100,15.586400000,0.237500000
2101,16.972900000,0.550000000
2102,16.578700000,0.212500000
2103,17.663000000,0.163500000
2104,16.180700000,0.371300000
2105,16.753700000,0.206300000
2106,17.357300000,0.215700000
2107,15.818200000,0.204200000
2108,16.710900000,0.311000000
2109,16.834900000,0.490600000
2110,16.612000000,0.129100000
2111,16.647900000,0.263500000
2112,17.720900000,0.748500000
2113,15.570800000,0.220800000
2114,17.405700000,0.852100000
2115,16.165700000,0.823000000
2116,16.321800000,0.829700000
2117,16.639600000,0.263500000
2118,17.019300000,0.533400000
2119,16.755200000,0.353200000
2120,16.734900000,0.869300000
2121,15.640600000,0.282300000
2122,17.993800000,0.680700000
2123,15.886900000,0.524400000
2124,16.711000000,0.292200000
2125,16.773400000,0.397400000
2126,16.813600000,0.452100000
2127,17.908800000,0.985900000
2128,15.242200000,0.747900000
2129,16.585900000,0.242200000
2130,16.958900000,0.122900000
2131,16.699500000,0.368200000
2132,15.857300000,0.515100000
2133,16.839000000,0.460900000
2134,17.183400000,0.395300000
2135,16.514500000,0.215700000
2136,17.729700000,0.342700000
2137,15.764600000,0.375000000
2138,16.703700000,0.309400000
2139,17.300500000,0.932300000
2140,16.105200000,0.575000000
2141,15.801000000,0.384900000
2142,17.761500000,0.256800000
2143,15.995800000,0.546900000
2144,16.802100000,0.339600000
2145,17.002600000,0.661500000
2146,15.895300000,0.415100000
2147,16.682800000,0.334900000
2148,16.968800000,0.587000000
2149,19.403600000,0.297400000
2150,13.581800000,0.213100000
2151,21.935400000,1.146900000
2152,12.025500000,0.191100000
2153,16.759900000,0.439000000
2154,16.578700000,0.262500000
2155,16.837500000,0.458300000
2156,16.789000000,1.395300000
2157,15.791200000,0.367700000
2158,17.508800000,0.409300000
2159,15.504700000,0.205200000
2160,18.254700000,0.466200000
2161,15.663000000,0.185400000
2162,17.155800000,0.700000000
2163,16.167700000,0.759300000
2164,17.340100000,0.465100000
2165,15.888500000,0.473400000
2166,19.002100000,0.388600000
2167,15.041700000,0.139000000
2168,16.018700000,0.596900000
2169,16.706800000,0.251000000
2170,17.520300000,0.788100000
2171,15.712000000,0.323500000
2172,16.592700000,0.199000000
2173,16.669300000,0.265700000
2174,18.673900000,0.218700000
2175,15.221400000,0.358800000
2176,17.298900000,0.570300000
2177,17.633400000,1.758300000
2178,14.585400000,0.223500000
2179,17.302600000,0.165100000
2180,15.640600000,0.292700000
2181,20.514100000,0.207800000
2182,15.278600000,1.889100000
2183,14.783900000,0.198400000
2184,16.681200000,0.228100000
2185,16.866200000,0.498400000
2186,16.873400000,0.291200000
2187,16.045300000,0.544300000
2188,17.301100000,0.823500000
2189,17.650000000,2.260400000
2190,17.397900000,1.316100000
2191,14.754100000,0.353600000
2192,17.162500000,0.587500000
2193,15.936000000,0.417800000
2194,17.472400000,0.887500000
2195,16.557300000,0.500500000
2196,15.733800000,0.333300000
2197,19.098500000,1.795800000
2198,18.868700000,0.942200000
2199,12.866700000,0.167700000
2200,16.406700000,0.503100000
2201,16.848000000,0.470900000
2202,16.773900000,0.738000000
2203,19.439600000,3.978600000
2204,13.056300000,0.734400000
2205,16.606700000,0.232800000
2206,18.025500000,0.983300000
2207,15.658900000,0.315600000
2208,17.119300000,0.238500000
2209,15.648900000,0.291100000
2210,17.828200000,1.311000000
2211,16.040600000,0.400600000
2212,16.919300000,0.262500000
2213,16.825500000,0.307300000
2214,15.593700000,0.253600000
2215,16.611000000,0.240100000
2216,17.905700000,0.177600000
2217,15.825500000,0.237500000
2218,16.788000000,0.315600000
2219,16.659400000,0.237000000
2220,16.947900000,0.565600000
2221,17.355200000,0.334900000
2222,16.057800000,0.544300000
2223,16.988600000,0.460400000
2224,16.435900000,0.606700000
2225,16.739100000,0.392700000
2226,16.595800000,0.297900000
2227,16.971900000,0.405200000
2228,18.137500000,0.155700000
2229,15.836500000,0.247900000
2230,18.444700000,0.209900000
2231,14.080800000,0.463500000
2232,16.271300000,0.838000000
2233,16.671400000,0.274500000
2234,17.102600000,0.173500000
2235,18.876500000,0.827600000
2236,14.192800000,0.653200000
2237,16.642700000,0.286400000
2238,17.076000000,0.159900000
2239,15.719300000,0.337000000
2240,17.438500000,1.002700000
2241,15.754200000,0.373000000
2242,17.419800000,1.005800000
2243,16.726000000,0.315600000
2244,16.719800000,0.251000000
2245,16.012500000,0.590600000
2246,17.055700000,0.583300000
2247,17.351100000,0.328600000
2248,16.804700000,1.296300000
2249,15.820800000,0.445300000
2250,17.135400000,0.164000000
2251,15.728100000,0.341100000
2252,17.388100000,0.868200000
2253,16.626500000,0.281200000
2254,16.981300000,0.327100000
2255,16.023400000,0.662000000
2256,17.146400000,0.744800000
2257,15.789600000,0.316600000
2258,17.159300000,0.779200000
2259,16.953700000,0.606200000
2260,15.843700000,0.309300000
2261,16.716200000,0.356800000
2262,17.899400000,1.076500000
2263,15.898000000,0.423900000
2264,16.784900000,0.309400000
2265,16.649400000,0.202600000
2266,17.204200000,0.458800000
2267,15.984900000,0.609400000
2268,17.190100000,0.685400000
2269,15.663500000,0.316100000
2270,16.889100000,0.420800000
2271,17.552100000,1.027100000
2272,16.495300000,0.187000000
2273,16.228100000,0.880200000
2274,16.944300000,0.512500000
2275,16.856300000,0.443700000
2276,15.716100000,0.270800000
2277,16.675500000,0.330200000
2278,18.075500000,1.610900000
2279,15.657900000,0.314500000
2280,16.975000000,0.476000000
2281,16.731700000,0.364600000
2282,16.627600000,0.261900000
2283,16.737000000,0.331300000
2284,16.004700000,0.345800000
2285,16.735900000,0.343200000
2286,16.697400000,0.326600000
2287,17.109900000,0.752600000
2288,16.807800000,0.328100000
2289,15.958400000,0.245300000
2290,17.213000000,0.683300000
2291,16.760400000,0.436500000
2292,16.629700000,0.258400000
2293,17.021300000,0.164100000
2294,17.770900000,1.807800000
2295,14.820800000,0.462500000
2296,17.936500000,0.194700000
2297,15.648900000,0.257800000
2298,17.047400000,0.651000000
2299,15.911500000,0.505700000
2300,17.326500000,0.952600000
2301,15.615200000,0.257200000
2302,18.533800000,2.157300000
2303,15.889600000,0.503100000
2304,15.933800000,0.596900000
2305,17.355300000,0.693200000
2306,15.647900000,0.212500000
2307,16.837500000,0.490100000
2308,18.773900000,0.964600000
2309,14.538600000,0.209900000
2310,17.050500000,0.663600000
2311,16.958300000,0.442700000
2312,17.254200000,0.785900000
2313,15.911400000,0.530200000
2314,16.487500000,0.118800000
2315,17.071900000,0.555700000
2316,16.862500000,0.308800000
2317,16.126600000,0.726600000
2318,17.828600000,0.367700000
2319,15.703200000,0.336000000
2320,17.352000000,0.534900000
2321,16.849500000,1.539000000
2322,16.116700000,0.625000000
2323,15.710900000,0.291100000
2324,17.336500000,0.430200000
2325,16.538000000,0.192200000
2326,19.765100000,2.055200000
2327,13.770300000,0.385900000
2328,16.837500000,0.139600000
2329,16.105200000,0.723500000
2330,17.643800000,1.228200000
2331,15.688000000,0.328700000
2332,17.454200000,0.227600000
2333,15.670800000,0.248400000
2334,17.392200000,0.886000000
2335,15.739600000,0.332300000
2336,20.714600000,4.285400000
2337,12.714500000,0.407900000
2338,17.283400000,0.366200000
2339,16.709900000,0.367700000
2340,18.158800000,1.464600000
2341,14.755200000,0.286400000
2342,17.049500000,0.630200000
2343,16.686500000,0.363000000
2344,16.889000000,0.434400000
2345,16.642200000,0.191100000
2346,16.224500000,0.739100000
2347,16.668200000,0.273900000
2348,16.893300000,0.535900000
2349,16.778600000,0.358300000
2350,16.766700000,0.256800000
2351,15.888000000,0.319800000
2352,20.434900000,3.917700000
2353,13.001500000,0.224000000
2354,17.145400000,0.694300000
2355,17.064500000,0.736900000
2356,15.886500000,0.416700000
2357,16.953100000,0.492800000
2358,16.707800000,0.260400000
2359,16.748000000,0.318700000
2360,17.186900000,0.684400000
2361,15.655200000,0.251500000
2362,21.497400000,5.014600000
2363,12.338100000,0.491600000
2364,18.448900000,1.782800000
2365,14.795800000,0.310900000
2366,16.569300000,0.228100000
2367,16.591700000,0.231800000
2368,17.147400000,0.734400000
2369,15.597400000,0.227600000
2370,17.018200000,0.116100000
2371,16.932300000,0.640600000
2372,17.029700000,0.502600000
2373,18.069800000,0.254700000
2374,14.795300000,0.289100000
2375,16.753600000,0.416100000
2376,17.013600000,0.626600000
2377,16.678600000,0.337000000
2378,16.677100000,0.279200000
2379,17.514600000,0.576100000
2380,15.771300000,0.359900000
2381,16.735500000,0.289100000
2382,15.654600000,0.277600000
2383,17.898000000,0.562500000
2384,15.902000000,0.504700000
2385,16.738600000,0.321400000
2386,23.749500000,6.967200000
2387,9.485400000,0.171400000
2388,17.194300000,0.326100000
2389,16.655200000,0.304700000
2390,16.968200000,0.536900000
2391,16.710900000,0.195300000
2392,16.230200000,0.888000000
2393,16.752600000,0.329700000
2394,17.623000000,1.144300000
2395,15.811900000,0.403700000
2396,15.756300000,0.183400000
2397,16.802100000,0.421800000
2398,16.778600000,0.438500000
2399,16.712000000,0.365600000
2400,17.262000000,0.841700000
2401,15.694800000,0.326500000
2402,17.686900000,1.034300000
2403,15.607300000,0.257300000
2404,17.179200000,0.729700000
2405,17.130700000,0.721300000
2406,17.317200000,0.929100000
2407,15.751100000,0.400500000
2408,16.650000000,0.284900000
2409,16.617700000,0.290100000
2410,16.720300000,0.160400000
2411,16.891100000,0.359900000
2412,17.714600000,0.769800000
2413,15.975000000,0.459400000
2414,20.389100000,4.842200000
2415,15.710900000,4.306200000
2416,12.755700000,0.402100000
2417,16.869300000,0.473900000
2418,16.786000000,0.329100000
2419,17.081700000,0.146300000
2420,17.132300000,0.705700000
2421,15.718200000,0.238000000
2422,17.541200000,0.858300000
2423,19.979700000,0.148400000
2424,12.637000000,0.281800000
2425,24.781700000,0.472400000
2426,13.740700000,5.453100000
2427,11.340100000,0.150000000
2428,16.278100000,0.101500000
2429,17.329100000,0.160900000
2430,16.857300000,0.377000000
2431,16.870900000,0.530200000
2432,15.880700000,0.537000000
2433,16.802600000,0.361500000
2434,17.106300000,0.663500000
2435,16.621800000,0.261900000
2436,17.044300000,0.563500000
2437,15.631800000,0.256200000
2438,17.218700000,0.800500000
2439,16.563600000,0.263600000
2440,17.601500000,1.187500000
2441,15.660400000,0.253600000
2442,16.972400000,0.413500000
2443,16.926100000,0.497400000
2444,16.621300000,1.131200000
2445,15.818800000,0.451600000
2446,17.954200000,1.531300000
2447,15.715100000,0.308900000
2448,16.831700000,0.397900000
2449,17.053700000,0.638000000
2450,15.893200000,0.465100000
2451,16.809900000,0.458300000
2452,16.924000000,0.382300000
2453,16.962500000,0.526000000
2454,15.538000000,0.199500000
2455,17.786400000,0.288100000
2456,15.598000000,0.215600000
2457,17.822300000,0.424000000
2458,21.032300000,0.348400000
2459,12.437000000,0.183800000
2460,16.214100000,0.779200000
2461,16.578100000,0.226000000
2462,16.585900000,0.244800000
2463,16.621900000,0.272400000
2464,17.631800000,1.138000000
2465,16.095300000,0.174000000
2466,16.945300000,0.529700000
2467,15.852100000,0.381800000
2468,16.754200000,0.220300000
2469,16.607300000,0.266200000
2470,16.857800000,0.511400000
2471,16.711400000,0.353100000
2472,17.348500000,0.953600000
2473,15.747900000,0.306800000
2474,17.274500000,0.495800000
2475,15.526000000,0.224000000
2476,18.155700000,0.232800000
2477,15.543300000,0.227100000
2478,16.617100000,0.208400000
2479,16.989100000,0.600000000
2480,16.630200000,0.249500000
2481,16.671900000,0.296400000
2482,17.487000000,0.218200000
2483,15.955200000,0.543800000
2484,16.987500000,0.348000000
2485,16.930700000,0.157200000
2486,18.790600000,3.437500000
2487,13.602100000,0.286400000
2488,18.132300000,0.222900000
2489,15.594300000,0.238000000
2490,17.349500000,0.752000000
2491,15.650500000,0.324500000
2492,16.986400000,0.596900000
2493,16.653700000,0.291100000
2494,17.994300000,1.565700000
2495,15.792700000,0.363000000
2496,16.435900000,0.200000000
2497,16.566700000,0.229700000
2498,16.715100000,0.379200000
2499,17.109300000,0.727600000
2500,15.689100000,0.318700000
2501,16.679700000,0.306800000
2502,16.909400000,0.383800000
2503,16.746800000,0.274500000
2504,16.591700000,0.228600000
2505,17.532800000,0.463500000
2506,15.918300000,0.276000000
2507,16.916600000,0.394300000
2508,17.043300000,0.254700000
2509,15.777600000,0.240700000
2510,19.276000000,1.440600000
2511,13.806200000,0.183400000
2512,16.904700000,0.501000000
2513,16.766200000,0.383900000
2514,16.843700000,0.398500000
2515,16.990700000,0.502700000
2516,16.247900000,0.842700000
2517,16.590600000,0.218200000
2518,17.266700000,0.636000000
2519,15.786400000,0.267200000
2520,16.677600000,0.267200000
2521,16.695900000,0.301600000
2522,16.882800000,0.385900000
2523,16.648400000,0.287000000
2524,20.746400000,3.650500000
2525,12.710900000,0.254700000
2526,16.828100000,0.440100000
2527,17.028700000,0.628700000
2528,15.777600000,0.329700000
2529,17.007300000,0.618300000
2530,16.898400000,0.322900000
2531,16.897900000,0.477100000
2532,15.676600000,0.250000000
2533,16.743700000,0.264100000
2534,17.063600000,0.546900000
2535,16.828600000,0.445800000
2536,16.675000000,0.224400000
2537,16.681300000,0.322900000
2538,16.586400000,0.251500000
2539,17.108900000,0.705200000
2540,15.888000000,0.501000000
2541,17.035400000,0.259900000
2542,16.666200000,0.256200000
2543,16.856200000,0.497900000
2544,16.849000000,0.488600000
2545,16.310900000,0.757300000
2546,16.636500000,0.270300000
2547,16.611400000,0.269200000
2548,16.984900000,0.152000000
2549,16.660400000,0.267100000
2550,16.750000000,0.370300000
2551,16.679700000,0.327100000
2552,17.194800000,0.803100000
2553,15.594300000,0.268200000
2554,17.064100000,0.636000000
2555,16.515600000,0.213000000
2556,17.115100000,0.599000000
2557,15.586400000,0.205800000
2558,16.680300000,0.259900000
2559,16.769700000,0.341600000
2560,16.663100000,0.267200000
2561,16.665100000,0.268300000
2562,16.781200000,0.367700000
2563,16.736000000,0.289600000
2564,17.129600000,0.225500000
2565,16.784400000,0.467200000
2566,17.141200000,0.776500000
2567,16.150000000,0.492200000
2568,16.801500000,0.222400000
2569,15.815100000,0.421900000
2570,16.564600000,0.214000000
2571,20.827100000,4.329700000
2572,12.983300000,0.647400000
2573,16.992700000,0.446300000
2574,17.288100000,0.813500000
2575,15.659300000,0.271400000
2576,16.667200000,0.256700000
2577,16.755200000,0.420800000
2578,16.791200000,0.309900000
2579,16.822900000,0.465600000
2580,16.723400000,0.294200000
2581,16.811000000,0.375500000
2582,16.168700000,0.171800000
2583,17.407800000,0.300000000
2584,15.791200000,0.267700000
2585,16.756700000,0.345800000
2586,17.598500000,0.924000000
2587,15.944300000,0.549500000
2588,16.814000000,0.454700000
2589,16.633400000,0.314600000
2590,16.773400000,0.351100000
2591,17.012500000,0.519300000
2592,15.632300000,0.225500000
2593,16.555700000,0.207300000
2594,16.759900000,0.379700000
2595,18.754200000,0.599500000
2596,16.030700000,1.654200000
2597,17.469800000,1.669300000
2598,14.518700000,0.190100000
2599,16.827100000,0.366600000
2600,16.889100000,0.553600000
2601,16.927600000,0.601100000
2602,17.116100000,0.615200000
2603,15.625600000,0.275000000
2604,17.044200000,0.647400000
2605,17.509900000,0.992200000
2606,15.925000000,0.527600000
2607,25.413600000,3.633800000
2608,8.232300000,0.699400000
2609,15.562500000,0.227000000
2610,16.697900000,0.215100000
2611,16.525000000,0.202100000
2612,17.546900000,0.226000000
2613,16.682200000,0.356800000
2614,16.808400000,0.475000000
2615,15.703600000,0.378600000
2616,16.945300000,0.390600000
2617,17.032800000,0.611400000
2618,16.688100000,0.268700000
2619,17.607300000,0.503100000
2620,16.079100000,0.639000000
2621,15.776600000,0.317700000
2622,16.765100000,0.350500000
2623,16.728100000,0.315600000
2624,16.751100000,0.332900000
2625,16.889500000,0.429700000
2626,16.734900000,0.373900000
2627,16.835500000,0.502100000
2628,17.015600000,0.618300000
2629,16.159400000,0.382300000
2630,16.630200000,0.251600000
2631,16.538000000,0.211500000
2632,16.707300000,0.262000000
2633,17.005200000,0.566700000
2634,16.864600000,0.424500000
2635,15.693200000,0.265600000
2636,17.143700000,0.344200000
2637,17.067800000,0.327100000
2638,16.419200000,0.769200000
2639,16.626100000,0.300000000
2640,17.371300000,0.251500000
2641,16.717200000,0.535400000
2642,15.692200000,0.295300000
2643,16.813000000,0.400500000
2644,16.985400000,0.554100000
2645,16.409900000,0.979700000
2646,17.095900000,0.724400000
2647,15.732300000,0.355800000
2648,16.772400000,0.450600000
2649,16.683300000,0.327600000
2650,17.109400000,0.745900000
2651,17.051500000,0.600000000
2652,17.234900000,1.360400000
2653,15.765100000,0.337500000
2654,16.594300000,0.240100000
2655,16.778600000,0.314500000
2656,22.646900000,0.192700000
2657,10.430200000,0.110400000
2658,16.557300000,0.199000000
2659,16.760400000,0.338500000
2660,16.520900000,0.218200000
2661,16.651500000,0.285900000
2662,16.954200000,0.275500000
2663,16.664600000,0.277100000
2664,16.697900000,0.272400000
2665,16.752100000,0.217700000
2666,16.759400000,0.396900000
2667,16.821300000,0.502100000
2668,15.949500000,0.567700000
2669,17.015100000,0.448500000
2670,16.894300000,0.493800000
2671,16.942100000,0.382800000
2672,15.802700000,0.445800000
2673,17.658800000,0.212000000
2674,15.749500000,0.409400000
2675,16.782300000,0.439600000
2676,16.631200000,0.272400000
2677,16.842700000,0.327100000
2678,16.800600000,0.424500000
2679,17.332200000,0.296300000
2680,16.251100000,0.780200000
2681,15.660400000,0.295800000
2682,16.893200000,0.444800000
2683,17.248000000,0.854600000
2684,16.511900000,0.180200000
2685,16.813600000,0.439600000
2686,16.797400000,0.442200000
2687,15.507300000,0.205300000
2688,17.896300000,0.513500000
2689,15.506300000,0.195300000
2690,17.734900000,0.272400000
2691,15.906200000,0.517700000
2692,16.812000000,0.368200000
2693,16.567700000,0.230700000
2694,16.938500000,0.552600000
2695,17.756300000,0.186000000
2696,16.550000000,0.902600000
2697,15.732300000,0.382300000
2698,17.723900000,0.216700000
2699,15.592200000,0.206700000
2700,16.987000000,0.267700000
2701,16.781800000,0.122900000
2702,16.110400000,0.654700000
2703,17.164100000,0.724000000
2704,16.809900000,0.371900000
2705,15.604100000,0.257800000
2706,17.282300000,0.259900000
2707,16.939100000,0.492200000
2708,16.600500000,0.266200000
2709,17.025000000,0.585400000
2710,15.865600000,0.404700000
2711,16.949500000,0.367700000
2712,17.007800000,0.311000000
2713,15.812000000,0.382800000
2714,16.966700000,0.235500000
2715,16.601500000,0.258900000
2716,16.746400000,0.239100000
2717,17.000000000,0.193800000
2718,16.655700000,0.258900000
2719,17.671400000,0.281700000
2720,19.972900000,0.276000000
2721,11.970800000,0.570900000
2722,17.109900000,0.490600000
2723,16.732300000,0.326100000
2724,16.635900000,0.250500000
2725,16.952600000,0.321800000
2726,16.348000000,0.578100000
2727,16.951500000,0.241100000
2728,16.034900000,0.231700000
2729,16.679200000,0.305800000
2730,17.271900000,0.861400000
2731,15.772300000,0.324400000
2732,23.282300000,1.723900000
2733,14.841700000,4.386500000
2734,16.858300000,4.297900000
2735,13.610500000,0.147400000
2736,15.148900000,0.780700000
2737,17.308900000,0.904100000
2738,15.555700000,0.201000000
2739,16.707300000,0.390100000
2740,16.803100000,0.263000000
2741,16.623500000,0.284800000
2742,17.164000000,0.644200000
2743,16.825500000,0.362000000
2744,16.762500000,0.236400000
2745,15.898500000,0.328700000
2746,17.275500000,0.642700000
2747,16.981200000,0.609900000
2748,16.250000000,0.554200000
2749,16.881800000,0.480700000
2750,15.851600000,0.432300000
2751,16.829700000,0.383300000
2752,16.973900000,0.509400000
2753,16.977600000,0.343800000
2754,16.040700000,0.636900000
2755,16.895300000,0.542200000
2756,16.960900000,0.608900000
2757,17.747900000,0.327600000
2758,16.189600000,0.597400000
2759,15.837000000,0.461500000
2760,17.331800000,0.194200000
2761,16.164000000,0.628600000
2762,16.957800000,0.179600000
2763,20.852100000,4.994800000
2764,12.202100000,0.255700000
2765,16.912000000,0.454700000
2766,15.564600000,0.230200000
2767,17.767700000,0.308400000
2768,15.678100000,0.284900000
2769,16.910400000,0.435900000
2770,16.977600000,0.343200000
2771,16.716200000,0.339100000
2772,16.973400000,0.605200000
2773,15.614600000,0.240600000
2774,17.649500000,0.305200000
2775,16.728100000,0.196900000
2776,16.525500000,1.154700000
2777,16.833300000,0.287000000
2778,15.891200000,0.527600000
2779,16.759900000,0.403700000
2780,17.318200000,0.146900000
2781,15.885400000,0.252100000
2782,17.338000000,0.958900000
2783,16.664600000,0.310400000
2784,16.636000000,0.271300000
2785,16.571300000,0.249500000
2786,17.067700000,0.542700000
2787,15.818800000,0.134900000
2788,17.816600000,1.035900000
2789,15.595400000,0.254700000
2790,17.754600000,0.935400000
2791,15.631300000,0.173400000
2792,20.766100000,3.590600000
2793,22.315700000,9.653600000
2794,13.430200000,7.022900000
2795,10.470300000,0.100500000
2796,16.761400000,0.417100000
2797,19.231300000,2.685400000
2798,14.034400000,0.578200000
2799,17.318700000,0.844800000
2800,17.549000000,0.793800000
2801,14.596300000,0.237000000
2802,16.827600000,0.438100000
2803,16.553200000,0.202600000
2804,16.741100000,0.420800000
2805,16.588000000,0.214500000
2806,17.049500000,0.689100000
2807,16.650500000,0.281200000
2808,17.397400000,0.860400000
2809,15.944800000,0.553100000
2810,17.466700000,0.366700000
2811,15.816100000,0.312500000
2812,18.640100000,1.312500000
2813,14.699500000,0.309400000
2814,17.501100000,0.916100000
2815,16.244200000,0.620800000
2816,16.820900000,1.181800000
2817,15.989000000,0.567700000
2818,21.037000000,4.317700000
2819,12.760900000,0.364100000
2820,16.724500000,0.176100000
2821,15.959400000,0.264600000
2822,16.848400000,0.517200000
2823,16.604200000,0.272400000
2824,17.652600000,0.154200000
2825,16.075500000,0.145300000
2826,16.690600000,0.275500000
2827,16.966200000,0.542200000
2828,15.643200000,0.275500000
2829,16.920900000,0.469700000
2830,17.313500000,0.881800000
2831,15.837500000,0.437000000
2832,17.253100000,0.867700000
2833,16.813000000,0.420800000
2834,17.017200000,0.175500000
2835,15.814600000,0.243700000
2836,17.315100000,0.906700000
2837,16.225500000,0.765600000
2838,17.607800000,0.650000000
2839,15.668800000,0.309900000
2840,16.775000000,0.405200000
2841,21.571400000,4.664000000
2842,12.805700000,0.132800000
2843,15.643700000,0.292700000
2844,16.655200000,0.301000000
2845,16.805200000,0.433900000
2846,16.657300000,0.233900000
2847,16.670900000,0.294800000
2848,16.627600000,0.216200000
2849,16.799500000,0.451000000
2850,17.095800000,0.693200000
2851,16.135900000,0.791600000
2852,17.332300000,0.782300000
2853,16.220900000,0.537500000
2854,17.544200000,0.454700000
2855,15.627100000,0.289000000
2856,17.276000000,0.695300000
2857,15.704700000,0.334900000
2858,16.933400000,0.150000000
2859,18.456700000,0.433300000
2860,15.503700000,1.084400000
2861,15.599500000,0.235400000
2862,17.220300000,0.814600000
2863,16.841100000,0.306800000
2864,16.419800000,1.024000000
2865,16.709400000,0.293800000
2866,17.788000000,0.996400000
2867,14.626600000,0.257300000
2868,17.915100000,0.287500000
2869,15.793200000,0.203100000
2870,17.524000000,0.783400000
2871,29.456700000,13.431800000
2872,20.317200000,17.378100000
2873,15.109900000,13.870400000
2874,14.203700000,11.666200000
2875,17.743700000,10.831300000
2876,8.874000000,5.009900000
2877,14.938500000,2.168800000
2878,14.249000000,0.884300000
2879,15.898900000,0.589500000
2880,16.692700000,0.270400000
2881,17.159900000,0.728600000
2882,17.943300000,1.426000000
2883,14.804700000,0.427600000
2884,16.669200000,0.245800000
2885,16.958400000,0.558900000
2886,17.004600000,0.556200000
2887,16.945900000,0.329200000
2888,15.631200000,0.238500000
2889,16.767200000,0.365600000
2890,17.397900000,0.959900000
2891,16.565100000,0.202600000
2892,20.426100000,4.029100000
2893,12.915100000,0.537500000
2894,16.774500000,0.405300000
2895,16.256700000,0.812500000
2896,18.155200000,1.290600000
2897,15.038600000,0.636500000
2898,16.931200000,0.545300000
2899,16.853700000,0.541700000
2900,16.990600000,0.286500000
2901,16.203600000,0.121800000
2902,20.173000000,2.645300000
2903,12.600500000,0.262000000
2904,17.939600000,1.528100000
2905,16.223400000,0.718800000
2906,15.961500000,0.610900000
2907,17.543200000,0.651100000
2908,16.804200000,1.378600000
2909,15.585900000,0.264600000
2910,17.719300000,1.316700000
2911,18.003600000,2.509900000
2912,14.544800000,0.207800000
2913,16.714600000,0.296400000
2914,17.094300000,0.654700000
2915,15.645300000,0.347400000
2916,20.696800000,1.876500000
2917,12.681800000,0.323900000
2918,16.697400000,0.278600000
2919,18.728700000,0.338000000
2920,20.627600000,0.972900000
2921,10.495800000,0.195300000
2922,17.553600000,0.205800000
2923,16.674500000,0.232300000
2924,16.764100000,0.418300000
2925,16.615100000,0.290600000
2926,16.853100000,0.241100000
2927,15.622400000,0.239600000
2928,17.895300000,0.531300000
2929,15.668300000,0.283800000
2930,17.018700000,0.544300000
2931,16.542700000,0.120300000
2932,17.012500000,0.646900000
2933,16.826100000,0.454600000
2934,17.033800000,0.621900000
2935,16.266700000,0.828600000
2936,16.940600000,0.507300000
2937,15.697900000,0.265600000
2938,16.577100000,0.220800000
2939,16.697900000,0.351600000
2940,16.819800000,0.408900000
2941,16.680700000,0.268700000
2942,16.705800000,0.324500000
2943,16.533800000,0.228600000
2944,16.799500000,0.333900000
2945,17.229200000,0.465100000
2946,16.754700000,0.302600000
2947,15.592700000,0.216700000
2948,17.562500000,0.213100000
2949,16.884300000,0.528100000
2950,15.633900000,0.272900000
2951,17.100500000,0.561500000
2952,17.042700000,0.575000000
2953,16.912000000,0.251600000
2954,18.520300000,3.099000000
2955,15.402600000,0.399500000
2956,15.767700000,0.384900000
2957,16.513600000,0.189600000
2958,16.991600000,0.685400000
2959,17.035400000,0.485900000
2960,15.856800000,0.245800000
2961,16.718800000,0.411500000
2962,17.769800000,1.304200000
2963,15.626000000,0.342700000
2964,16.633300000,0.307800000
2965,17.042700000,0.152100000
2966,16.616200000,0.240600000
2967,16.640100000,0.234900000
2968,16.998400000,0.225500000
2969,15.513600000,0.190600000
2970,16.852100000,0.191600000
2971,19.171300000,2.680700000
2972,15.321900000,0.212500000
2973,15.577600000,0.249000000
2974,16.652600000,0.289600000
2975,16.595800000,0.319700000
2976,16.665700000,0.269800000
2977,16.553600000,0.206200000
2978,17.130200000,0.550000000
2979,16.913500000,0.578600000
2980,16.833900000,0.284400000
2981,15.530700000,0.206300000
2982,18.110400000,0.672900000
2983,16.963100000,0.764000000
2984,15.611400000,0.261900000
2985,20.112000000,0.247400000
2986,12.516700000,0.188000000
2987,17.763500000,0.468700000
2988,16.907300000,0.547900000
2989,15.864600000,0.430200000
2990,17.561400000,0.159900000
2991,16.048500000,0.663600000
2992,17.131200000,0.744200000
2993,17.886000000,2.241100000
2994,15.135400000,0.658300000
2995,17.182300000,0.333400000
2996,15.655200000,0.264100000
2997,16.721300000,0.333300000
2998,18.143300000,1.721400000
2999,15.988000000,0.603700000
3000,15.966700000,0.525000000
3001,17.145300000,0.729700000
3002,17.055200000,0.631800000
3003,15.844800000,0.482800000
3004,16.858300000,0.451600000
3005,18.071900000,1.628100000
3006,15.048900000,0.675500000
3007,17.516200000,1.067200000
3008,15.675000000,0.240100000
3009,17.419800000,1.019300000
3010,16.758800000,0.808800000
3011,15.563600000,0.256800000
3012,17.158300000,0.769200000
3013,17.794800000,0.601000000
3014,16.344300000,0.701100000
3015,19.220300000,3.069300000
3016,14.030200000,0.307300000
3017,15.892700000,0.227100000
3018,16.622400000,0.262500000
3019,17.152600000,0.690100000
3020,17.607800000,0.242700000
3021,16.495800000,0.920900000
3022,15.724500000,0.219800000
3023,16.687500000,0.322400000
3024,17.051600000,0.636500000
3025,16.680700000,0.977000000
3026,16.915600000,0.291700000
3027,15.608400000,0.247400000
3028,17.586400000,1.145300000
3029,15.703200000,0.308400000
3030,17.940100000,1.579700000
3031,15.935400000,0.561500000
3032,16.839600000,0.369800000
3033,16.168700000,0.269300000
3034,17.008300000,0.378100000
3035,16.882900000,0.473000000
3036,15.772900000,0.247400000
3037,16.723900000,0.411500000
3038,16.672400000,0.253100000
3039,17.009900000,0.270800000
3040,16.795300000,0.242200000
3041,17.403200000,0.995800000
3042,16.067700000,0.495800000
3043,16.782800000,0.337000000
3044,16.258800000,0.872400000
3045,17.068300000,0.748000000
3046,16.302000000,0.638000000
3047,16.999500000,0.530200000
3048,16.112500000,0.144300000
3049,16.574500000,0.212000000
3050,17.175500000,0.775500000
3051,17.896400000,0.711500000
3052,14.701500000,0.245800000
3053,17.002600000,0.610400000
3054,16.816700000,0.271900000
3055,17.340100000,0.970900000
3056,16.011000000,0.605700000
3057,16.975500000,0.407900000
3058,17.736400000,0.728200000
3059,14.767200000,0.322900000
3060,16.782800000,0.292200000
3061,17.903200000,1.411500000
3062,16.514500000,0.644300000
3063,15.673500000,0.237500000
3064,16.570300000,0.209400000
3065,16.848400000,0.487500000
3066,16.762000000,0.240100000
3067,18.372900000,1.944800000
3068,16.300500000,1.381200000
3069,15.711500000,0.280200000
3070,17.325000000,0.733800000
3071,15.721900000,0.421300000
3072,21.099500000,4.107800000
3073,11.870300000,0.488500000
3074,16.719800000,0.336000000
3075,16.672900000,0.297400000
3076,16.968200000,0.485500000
3077,16.659900000,0.303700000
3078,16.979200000,0.495300000
3079,17.918200000,1.027600000
3080,15.040100000,0.162000000
3081,16.724500000,0.307900000
3082,18.327600000,0.341200000
3083,14.469300000,0.166700000
3084,16.815100000,0.398500000
3085,16.643200000,0.290700000
3086,16.997900000,0.475500000
3087,16.508300000,0.208900000
3088,17.689100000,0.337500000
3089,15.656300000,0.238100000
3090,20.684900000,4.313600000
3091,13.478600000,1.009900000
3092,15.892200000,0.242700000
3093,16.723400000,0.328600000
3094,17.382800000,0.316600000
3095,15.533900000,0.212500000
3096,16.956800000,0.598900000
3097,16.540100000,0.215600000
3098,16.738500000,0.348000000
3099,16.610900000,0.292700000
3100,17.330800000,0.980200000
3101,17.068700000,0.216700000
3102,16.144800000,0.179200000
3103,17.130200000,0.490100000
3104,16.847400000,1.419300000
3105,15.763000000,0.426000000
3106,18.086500000,1.545400000
3107,16.087000000,0.682800000
3108,15.571300000,0.120300000
3109,17.170900000,0.736900000
3110,18.534900000,0.233300000
3111,14.990600000,0.594300000
3112,16.941100000,0.256700000
3113,15.626600000,0.254700000
3114,16.937500000,0.542200000
3115,17.822900000,1.314100000
3116,15.726100000,0.209300000
3117,16.566100000,0.241200000
3118,17.482300000,0.182800000
3119,15.803100000,0.497400000
3120,16.679700000,0.246900000
3121,17.004200000,0.643700000
3122,16.919800000,0.562500000
3123,15.568200000,0.256800000
3124,16.900000000,0.437000000
3125,16.660900000,0.343700000
3126,20.032800000,0.452600000
3127,14.037500000,0.287500000
3128,16.308900000,0.926100000
3129,16.600500000,0.247900000
3130,17.936500000,1.561000000
3131,17.808300000,2.457300000
3132,15.362500000,0.655700000
3133,16.850000000,1.047400000
3134,16.128700000,0.716600000
3135,16.355200000,0.902600000
3136,15.747400000,0.424500000
3137,16.536900000,0.234900000
3138,18.058900000,0.706300000
3139,16.062000000,0.664000000
3140,18.031700000,0.519200000
3141,15.111500000,0.245800000
3142,17.955200000,0.252100000
3143,15.884400000,0.529200000
3144,16.009400000,0.589600000
3145,17.172900000,0.810400000
3146,17.354700000,0.954700000
3147,18.486900000,3.079200000
3148,18.051600000,4.250500000
3149,12.468800000,0.111500000
3150,16.875500000,0.406300000
3151,17.183800000,0.184300000
3152,16.278200000,0.891100000
3153,16.905700000,0.490600000
3154,20.538500000,5.034400000
3155,11.994300000,0.640100000
3156,16.931200000,0.536400000
3157,17.221900000,0.189000000
3158,16.202600000,0.744800000
3159,16.688000000,0.335500000
3160,17.346400000,0.538500000
3161,15.697900000,0.298900000
3162,17.068200000,0.615600000
3163,18.595900000,1.872400000
3164,14.609900000,0.179700000
3165,16.569800000,0.238600000
3166,19.515100000,3.106700000
3167,13.917700000,0.500500000
3168,16.918700000,0.385400000
3169,16.777600000,1.268700000
3170,17.147400000,1.457800000
3171,15.664100000,0.331300000
3172,17.213500000,0.223900000
3173,15.629700000,0.226500000
3174,17.092700000,0.694800000
3175,16.815100000,0.431700000
3176,17.011500000,0.621300000
3177,15.902100000,0.354200000
3178,16.691600000,0.339000000
3179,16.632900000,0.278100000
3180,16.817100000,0.347400000
3181,17.918300000,1.489000000
3182,16.203600000,0.747400000
3183,15.934900000,0.226500000
3184,17.041700000,0.691200000
3185,16.865600000,0.535400000
3186,16.110400000,0.724500000
3187,18.625000000,2.235900000
3188,14.609400000,0.239100000
3189,16.579700000,0.216200000
3190,16.559900000,0.218300000
3191,16.511400000,0.202700000
3192,17.037000000,0.609300000
3193,17.956800000,0.823000000
3194,15.976000000,0.183800000
3195,16.035400000,0.619200000
3196,17.096400000,0.656300000
3197,17.059400000,0.652100000
3198,15.770300000,0.364100000
3199,17.160400000,0.767200000
3200,18.168800000,1.808900000
3201,14.670300000,0.261500000
3202,18.184900000,1.795400000
3203,15.746300000,0.428600000
3204,18.570300000,2.133900000
3205,16.795300000,1.395300000
3206,14.723000000,0.350000000
3207,16.698900000,0.289100000
3208,16.679700000,0.756800000
3209,15.917700000,0.162500000
3210,16.751100000,0.359900000
3211,16.484800000,0.176600000
3212,16.687500000,0.253700000
3213,16.809900000,0.319300000
3214,18.548000000,2.166200000
3215,14.732800000,0.407300000
3216,16.681700000,0.341700000
3217,17.431800000,0.745300000
3218,17.344300000,1.919800000
3219,15.719300000,0.357300000
3220,17.127600000,0.160400000
3221,15.746800000,0.296900000
3222,16.699500000,0.294300000
3223,17.691200000,1.296400000
3224,16.319800000,0.863000000
3225,16.430700000,0.872300000
3226,16.972400000,0.358900000
3227,15.977100000,0.543800000
3228,16.830700000,0.412000000
3229,17.044800000,0.668700000
3230,16.779700000,0.370900000
3231,15.877600000,0.247400000
3232,16.615600000,0.259400000
3233,17.006800000,0.589100000
3234,36.456200000,20.079700000
3235,15.406300000,15.080700000
3236,11.262500000,8.876600000
3237,12.283800000,4.994300000
3238,14.431300000,1.453100000
3239,14.569200000,0.252600000
3240,17.356800000,0.680700000
3241,15.868200000,0.537500000
3242,17.476100000,0.758300000
3243,15.723900000,0.388000000
3244,16.753200000,0.162500000
3245,16.784300000,0.269800000
3246,16.854700000,0.313600000
3247,16.704200000,0.133300000
3248,17.197900000,0.231200000
3249,15.763000000,0.448400000
3250,17.232800000,0.216600000
3251,16.201100000,0.778200000
3252,17.426000000,0.575000000
3253,15.869300000,0.534400000
3254,16.984400000,0.439600000
3255,16.695300000,0.329700000
3256,17.200000000,0.407300000
3257,15.700000000,0.300000000
3258,20.626000000,3.757800000
3259,12.994800000,0.563500000
3260,17.364100000,0.806200000
3261,15.744300000,0.435900000
3262,16.820800000,0.295900000
3263,16.951600000,0.463000000
3264,18.105700000,1.351500000
3265,15.978600000,1.532300000
3266,15.742700000,0.172900000
3267,17.922400000,0.251500000
3268,18.022400000,1.708400000
3269,15.712000000,2.351500000
3270,14.829700000,0.538500000
3271,17.174000000,0.378100000
3272,15.954600000,0.303100000
3273,17.458400000,1.030700000
3274,18.098900000,0.120800000
3275,14.655200000,0.243800000
3276,17.783900000,0.654200000
3277,16.318700000,0.713500000
3278,15.656300000,0.266200000
3279,21.602100000,2.890200000
3280,11.865100000,0.409900000
3281,17.177100000,0.792200000
3282,17.895300000,1.042700000
3283,15.951000000,1.625500000
3284,15.564100000,0.172900000
3285,16.693200000,0.252100000
3286,16.598400000,0.297400000
3287,16.817200000,0.487500000
3288,18.056800000,1.032300000
3289,16.163000000,0.258300000
3290,15.724000000,0.281800000
3291,17.102600000,0.686000000
3292,16.687500000,0.148400000
3293,16.041700000,0.495900000
3294,16.716100000,0.304700000
3295,17.060900000,0.619800000
3296,17.337500000,0.765600000
3297,16.474000000,0.233400000
3298,15.869300000,0.463500000
3299,17.331200000,0.968800000
3300,16.555700000,0.704600000
3301,16.786000000,0.359400000
3302,15.923400000,0.328600000
3303,16.650000000,0.284400000
3304,16.722400000,0.302100000
3305,16.723500000,0.346900000
3306,16.688500000,0.293700000
3307,17.759900000,0.817200000
3308,16.318700000,0.841600000
3309,18.757300000,0.303100000
3310,15.548500000,2.220800000
3311,14.651000000,0.267200000
3312,17.867200000,1.127600000
3313,15.637500000,0.190100000
3314,16.664600000,0.219800000
3315,16.711400000,0.244800000
3316,16.812000000,0.305700000
3317,16.584400000,0.269300000
3318,16.878100000,0.310400000
3319,16.933900000,0.530200000
3320,16.922900000,0.522400000
3321,15.776000000,0.369300000
3322,16.774500000,0.372900000
3323,16.611000000,0.201600000
3324,17.680700000,0.938000000
3325,16.324500000,0.716100000
3326,17.740100000,1.311400000
3327,14.988500000,0.184900000
3328,17.992700000,0.347900000
3329,15.592200000,0.258800000
3330,18.538500000,1.172400000
3331,23.149000000,6.533900000
3332,11.792700000,2.494800000
3333,13.051600000,0.422300000
3334,16.578600000,0.267200000
3335,16.692200000,0.367700000
3336,17.304700000,0.436500000
3337,15.546300000,0.217100000
3338,18.143800000,0.152100000
3339,15.644800000,0.276000000
3340,16.960400000,0.591200000
3341,16.633900000,0.292200000
3342,17.252000000,0.841600000
3343,15.626100000,0.265100000
3344,16.987000000,0.278100000
3345,16.903600000,0.483300000
3346,16.750000000,0.285900000
3347,16.828100000,0.499400000
3348,16.884400000,0.601000000
3349,15.525000000,0.251000000
3350,16.579200000,0.200000000
3351,17.086400000,0.720300000
3352,16.902100000,0.503700000
3353,16.849500000,0.351600000
3354,19.127100000,1.889600000
3355,14.131800000,0.608800000
3356,18.601000000,1.603100000
3357,14.864100000,0.538600000
3358,16.991100000,0.438100000
3359,15.994300000,0.247400000
3360,16.737500000,0.326600000
3361,16.828100000,0.401600000
3362,16.666100000,0.248400000
3363,16.693300000,0.257800000
3364,17.558300000,0.756800000
3365,15.727600000,0.382800000
3366,17.409900000,0.234400000
3367,16.103700000,0.246900000
3368,17.547300000,0.272900000
3369,16.159900000,0.263000000
3370,16.005800000,0.156300000
3371,17.192200000,0.574500000
3372,15.633800000,0.268200000
3373,16.589600000,0.278100000
3374,21.006200000,0.125600000
3375,12.597400000,0.275600000
3376,16.837000000,0.292200000
3377,16.705800000,0.279600000
3378,16.693700000,0.291100000
3379,16.706800000,0.269200000
3380,17.283300000,0.875000000
3381,15.977600000,0.167700000
3382,17.981300000,0.230800000
3383,15.578600000,0.316600000
3384,19.509900000,2.451100000
3385,13.575000000,0.153100000
3386,16.879200000,0.459900000
3387,16.811400000,0.414100000
3388,17.047400000,0.247400000
3389,15.591200000,0.261500000
3390,17.705700000,1.241200000
3391,15.618200000,0.288000000
3392,17.151600000,0.287500000
3393,17.036400000,0.603100000
3394,16.060500000,0.356700000
3395,16.628600000,0.255700000
3396,16.775500000,0.373400000
3397,16.681800000,0.245800000
3398,16.613500000,0.240100000
3399,16.793300000,0.354700000
3400,21.763000000,0.833300000
3401,11.635400000,0.333800000
3402,17.481300000,1.042200000
3403,15.619800000,0.241600000
3404,17.090600000,0.680200000
3405,16.937500000,0.441700000
3406,16.481200000,0.912500000
3407,16.716200000,0.349500000
3408,22.595800000,0.908400000
3409,10.651000000,0.299000000
3410,16.597400000,0.238500000
3411,16.564600000,0.232300000
3412,16.978700000,0.195800000
3413,15.824500000,0.194700000
3414,16.555200000,0.218800000
3415,16.732300000,0.347900000
3416,16.763000000,0.302600000
3417,16.805200000,0.283900000
3418,16.815600000,0.346900000
3419,16.588000000,0.281200000
3420,17.756800000,0.175000000
3421,16.416100000,0.619200000
3422,21.019800000,0.834300000
3423,11.696400000,0.378700000
3424,16.695300000,0.261400000
3425,16.600500000,0.248500000
3426,19.043300000,2.473500000
3427,14.023900000,0.643200000
3428,16.730200000,0.265100000
3429,17.443200000,0.962500000
3430,15.600000000,0.225500000
3431,16.729700000,0.346400000
3432,16.756300000,0.384900000
3433,16.686400000,0.313100000
3434,16.707300000,0.317700000
3435,20.120300000,3.380700000
3436,13.590700000,0.252600000
3437,16.628600000,0.269800000
3438,17.136500000,0.513500000
3439,15.680700000,0.343800000
3440,16.923400000,0.479700000
3441,16.682900000,0.268700000
3442,17.948400000,1.452600000
3443,15.619800000,0.279200000
3444,17.221300000,0.816100000
3445,15.923000000,0.573000000
3446,16.616600000,0.250500000
3447,18.589100000,0.953700000
3448,14.533800000,0.215600000
3449,16.693300000,0.339600000
3450,17.172400000,0.404700000
3451,16.654100000,0.265600000
3452,23.445900000,0.281300000
3453,13.365600000,2.939100000
3454,12.620800000,0.220400000
3455,16.653100000,0.312500000
3456,16.825600000,0.430800000
3457,17.491100000,0.966700000
3458,16.063000000,0.169800000
3459,16.873000000,0.250500000
3460,16.640100000,0.288600000
3461,16.693200000,0.362000000
3462,17.397900000,0.947900000
3463,15.751000000,0.301600000
3464,17.146400000,0.786500000
3465,15.866700000,0.402600000
3466,17.075000000,0.630700000
3467,19.961400000,0.240100000
3468,16.313000000,2.327100000
3469,13.601100000,0.300500000
3470,16.719800000,0.246900000
3471,16.625000000,0.254200000
3472,16.982800000,0.523400000
3473,16.835400000,0.309900000
3474,15.577600000,0.254700000
3475,17.779700000,0.393300000
3476,16.227600000,0.594300000
3477,18.696900000,1.616600000
3478,14.969200000,0.594700000
3479,16.670400000,0.313600000
3480,16.856200000,0.164100000
3481,15.500500000,0.195900000
3482,17.667700000,0.280300000
3483,16.787000000,0.331800000
3484,19.746400000,0.450500000
3485,12.742200000,0.380300000
3486,17.257800000,0.833300000
3487,16.752100000,0.327100000
3488,17.202000000,0.296400000
3489,15.658900000,0.253700000
3490,16.956800000,0.610500000
3491,17.142700000,0.802600000
3492,15.861400000,0.233300000
3493,16.999000000,0.542200000
3494,17.097900000,0.237000000
3495,15.662500000,0.281300000
3496,16.565100000,0.207800000
3497,16.579200000,0.203100000
3498,18.250000000,0.228700000
3499,15.920300000,0.412500000
3500,16.652600000,0.257800000
3501,16.855200000,0.392700000
3502,15.618200000,0.247900000
3503,17.782800000,0.444300000
3504,15.989100000,0.672900000
3505,16.504700000,0.178100000
3506,16.784400000,0.391700000
3507,16.914600000,0.476600000
3508,16.787500000,0.338000000
3509,16.745800000,0.326000000
3510,18.435400000,0.209900000
3511,14.596400000,0.274000000
3512,19.893700000,3.229600000
3513,13.605700000,0.265100000
3514,16.695900000,0.218200000
3515,16.657300000,0.331800000
3516,16.534300000,0.215700000
3517,16.707300000,0.267700000
3518,17.215100000,0.657300000
3519,17.313600000,0.631200000
3520,16.466100000,0.480200000
3521,15.618800000,0.250600000
3522,17.071800000,0.606300000
3523,17.037500000,0.665100000
3524,16.550600000,0.245300000
3525,15.692200000,0.285400000
3526,16.714500000,0.284900000
3527,16.778200000,0.278200000
3528,16.792700000,0.445300000
3529,16.663500000,0.266700000
3530,17.833900000,1.323400000
3531,15.701000000,0.254700000
3532,16.748400000,0.321900000
3533,16.680300000,0.277600000
3534,17.225500000,0.232200000
3535,15.695300000,0.252600000
3536,17.013000000,0.623900000
3537,16.612500000,0.275500000
3538,17.169800000,0.771900000
3539,15.742200000,0.332900000
3540,16.633800000,0.226600000
3541,17.014100000,0.647900000
3542,16.860900000,0.474400000
3543,16.837000000,0.404700000
3544,16.816200000,0.152100000
3545,15.592700000,0.276100000
3546,16.693700000,0.244800000
3547,16.586500000,0.240100000
3548,17.976000000,0.603100000
3549,16.163600000,0.588100000
3550,16.885900000,0.487500000
3551,16.934900000,0.556300000
3552,16.071400000,0.182800000
3553,16.981700000,0.437500000
3554,16.888600000,0.502600000
3555,15.756700000,0.280200000
3556,21.143300000,4.217100000
3557,15.301500000,2.996800000
3558,14.144300000,0.767200000
3559,17.605200000,0.178600000
3560,15.935900000,0.608900000
3561,16.141700000,0.209900000
3562,16.753700000,0.381700000
3563,16.630200000,0.259900000
3564,17.396300000,0.398400000
3565,16.051100000,0.656200000
3566,16.717700000,0.153100000
3567,16.650500000,0.304200000
3568,16.841100000,0.481800000
3569,16.618300000,0.259900000
3570,17.175500000,0.791700000
3571,15.756200000,0.146900000
3572,16.784900000,0.232200000
3573,16.943800000,0.451600000
3574,28.301500000,11.004200000
3575,11.034900000,6.356200000
3576,13.978700000,3.025500000
3577,17.906800000,0.733800000
3578,11.605200000,0.229200000
3579,16.543200000,0.225000000
3580,16.786500000,0.298400000
3581,16.867100000,0.498500000
3582,17.573000000,1.157300000
3583,15.830700000,0.315100000
3584,16.712500000,0.257800000
3585,16.664000000,0.263000000
3586,16.574500000,0.235900000
3587,16.946400000,0.402100000
3588,17.140100000,0.213600000
3589,15.760900000,0.258300000
3590,16.610400000,0.251000000
3591,16.777100000,0.263000000
3592,17.579200000,0.273900000
3593,16.960400000,1.190700000
3594,16.088000000,0.688500000
3595,15.730800000,0.409400000
3596,16.924400000,0.261900000
3597,17.069800000,0.515600000
3598,16.630800000,0.253700000
