frame,frameMs,presentMs
1,2.855700000,0.214000000
2,15.175000000,0.153600000
3,16.561500000,0.217700000
4,16.760900000,0.229600000
5,17.232800000,0.663000000
6,16.088600000,0.654200000
7,17.716700000,0.559300000
8,20.027000000,2.642700000
9,11.561500000,0.197900000
10,17.642200000,0.308900000
11,17.159400000,0.615600000
12,16.061900000,0.565100000
13,17.073500000,0.227600000
14,17.017700000,0.184900000
15,16.371300000,0.638500000
16,15.494300000,0.180200000
17,16.794800000,0.220300000
18,17.945300000,1.540100000
19,15.797900000,0.500500000
20,16.557300000,0.121900000
21,16.822400000,0.505200000
22,17.020300000,0.485900000
23,15.958400000,0.185400000
24,16.463500000,0.169800000
25,17.003100000,0.535400000
26,16.580200000,0.293300000
27,16.533900000,0.230700000
28,16.896900000,0.521900000
29,18.134300000,1.226500000
30,15.765700000,0.405800000
31,15.536400000,0.250500000
32,17.827100000,0.421300000
33,15.715100000,0.269800000
34,16.707300000,0.382800000
35,17.096900000,0.130800000
36,16.897400000,0.205200000
37,16.584300000,0.212000000
38,16.582900000,0.171400000
39,16.591100000,0.230200000
40,16.857300000,0.227600000
41,19.110400000,2.205700000
42,13.536500000,0.206800000
43,16.610400000,0.322900000
44,16.643700000,0.359900000
45,17.230200000,0.551600000
46,17.187500000,0.390100000
47,16.636000000,0.828100000
48,16.561400000,1.220900000
49,18.427600000,0.232800000
50,14.612500000,0.272900000
51,17.339100000,0.219200000
52,16.862000000,0.226100000
53,28.182300000,8.290600000
54,15.183300000,11.792700000
55,13.349000000,6.163500000
56,12.939600000,3.831200000
57,13.778100000,0.141200000
58,20.234400000,2.062000000
59,11.964500000,0.325000000
60,18.294800000,1.869300000
61,14.899500000,0.381300000
62,16.578700000,0.228700000
63,17.580700000,0.676000000
64,16.269800000,0.869300000
65,16.571900000,0.267700000
66,17.542100000,0.271300000
67,15.669800000,0.240100000
68,16.587500000,0.166200000
69,17.157800000,0.578100000
70,17.074500000,1.574500000
71,16.040600000,0.424400000
72,16.631300000,0.139600000
73,17.666700000,0.790600000
74,15.822400000,0.278200000
75,16.893700000,0.457800000
76,21.341700000,2.555700000
77,15.581200000,4.174500000
78,12.831800000,0.462500000
79,16.551600000,0.277600000
80,16.622400000,0.287500000
81,17.690600000,1.348400000
82,16.215600000,0.465100000
83,15.791200000,0.212000000
84,17.106200000,0.802600000
85,16.686500000,0.188000000
86,16.500500000,0.184900000
87,18.318200000,1.228600000
88,14.793200000,0.485900000
89,16.724000000,0.419800000
90,16.972900000,0.115100000
91,16.648500000,0.279600000
92,16.881700000,0.258800000
93,16.788600000,1.043200000
94,16.684300000,1.331200000
95,15.853200000,0.345800000
96,16.773400000,0.319800000
97,17.379200000,0.411400000
98,16.128600000,0.251500000
99,16.505200000,0.213500000
100,17.844800000,1.537500000
101,16.054200000,0.404700000
102,15.690600000,0.291600000
103,19.292200000,1.208900000
104,14.831200000,0.471900000
105,16.578700000,0.131300000
106,17.302100000,0.175500000
107,15.752600000,0.212500000
108,16.609400000,0.293200000
109,18.572300000,1.714000000
110,14.618300000,0.282300000
111,16.505200000,0.182300000
112,16.581800000,0.299500000
113,17.161400000,0.691700000
114,17.061000000,0.630200000
115,17.013500000,0.256300000
116,15.615600000,0.254100000
117,17.841700000,1.213100000
118,15.981200000,0.645900000
119,16.477100000,0.172400000
120,20.188000000,3.827600000
121,12.655200000,0.244800000
122,16.572400000,0.177100000
123,17.554700000,0.221800000
124,16.778200000,0.424500000
125,18.793700000,0.682800000
126,13.627600000,0.335400000
127,17.826600000,0.300000000
128,15.515100000,0.219300000
129,16.993200000,0.465100000
130,17.466700000,1.168300000
131,15.927600000,0.402600000
132,16.697900000,0.303700000
133,18.973400000,0.221800000
134,15.337000000,0.389000000
135,15.528100000,0.219300000
136,18.390700000,1.958400000
137,15.252600000,0.552100000
138,16.769200000,0.404200000
139,17.402100000,0.561500000
140,15.611000000,0.305300000
141,17.983800000,0.533900000
142,16.093200000,0.520300000
143,16.662500000,0.313600000
144,15.462500000,0.169800000
145,17.648000000,0.301600000
146,17.013500000,0.214500000
147,15.541700000,0.163600000
148,16.617200000,0.324500000
149,17.380200000,0.845300000
150,16.869200000,0.520300000
151,17.274500000,1.561500000
152,15.612500000,0.258800000
153,16.908300000,0.459900000
154,16.702600000,0.277600000
155,17.100600000,0.412000000
156,15.621800000,0.263600000
157,16.971900000,0.390100000
158,16.599000000,0.292200000
159,17.140100000,0.521400000
160,15.827600000,0.303700000
161,16.892200000,0.264100000
162,16.654700000,0.263600000
163,17.740600000,0.228600000
164,15.454200000,0.187500000
165,16.670800000,0.182800000
166,16.628600000,0.312500000
167,17.348500000,0.425000000
168,17.606200000,1.250500000
169,16.269300000,0.312500000
170,15.835400000,0.486500000
171,16.551600000,0.183300000
172,17.185400000,0.776000000
173,17.117200000,0.148400000
174,15.753600000,0.429700000
175,16.963000000,0.627000000
176,16.888100000,0.543800000
177,15.886400000,0.320800000
178,16.846400000,0.445300000
179,17.248400000,0.827100000
180,16.935400000,0.592700000
181,17.174000000,1.700500000
182,15.536400000,0.202100000
183,18.899500000,0.984900000
184,14.863600000,0.288000000
185,16.167200000,0.622900000
186,16.635900000,0.172900000
187,18.110400000,0.231800000
188,15.974500000,0.676600000
189,16.137500000,0.663500000
190,17.097900000,0.509900000
191,15.720800000,0.216700000
192,16.729700000,0.114100000
193,17.182300000,0.721900000
194,16.713600000,0.186500000
195,17.638500000,0.694800000
196,15.666700000,0.224000000
197,16.849400000,0.348500000
198,15.565700000,0.217200000
199,17.694200000,0.209400000
200,17.111000000,0.739500000
201,15.933800000,0.439000000
202,17.376600000,0.879700000
203,16.338500000,0.856800000
204,15.966700000,0.522900000
205,17.803100000,1.353600000
206,15.611000000,0.253600000
207,16.984900000,0.666600000
208,16.887500000,0.282300000
209,16.667700000,0.183400000
210,16.984900000,0.631800000
211,16.606200000,1.133800000
212,15.651100000,0.357800000
213,16.711900000,0.375500000
214,17.043800000,0.677600000
215,17.567700000,1.120800000
216,16.196300000,0.449500000
217,17.146900000,0.130700000
218,15.689100000,0.377600000
219,17.247900000,0.732300000
220,15.930700000,0.571400000
221,17.157300000,0.701500000
222,16.716200000,0.413000000
223,19.587500000,0.481800000
224,14.003600000,0.677100000
225,15.729200000,0.197900000
226,16.594200000,0.237000000
227,17.318800000,0.654700000
228,16.619800000,0.291700000
229,17.541700000,0.556300000
230,16.039500000,0.505700000
231,16.016700000,0.518300000
232,17.424500000,0.218200000
233,15.953100000,0.312500000
234,16.850000000,0.406800000
235,19.004200000,0.975500000
236,14.644800000,0.360400000
237,16.128100000,0.112000000
238,17.472900000,0.206200000
239,16.379700000,0.142700000
240,18.391700000,0.213500000
241,14.980700000,0.228100000
242,16.526600000,0.202100000
243,17.297400000,0.685900000
244,16.585400000,1.166100000
245,16.029700000,0.175500000
246,16.526500000,0.217700000
247,17.939600000,0.292800000
248,15.828600000,0.287000000
249,15.828200000,0.170300000
250,20.111400000,3.692700000
251,13.745300000,0.196800000
252,16.729200000,0.205200000
253,17.761500000,0.537500000
254,16.634900000,1.254100000
255,15.830200000,0.339600000
256,15.751500000,0.420400000
257,17.087500000,0.557300000
258,16.733400000,0.400600000
259,17.617200000,0.477600000
260,15.706200000,0.370800000
261,16.820800000,0.465600000
262,19.039100000,0.218200000
263,13.797900000,0.347900000
264,17.115100000,0.215600000
265,18.291700000,0.953600000
266,14.867700000,0.534400000
267,16.702100000,0.270900000
268,17.239600000,0.919800000
269,15.808300000,0.414600000
270,16.714600000,0.317200000
271,17.712500000,1.264600000
272,15.693200000,0.220800000
273,17.457800000,0.792100000
274,16.291200000,0.774400000
275,16.635900000,0.234900000
276,16.740600000,0.417200000
277,17.042700000,0.224000000
278,16.307900000,0.319200000
279,16.960900000,0.449000000
280,15.573400000,0.231800000
281,20.920900000,2.854100000
282,12.631700000,0.242200000
283,17.768300000,1.215700000
284,17.313000000,1.197900000
285,16.990100000,2.569800000
286,14.514600000,0.237500000
287,21.410400000,1.027600000
288,12.849500000,0.351600000
289,16.286900000,0.894800000
290,16.548500000,0.127600000
291,17.634400000,1.250500000
292,15.824400000,0.254100000
293,19.162000000,2.506800000
294,13.728100000,0.233800000
295,16.847400000,0.390100000
296,16.499500000,0.176500000
297,16.681300000,0.265600000
298,16.726500000,0.398900000
299,16.992200000,0.532800000
300,17.756800000,1.138600000
301,15.741700000,0.159400000
302,16.530200000,0.227100000
303,16.639000000,0.187000000
304,16.976600000,0.390100000
305,16.560400000,0.639100000
306,16.686500000,0.285400000
307,19.090100000,1.421800000
308,13.602600000,0.120300000
309,17.132300000,0.556200000
310,17.092700000,0.515100000
311,16.491100000,0.682800000
312,15.631300000,0.280800000
313,19.201000000,0.973900000
314,14.671900000,0.290100000
315,16.693700000,0.294800000
316,18.017700000,0.275500000
317,16.113600000,0.199500000
318,15.593700000,0.246300000
319,20.453700000,4.002100000
320,12.835900000,0.510900000
321,17.126100000,0.721900000
322,17.326500000,0.229700000
323,16.353100000,0.613600000
324,15.456800000,0.175500000
325,17.903700000,0.230200000
326,15.567100000,0.287500000
327,18.185500000,0.504700000
328,16.400500000,0.312000000
329,17.000000000,0.178600000
330,16.667700000,1.319300000
331,16.319800000,0.433300000
332,16.171900000,0.870900000
333,17.391100000,0.587500000
334,16.297400000,0.440100000
335,16.979200000,0.561500000
336,16.404700000,0.565700000
337,17.008800000,1.495300000
338,15.526600000,0.194300000
339,16.964000000,0.297300000
340,17.835500000,0.591700000
341,16.101500000,0.646400000
342,17.059400000,1.739600000
343,16.642700000,0.999000000
344,15.674500000,0.285900000
345,17.022400000,0.628700000
346,16.846300000,0.245800000
347,15.823500000,0.434400000
348,17.661900000,0.558800000
349,16.306800000,0.818200000
350,16.536500000,0.108300000
351,17.016100000,0.505200000
352,15.682300000,0.218700000
353,16.829700000,0.473500000
354,16.670800000,0.338500000
355,17.281800000,0.266100000
356,17.869800000,1.318200000
357,14.885900000,0.536500000
358,17.975600000,1.527600000
359,15.531200000,0.225000000
360,18.849000000,2.412500000
361,15.169800000,0.478200000
362,15.579100000,0.261900000
363,17.349500000,0.905200000
364,17.078600000,0.520300000
365,15.752100000,0.318800000
366,16.653200000,0.288500000
367,17.278600000,0.926600000
368,16.526000000,0.221400000
369,16.694300000,0.197900000
370,17.329200000,0.714600000
371,18.106200000,2.562000000
372,14.553700000,0.225500000
373,16.826500000,0.473000000
374,16.658400000,0.323500000
375,17.581700000,1.655200000
376,15.634900000,0.246400000
377,16.491200000,0.200500000
378,17.229100000,0.875000000
379,16.386000000,0.998400000
380,16.610900000,0.275500000
381,17.466200000,0.283900000
382,16.422900000,0.725500000
383,16.176000000,0.749500000
384,16.521400000,0.204700000
385,16.663500000,0.197400000
386,16.519300000,0.190100000
387,18.051000000,0.693200000
388,14.437000000,0.159900000
389,17.919800000,0.562000000
390,15.601000000,0.245800000
391,17.959400000,0.498400000
392,15.486000000,0.202100000
393,18.951500000,1.890600000
394,15.137000000,0.811500000
395,16.885400000,0.393200000
396,17.331800000,0.907300000
397,16.064600000,0.210900000
398,15.838500000,0.438500000
399,17.014100000,0.227100000
400,16.704100000,0.158400000
401,17.671400000,0.255800000
402,15.814100000,0.353100000
403,17.505700000,0.904700000
404,15.665100000,0.253100000
405,16.520300000,0.216600000
406,17.250500000,0.320800000
407,15.833400000,0.402000000
408,17.014500000,0.541200000
409,17.360500000,0.417200000
410,15.636900000,0.288100000
411,16.730800000,0.317100000
412,18.179700000,1.055200000
413,16.253600000,0.236500000
414,15.484900000,0.194200000
415,20.702100000,0.221400000
416,12.856800000,0.560400000
417,17.003100000,0.345900000
418,17.261400000,0.767700000
419,16.668300000,0.248500000
420,16.040100000,0.605200000
421,17.676000000,0.165600000
422,15.726600000,0.403700000
423,17.189000000,0.886000000
424,15.976100000,0.634400000
425,17.248400000,0.436000000
426,15.626100000,0.300600000
427,17.882800000,1.477600000
428,15.804100000,0.513600000
429,17.602100000,0.657800000
430,15.959400000,0.212500000
431,16.576600000,0.256800000
432,16.761400000,0.359900000
433,17.441700000,0.860400000
434,16.718700000,1.324000000
435,16.471900000,0.811900000
436,16.792200000,0.739100000
437,15.791100000,0.466700000
438,17.558900000,0.322400000
439,16.638500000,0.804700000
440,15.657300000,0.318200000
441,17.441200000,0.995300000
442,17.194800000,1.788600000
443,16.025500000,0.588500000
444,15.702100000,0.386000000
445,17.514600000,1.175000000
446,17.450000000,0.715600000
447,15.889500000,0.426600000
448,15.596400000,0.229700000
449,17.786400000,0.201600000
450,15.614600000,0.280700000
451,19.986500000,0.836500000
452,13.583800000,0.272400000
453,16.903700000,0.464600000
454,17.733300000,0.891600000
455,16.076600000,0.361500000
456,15.706200000,0.301000000
457,17.757800000,0.242100000
458,16.352700000,0.603100000
459,17.631200000,1.009400000
460,15.651600000,0.253100000
461,16.636400000,0.339600000
462,16.976600000,0.568200000
463,16.649500000,1.199000000
464,15.710900000,0.368700000
465,19.328600000,1.317700000
466,14.801600000,0.347900000
467,17.540100000,0.472400000
468,15.543800000,0.239600000
469,17.543200000,0.334900000
470,15.782300000,0.452600000
471,16.832800000,0.452100000
472,16.845800000,0.331200000
473,16.029700000,0.450500000
474,16.624000000,0.265700000
475,17.137000000,0.747900000
476,16.585400000,0.291700000
477,16.782800000,0.292100000
478,17.037000000,0.512500000
479,15.986900000,0.577600000
480,16.741200000,0.333300000
481,17.340600000,0.120300000
482,15.625000000,0.321300000
483,16.996900000,0.460400000
484,16.770300000,0.247900000
485,16.868200000,0.381800000
486,16.832300000,0.131700000
487,16.415600000,1.018200000
488,17.929700000,1.084400000
489,15.201100000,0.456300000
490,16.640600000,0.204700000
491,16.684900000,0.297900000
492,16.655700000,0.305200000
493,17.476100000,0.133300000
494,15.651500000,0.351500000
495,16.925000000,0.469800000
496,17.751100000,0.305200000
497,16.292700000,0.172400000
498,16.445300000,0.645300000
499,17.544800000,1.888500000
500,14.767700000,0.423400000
501,16.967700000,0.560400000
502,16.809400000,0.448500000
503,17.272900000,0.589100000
504,15.731800000,0.425600000
505,18.505700000,1.921900000
506,14.794800000,0.399500000
507,17.239600000,0.830700000
508,16.753600000,0.203600000
509,16.817700000,0.307800000
510,17.420900000,1.112500000
511,16.681200000,0.927600000
512,15.715600000,0.413000000
513,17.742200000,0.526100000
514,15.713000000,0.302600000
515,16.866200000,0.513500000
516,15.583800000,0.230200000
517,16.641200000,0.261500000
518,16.864600000,0.575600000
519,16.700500000,0.264500000
520,16.507800000,0.198400000
521,16.926600000,0.298400000
522,17.982300000,1.631800000
523,16.502000000,0.445300000
524,15.464100000,0.166100000
525,18.071400000,0.325000000
526,15.938000000,0.318800000
527,16.823400000,0.385900000
528,18.862000000,3.280700000
529,16.177100000,1.392800000
530,14.659900000,0.272900000
531,16.881700000,0.505700000
532,15.695400000,0.386500000
533,16.814000000,0.360400000
534,16.689600000,0.265600000
535,16.507300000,0.177600000
536,16.549500000,0.201100000
537,18.752100000,0.733900000
538,14.698400000,0.297900000
539,16.764600000,0.297400000
540,16.584400000,0.267700000
541,16.533800000,0.222900000
542,17.514600000,0.200500000
543,16.883800000,0.300500000
544,15.695900000,0.283900000
545,19.152100000,0.455200000
546,14.600500000,0.261000000
547,17.616600000,1.293800000
548,15.438100000,0.161000000
549,16.630200000,0.250000000
550,16.464000000,0.177600000
551,17.687000000,0.312000000
552,16.499000000,0.199500000
553,18.014000000,0.908900000
554,14.514100000,0.213500000
555,16.634400000,0.252600000
556,17.970800000,0.511500000
557,16.502100000,1.111500000
558,15.634400000,0.256300000
559,18.459900000,1.735900000
560,15.582300000,0.234400000
561,17.990100000,0.678700000
562,15.022900000,0.705700000
563,16.873400000,0.423900000
564,16.985400000,0.647900000
565,16.624500000,1.302600000
566,16.546400000,0.224500000
567,17.525000000,1.017200000
568,15.893700000,0.291100000
569,17.437000000,0.671300000
570,15.753600000,0.466700000
571,17.210500000,0.645300000
572,15.569700000,0.226600000
573,16.568300000,0.199000000
574,17.063000000,0.424500000
575,16.723400000,0.273400000
576,16.697400000,0.391700000
577,18.519800000,1.213000000
578,14.499500000,0.201000000
579,16.978100000,0.568200000
580,16.979700000,0.130200000
581,17.519800000,0.667200000
582,15.538000000,0.239000000
583,17.053700000,0.247400000
584,15.487000000,0.187000000
585,20.275500000,1.742700000
586,13.720300000,0.401600000
587,16.441700000,0.154200000
588,16.864000000,0.341200000
589,18.921400000,1.411000000
590,14.693700000,0.357800000
591,17.345900000,0.983800000
592,16.220800000,0.920400000
593,15.687500000,0.242700000
594,16.685900000,0.298900000
595,17.393300000,0.888000000
596,17.139500000,0.830200000
597,15.845900000,0.323900000
598,16.782300000,0.365600000
599,16.496800000,0.199500000
600,16.915100000,0.245800000
601,17.212000000,0.446400000
602,15.948500000,0.558900000
603,17.267100000,0.737500000
604,15.784400000,0.214600000
605,16.739100000,0.438000000
606,20.564600000,0.218700000
607,12.507800000,0.199500000
608,18.014600000,0.683900000
609,16.315600000,0.715100000
610,16.603100000,0.236400000
611,16.614100000,0.231800000
612,16.560900000,0.237500000
613,16.984900000,0.203600000
614,15.642200000,0.121300000
615,16.696300000,0.252600000
616,16.631300000,0.276600000
617,17.184400000,0.357800000
618,16.591100000,0.293700000
619,18.030700000,0.564000000
620,15.537000000,0.210900000
621,17.299000000,0.873500000
622,16.295800000,0.949400000
623,16.515600000,0.203200000
624,17.458400000,1.064600000
625,17.213000000,0.199500000
626,14.883900000,0.458300000
627,16.711900000,0.279100000
628,18.484900000,0.203100000
629,15.022900000,0.321800000
630,16.656800000,0.345300000
631,17.403100000,0.553700000
632,15.466700000,0.166100000
633,16.820800000,0.458800000
634,16.590100000,0.248000000
635,16.989600000,0.369800000
636,16.698500000,0.378700000
637,17.328100000,0.222900000
638,15.648400000,0.277600000
639,18.698500000,0.313000000
640,14.598900000,0.307300000
641,17.390600000,0.165600000
642,17.150000000,0.846400000
643,16.537500000,1.140600000
644,15.507300000,0.183400000
645,17.588600000,0.948900000
646,16.614600000,1.255200000
647,17.465600000,0.736000000
648,15.523900000,0.206800000
649,17.157300000,0.422400000
650,15.811000000,0.224000000
651,16.992200000,0.286500000
652,17.050000000,0.401000000
653,16.878600000,0.424500000
654,16.262000000,0.271400000
655,16.983800000,0.306300000
656,16.916700000,0.385400000
657,15.419800000,0.115100000
658,16.737000000,0.444300000
659,17.283300000,0.879700000
660,17.027100000,0.694800000
661,17.479200000,1.917100000
662,16.069800000,0.268300000
663,15.939500000,0.497900000
664,16.825000000,0.331200000
665,18.378700000,0.285400000
666,14.759900000,0.384900000
667,17.405700000,0.197900000
668,15.623400000,0.327600000
669,17.190700000,0.776100000
670,16.738500000,0.251000000
671,16.996900000,0.431200000
672,15.548900000,0.205800000
673,17.680300000,1.162000000
674,15.670800000,0.354200000
675,16.742700000,0.366200000
676,16.646900000,0.207300000
677,16.534900000,0.204200000
678,16.495800000,0.185400000
679,18.651600000,0.151600000
680,15.625000000,0.284400000
681,18.857300000,0.352100000
682,13.564000000,0.261500000
683,17.969800000,0.501000000
684,15.601600000,0.306300000
685,17.849500000,1.215100000
686,15.483800000,0.180700000
687,17.029200000,0.260400000
688,16.875500000,0.561500000
689,17.416100000,0.729100000
690,15.917700000,0.135500000
691,17.401600000,0.335900000
692,15.592200000,0.330200000
693,16.858900000,0.509900000
694,16.947300000,0.675000000
695,17.059400000,0.631800000
696,15.680200000,0.244200000
697,18.233900000,0.954200000
698,15.524500000,0.214600000
699,17.493200000,0.441100000
700,15.767200000,0.443200000
701,18.653600000,1.867200000
702,14.593800000,0.269300000
703,17.705700000,1.385900000
704,15.633300000,0.194300000
705,17.958400000,0.447900000
706,15.890600000,0.397900000
707,17.169800000,0.172900000
708,15.632300000,0.346400000
709,17.765100000,1.388100000
710,16.324500000,0.353200000
711,15.555200000,0.159400000
712,17.474500000,0.747900000
713,16.968700000,0.460900000
714,15.783300000,0.471400000
715,18.324000000,1.021800000
716,14.702100000,0.285900000
717,16.991600000,0.553100000
718,16.904700000,0.580700000
719,17.559400000,0.286500000
720,16.312500000,0.960400000
721,18.502100000,1.699500000
722,13.502600000,0.218200000
723,17.931800000,0.235400000
724,16.263500000,0.960400000
725,16.968800000,0.509400000
726,15.682800000,0.307300000
727,19.307300000,2.916200000
728,14.591600000,0.113500000
729,17.007800000,0.364600000
730,16.902600000,0.534900000
731,16.546400000,1.177100000
732,15.528100000,0.206700000
733,18.351100000,0.276100000
734,15.506700000,0.196400000
735,16.966200000,0.572400000
736,17.377100000,0.609900000
737,15.763000000,0.440100000
738,16.731800000,0.125500000
739,17.469700000,0.435500000
740,15.668800000,0.320800000
741,16.594800000,0.217200000
742,16.855700000,0.494800000
743,16.609900000,0.294800000
744,16.778100000,0.452600000
745,17.682300000,0.840100000
746,20.883900000,0.743300000
747,12.349500000,0.954700000
748,15.629100000,0.333800000
749,19.164100000,0.155700000
750,14.542700000,0.230700000
751,18.540600000,1.807800000
752,14.517700000,0.181300000
753,16.715700000,0.308400000
754,16.789500000,0.244800000
755,17.076600000,0.500000000
756,15.479700000,0.188500000
757,19.403100000,0.997900000
758,14.587000000,0.322400000
759,17.255700000,0.801600000
760,16.097400000,0.679700000
761,16.795300000,0.268800000
762,17.440100000,1.138600000
763,16.396900000,0.337500000
764,15.635400000,0.230200000
765,17.682800000,0.278200000
766,15.556800000,0.238100000
767,16.845800000,0.358400000
768,16.690700000,0.397400000
769,16.859300000,0.379200000
770,16.762500000,0.362500000
771,18.184400000,0.431200000
772,14.671900000,0.285900000
773,16.617200000,0.208900000
774,16.532300000,0.216700000
775,18.478600000,0.156800000
776,15.480200000,0.210400000
777,17.399000000,0.483800000
778,15.528100000,0.222900000
779,16.763000000,0.305700000
780,16.498500000,0.111500000
781,17.339600000,0.276100000
782,17.020300000,0.696900000
783,15.643200000,0.273400000
784,16.738000000,0.415700000
785,17.102100000,0.642800000
786,16.987500000,0.553100000
787,18.513500000,0.780700000
788,14.509900000,0.225500000
789,17.686000000,0.808300000
790,16.133300000,0.313000000
791,15.813600000,0.162000000
792,16.685900000,0.355200000
793,17.702600000,1.134900000
794,15.647400000,0.288600000
795,19.516700000,2.791700000
796,13.520300000,0.211500000
797,16.988000000,0.524500000
798,16.751000000,0.433300000
799,17.047400000,0.741100000
800,16.818800000,0.356800000
801,17.172900000,0.754200000
802,18.525500000,1.268200000
803,13.567700000,0.184300000
804,16.476600000,0.184900000
805,16.722900000,0.384400000
806,16.642200000,0.266700000
807,16.678600000,0.273400000
808,16.749500000,0.319300000
809,16.678700000,0.187000000
810,19.254100000,0.215100000
811,14.903700000,0.167700000
812,16.933800000,0.638000000
813,15.670900000,0.248500000
814,16.889000000,0.570800000
815,16.930800000,0.491200000
816,18.437500000,1.844200000
817,15.598400000,1.230700000
818,15.641700000,0.276600000
819,19.227600000,1.967200000
820,14.814500000,0.459400000
821,16.507300000,0.906800000
822,16.846400000,0.543200000
823,15.690600000,0.370300000
824,16.589600000,0.260900000
825,19.377600000,1.940100000
826,15.091700000,0.552600000
827,16.390100000,0.312500000
828,16.971300000,0.637500000
829,17.410400000,1.389000000
830,16.420900000,0.662500000
831,15.990600000,0.319300000
832,15.759900000,0.355700000
833,19.513500000,0.296900000
834,13.608400000,0.250000000
835,18.419800000,0.139100000
836,15.693200000,0.315100000
837,17.840100000,1.299000000
838,16.182800000,0.752600000
839,16.800000000,0.613500000
840,15.587500000,0.187500000
841,17.465100000,1.114600000
842,15.617700000,0.262500000
843,17.147900000,0.611000000
844,18.216200000,1.519300000
845,20.482300000,5.029700000
846,16.583800000,5.641600000
847,16.527600000,4.709300000
848,12.032300000,0.753700000
849,16.228700000,0.390100000
850,17.037000000,0.496400000
851,15.860400000,0.295300000
852,16.825000000,0.452100000
853,18.029700000,1.679700000
854,15.600000000,0.210500000
855,17.160400000,0.663100000
856,16.069200000,0.759300000
857,17.145400000,0.645400000
858,15.676500000,0.268700000
859,20.111000000,3.528600000
860,13.533800000,0.234300000
861,17.263600000,0.943800000
862,16.248900000,0.751600000
863,16.816200000,0.423500000
864,16.759900000,0.398400000
865,17.351000000,0.116100000
866,15.530200000,0.232800000
867,16.653600000,0.231200000
868,17.221400000,0.807800000
869,17.357800000,0.623400000
870,15.592200000,0.230200000
871,17.332800000,0.264600000
872,16.165100000,0.284900000
873,18.757300000,0.373400000
874,14.669800000,0.190600000
875,17.452100000,0.681300000
876,16.931200000,0.220800000
877,16.132300000,0.137500000
878,15.583400000,0.253200000
879,20.011900000,2.125000000
880,14.237000000,0.562000000
881,15.691200000,0.276000000
882,16.582300000,0.236500000
883,17.595300000,1.254200000
884,15.721800000,0.369300000
885,16.813600000,0.253700000
886,16.487500000,0.159900000
887,16.840100000,0.377100000
888,16.553100000,0.218700000
889,17.506800000,1.205800000
890,15.800000000,0.466100000
891,16.637500000,0.271900000
892,16.594800000,0.230800000
893,17.997900000,0.125500000
894,15.768700000,0.439100000
895,16.824000000,0.476600000
896,16.843800000,0.266600000
897,17.245800000,0.830700000
898,16.350000000,0.967200000
899,17.189000000,0.381300000
900,15.642200000,0.299500000
901,17.288100000,0.571400000
902,16.754600000,0.442200000
903,16.144300000,0.301000000
904,16.969300000,0.395900000
905,15.543200000,0.185500000
906,17.727100000,0.423900000
907,15.672400000,0.273400000
908,16.788500000,0.316700000
909,16.690100000,0.232300000
910,16.605800000,0.296900000
911,17.229700000,0.838100000
912,16.947900000,0.113500000
913,16.882800000,0.214100000
914,15.943700000,0.583400000
915,16.713600000,0.321400000
916,16.930200000,0.612000000
917,18.365100000,0.216100000
918,14.477100000,0.185900000
919,16.602100000,0.219800000
920,17.158800000,0.754200000
921,16.974000000,0.613000000
922,15.574400000,0.255700000
923,17.867800000,0.369800000
924,15.580700000,0.263000000
925,16.714000000,0.264000000
926,16.539100000,0.214600000
927,18.175000000,0.799000000
928,15.967200000,0.391700000
929,18.279200000,0.194300000
930,14.529100000,0.222900000
931,18.271900000,0.243700000
932,15.501000000,0.211400000
933,16.686500000,0.272900000
934,17.392700000,0.686000000
935,15.443200000,0.142200000
936,16.827100000,0.482300000
937,18.418300000,2.103700000
938,14.713500000,0.410900000
939,18.501600000,0.148900000
940,15.879600000,0.272900000
941,16.893300000,1.452100000
942,15.485900000,0.191600000
943,17.564600000,1.129200000
944,15.799500000,0.411500000
945,17.215600000,0.390600000
946,16.950000000,0.486500000
947,19.650500000,1.153100000
948,12.640100000,0.277100000
949,16.572400000,0.224500000
950,17.537500000,0.229600000
951,17.251600000,0.859900000
952,16.542700000,0.330700000
953,15.653100000,0.295300000
954,16.482800000,0.193700000
955,16.613600000,0.219800000
956,16.465100000,0.172900000
957,17.675000000,0.274000000
958,16.841600000,0.292700000
959,20.085500000,1.591700000
960,12.464500000,0.181300000
961,17.152100000,0.723400000
962,16.969800000,0.449400000
963,15.969300000,0.565100000
964,17.159900000,0.839100000
965,17.671300000,0.564600000
966,15.821400000,0.495300000
967,18.399000000,0.821300000
968,14.480200000,0.192200000
969,16.928100000,0.513500000
970,17.738500000,1.283300000
971,16.265700000,0.494300000
972,15.658800000,0.290100000
973,21.485400000,1.189000000
974,11.614600000,0.224500000
975,17.229200000,0.913500000
976,17.312500000,0.804700000
977,16.587000000,0.496300000
978,15.688500000,0.354700000
979,18.396900000,2.058800000
980,14.662500000,0.345300000
981,16.980700000,0.322400000
982,17.067700000,0.622400000
983,16.914600000,0.414000000
984,15.469300000,0.166200000
985,18.098900000,0.618700000
986,15.479200000,0.193700000
987,16.775000000,0.261500000
988,17.202100000,0.844300000
989,17.509300000,0.329100000
990,15.659400000,0.251000000
991,17.101600000,0.226500000
992,15.657800000,0.327100000
993,16.756800000,0.290100000
994,16.594800000,0.255800000
995,17.357800000,0.823000000
996,16.613000000,0.262000000
997,18.794800000,1.220300000
998,14.625500000,0.310400000
999,17.096400000,0.571300000
1000,15.607800000,0.193700000
1001,16.969200000,0.416200000
1002,16.564600000,0.254600000
1003,17.512000000,0.192700000
1004,15.616700000,0.322400000
1005,16.652600000,0.275000000
1006,16.644200000,0.328700000
1007,16.678200000,0.262000000
1008,16.588500000,0.238600000
1009,18.245800000,1.511000000
1010,15.615700000,0.316700000
1011,16.859300000,0.493800000
1012,17.096900000,0.347900000
1013,17.911500000,0.670300000
1014,14.651000000,0.343200000
1015,18.156300000,0.923400000
1016,16.750500000,1.402100000
1017,15.691100000,0.314600000
1018,15.643800000,0.254700000
1019,17.674500000,0.194800000
1020,16.798400000,0.445300000
1021,15.720300000,0.381200000
1022,16.502600000,0.179700000
1023,16.763000000,0.322400000
1024,17.299500000,0.892200000
1025,17.194300000,0.501000000
1026,15.668700000,0.352100000
1027,17.176100000,0.801100000
1028,17.104700000,0.749500000
1029,16.145300000,0.673900000
1030,17.520800000,0.739600000
1031,16.194800000,0.803700000
1032,15.761500000,0.404700000
1033,19.260400000,1.026600000
1034,14.535400000,0.228100000
1035,20.106800000,0.415700000
1036,12.513000000,0.221800000
1037,17.838000000,0.410900000
1038,15.750500000,0.381800000
1039,16.581300000,0.252600000
1040,16.645800000,0.268200000
1041,16.556300000,0.227600000
1042,18.710400000,0.680800000
1043,16.190100000,0.210500000
1044,15.672900000,0.348900000
1045,18.104200000,0.920300000
1046,15.657300000,0.292800000
1047,17.566600000,0.445900000
1048,15.813600000,0.403100000
1049,15.630700000,0.180200000
1050,17.884900000,0.520300000
1051,15.685400000,0.311500000
1052,16.664600000,0.356800000
1053,16.579700000,0.243800000
1054,16.516100000,0.201000000
1055,17.813000000,0.440100000
1056,16.991700000,1.447400000
1057,16.174000000,0.769800000
1058,16.777600000,0.429200000
1059,17.707800000,0.774500000
1060,14.531800000,0.213000000
1061,17.932800000,0.424500000
1062,15.769800000,0.445400000
1063,17.204100000,0.852600000
1064,16.666200000,0.285500000
1065,17.458300000,0.953600000
1066,16.261500000,0.733900000
1067,16.236400000,0.312500000
1068,16.970900000,0.456700000
1069,15.742100000,0.187500000
1070,16.631800000,0.344200000
1071,16.596400000,0.257800000
1072,17.528600000,0.268200000
1073,16.932300000,0.278100000
1074,16.803700000,1.084400000
1075,16.276000000,0.940600000
1076,16.500000000,0.186400000
1077,16.599000000,0.253700000
1078,17.588500000,0.787000000
1079,15.626000000,0.309400000
1080,16.543300000,0.210400000
1081,17.709300000,0.433400000
1082,15.730300000,0.425500000
1083,16.643700000,0.263600000
1084,16.910400000,0.296900000
1085,17.355200000,0.095800000
1086,17.177600000,1.733800000
1087,16.017700000,1.287000000
1088,15.664100000,0.353100000
1089,17.878100000,0.253600000
1090,16.004200000,0.364600000
1091,16.983800000,0.376600000
1092,15.602700000,0.300600000
1093,16.711900000,0.308300000
1094,16.871400000,0.242700000
1095,22.271900000,0.274400000
1096,11.938500000,1.567200000
1097,16.146900000,0.482300000
1098,16.719800000,0.378100000
1099,17.050000000,0.143800000
1100,15.790600000,0.494200000
1101,17.511500000,0.853600000
1102,15.526000000,0.206200000
1103,18.148400000,1.348400000
1104,15.529200000,0.232800000
1105,17.585900000,1.194800000
1106,16.063100000,0.618300000
1107,16.757200000,0.276000000
1108,16.657900000,0.251100000
1109,16.960900000,0.362500000
1110,15.544800000,0.198400000
1111,17.766100000,0.284900000
1112,15.820900000,0.288600000
1113,17.050000000,0.452600000
1114,16.882300000,0.264100000
1115,16.665600000,0.271400000
1116,16.519300000,0.210400000
1117,20.302000000,0.151100000
1118,12.482300000,0.189100000
1119,17.034400000,0.653600000
1120,18.021900000,1.096400000
1121,15.656800000,0.295800000
1122,16.880200000,0.515100000
1123,16.734300000,1.403600000
1124,15.546400000,0.189100000
1125,17.622400000,0.300000000
1126,16.563000000,0.225500000
1127,16.485900000,0.183900000
1128,16.661500000,0.370800000
1129,17.548400000,0.556800000
1130,15.530800000,0.218200000
1131,17.425500000,0.975000000
1132,15.568200000,0.234900000
1133,16.555200000,0.179100000
1134,18.048500000,0.715100000
1135,16.113000000,0.436400000
1136,16.924500000,0.541700000
1137,15.573400000,0.193800000
1138,17.818200000,0.286400000
1139,16.178200000,0.598400000
1140,16.584900000,0.230200000
1141,20.164000000,1.024500000
1142,12.638000000,0.211500000
1143,18.148000000,0.405700000
1144,15.812500000,0.526100000
1145,17.883800000,1.092200000
1146,15.509900000,0.205700000
1147,17.160900000,0.355800000
1148,15.676100000,0.355200000
1149,16.918200000,0.555700000
1150,17.025500000,0.715100000
1151,16.679700000,0.319300000
1152,16.653100000,0.291100000
1153,18.445400000,1.435400000
1154,14.844700000,0.522900000
1155,19.296400000,2.656800000
1156,13.880700000,0.531800000
1157,16.971900000,0.560500000
1158,16.576000000,0.212500000
1159,17.217800000,0.253700000
1160,15.641100000,0.235400000
1161,16.691100000,0.172400000
1162,17.698000000,1.287500000
1163,15.578100000,0.255700000
1164,16.522400000,0.208900000
1165,18.060400000,1.423400000
1166,15.551600000,0.223000000
1167,16.676500000,0.262000000
1168,16.912500000,0.615100000
1169,17.343300000,0.549000000
1170,15.701000000,0.246900000
1171,16.777100000,0.398500000
1172,16.750000000,0.399500000
1173,17.507800000,1.074500000
1174,15.888000000,0.557800000
1175,17.011500000,0.208900000
1176,16.186400000,0.434900000
1177,17.167200000,0.886400000
1178,15.744300000,0.415600000
1179,16.918700000,0.410400000
1180,16.867200000,0.527000000
1181,17.056800000,0.289500000
1182,16.952600000,0.613000000
1183,15.876000000,0.541100000
1184,16.624500000,0.274500000
1185,16.959900000,0.512000000
1186,16.800000000,0.289000000
1187,18.651600000,1.297400000
1188,14.703600000,0.341600000
1189,17.733900000,0.951500000
1190,16.460900000,0.290600000
1191,20.486500000,5.113000000
1192,13.471300000,1.777100000
1193,15.336000000,0.721900000
1194,16.642700000,0.294800000
1195,18.806700000,0.320800000
1196,13.497400000,0.181800000
1197,18.537000000,1.065600000
1198,17.174000000,1.574000000
1199,15.268700000,0.239600000
1200,17.229700000,0.875500000
1201,16.762500000,0.470800000
1202,15.608400000,0.261400000
1203,16.540600000,0.190100000
1204,16.911400000,0.544800000
1205,16.543300000,0.242800000
1206,16.823400000,0.439600000
1207,17.367200000,0.803100000
1208,15.484400000,0.111500000
1209,16.846300000,0.374500000
1210,16.484900000,0.183300000
1211,16.822900000,0.252100000
1212,16.951100000,0.511500000
1213,17.911400000,1.134400000
1214,15.818300000,0.462500000
1215,16.154600000,0.762500000
1216,16.968300000,0.157300000
1217,16.793200000,0.427100000
1218,16.765600000,0.376000000
1219,19.820300000,0.572400000
1220,12.491700000,0.183800000
1221,18.577100000,1.169200000
1222,16.325000000,0.969300000
1223,15.635900000,0.253100000
1224,17.090700000,0.466600000
1225,17.576000000,1.108300000
1226,16.311500000,0.992800000
1227,15.800500000,0.291700000
1228,16.863500000,0.360400000
1229,16.586500000,0.221400000
1230,16.642200000,0.264500000
1231,17.752000000,0.123500000
1232,15.480300000,0.199000000
1233,16.639000000,0.248400000
1234,17.077600000,0.406800000
1235,15.620900000,0.191200000
1236,16.731200000,0.314600000
1237,16.624000000,0.366200000
1238,16.506200000,0.179100000
1239,18.169300000,0.658900000
1240,15.846300000,0.547400000
1241,16.951600000,0.584900000
1242,16.690600000,0.380200000
1243,17.225000000,0.431300000
1244,15.678700000,0.227100000
1245,16.663500000,0.243800000
1246,16.945300000,0.657300000
1247,18.367700000,1.242700000
1248,14.654200000,0.342700000
1249,17.618200000,1.242700000
1250,16.009400000,0.206700000
1251,17.368800000,0.849500000
1252,15.783300000,0.463000000
1253,18.559900000,0.186500000
1254,14.987500000,0.650000000
1255,19.791700000,3.083300000
1256,14.304600000,0.848000000
1257,18.620400000,3.009800000
1258,13.846800000,0.473400000
1259,16.861500000,0.562500000
1260,16.819300000,0.441700000
1261,18.394700000,1.217700000
1262,14.598000000,0.231800000
1263,16.828600000,0.394800000
1264,16.816200000,0.270900000
1265,17.745800000,1.433900000
1266,14.792700000,0.113000000
1267,16.552100000,0.215100000
1268,16.804700000,0.259900000
1269,16.697900000,0.345900000
1270,16.990600000,0.693700000
1271,17.028700000,0.622900000
1272,16.611900000,0.268700000
1273,17.731800000,0.985400000
1274,15.584400000,0.183800000
1275,16.973900000,0.591100000
1276,15.463100000,0.174500000
1277,17.734300000,0.314100000
1278,16.699500000,0.384900000
1279,16.481300000,1.007900000
1280,16.934900000,0.573000000
1281,15.981700000,0.253600000
1282,17.147900000,0.768200000
1283,17.207300000,0.591200000
1284,16.281300000,0.128600000
1285,16.410900000,1.121800000
1286,16.861500000,0.516200000
1287,17.922400000,1.401100000
1288,14.485900000,0.195300000
1289,17.479200000,0.967200000
1290,16.727600000,0.388500000
1291,16.954200000,0.278700000
1292,15.560900000,0.217700000
1293,18.105700000,0.845300000
1294,15.918800000,0.650000000
1295,17.221800000,0.244200000
1296,15.645900000,0.266200000
1297,18.998900000,2.569800000
1298,14.532900000,0.225000000
1299,16.545800000,0.228100000
1300,17.340600000,0.472400000
1301,15.839100000,0.354100000
1302,16.711400000,0.256200000
1303,18.465100000,1.550500000
1304,14.477600000,0.190100000
1305,19.858400000,0.772400000
1306,13.612500000,0.261000000
1307,20.028600000,3.584400000
1308,13.648500000,0.200000000
1309,17.306200000,0.942700000
1310,15.609400000,0.276100000
1311,19.052100000,0.642200000
1312,14.857800000,0.564600000
1313,16.632300000,0.286400000
1314,16.910400000,0.543200000
1315,17.370800000,0.553700000
1316,15.512000000,0.188500000
1317,16.871900000,0.174500000
1318,16.848400000,0.542200000
1319,16.946400000,0.451100000
1320,16.506200000,0.195800000
1321,16.944300000,0.423500000
1322,15.557800000,0.202600000
1323,17.812500000,0.157300000
1324,16.029700000,0.526000000
1325,16.553100000,0.250000000
1326,16.745300000,0.427600000
1327,16.875500000,0.497900000
1328,16.646900000,0.271900000
1329,17.083400000,0.638000000
1330,15.573900000,0.291100000
1331,17.708900000,0.249500000
1332,15.670800000,0.258300000
1333,18.407300000,1.895800000
1334,15.723900000,0.174400000
1335,17.268800000,0.642700000
1336,15.748400000,0.450600000
1337,20.425600000,0.184400000
1338,12.705200000,0.359400000
1339,17.215600000,0.812500000
1340,16.682800000,0.254700000
1341,16.819800000,0.359800000
1342,24.498400000,7.060400000
1343,8.856800000,0.493200000
1344,15.509400000,0.206300000
1345,18.317700000,0.212500000
1346,15.758300000,0.429700000
1347,16.657800000,0.254700000
1348,17.109400000,0.437500000
1349,15.698400000,0.232900000
1350,16.894300000,0.516700000
1351,17.927600000,0.231800000
1352,15.521400000,0.245800000
1353,16.807300000,0.430200000
1354,16.779100000,0.482800000
1355,17.812000000,0.363000000
1356,15.840600000,0.462500000
1357,16.469800000,0.656800000
1358,16.538600000,0.176600000
1359,16.805200000,0.331700000
1360,16.707800000,0.269800000
1361,17.058300000,0.760900000
1362,15.565600000,0.215600000
1363,18.115700000,1.591700000
1364,15.720800000,0.231200000
1365,16.869800000,0.515100000
1366,16.928100000,0.468200000
1367,15.621400000,0.175500000
1368,16.762000000,0.235400000
1369,17.326000000,0.263000000
1370,16.912500000,0.579200000
1371,15.922400000,0.280200000
1372,17.146900000,0.767700000
1373,16.802100000,0.199000000
1374,16.758300000,0.454700000
1375,15.796900000,0.289000000
1376,16.876000000,0.185900000
1377,16.705700000,0.276500000
1378,17.163600000,0.171400000
1379,16.535900000,0.211900000
1380,16.450000000,0.167700000
1381,17.329700000,0.170300000
1382,15.751000000,0.123000000
1383,16.750600000,0.268800000
1384,16.805200000,0.495300000
1385,18.666600000,0.596400000
1386,14.513100000,0.201000000
1387,20.472900000,1.554200000
1388,12.583800000,0.279100000
1389,16.596900000,0.249000000
1390,17.232300000,0.847400000
1391,16.652600000,0.284400000
1392,16.755700000,0.414600000
1393,17.708400000,0.190100000
1394,15.648400000,0.328100000
1395,16.708300000,0.279700000
1396,17.241200000,0.500600000
1397,15.793700000,0.403100000
1398,16.522900000,0.189100000
1399,19.475600000,3.102100000
1400,13.592200000,0.280200000
1401,16.721300000,0.334400000
1402,17.146400000,0.802100000
1403,16.651000000,0.262000000
1404,16.686500000,0.366200000
1405,17.959900000,1.024500000
1406,15.588000000,0.237500000
1407,16.659400000,0.256200000
1408,18.212500000,0.730800000
1409,14.594700000,0.195400000
1410,16.659400000,0.268200000
1411,17.739600000,0.656800000
1412,15.676600000,0.350600000
1413,16.664000000,0.221900000
1414,16.543300000,0.215700000
1415,17.003600000,0.351000000
1416,16.727600000,0.423900000
1417,16.990100000,0.431700000
1418,16.608300000,0.104700000
1419,17.165100000,0.617200000
1420,15.828200000,0.440700000
1421,17.475500000,0.206300000
1422,15.782800000,0.244300000
1423,17.406300000,1.105700000
1424,16.027000000,0.704200000
1425,16.621900000,0.251000000
1426,16.904200000,0.622900000
1427,17.899500000,0.217200000
1428,16.114000000,0.654200000
1429,17.504200000,0.182300000
1430,14.967700000,0.347400000
1431,16.844300000,0.246400000
1432,17.171800000,0.565100000
1433,15.849500000,0.499500000
1434,28.406800000,6.374000000
1435,12.498400000,7.507300000
1436,11.359900000,3.014600000
1437,15.727100000,0.383300000
1438,16.155700000,0.467800000
1439,16.718800000,1.370300000
1440,15.548400000,0.201000000
1441,16.628700000,0.215700000
1442,16.561400000,0.226500000
1443,17.384900000,0.883400000
1444,17.440700000,0.528600000
1445,16.284300000,0.813000000
1446,16.816200000,0.592200000
1447,17.751000000,2.281200000
1448,14.482300000,0.190600000
1449,16.860400000,0.170800000
1450,16.970300000,0.558800000
1451,16.951600000,0.428200000
1452,17.352100000,0.496900000
1453,16.771900000,0.501100000
1454,15.716600000,0.423900000
1455,16.705200000,0.192100000
1456,17.107800000,0.389100000
1457,16.253200000,0.511500000
1458,16.626000000,0.271400000
1459,17.072900000,0.631700000
1460,15.796400000,0.464600000
1461,17.092700000,0.162000000
1462,16.701600000,0.247900000
1463,22.659800000,0.197400000
1464,10.481800000,0.191100000
1465,19.139100000,0.233400000
1466,13.792700000,0.514600000
1467,16.826600000,0.386900000
1468,17.575000000,1.211500000
1469,15.542100000,0.242200000
1470,17.462000000,0.877100000
1471,18.459400000,0.816700000
1472,14.838500000,0.472400000
1473,17.811500000,0.730800000
1474,15.270800000,0.883300000
1475,16.736500000,0.427100000
1476,16.555200000,0.243800000
1477,17.345300000,0.638100000
1478,15.892200000,0.540100000
1479,16.765600000,0.251500000
1480,16.971400000,0.281200000
1481,20.006700000,3.697400000
1482,12.634900000,0.250500000
1483,17.084400000,0.657200000
1484,16.609900000,0.226500000
1485,17.437500000,1.090100000
1486,15.834900000,0.539600000
1487,17.000000000,0.472900000
1488,16.512000000,0.220300000
1489,19.210900000,0.351600000
1490,13.641200000,0.330700000
1491,17.082300000,0.775000000
1492,16.995300000,0.444800000
1493,15.733800000,0.270300000
1494,16.674000000,0.281300000
1495,18.154200000,1.766700000
1496,15.938500000,0.321300000
1497,16.880200000,0.413000000
1498,16.119300000,0.745300000
1499,16.890100000,0.299500000
1500,17.351000000,0.479700000
1501,17.194800000,0.314600000
1502,15.708900000,0.408400000
1503,16.522900000,0.228100000
1504,17.064000000,0.559900000
1505,17.609900000,0.564000000
1506,14.566700000,0.237500000
1507,16.770300000,0.357800000
1508,16.934900000,0.643700000
1509,16.701600000,0.225500000
1510,17.113000000,0.248900000
1511,16.806200000,0.365600000
1512,16.388600000,0.802100000
1513,17.477100000,0.659300000
1514,15.866600000,0.499400000
1515,16.957900000,0.342200000
1516,15.545800000,0.204700000
1517,18.505200000,0.305700000
1518,15.678100000,0.172900000
1519,17.174500000,0.489600000
1520,15.643200000,0.276000000
1521,18.114600000,1.501000000
1522,15.896900000,0.328200000
1523,16.501500000,1.020300000
1524,16.690700000,0.260900000
1525,17.400000000,0.457800000
1526,18.078600000,2.579700000
1527,13.747900000,0.307300000
1528,17.304200000,0.581800000
1529,16.626000000,0.238100000
1530,16.618800000,0.221900000
1531,18.042200000,1.141700000
1532,14.781200000,0.447300000
1533,16.687000000,0.285900000
1534,16.525500000,0.206700000
1535,16.598500000,0.229700000
1536,17.925000000,0.298500000
1537,16.585900000,1.226000000
1538,15.791700000,0.407300000
1539,16.953600000,0.590600000
1540,16.992700000,0.701500000
1541,16.971400000,0.297400000
1542,15.504700000,0.216200000
1543,18.340100000,0.798500000
1544,15.526500000,0.185400000
1545,16.820900000,0.164100000
1546,17.286900000,0.405200000
1547,16.062500000,0.583800000
1548,16.639600000,0.335900000
1549,17.611500000,0.702600000
1550,15.603100000,0.308300000
1551,17.434900000,1.028700000
1552,16.481800000,0.986500000
1553,16.542700000,0.279700000
1554,15.620300000,0.272400000
1555,18.104200000,0.242200000
1556,15.515600000,0.191600000
1557,16.808800000,0.441700000
1558,17.496900000,1.164600000
1559,15.846900000,0.475500000
1560,16.756200000,0.373000000
1561,18.467800000,0.953200000
1562,14.375500000,0.202600000
1563,16.748400000,0.419300000
1564,17.357300000,0.870900000
1565,16.830200000,0.429700000
1566,16.634400000,0.321400000
1567,18.790100000,0.229700000
1568,13.515600000,0.206700000
1569,17.654700000,0.212000000
1570,16.655700000,0.281200000
1571,16.708900000,0.242200000
1572,16.509900000,0.202600000
1573,19.197400000,0.285900000
1574,13.729100000,0.322900000
1575,16.696400000,0.293300000
1576,16.761500000,0.465700000
1577,16.874400000,0.458800000
1578,16.598000000,0.260400000
1579,17.938000000,0.255200000
1580,15.906700000,0.529600000
1581,15.693800000,0.264100000
1582,16.562500000,0.256800000
1583,16.838000000,0.221900000
1584,16.549500000,0.233300000
1585,16.440600000,0.169800000
1586,17.647400000,0.357900000
1587,16.783900000,0.404200000
1588,16.903100000,0.582300000
1589,15.428600000,0.161500000
1590,17.919800000,0.563000000
1591,16.336000000,0.727600000
1592,18.867700000,2.541700000
1593,19.360900000,2.700000000
1594,11.849500000,0.331800000
1595,17.092200000,0.477600000
1596,15.809900000,0.475000000
1597,17.398400000,1.042200000
1598,15.575000000,0.228100000
1599,16.984900000,0.506200000
1600,17.280200000,0.422900000
1601,16.078700000,0.654700000
1602,16.738000000,0.263600000
1603,17.555200000,0.296900000
1604,15.646400000,0.299500000
1605,16.613500000,0.222400000
1606,17.507300000,0.235400000
1607,15.902100000,0.452600000
1608,16.479700000,0.190100000
1609,17.367100000,0.965100000
1610,16.810500000,0.443800000
1611,15.742700000,0.304700000
1612,17.113500000,0.719300000
1613,16.921900000,0.515600000
1614,16.562500000,0.226600000
1615,16.709900000,0.225500000
1616,16.499500000,0.189100000
1617,17.795800000,0.207300000
1618,15.522900000,0.193700000
1619,16.605700000,0.243300000
1620,16.871900000,0.495800000
1621,16.934900000,0.261400000
1622,15.415100000,0.092800000
1623,20.359900000,0.481200000
1624,13.820800000,0.490100000
1625,16.815700000,0.468200000
1626,18.273400000,1.864600000
1627,15.577100000,1.209400000
1628,15.731800000,0.418800000
1629,16.652600000,0.157900000
1630,16.985400000,0.659400000
1631,17.644300000,0.589100000
1632,15.606700000,0.263000000
1633,17.438000000,0.391200000
1634,16.205800000,0.457300000
1635,16.753100000,0.426000000
1636,15.529700000,0.202600000
1637,17.846900000,0.502100000
1638,15.582800000,0.226100000
1639,18.257800000,0.175000000
1640,15.572400000,0.232800000
1641,16.717700000,0.270900000
1642,26.594300000,4.543800000
1643,12.656700000,6.288600000
1644,13.685400000,3.056300000
1645,18.153700000,4.206800000
1646,13.583300000,1.291600000
1647,19.417200000,3.486500000
1648,12.716700000,0.174000000
1649,20.013500000,1.043700000
1650,12.797400000,0.497900000
1651,16.622400000,0.242700000
1652,16.665600000,0.345400000
1653,16.501600000,0.196900000
1654,17.638500000,0.295800000
1655,19.728200000,2.788600000
1656,13.517200000,0.234900000
1657,16.737500000,0.199500000
1658,16.583300000,0.247900000
1659,16.721300000,0.393700000
1660,16.453200000,0.204100000
1661,16.700500000,0.311500000
1662,16.558300000,0.212000000
1663,16.702600000,0.435400000
1664,16.551100000,0.225500000
1665,16.407800000,0.159900000
1666,16.389000000,0.154700000
1667,19.973000000,2.061400000
1668,13.839500000,0.208800000
1669,17.394300000,1.110400000
1670,15.631300000,0.351600000
1671,16.950500000,0.627600000
1672,17.150000000,0.868700000
1673,17.118200000,0.264000000
1674,15.497900000,0.205700000
1675,17.529200000,0.842700000
1676,15.435400000,0.158800000
1677,17.689600000,0.262500000
1678,16.765600000,0.237500000
1679,16.972900000,0.637000000
1680,15.850000000,0.439600000
1681,17.673500000,0.248500000
1682,17.504700000,1.708900000
1683,14.603600000,0.258300000
1684,16.519800000,0.239600000
1685,16.879700000,0.225500000
1686,17.020800000,0.391600000
1687,17.468800000,0.632300000
1688,17.415100000,0.153700000
1689,14.579700000,0.130200000
1690,16.490600000,0.222900000
1691,17.675000000,0.375500000
1692,17.059400000,0.491100000
1693,16.062500000,0.775600000
1694,16.760400000,0.447400000
1695,16.853100000,0.390100000
1696,16.627600000,0.264100000
1697,16.749500000,0.431700000
1698,15.800500000,0.441700000
1699,17.035900000,0.635900000
1700,18.552100000,1.942100000
1701,14.856300000,0.401600000
1702,16.759900000,0.236500000
1703,16.833300000,0.141700000
1704,16.488600000,0.193200000
1705,16.952000000,0.270300000
1706,16.651600000,0.251000000
1707,17.119300000,0.674000000
1708,16.867700000,1.039600000
1709,15.837500000,0.171900000
1710,16.514000000,0.224500000
1711,16.778700000,0.340100000
1712,16.831800000,0.346400000
1713,17.154600000,0.810500000
1714,15.984400000,0.666700000
1715,16.572400000,0.249500000
1716,16.625000000,0.210400000
1717,17.164600000,0.259400000
1718,15.665600000,0.319800000
1719,16.657800000,0.254700000
1720,16.644800000,0.305800000
1721,16.724500000,0.359400000
1722,16.719800000,0.317700000
1723,17.028100000,0.552600000
1724,17.257300000,0.365600000
1725,15.840600000,0.457300000
1726,17.217200000,0.859900000
1727,17.166200000,0.829700000
1728,15.820800000,0.242200000
1729,17.044800000,0.233300000
1730,16.618200000,0.313000000
1731,16.514100000,0.200000000
1732,16.688500000,0.188000000
1733,16.839100000,0.452100000
1734,16.550000000,0.225500000
1735,17.810900000,0.180200000
1736,15.773500000,0.344800000
1737,16.923400000,0.603600000
1738,15.515100000,0.244700000
1739,16.757300000,0.265100000
1740,16.626000000,0.258300000
1741,17.443800000,1.070800000
1742,16.867700000,0.318200000
1743,16.304200000,0.156800000
1744,16.630200000,0.200500000
1745,17.301500000,0.650500000
1746,16.637000000,0.172400000
1747,16.949000000,1.409900000
1748,16.069800000,0.690100000
1749,15.569200000,0.239600000
1750,19.443800000,1.316100000
1751,14.693200000,0.219300000
1752,16.562500000,0.243700000
1753,19.606800000,0.455700000
1754,13.638500000,0.274400000
1755,16.697400000,0.290600000
1756,17.384400000,0.305200000
1757,16.087000000,0.739100000
1758,16.702600000,0.359900000
1759,16.810900000,0.356800000
1760,16.554200000,0.219300000
1761,17.365600000,0.609900000
1762,16.005200000,0.134900000
1763,16.949000000,0.512500000
1764,16.702600000,0.310400000
1765,15.551000000,0.238500000
1766,16.693800000,0.347900000
1767,16.805200000,0.482300000
1768,19.081200000,2.142800000
1769,14.834400000,0.494300000
1770,16.849500000,0.395300000
1771,16.839600000,0.243200000
1772,15.554700000,0.230200000
1773,17.033300000,0.414500000
1774,18.076600000,0.604200000
1775,15.751000000,0.418200000
1776,16.902100000,0.196400000
1777,15.632300000,0.354200000
1778,16.566600000,0.167200000
1779,17.954700000,0.218700000
1780,15.606800000,0.329200000
1781,16.589100000,0.234900000
1782,16.563500000,0.231200000
1783,16.611500000,0.246400000
1784,17.610900000,0.206200000
1785,16.865600000,0.301000000
1786,16.372400000,0.754700000
1787,16.639600000,0.278600000
1788,17.188500000,0.523000000
1789,15.560500000,0.205200000
1790,16.489500000,0.192700000
1791,16.929200000,0.565600000
1792,17.569800000,1.160400000
1793,16.091700000,0.690700000
1794,16.835400000,0.485500000
1795,16.789600000,0.244300000
1796,16.752600000,0.379600000
1797,17.775000000,0.913500000
1798,14.589600000,0.304700000
1799,16.692700000,0.169300000
1800,17.032300000,0.391100000
1801,16.779100000,0.449500000
1802,16.537000000,0.234900000
1803,16.597900000,0.213000000
1804,17.450000000,0.903100000
1805,15.667700000,0.308300000
1806,16.515100000,0.216100000
1807,17.580200000,0.203700000
1808,16.515100000,0.209400000
1809,16.801600000,0.345300000
1810,16.893800000,0.211000000
1811,15.666100000,0.261500000
1812,17.138500000,0.301500000
1813,17.068800000,0.756800000
1814,16.588000000,0.285400000
1815,18.240100000,1.923500000
1816,14.845300000,0.446800000
1817,16.553700000,0.206800000
1818,16.740100000,0.340100000
1819,16.982300000,0.151000000
1820,16.485400000,0.206800000
1821,17.922400000,1.502000000
1822,15.782800000,0.479200000
1823,15.830700000,0.457300000
1824,17.005800000,0.644200000
1825,16.910900000,0.122900000
1826,17.147900000,0.456800000
1827,17.143800000,1.530700000
1828,15.668700000,0.229700000
1829,16.687000000,0.358300000
1830,16.728100000,0.306300000
1831,16.821400000,0.289000000
1832,15.985400000,0.170900000
1833,16.877600000,0.382800000
1834,17.078600000,0.156200000
1835,16.975600000,0.607300000
1836,16.067700000,0.562000000
1837,17.514000000,0.165100000
1838,15.841200000,0.285400000
1839,16.969800000,0.602600000
1840,15.618700000,0.340100000
1841,17.904200000,0.507300000
1842,15.514600000,0.192200000
1843,16.511400000,0.223400000
1844,17.815100000,0.518200000
1845,15.773500000,0.409400000
1846,19.207300000,0.151100000
1847,14.623900000,0.325500000
1848,16.626100000,0.138100000
1849,17.427000000,0.445300000
1850,15.755200000,0.388100000
1851,16.981300000,0.650600000
1852,17.534900000,0.609900000
1853,17.114600000,1.767200000
1854,15.021800000,0.168800000
1855,17.129200000,0.820300000
1856,16.800000000,0.350500000
1857,16.603700000,1.295400000
1858,16.804600000,0.386400000
1859,15.490700000,0.168200000
1860,18.145800000,0.498900000
1861,15.841700000,0.494300000
1862,16.659900000,0.196900000
1863,16.795300000,0.456300000
1864,16.797900000,0.279200000
1865,16.557800000,0.231700000
1866,16.521900000,0.222400000
1867,17.900000000,0.231800000
1868,15.866700000,0.471400000
1869,15.736900000,0.362500000
1870,16.700000000,0.395300000
1871,20.821900000,0.214000000
1872,12.683900000,0.352000000
1873,17.405700000,1.027000000
1874,15.680200000,0.386900000
1875,16.784900000,0.485400000
1876,16.635400000,0.176500000
1877,16.696400000,0.343700000
1878,16.698400000,0.317200000
1879,17.249000000,0.770300000
1880,18.679600000,2.026600000
1881,15.738100000,1.365100000
1882,16.470300000,0.129700000
1883,22.340600000,3.971400000
1884,11.501600000,1.826600000
1885,15.131200000,0.781200000
1886,16.505700000,0.216700000
1887,16.866200000,0.237500000
1888,17.638000000,0.628100000
1889,15.666200000,0.268300000
1890,22.445300000,1.843200000
1891,10.952600000,0.158900000
1892,16.563000000,0.206200000
1893,16.542200000,0.230700000
1894,16.870300000,0.488000000
1895,17.175500000,0.296900000
1896,15.783400000,0.283300000
1897,16.838000000,0.532800000
1898,16.683300000,0.283400000
1899,16.640600000,0.261500000
1900,16.930200000,0.597400000
1901,16.661500000,0.243800000
1902,16.706200000,0.288000000
1903,17.549000000,0.215600000
1904,20.341700000,0.121900000
1905,11.790600000,0.501000000
1906,16.829200000,0.507300000
1907,16.670300000,0.327100000
1908,16.712500000,0.267200000
1909,16.968700000,0.296300000
1910,16.777600000,0.406200000
1911,17.394800000,1.106300000
1912,16.326600000,0.625000000
1913,15.510400000,0.154600000
1914,16.645300000,0.361900000
1915,16.553100000,0.227100000
1916,17.271900000,0.482300000
1917,16.972400000,0.588000000
1918,15.545800000,0.200000000
1919,17.804700000,0.463500000
1920,15.539600000,0.214600000
1921,19.267700000,0.696300000
1922,14.638600000,0.311000000
1923,16.717700000,0.372400000
1924,17.082800000,0.249000000
1925,15.675000000,0.122400000
1926,16.886400000,0.176100000
1927,17.438100000,0.810400000
1928,15.554100000,0.266700000
1929,18.957300000,0.220800000
1930,15.247400000,0.740600000
1931,16.431800000,0.158800000
1932,16.720300000,0.139000000
1933,17.054200000,0.271900000
1934,16.656700000,0.280200000
1935,20.825000000,4.477100000
1936,11.476600000,0.191100000
1937,17.672400000,0.368200000
1938,16.894800000,0.516700000
1939,15.668700000,0.322400000
1940,16.733900000,0.357800000
1941,17.043700000,0.701000000
1942,16.788600000,0.160400000
1943,17.911400000,1.534900000
1944,15.478200000,0.204700000
1945,17.280200000,0.234400000
1946,16.482300000,0.922900000
1947,15.588000000,0.237500000
1948,16.542200000,0.198400000
1949,16.648400000,0.228100000
1950,16.554700000,0.250500000
1951,18.682800000,1.141700000
1952,15.666700000,0.228100000
1953,16.516100000,0.202000000
1954,16.700500000,0.238600000
1955,16.755300000,0.378100000
1956,17.339000000,0.167700000
1957,17.831800000,0.966700000
1958,14.861400000,0.443700000
1959,16.774500000,0.427600000
1960,15.487500000,0.178100000
1961,17.591700000,0.252600000
1962,16.643200000,0.318200000
1963,17.879200000,0.853200000
1964,16.086400000,0.585900000
1965,15.801100000,0.421900000
1966,17.113500000,0.537500000
1967,17.320300000,0.246300000
1968,15.534900000,0.219300000
1969,20.528700000,4.180700000
1970,12.480700000,0.199400000
1971,17.073500000,0.706300000
1972,16.801000000,0.143200000
1973,16.868700000,0.404200000
1974,16.931800000,0.439100000
1975,16.677100000,0.504700000
1976,15.491700000,0.208900000
1977,16.761400000,0.214600000
1978,16.616700000,0.248400000
1979,16.644300000,0.228700000
1980,16.565600000,0.281200000
1981,17.840100000,0.219300000
1982,15.702600000,0.312500000
1983,16.626600000,0.276600000
1984,19.328100000,0.612500000
1985,15.546300000,0.689000000
1986,15.871400000,0.582300000
1987,17.078600000,0.353600000
1988,15.446400000,0.177600000
1989,16.990100000,0.685900000
1990,16.737000000,0.420300000
1991,16.833300000,0.478100000
1992,16.524500000,0.214600000
1993,18.089000000,1.795900000
1994,15.883400000,0.219300000
1995,15.958800000,0.259300000
1996,16.805800000,0.505800000
1997,16.679100000,0.125500000
1998,16.890700000,0.438100000
1999,23.131200000,6.400500000
2000,10.023400000,0.600000000
2001,16.469800000,0.175000000
2002,16.765100000,0.478200000
2003,16.712000000,0.327600000
2004,17.525500000,0.458400000
2005,15.720400000,0.364100000
2006,16.657200000,0.264500000
2007,16.540100000,0.218200000
2008,16.558400000,0.213500000
2009,19.023400000,2.605200000
2010,14.725500000,0.273400000
2011,17.447400000,0.629700000
2012,15.551600000,0.214000000
2013,16.983300000,0.564100000
2014,16.965100000,0.227100000
2015,16.806300000,0.289600000
2016,15.794300000,0.402100000
2017,16.652000000,0.264600000
2018,17.118300000,0.377100000
2019,16.770300000,0.383900000
2020,16.738000000,0.244800000
2021,16.524500000,0.226600000
2022,16.507300000,0.216200000
2023,16.987000000,0.680700000
2024,16.745800000,0.355700000
2025,16.759900000,0.388000000
2026,16.678600000,0.315600000
2027,16.737000000,0.415600000
2028,15.535900000,0.195400000
2029,18.706300000,0.682800000
2030,17.499000000,0.461400000
2031,14.563000000,0.218200000
2032,16.983800000,0.464000000
2033,16.158900000,0.579200000
2034,16.565100000,0.250500000
2035,17.241100000,0.120300000
2036,16.466200000,0.197400000
2037,16.763000000,0.367700000
2038,17.084400000,0.547400000
2039,15.863000000,0.495800000
2040,17.328600000,0.152600000
2041,15.739600000,0.422400000
2042,16.797900000,0.145800000
2043,16.900000000,0.236900000
2044,17.329200000,0.250500000
2045,16.206800000,0.812500000
2046,16.780700000,0.400500000
2047,16.660900000,0.211000000
2048,17.165100000,0.557800000
2049,16.153700000,0.129100000
2050,16.551000000,0.199500000
2051,16.575000000,0.299500000
2052,17.358900000,0.136000000
2053,16.206800000,0.896900000
2054,16.526500000,0.202600000
2055,18.609900000,0.334400000
2056,15.394800000,0.420300000
2057,16.259400000,0.392700000
2058,16.658300000,0.362500000
2059,15.605700000,0.202100000
2060,17.518300000,0.207800000
2061,17.089600000,0.736000000
2062,15.574400000,0.210400000
2063,16.766200000,0.352100000
2064,16.582800000,0.250500000
2065,16.672900000,0.372400000
2066,16.527100000,0.221300000
2067,20.657800000,4.254200000
2068,12.746900000,0.395300000
2069,16.584400000,0.156800000
2070,16.771800000,0.426100000
2071,17.132800000,0.772900000
2072,16.869300000,0.498900000
2073,16.836000000,0.208900000
2074,19.855200000,0.176100000
2075,12.983300000,0.298900000
2076,16.564100000,0.253700000
2077,20.953100000,4.576500000
2078,12.462000000,0.172400000
2079,16.704700000,0.225000000
2080,16.692700000,0.390700000
2081,16.984900000,0.170900000
2082,16.678100000,0.352100000
2083,16.664600000,0.228700000
2084,16.511900000,0.213600000
2085,16.503200000,0.203100000
2086,16.786400000,0.417700000
2087,16.607300000,0.244800000
2088,19.594300000,2.821900000
2089,14.574500000,1.241600000
2090,15.635900000,0.292700000
2091,16.778700000,0.443700000
2092,17.004100000,0.659900000
2093,17.121900000,0.299500000
2094,15.777100000,0.476000000
2095,17.962500000,1.561000000
2096,15.769200000,0.350000000
2097,18.586500000,2.163000000
2098,14.810400000,0.141200000
2099,16.722900000,0.407900000
2100,16.866700000,0.338500000
2101,15.637500000,0.290600000
2102,17.155700000,0.784900000
2103,16.695900000,0.279600000
2104,17.343200000,0.576000000
2105,15.995800000,0.351500000
2106,16.766200000,0.274000000
2107,17.432300000,0.936500000
2108,15.721800000,0.371400000
2109,16.680300000,0.173400000
2110,16.802000000,0.491700000
2111,16.696400000,0.381800000
2112,16.466700000,0.240700000
2113,17.510900000,1.152600000
2114,18.367200000,2.397400000
2115,13.827100000,0.382800000
2116,16.494800000,0.204700000
2117,16.787500000,0.322400000
2118,16.875500000,0.420800000
2119,17.459900000,1.074500000
2120,15.713000000,0.304200000
2121,16.632300000,0.329700000
2122,16.647400000,0.342200000
2123,17.471300000,0.191100000
2124,16.599500000,0.321300000
2125,17.257800000,0.259900000
2126,21.255200000,4.730700000
2127,10.790100000,0.234900000
2128,16.827600000,0.506800000
2129,16.626600000,0.252100000
2130,16.532800000,0.208800000
2131,17.189600000,0.859400000
2132,16.651600000,0.306200000
2133,16.731200000,0.283300000
2134,16.970300000,0.325000000
2135,17.150000000,1.561500000
2136,15.611500000,0.299000000
2137,16.888500000,0.602100000
2138,16.686500000,0.368800000
2139,16.513500000,0.208800000
2140,17.405200000,0.609400000
2141,15.533900000,0.222400000
2142,16.541100000,0.218300000
2143,16.596900000,0.252600000
2144,17.782800000,0.304200000
2145,15.686500000,0.284400000
2146,17.229700000,0.827000000
2147,16.868200000,0.474500000
2148,16.908900000,0.518200000
2149,15.623900000,0.240100000
2150,16.620300000,0.296800000
2151,16.836000000,0.167800000
2152,16.945300000,0.617700000
2153,16.926500000,0.483300000
2154,16.746400000,0.116100000
2155,16.896300000,0.268200000
2156,15.734400000,0.229700000
2157,16.606300000,0.249500000
2158,17.609300000,1.258400000
2159,15.661000000,0.211500000
2160,18.726500000,0.257300000
2161,14.532900000,0.216700000
2162,17.655200000,0.345300000
2163,16.574400000,0.179700000
2164,16.653200000,0.302100000
2165,16.647400000,0.262500000
2166,17.655700000,0.560400000
2167,16.009900000,0.231300000
2168,15.575500000,0.234400000
2169,16.656300000,0.246400000
2170,16.452600000,0.169300000
2171,17.558300000,0.256800000
2172,16.627100000,0.181300000
2173,17.028100000,0.513500000
2174,15.800500000,0.341100000
2175,16.754200000,0.308800000
2176,16.779700000,0.451600000
2177,16.614000000,0.216200000
2178,17.753700000,1.144700000
2179,15.856200000,0.574000000
2180,16.500600000,0.187500000
2181,16.736400000,0.434300000
2182,17.078700000,0.683900000
2183,16.620800000,0.230700000
2184,17.345800000,0.616600000
2185,16.711000000,1.435400000
2186,15.691600000,0.233800000
2187,16.594800000,0.265600000
2188,16.775000000,0.438500000
2189,16.568300000,0.104700000
2190,18.483300000,0.227100000
2191,14.796300000,0.493300000
2192,16.515100000,0.219300000
2193,16.574500000,0.221300000
2194,16.551100000,0.244300000
2195,16.542700000,0.202100000
2196,18.323400000,0.743800000
2197,16.009400000,0.188000000
2198,16.863000000,0.343700000
2199,16.138600000,0.755200000
2200,17.184300000,0.209900000
2201,15.570900000,0.208400000
2202,17.682800000,0.581800000
2203,15.570800000,0.265100000
2204,16.646900000,0.121400000
2205,17.938000000,0.153600000
2206,16.267200000,0.154200000
2207,16.643700000,0.240700000
2208,16.740700000,0.330200000
2209,16.906700000,0.185900000
2210,15.750600000,0.257300000
2211,16.782200000,0.441200000
2212,16.492200000,0.187000000
2213,17.044800000,0.653100000
2214,18.437000000,1.224500000
2215,15.087500000,0.735900000
2216,18.204700000,0.814600000
2217,15.127600000,0.761500000
2218,17.133900000,0.122400000
2219,16.260900000,0.163600000
2220,16.643200000,0.300000000
2221,18.626100000,1.665600000
2222,15.007300000,0.639000000
2223,15.633800000,0.285400000
2224,16.487000000,0.194300000
2225,17.715600000,0.282300000
2226,17.910900000,1.019700000
2227,14.696900000,0.396300000
2228,16.491700000,0.184900000
2229,16.790600000,0.303100000
2230,17.499000000,0.986400000
2231,17.288500000,0.451100000
2232,15.664600000,0.206800000
2233,17.326000000,0.416100000
2234,16.157900000,0.628700000
2235,16.878100000,0.152600000
2236,17.384900000,0.757300000
2237,15.682300000,0.291600000
2238,17.050500000,0.233300000
2239,17.580200000,2.274500000
2240,15.825000000,0.400500000
2241,15.721900000,0.337500000
2242,16.526500000,0.199000000
2243,16.825600000,0.332800000
2244,17.055200000,0.380300000
2245,17.285400000,0.178200000
2246,16.016600000,0.568200000
2247,17.121900000,0.104700000
2248,15.803700000,0.287000000
2249,16.669800000,0.295300000
2250,16.589500000,0.256200000
2251,17.333900000,1.000500000
2252,16.543700000,0.186500000
2253,16.856800000,0.325500000
2254,20.471900000,3.687000000
2255,12.840600000,0.473900000
2256,16.703100000,0.246800000
2257,17.025000000,0.421900000
2258,15.481800000,0.205200000
2259,17.403100000,0.990600000
2260,18.281300000,0.791700000
2261,15.092200000,0.700000000
2262,18.614600000,1.427600000
2263,15.540100000,0.217800000
2264,15.985400000,0.494800000
2265,16.719200000,0.354100000
2266,16.515700000,0.214600000
2267,16.971300000,0.528600000
2268,15.684900000,0.326500000
2269,16.554200000,0.237000000
2270,19.613500000,0.337000000
2271,14.790100000,0.440100000
2272,17.770900000,0.965100000
2273,14.882800000,0.553700000
2274,19.939600000,3.356700000
2275,14.368200000,0.262500000
2276,15.781800000,0.305700000
2277,16.635400000,0.281300000
2278,16.828100000,0.455200000
2279,16.632300000,0.260900000
2280,19.776600000,1.190100000
2281,14.300000000,0.187500000
2282,16.680200000,0.134900000
2283,16.133800000,0.743200000
2284,17.342700000,0.566700000
2285,15.667700000,0.333900000
2286,17.102600000,0.583400000
2287,17.101100000,0.496800000
2288,15.585400000,0.231300000
2289,16.662500000,0.365600000
2290,16.925500000,0.239600000
2291,16.515100000,0.245900000
2292,17.463600000,0.654100000
2293,16.426500000,0.840600000
2294,17.532800000,1.151600000
2295,15.503700000,0.189600000
2296,17.004700000,0.258900000
2297,16.212000000,0.697400000
2298,17.475000000,0.783300000
2299,16.124400000,0.715600000
2300,17.128700000,0.622900000
2301,15.663000000,0.258400000
2302,18.102600000,0.502600000
2303,17.000500000,1.610900000
2304,15.729700000,0.419300000
2305,15.711500000,0.372400000
2306,17.285400000,0.707300000
2307,16.636400000,0.270300000
2308,17.518300000,0.134400000
2309,15.676500000,0.372900000
2310,16.930800000,0.402100000
2311,17.278100000,0.688000000
2312,15.800000000,0.376500000
2313,19.032800000,0.207300000
2314,17.557300000,2.906800000
2315,15.294800000,1.692100000
2316,16.065600000,1.163000000
2317,16.187000000,0.138500000
2318,17.762500000,2.399500000
2319,14.522900000,0.206200000
2320,17.414600000,0.709400000
2321,15.628600000,0.280800000
2322,17.582300000,0.997400000
2323,17.132800000,0.732800000
2324,16.422400000,0.822400000
2325,15.715100000,0.154600000
2326,17.429200000,0.337500000
2327,15.791200000,0.309400000
2328,16.975500000,0.428700000
2329,17.212000000,0.899000000
2330,15.521800000,0.215100000
2331,17.804700000,0.376000000
2332,15.852100000,0.419800000
2333,17.288500000,0.918300000
2334,17.068300000,0.566100000
2335,15.617700000,0.243800000
2336,16.971900000,0.438500000
2337,17.632800000,1.154700000
2338,15.872900000,0.463600000
2339,17.118700000,0.450500000
2340,16.008400000,0.440600000
2341,16.916600000,0.516700000
2342,16.874000000,0.516600000
2343,16.720300000,0.354100000
2344,18.707800000,0.273500000
2345,15.000000000,0.663500000
2346,15.716700000,0.290100000
2347,17.817700000,0.585400000
2348,16.153600000,0.400000000
2349,15.642200000,0.296900000
2350,18.494800000,0.800500000
2351,15.391200000,0.307800000
2352,17.513000000,0.966100000
2353,16.540600000,0.425600000
2354,15.725000000,0.296900000
2355,16.624000000,0.274500000
2356,18.159300000,0.674400000
2357,15.772400000,0.453200000
2358,17.474500000,0.661500000
2359,16.554700000,0.595800000
2360,15.874000000,0.485400000
2361,16.656200000,0.288000000
2362,18.235400000,0.749000000
2363,14.526100000,0.232800000
2364,17.144800000,0.379200000
2365,19.133300000,0.244300000
2366,13.829700000,0.269300000
2367,16.583800000,0.248900000
2368,17.040100000,0.497400000
2369,16.868300000,0.326100000
2370,20.351000000,0.831700000
2371,12.787500000,0.448400000
2372,17.326100000,0.914000000
2373,16.544200000,1.209900000
2374,18.199500000,0.209400000
2375,14.991200000,0.617700000
2376,16.547300000,0.190600000
2377,16.598500000,0.182800000
2378,16.918700000,0.503700000
2379,15.647400000,0.261400000
2380,18.193800000,0.155200000
2381,16.524500000,0.852000000
2382,16.704600000,0.359300000
2383,16.228200000,0.701100000
2384,16.289600000,0.870300000
2385,16.654100000,0.316200000
2386,17.240600000,0.508900000
2387,16.687500000,0.392700000
2388,15.765200000,0.431800000
2389,17.208300000,0.839100000
2390,17.188500000,0.521900000
2391,15.631300000,0.281800000
2392,17.244200000,0.243200000
2393,16.829200000,0.252100000
2394,16.502100000,0.677100000
2395,16.984900000,0.575600000
2396,16.167200000,0.512000000
2397,16.850500000,0.417700000
2398,18.369300000,1.577600000
2399,14.906700000,0.227600000
2400,17.088600000,0.679700000
2401,16.384400000,1.100500000
2402,16.209300000,0.791700000
2403,16.752600000,0.386900000
2404,19.519800000,0.456200000
2405,15.274500000,1.840600000
2406,14.715100000,0.437500000
2407,16.705700000,0.247400000
2408,17.224000000,0.573900000
2409,17.213000000,0.796900000
2410,16.290600000,0.354600000
2411,16.716700000,0.236900000
2412,18.126600000,1.006300000
2413,14.767700000,0.411500000
2414,17.254700000,0.829200000
2415,15.503100000,0.214600000
2416,18.050000000,0.478600000
2417,15.675000000,0.274500000
2418,19.407800000,2.897900000
2419,13.742700000,0.342200000
2420,16.842200000,0.462500000
2421,17.059900000,0.712500000
2422,18.880700000,0.949000000
2423,14.551100000,0.191200000
2424,16.890100000,0.378100000
2425,15.712000000,0.411500000
2426,17.157200000,0.567100000
2427,22.620900000,0.232800000
2428,10.756200000,0.441100000
2429,16.554700000,0.270900000
2430,16.571400000,0.241700000
2431,30.252600000,9.622900000
2432,13.774500000,11.221900000
2433,10.988500000,5.680800000
2434,12.846900000,0.876500000
2435,15.628600000,0.286400000
2436,18.252600000,0.165100000
2437,14.522900000,0.225600000
2438,17.903700000,1.531300000
2439,15.635900000,0.278600000
2440,17.187500000,0.778100000
2441,17.237000000,0.135400000
2442,15.822400000,0.333300000
2443,16.878600000,0.564600000
2444,17.176100000,0.150500000
2445,15.571300000,0.253600000
2446,17.727100000,1.156200000
2447,16.222400000,0.851600000
2448,16.921900000,0.444300000
2449,16.930700000,0.521900000
2450,17.721900000,0.184900000
2451,14.688000000,0.290600000
2452,17.031800000,0.515100000
2453,16.708800000,0.352600000
2454,16.894300000,0.525500000
2455,16.993800000,0.480200000
2456,15.705200000,0.270300000
2457,16.695800000,0.282300000
2458,17.218800000,0.134900000
2459,17.975000000,0.341700000
2460,19.036900000,4.270300000
2461,12.859400000,0.268800000
2462,17.040600000,0.670800000
2463,15.789600000,0.333300000
2464,16.575000000,0.236400000
2465,16.677100000,0.297900000
2466,20.232800000,2.591100000
2467,20.589100000,0.247400000
2468,9.454100000,0.181300000
2469,16.645900000,0.334400000
2470,17.105200000,0.218700000
2471,17.372900000,0.129200000
2472,16.078100000,0.575500000
2473,17.287500000,0.742700000
2474,15.782300000,0.393300000
2475,16.687500000,0.270800000
2476,20.062500000,0.516700000
2477,12.518800000,0.213000000
2478,16.783300000,0.143200000
2479,16.644800000,0.350000000
2480,16.879700000,0.446400000
2481,16.658800000,0.277600000
2482,17.223500000,0.710900000
2483,16.958300000,0.610400000
2484,19.054200000,0.280200000
2485,14.242700000,0.360400000
2486,17.519800000,0.806800000
2487,15.924500000,0.569800000
2488,16.761400000,1.140600000
2489,15.783300000,0.470400000
2490,16.992200000,0.461500000
2491,20.019800000,0.247900000
2492,12.993800000,0.401100000
2493,16.685400000,0.335400000
2494,18.332800000,0.847400000
2495,14.571400000,0.237500000
2496,16.558800000,0.196300000
2497,18.456800000,0.769300000
2498,16.189000000,0.624400000
2499,15.777100000,0.341100000
2500,17.677600000,0.623900000
2501,16.515100000,0.250000000
2502,16.185500000,0.694300000
2503,17.487500000,0.729600000
2504,15.864000000,0.315600000
2505,16.562000000,0.224500000
2506,19.528100000,2.435400000
2507,14.209400000,0.767200000
2508,16.339100000,0.237500000
2509,16.792700000,0.238500000
2510,16.610900000,0.274500000
2511,16.570800000,0.234400000
2512,17.518300000,0.666200000
2513,15.606700000,0.251000000
2514,17.539600000,0.599000000
2515,15.518200000,0.207300000
2516,16.611000000,0.257300000
2517,16.918700000,0.547400000
2518,16.783400000,0.422900000
2519,16.629700000,0.287000000
2520,18.235900000,0.578100000
2521,14.591100000,0.289600000
2522,21.878200000,0.697400000
2523,11.657800000,0.298500000
2524,16.648900000,0.232300000
2525,16.559900000,0.246300000
2526,16.692200000,0.234400000
2527,16.553100000,0.214100000
2528,18.066700000,0.227600000
2529,15.533900000,0.221400000
2530,18.019800000,0.144800000
2531,15.910400000,0.591200000
2532,17.157800000,0.227100000
2533,16.220300000,0.872900000
2534,18.403100000,0.827100000
2535,14.622900000,0.266600000
2536,17.344300000,0.472900000
2537,15.878100000,0.500000000
2538,16.984900000,0.643300000
2539,21.582300000,4.366100000
2540,12.997900000,0.394800000
2541,14.562000000,0.233800000
2542,18.145300000,0.237000000
2543,15.733400000,0.325500000
2544,17.097400000,0.754700000
2545,17.053600000,0.720300000
2546,15.801000000,0.459900000
2547,16.598500000,0.257800000
2548,19.226000000,1.435900000
2549,16.599500000,1.290100000
2550,15.144300000,0.495300000
2551,15.898900000,0.532800000
2552,17.188100000,0.705200000
2553,15.661400000,0.288500000
2554,17.467700000,0.896800000
2555,16.874500000,0.488000000
2556,15.768200000,0.429700000
2557,16.622400000,0.253100000
2558,16.574000000,0.229200000
2559,17.291100000,0.921900000
2560,17.222400000,0.281800000
2561,15.647400000,0.345300000
2562,17.178100000,0.626000000
2563,16.987500000,0.379600000
2564,16.263600000,0.596800000
2565,16.491700000,0.169300000
2566,17.921300000,1.525000000
2567,15.521900000,0.202100000
2568,17.354200000,0.957200000
2569,15.520300000,0.205200000
2570,16.866600000,0.439600000
2571,16.705200000,0.336400000
2572,18.258900000,1.768800000
2573,15.849500000,0.539600000
2574,16.155700000,0.714100000
2575,16.721900000,0.204700000
2576,16.664000000,0.276000000
2577,16.741700000,0.336500000
2578,17.664100000,0.734900000
2579,15.885900000,0.530200000
2580,16.886500000,0.541200000
2581,15.666600000,0.332200000
2582,16.985400000,0.584900000
2583,16.857900000,0.346900000
2584,17.426000000,0.397400000
2585,15.683900000,0.289100000
2586,16.576000000,0.205200000
2587,16.830200000,0.487000000
2588,16.854200000,0.246300000
2589,16.584900000,0.233300000
2590,17.109900000,0.526600000
2591,15.939000000,0.223400000
2592,16.614600000,0.185400000
2593,16.960400000,0.602100000
2594,17.213000000,0.758300000
2595,16.846900000,1.001600000
2596,16.624500000,0.240100000
2597,16.004700000,0.639000000
2598,17.556200000,0.355200000
2599,15.755800000,0.450000000
2600,17.903600000,1.349500000
2601,15.799000000,0.410400000
2602,17.184900000,0.309400000
2603,15.770300000,0.266200000
2604,16.899500000,0.456200000
2605,16.902000000,0.234400000
2606,15.851600000,0.466100000
2607,17.149500000,0.688500000
2608,17.541100000,0.892700000
2609,15.725000000,0.274400000
2610,16.530200000,0.193800000
2611,17.115100000,0.761900000
2612,25.480300000,0.462500000
2613,24.257800000,16.883900000
2614,13.182300000,12.991100000
2615,12.315100000,5.243300000
2616,11.807800000,3.251000000
2617,13.554700000,0.115600000
2618,16.550500000,0.165100000
2619,17.005700000,0.397400000
2620,16.638000000,0.343300000
2621,16.715100000,0.416200000
2622,19.494800000,0.684400000
2623,13.613600000,0.329700000
2624,16.744200000,0.219300000
2625,16.950000000,0.463000000
2626,16.556300000,0.229700000
2627,16.997400000,0.593200000
2628,17.314000000,0.695800000
2629,15.692800000,0.370900000
2630,17.405700000,0.892700000
2631,15.657300000,0.287500000
2632,16.504100000,0.191200000
2633,16.696900000,0.256800000
2634,17.064100000,0.321300000
2635,16.838000000,0.445300000
2636,17.140600000,0.267200000
2637,15.740700000,0.263000000
2638,16.782200000,0.240100000
2639,16.801100000,0.474500000
2640,17.596900000,0.789100000
2641,15.821300000,0.462500000
2642,17.379700000,0.804200000
2643,15.613500000,0.252100000
2644,16.487500000,0.173000000
2645,18.056300000,0.692200000
2646,15.916700000,0.388500000
2647,16.724400000,0.313500000
2648,16.719800000,0.251500000
2649,17.165700000,0.539600000
2650,15.487500000,0.198500000
2651,18.181200000,0.190600000
2652,15.884400000,0.243800000
2653,16.662000000,0.351600000
2654,16.585900000,0.221900000
2655,16.794300000,0.480700000
2656,18.022900000,1.379200000
2657,15.142200000,0.159900000
2658,16.867200000,0.171900000
2659,20.083300000,0.225000000
2660,12.924500000,0.568200000
2661,16.961400000,0.593700000
2662,17.301600000,0.362000000
2663,15.594300000,0.313600000
2664,17.022900000,0.669300000
2665,17.267700000,0.565100000
2666,16.188000000,0.713000000
2667,16.513000000,0.187500000
2668,17.409400000,0.252000000
2669,15.522900000,0.204100000
2670,16.721400000,0.279200000
2671,16.733300000,0.454100000
2672,17.600000000,0.495900000
2673,15.872400000,0.350000000
2674,17.178700000,0.703100000
2675,15.791100000,0.269300000
2676,16.663500000,0.270400000
2677,17.087000000,0.279700000
2678,16.956800000,0.358800000
2679,17.943200000,1.583300000
2680,14.949000000,0.358300000
2681,17.546300000,1.188000000
2682,17.679700000,0.183300000
2683,14.503700000,0.203100000
2684,16.548400000,0.212000000
2685,16.697900000,0.226000000
2686,16.738600000,0.315100000
2687,16.753100000,0.249000000
2688,17.159900000,0.802600000
2689,17.097400000,0.778700000
2690,16.026000000,0.630200000
2691,16.828700000,0.402000000
2692,16.924400000,0.150000000
2693,16.695400000,0.159400000
2694,16.085400000,0.221300000
2695,16.491100000,0.186400000
2696,17.026100000,0.136000000
2697,17.200000000,0.837500000
2698,16.119800000,0.659300000
2699,17.120800000,0.710400000
2700,15.539600000,0.204700000
2701,17.958800000,0.231800000
2702,16.420300000,0.587000000
2703,16.905800000,0.523400000
2704,15.814500000,0.286400000
2705,16.857300000,0.529100000
2706,16.990700000,0.487500000
2707,17.040100000,0.689600000
2708,17.097900000,1.552600000
2709,16.049500000,0.642700000
2710,15.945300000,0.500500000
2711,17.598900000,1.077100000
2712,15.770900000,0.343700000
2713,17.675500000,1.276600000
2714,16.075000000,0.727100000
2715,17.345300000,0.884400000
2716,16.655700000,1.329100000
2717,15.676600000,0.335400000
2718,16.768200000,0.192700000
2719,16.599500000,0.263000000
2720,16.710900000,0.207900000
2721,16.754700000,0.439600000
2722,17.670900000,0.343800000
2723,15.833300000,0.317700000
2724,16.668700000,0.310400000
2725,17.370400000,1.066700000
2726,16.959300000,1.333800000
2727,15.590700000,0.229700000
2728,19.075500000,0.677600000
2729,13.694200000,0.255200000
2730,16.954700000,0.525000000
2731,16.750600000,0.450000000
2732,17.388500000,0.338000000
2733,16.730200000,0.963500000
2734,16.974500000,0.234400000
2735,15.811400000,0.474500000
2736,16.763600000,0.336500000
2737,16.946900000,0.590100000
2738,16.152000000,0.310400000
2739,16.660500000,0.307300000
2740,17.305700000,0.809900000
2741,15.773400000,0.341700000
2742,16.791700000,0.329200000
2743,17.084900000,0.784400000
2744,17.732800000,0.911900000
2745,14.591700000,0.227600000
2746,18.243700000,0.651500000
2747,15.668800000,0.259300000
2748,16.848900000,0.362500000
2749,16.631300000,0.264100000
2750,16.791600000,0.363600000
2751,16.577600000,0.226500000
2752,17.919300000,1.245300000
2753,15.724000000,0.351600000
2754,16.459400000,0.178700000
2755,16.684300000,0.378600000
2756,17.322900000,0.544800000
2757,15.821400000,0.440700000
2758,17.032300000,0.627600000
2759,16.751600000,0.315100000
2760,17.897300000,2.288000000
2761,14.970900000,0.447400000
2762,16.625500000,0.264000000
2763,16.574000000,0.183900000
2764,16.884300000,0.594300000
2765,17.395900000,0.720300000
2766,15.978600000,0.509400000
2767,18.713000000,0.232300000
2768,14.703200000,0.387500000
2769,16.811900000,0.264000000
2770,17.549500000,0.816100000
2771,15.868200000,0.375000000
2772,21.412000000,0.729200000
2773,11.501600000,0.216200000
2774,17.723400000,1.067200000
2775,15.772400000,0.466100000
2776,17.169300000,0.560500000
2777,15.793200000,0.327600000
2778,16.986000000,0.558900000
2779,16.672400000,0.251100000
2780,16.550500000,0.117200000
2781,17.156200000,0.146900000
2782,16.475000000,0.747400000
2783,16.717700000,0.329700000
2784,17.959900000,0.194700000
2785,14.904200000,0.491100000
2786,16.639100000,0.303700000
2787,17.745300000,0.728100000
2788,16.279700000,0.342700000
2789,15.806700000,0.468700000
2790,16.842700000,0.506700000
2791,16.683900000,0.304700000
2792,17.350000000,0.874500000
2793,15.675000000,0.339600000
2794,17.172400000,0.652100000
2795,16.829700000,0.499000000
2796,16.547400000,0.248400000
2797,17.100500000,0.620300000
2798,16.159900000,0.630200000
2799,16.613500000,0.248400000
2800,16.678200000,0.225600000
2801,16.697900000,0.233400000
2802,16.992200000,0.498500000
2803,17.260900000,0.960400000
2804,16.077100000,0.203100000
2805,16.859400000,0.299500000
2806,15.835900000,0.442200000
2807,16.941700000,0.588100000
2808,16.769200000,0.251000000
2809,16.738100000,0.368300000
2810,16.967100000,0.370300000
2811,15.561500000,0.212500000
2812,19.222900000,1.807200000
2813,14.704200000,0.342700000
2814,17.052100000,0.129200000
2815,16.830200000,0.471400000
2816,16.626500000,1.177100000
2817,15.630200000,0.321400000
2818,17.132900000,0.623400000
2819,16.550000000,0.117700000
2820,16.806700000,0.463000000
2821,16.734400000,0.311500000
2822,17.185900000,0.711500000
2823,15.584900000,0.192700000
2824,17.437500000,0.829200000
2825,16.698500000,0.351100000
2826,17.000500000,0.357800000
2827,15.687000000,0.304700000
2828,16.589600000,0.269300000
2829,16.584900000,0.229200000
2830,17.310900000,0.264000000
2831,17.206200000,0.479100000
2832,15.830800000,0.520800000
2833,16.783800000,0.501100000
2834,17.317700000,0.833900000
2835,15.740700000,0.405200000
2836,17.082200000,0.271300000
2837,17.027700000,0.647400000
2838,16.092700000,0.640100000
2839,17.916100000,1.537500000
2840,15.669800000,0.217200000
2841,16.726000000,0.208800000
2842,16.726600000,0.430200000
2843,17.241700000,0.583900000
2844,15.818200000,0.518800000
2845,16.916700000,0.602100000
2846,16.945300000,0.291600000
2847,15.605200000,0.235900000
2848,20.119300000,1.983300000
2849,14.216100000,0.863000000
2850,16.333900000,0.558400000
2851,16.761900000,0.445900000
2852,17.023000000,0.452100000
2853,15.580200000,0.248500000
2854,17.383300000,0.955800000
2855,16.840100000,0.353700000
2856,17.330200000,0.786500000
2857,15.617700000,0.251500000
2858,16.575500000,0.182300000
2859,16.565700000,0.216700000
2860,17.009900000,0.608800000
2861,16.537500000,0.232300000
2862,17.982800000,0.638500000
2863,16.593700000,0.116100000
2864,15.841200000,0.436900000
2865,15.880200000,0.425500000
2866,16.663000000,0.179200000
2867,16.574000000,0.224500000
2868,16.926500000,0.359900000
2869,17.948500000,1.559300000
2870,16.718700000,1.042700000
2871,15.740100000,0.271400000
2872,17.544800000,1.003100000
2873,15.768200000,0.339000000
2874,17.781300000,1.338600000
2875,15.869800000,0.405800000
2876,16.084300000,0.666600000
2877,16.857300000,0.510900000
2878,17.714100000,0.736500000
2879,15.937500000,0.558900000
2880,15.633900000,0.279100000
2881,18.421800000,0.598900000
2882,15.547400000,0.190600000
2883,17.183400000,0.890100000
2884,15.860400000,0.439100000
2885,16.596800000,0.229100000
2886,16.803700000,0.357800000
2887,17.693700000,1.372900000
2888,16.031300000,0.692700000
2889,16.682800000,0.264600000
2890,16.839100000,0.408400000
2891,16.786400000,0.262500000
2892,16.069800000,0.749400000
2893,16.584400000,0.252600000
2894,16.614600000,0.268200000
2895,17.234900000,0.753600000
2896,17.190600000,0.201000000
2897,15.606200000,0.256700000
2898,17.716700000,0.376100000
2899,15.553100000,0.222400000
2900,17.091200000,0.727100000
2901,17.717200000,1.293700000
2902,15.693700000,0.269300000
2903,16.715600000,0.310900000
2904,17.463600000,0.414000000
2905,15.607800000,0.275000000
2906,17.075500000,0.236000000
2907,16.269300000,0.642700000
2908,17.037500000,0.501100000
2909,16.701600000,0.276600000
2910,16.030700000,0.212000000
2911,16.530700000,0.219800000
2912,21.565600000,5.037500000
2913,11.851600000,0.434900000
2914,16.752600000,0.293700000
2915,16.670800000,0.280200000
2916,18.033400000,0.375000000
2917,15.698900000,0.245300000
2918,16.846900000,0.365600000
2919,15.792200000,0.320800000
2920,16.699000000,0.237500000
2921,16.786900000,0.442700000
2922,16.826600000,0.232300000
2923,16.628100000,0.290100000
2924,17.298500000,0.352000000
2925,15.571800000,0.226000000
2926,18.187000000,0.468200000
2927,16.812500000,1.258900000
2928,15.972400000,0.496300000
2929,16.875000000,0.460400000
2930,16.437000000,0.721900000
2931,16.751000000,0.457800000
2932,17.049500000,0.634900000
2933,15.650000000,0.270300000
2934,16.800000000,0.418800000
2935,16.524000000,0.192700000
2936,17.135900000,0.752600000
2937,16.807300000,0.380700000
2938,16.878600000,0.412500000
2939,15.780200000,0.275000000
2940,18.252100000,0.435400000
2941,16.621900000,1.012000000
2942,18.954200000,0.586000000
2943,12.575500000,0.248400000
2944,17.190100000,0.874000000
2945,16.697400000,0.273400000
2946,16.538500000,0.447300000
2947,16.611500000,0.225000000
2948,17.666100000,1.226500000
2949,15.524000000,0.208800000
2950,19.997400000,3.229600000
2951,14.158300000,0.712000000
2952,15.871400000,0.409400000
2953,16.777600000,0.221900000
2954,16.684900000,0.331800000
2955,16.806200000,0.445800000
2956,17.088600000,0.726100000
2957,16.935400000,0.155700000
2958,15.742700000,0.401600000
2959,16.701000000,0.330700000
2960,17.158400000,0.706800000
2961,17.010400000,0.443800000
2962,15.702600000,0.258900000
2963,16.935400000,0.590100000
2964,18.332300000,0.414100000
2965,14.539600000,0.229700000
2966,16.693200000,0.293800000
2967,17.080200000,0.471400000
2968,16.753100000,0.453200000
2969,16.590700000,0.232300000
2970,16.963500000,0.603200000
2971,16.703100000,0.304100000
2972,16.704700000,0.278700000
2973,16.740700000,0.307300000
2974,16.894200000,0.492200000
2975,15.691700000,0.278700000
2976,26.125500000,0.308800000
2977,13.713600000,4.861400000
2978,11.153600000,0.661500000
2979,16.535900000,0.197400000
2980,15.887500000,0.401000000
2981,16.533900000,0.204200000
2982,17.347400000,0.943700000
2983,16.631800000,0.272400000
2984,17.281200000,0.878600000
2985,15.701000000,0.372400000
2986,17.437000000,0.368700000
2987,15.642200000,0.244300000
2988,16.904200000,0.507900000
2989,16.616100000,0.261400000
2990,17.182300000,0.345900000
2991,16.509900000,0.187500000
2992,18.381300000,1.899500000
2993,14.547400000,0.209400000
2994,18.682800000,0.589600000
2995,14.742200000,0.398000000
2996,17.264500000,0.649000000
2997,17.295900000,0.246400000
2998,16.069200000,0.652600000
2999,15.710500000,0.332300000
3000,17.955700000,1.398500000
3001,15.802100000,0.464100000
3002,17.139600000,0.680200000
3003,16.578100000,0.252100000
3004,16.521300000,0.206800000
3005,17.481800000,1.143200000
3006,16.280700000,0.247900000
3007,15.544800000,0.246300000
3008,16.554200000,0.216700000
3009,17.512500000,0.207300000
3010,17.201600000,0.594800000
3011,15.725500000,0.298000000
3012,16.964000000,0.366200000
3013,16.616200000,0.233300000
3014,16.871900000,0.337000000
3015,16.602600000,0.263600000
3016,18.012500000,0.886000000
3017,14.940600000,0.420300000
3018,16.952100000,0.612500000
3019,16.755200000,0.419800000
3020,17.257300000,0.648900000
3021,15.528600000,0.207900000
3022,17.103700000,0.696300000
3023,17.018700000,0.643800000
3024,21.507300000,1.736000000
3025,11.404200000,0.105700000
3026,16.807800000,0.284300000
3027,16.703100000,0.389600000
3028,17.015600000,0.488500000
3029,15.644300000,0.285400000
3030,18.333900000,1.989100000
3031,16.073900000,0.762500000
3032,15.931800000,0.595300000
3033,17.315600000,0.932300000
3034,15.759900000,0.351600000
3035,16.686500000,0.378100000
3036,16.702100000,0.339600000
3037,16.591100000,0.256800000
3038,17.308300000,0.257800000
3039,16.641700000,0.292200000
3040,17.874500000,1.169200000
3041,16.760900000,1.347900000
3042,14.711000000,0.228700000
3043,16.530200000,0.206300000
3044,18.086400000,0.718300000
3045,15.729200000,0.340100000
3046,16.836400000,0.380700000
3047,16.640700000,0.281800000
3048,17.917200000,0.251100000
3049,15.633800000,0.281200000
3050,19.108300000,0.513000000
3051,13.728200000,0.353200000
3052,17.212500000,0.644700000
3053,16.593200000,0.227100000
3054,16.878600000,0.397900000
3055,17.047400000,0.701100000
3056,15.676100000,0.307300000
3057,16.666700000,0.211400000
3058,16.511900000,0.184300000
3059,16.551600000,0.224000000
3060,16.869300000,0.160400000
3061,16.757300000,0.404200000
3062,21.491100000,0.220300000
3063,11.582800000,0.269300000
3064,17.247400000,0.932300000
3065,16.790600000,0.327100000
3066,16.911500000,0.472400000
3067,16.124500000,0.625600000
3068,21.303100000,4.846900000
3069,11.615100000,0.269300000
3070,16.692200000,0.232800000
3071,16.705700000,0.364000000
3072,16.795300000,0.383300000
3073,16.819800000,0.453100000
3074,18.067700000,1.277100000
3075,15.616200000,0.328100000
3076,18.091600000,0.198400000
3077,14.496900000,0.213500000
3078,16.697400000,0.271900000
3079,16.778700000,0.371400000
3080,17.165600000,0.592700000
3081,16.558800000,0.238000000
3082,17.025000000,0.587000000
3083,16.816200000,0.456300000
3084,16.164600000,0.762000000
3085,16.971800000,0.413500000
3086,19.288100000,0.141700000
3087,13.692200000,0.320300000
3088,17.710400000,0.202100000
3089,15.690600000,0.357800000
3090,16.743700000,0.426600000
3091,16.590700000,0.230800000
3092,16.834900000,0.356700000
3093,16.598900000,0.225000000
3094,18.351600000,0.228100000
3095,17.450000000,1.970300000
3096,14.203600000,0.114500000
3097,17.888600000,1.376100000
3098,16.809300000,0.205800000
3099,14.752700000,0.436400000
3100,21.169700000,4.698900000
3101,12.902600000,0.502000000
3102,16.575000000,0.228200000
3103,16.557300000,0.225600000
3104,17.732300000,0.864000000
3105,15.713100000,0.369300000
3106,16.546300000,0.220300000
3107,16.454700000,0.128200000
3108,17.428100000,1.005200000
3109,15.364600000,0.112500000
3110,18.051600000,0.139600000
3111,15.720800000,0.494800000
3112,16.751000000,0.398400000
3113,16.619800000,0.285400000
3114,16.318300000,0.126000000
3115,16.870800000,0.553600000
3116,17.058800000,0.595300000
3117,16.537500000,0.204700000
3118,17.051100000,0.289600000
3119,18.734900000,0.183400000
3120,13.800500000,0.295800000
3121,16.715600000,0.404100000
3122,16.689100000,0.374000000
3123,16.824000000,0.392100000
3124,16.901000000,0.495300000
3125,16.737500000,0.382800000
3126,17.191100000,0.696300000
3127,15.576100000,0.232800000
3128,18.612000000,2.266100000
3129,14.676500000,0.291100000
3130,16.668300000,0.353600000
3131,16.586400000,0.277600000
3132,16.638600000,0.317700000
3133,18.097300000,0.133900000
3134,15.834900000,0.220400000
3135,16.606800000,0.273900000
3136,16.616700000,0.291200000
3137,16.699500000,0.361000000
3138,16.953100000,0.542700000
3139,18.796300000,2.219800000
3140,14.418800000,0.102000000
3141,17.447400000,0.147900000
3142,17.218700000,0.142800000
3143,15.649500000,0.272900000
3144,16.699500000,0.201600000
3145,15.470300000,0.172400000
3146,17.745300000,0.407800000
3147,22.326100000,5.633800000
3148,10.672900000,0.331800000
3149,16.799500000,0.450000000
3150,16.956200000,0.439600000
3151,16.938000000,0.569800000
3152,16.115700000,0.737000000
3153,16.666100000,0.316700000
3154,17.124000000,0.377100000
3155,15.656700000,0.269800000
3156,16.617200000,0.238000000
3157,16.511000000,0.222900000
3158,17.764500000,0.364000000
3159,15.682800000,0.269200000
3160,16.975600000,0.475600000
3161,16.587500000,0.220300000
3162,16.568200000,0.199500000
3163,16.544300000,0.251600000
3164,16.837500000,0.306200000
3165,16.669800000,0.308400000
3166,16.976000000,0.613500000
3167,16.858300000,0.163500000
3168,17.016200000,0.692700000
3169,15.511400000,0.219200000
3170,17.715700000,0.284300000
3171,16.614000000,0.260900000
3172,20.924500000,0.834400000
3173,11.695300000,0.185500000
3174,17.244300000,0.253200000
3175,16.547900000,0.215600000
3176,16.891700000,0.484300000
3177,16.626500000,0.290200000
3178,17.141700000,0.788500000
3179,15.808300000,0.453200000
3180,16.672400000,0.287000000
3181,18.429200000,0.213000000
3182,15.233300000,0.856700000
3183,16.599500000,0.270800000
3184,17.106800000,0.295400000
3185,15.747900000,0.390600000
3186,17.277100000,0.472900000
3187,16.689600000,0.340100000
3188,16.667700000,0.271900000
3189,16.575500000,0.235900000
3190,16.798400000,0.409300000
3191,16.816700000,0.437500000
3192,15.615600000,0.147900000
3193,16.713600000,0.129700000
3194,16.658800000,0.246300000
3195,16.572900000,0.235400000
3196,18.770300000,0.301500000
3197,15.128700000,0.618700000
3198,16.518200000,0.217100000
3199,16.933400000,0.397400000
3200,16.684300000,0.276500000
3201,16.825600000,0.515700000
3202,16.592700000,0.233400000
3203,16.817700000,0.467200000
3204,16.636900000,0.254700000
3205,16.581300000,0.240600000
3206,16.622400000,0.233800000
3207,16.624500000,0.279700000
3208,17.532300000,1.246900000
3209,15.496800000,0.139100000
3210,16.936500000,0.613000000
3211,16.542700000,0.232800000
3212,16.612000000,0.227100000
3213,17.035900000,0.645800000
3214,16.884900000,0.276000000
3215,15.597900000,0.268200000
3216,19.897400000,2.507300000
3217,13.845900000,0.531300000
3218,16.968700000,0.410900000
3219,16.636000000,0.283300000
3220,17.231200000,0.607300000
3221,15.724500000,0.263500000
3222,17.126000000,0.518200000
3223,16.643800000,0.297900000
3224,16.959900000,0.315100000
3225,15.791100000,0.348900000
3226,16.722900000,0.360900000
3227,17.180200000,0.238000000
3228,16.643300000,0.261000000
3229,16.573900000,0.210400000
3230,16.588000000,0.216200000
3231,16.563100000,0.229700000
3232,16.651000000,0.259900000
3233,16.577100000,0.240100000
3234,16.854200000,0.284900000
3235,16.554600000,0.234900000
3236,17.394300000,0.129100000
3237,15.686000000,0.361000000
3238,16.696800000,0.335900000
3239,21.817700000,5.292700000
3240,11.736000000,0.328100000
3241,16.700500000,0.403700000
3242,17.062000000,0.536000000
3243,16.510400000,0.193700000
3244,16.670800000,0.280700000
3245,16.901100000,0.511400000
3246,16.854100000,0.470800000
3247,15.737000000,0.206700000
3248,17.120300000,0.189600000
3249,16.655200000,0.278100000
3250,19.682300000,0.224500000
3251,13.926600000,0.178600000
3252,16.579700000,0.233400000
3253,17.090600000,0.284900000
3254,16.217700000,0.794300000
3255,16.830700000,0.429700000
3256,17.916200000,0.754700000
3257,14.587500000,0.254200000
3258,21.297400000,1.278700000
3259,12.615600000,0.319800000
3260,16.896400000,0.538600000
3261,16.701500000,0.319300000
3262,16.838000000,0.377600000
3263,15.997400000,0.586500000
3264,17.193800000,0.167700000
3265,15.705200000,0.194200000
3266,16.560400000,0.232800000
3267,17.637000000,0.239600000
3268,16.908800000,0.579100000
3269,15.956300000,0.279700000
3270,18.059900000,0.718300000
3271,15.487000000,0.188000000
3272,17.984900000,0.431300000
3273,15.511400000,0.189000000
3274,16.689100000,0.275000000
3275,16.867200000,0.262000000
3276,18.793700000,0.177100000
3277,23.074000000,8.160400000
3278,16.685900000,5.515700000
3279,8.934400000,0.844300000
3280,16.298400000,0.659300000
3281,15.900000000,0.521900000
3282,16.604200000,0.194800000
3283,17.068200000,0.662500000
3284,16.471900000,1.033400000
3285,16.676000000,0.267700000
3286,17.350600000,0.360400000
3287,15.804700000,0.392200000
3288,16.596300000,0.203600000
3289,16.583900000,0.273500000
3290,17.903100000,1.278100000
3291,15.760400000,0.396900000
3292,16.795300000,0.438000000
3293,15.537000000,0.215600000
3294,19.470300000,2.071800000
3295,14.738600000,0.371400000
3296,17.917700000,1.484900000
3297,14.559300000,0.209900000
3298,18.071400000,0.589100000
3299,23.454700000,7.856300000
3300,9.266600000,0.852100000
3301,17.153200000,0.537000000
3302,15.615600000,0.214100000
3303,17.180700000,0.842100000
3304,17.672900000,0.570800000
3305,15.579700000,0.281700000
3306,18.092200000,0.190100000
3307,15.943200000,0.554600000
3308,15.565100000,0.169800000
3309,17.568800000,0.286000000
3310,15.683900000,0.282800000
3311,16.845800000,0.496900000
3312,17.310900000,0.312500000
3313,17.111500000,0.726100000
3314,16.151500000,0.715100000
3315,17.002100000,0.184900000
3316,16.081300000,0.657800000
3317,16.543200000,0.218200000
3318,16.910900000,0.523900000
3319,17.295900000,0.536500000
3320,15.904100000,0.520800000
3321,20.228700000,0.266700000
3322,12.958300000,0.647900000
3323,16.990100000,0.520800000
3324,17.172900000,0.570800000
3325,17.303200000,0.259900000
3326,15.647400000,0.281300000
3327,16.701000000,0.250500000
3328,16.893800000,0.510400000
3329,15.557800000,0.251600000
3330,16.729100000,0.258800000
3331,16.641700000,0.240600000
3332,20.261500000,3.756800000
3333,13.741600000,0.433800000
3334,19.499000000,0.629700000
3335,13.505200000,0.203600000
3336,16.907300000,0.596400000
3337,16.628100000,0.296800000
3338,16.822900000,0.264000000
3339,16.532300000,0.203600000
3340,16.704700000,0.290600000
3341,16.738000000,0.402100000
3342,16.576100000,0.202600000
3343,16.798400000,0.290600000
3344,16.827600000,0.365100000
3345,16.707800000,0.184900000
3346,18.950000000,2.578600000
3347,13.572900000,0.254200000
3348,17.002100000,0.331800000
3349,16.711500000,0.277600000
3350,16.654100000,0.203200000
3351,16.705300000,0.218800000
3352,17.342700000,0.188100000
3353,15.844200000,0.492800000
3354,17.198000000,0.319700000
3355,17.552600000,1.199000000
3356,16.058300000,0.407800000
3357,15.561400000,0.251100000
3358,16.684900000,0.320800000
3359,16.984900000,0.580700000
3360,17.044800000,0.176600000
3361,17.250600000,0.814100000
3362,16.536400000,0.581300000
3363,15.562000000,0.234900000
3364,16.840100000,0.470800000
3365,16.963500000,0.208400000
3366,16.678200000,0.261000000
3367,16.788000000,0.238000000
3368,16.864000000,0.412000000
3369,16.650000000,0.336900000
3370,18.359900000,0.240100000
3371,14.582900000,0.244200000
3372,17.096300000,0.289600000
3373,15.764100000,0.390600000
3374,16.844200000,0.448900000
3375,16.540700000,0.227100000
3376,16.990100000,0.566700000
3377,16.735400000,0.326100000
3378,17.432800000,0.650500000
3379,15.806800000,0.376600000
3380,17.011900000,0.565100000
3381,16.583900000,0.267200000
3382,18.201000000,1.667800000
3383,14.878200000,0.507200000
3384,16.843200000,0.552100000
3385,16.715600000,0.359300000
3386,16.891200000,0.390100000
3387,16.483300000,0.179100000
3388,17.883900000,0.443200000
3389,15.438000000,0.168800000
3390,17.190600000,0.185400000
3391,17.075000000,1.556300000
3392,15.779700000,0.367200000
3393,16.608800000,0.163000000
3394,16.727600000,0.368700000
3395,16.575000000,0.198000000
3396,16.663600000,0.229700000
3397,16.771900000,0.378100000
3398,16.856200000,0.265100000
3399,16.564100000,0.214600000
3400,17.098400000,0.237000000
3401,15.537500000,0.225000000
3402,16.538000000,0.183400000
3403,16.579200000,0.254700000
3404,19.738500000,0.372400000
3405,14.160500000,0.220400000
3406,17.608800000,0.128600000
3407,15.593800000,0.262500000
3408,16.739000000,0.299500000
3409,16.590100000,0.265600000
3410,19.650000000,1.188100000
3411,13.561500000,0.220300000
3412,17.227100000,0.357800000
3413,16.882300000,0.401600000
3414,15.528600000,0.234400000
3415,17.874500000,0.296300000
3416,16.643700000,1.250000000
3417,15.617700000,0.260900000
3418,16.896400000,0.275000000
3419,16.768800000,0.307800000
3420,16.717100000,0.357800000
3421,18.709400000,2.314100000
3422,15.841700000,0.830800000
3423,15.871900000,0.521400000
3424,16.803600000,0.226600000
3425,16.589100000,0.207300000
3426,16.712500000,0.219800000
3427,17.071300000,0.409900000
3428,16.709900000,1.116700000
3429,15.807300000,0.450000000
3430,16.577600000,0.215600000
3431,16.620300000,0.234900000
3432,19.273500000,1.244300000
3433,13.462500000,0.168800000
3434,17.570300000,0.120300000
3435,17.354100000,1.004200000
3436,17.949000000,2.443300000
3437,14.646400000,0.317700000
3438,18.059800000,1.625600000
3439,14.626100000,0.293300000
3440,17.072400000,0.677600000
3441,17.355200000,0.941200000
3442,15.709900000,0.126600000
3443,16.511400000,0.207800000
3444,18.328200000,0.282800000
3445,15.742700000,0.217700000
3446,16.990600000,0.589600000
3447,15.505700000,0.195900000
3448,17.710500000,0.271800000
3449,16.668200000,0.288600000
3450,16.678600000,0.142700000
3451,17.289100000,0.838600000
3452,15.790100000,0.264600000
3453,17.091100000,0.798900000
3454,15.663100000,0.279100000
3455,17.533300000,1.040100000
3456,18.841700000,0.201100000
3457,13.759300000,0.213600000
3458,17.082800000,0.668300000
3459,16.875000000,0.484300000
3460,16.602700000,0.267700000
3461,16.508300000,0.196900000
3462,18.883800000,2.510900000
3463,15.180200000,0.813500000
3464,20.566200000,0.588600000
3465,11.652600000,0.363000000
3466,17.205200000,0.855700000
3467,16.539100000,0.204200000
3468,17.203100000,0.750000000
3469,15.794800000,0.453700000
3470,16.929200000,0.136900000
3471,17.043200000,0.433900000
3472,16.844300000,0.144700000
3473,16.576000000,0.914100000
3474,15.482300000,0.110900000
3475,17.966100000,0.400000000
3476,15.628700000,0.257800000
3477,16.551500000,0.233400000
3478,17.107800000,0.639600000
3479,16.723000000,0.306200000
3480,16.758300000,0.241700000
3481,17.016700000,0.620300000
3482,16.856200000,0.534400000
3483,15.938000000,0.594800000
3484,16.890700000,0.413500000
3485,17.226500000,0.299500000
3486,16.005800000,0.370300000
3487,16.995300000,0.649000000
3488,16.502000000,0.197400000
3489,16.836000000,0.475000000
3490,17.914000000,1.487000000
3491,14.883400000,0.437000000
3492,16.865100000,0.371900000
3493,21.231800000,0.290200000
3494,11.534900000,0.219200000
3495,17.501000000,0.184400000
3496,18.309400000,1.395800000
3497,14.787500000,0.324500000
3498,16.743200000,0.295800000
3499,16.757800000,0.360400000
3500,19.349500000,3.029700000
3501,13.512500000,0.195300000
3502,16.823400000,0.223900000
3503,17.651600000,1.153700000
3504,15.762500000,0.278200000
3505,16.989100000,0.576000000
3506,16.538000000,0.202600000
3507,16.992700000,0.606800000
3508,15.794300000,0.305200000
3509,17.161900000,0.261000000
3510,16.632800000,0.338000000
3511,16.593300000,0.325500000
3512,16.636400000,0.241100000
3513,16.551100000,0.207800000
3514,17.275500000,0.674500000
3515,16.071900000,0.195300000
3516,16.869200000,0.112500000
3517,16.573500000,0.258300000
3518,16.571300000,0.178600000
3519,16.778700000,0.190100000
3520,16.674500000,0.275600000
3521,17.006200000,0.371300000
3522,17.255700000,0.820800000
3523,18.286000000,2.931300000
3524,14.227600000,0.894800000
3525,16.587000000,0.214600000
3526,16.708300000,0.233300000
3527,20.805200000,1.343300000
3528,12.695300000,0.201100000
3529,16.494300000,0.183900000
3530,17.265600000,0.213600000
3531,15.704700000,0.305200000
3532,16.787500000,0.337500000
3533,17.512500000,0.911400000
3534,15.978600000,0.538500000
3535,16.761500000,0.419300000
3536,16.570300000,0.206800000
3537,16.527600000,0.110400000
3538,19.966700000,0.250500000
3539,13.655200000,0.303700000
3540,16.866100000,0.533300000
3541,16.952100000,0.527000000
3542,15.450500000,0.150600000
3543,17.904700000,0.571400000
3544,16.669300000,1.230300000
3545,15.674500000,0.289600000
3546,20.750500000,3.600000000
3547,12.667700000,0.296300000
3548,17.091700000,0.668800000
3549,16.562500000,0.226600000
3550,16.938500000,0.593200000
3551,17.568800000,0.915700000
3552,15.775000000,0.327600000
3553,17.137500000,0.758900000
3554,15.750500000,0.421400000
3555,16.719800000,0.361500000
3556,16.960900000,0.529700000
3557,16.639100000,0.254200000
3558,16.871300000,0.218700000
3559,16.949500000,0.577100000
3560,15.717700000,0.307300000
3561,16.647900000,0.282300000
3562,16.653200000,0.256300000
3563,16.639500000,0.234900000
3564,16.912000000,0.457800000
3565,16.592200000,0.232800000
3566,17.564600000,0.198400000
3567,15.578100000,0.223400000
3568,16.842200000,0.417200000
3569,17.566700000,0.920900000
3570,15.844200000,0.363000000
3571,16.596900000,0.240100000
3572,17.024000000,0.647900000
3573,16.579700000,0.257900000
3574,16.859900000,0.520300000
3575,17.173900000,0.773400000
3576,17.633400000,2.264000000
3577,17.173400000,1.222400000
3578,15.047400000,0.339600000
3579,15.558800000,0.250000000
3580,17.030800000,0.511900000
3581,16.725000000,0.279700000
3582,20.325500000,3.961000000
3583,12.575000000,0.242200000
3584,22.367700000,1.293200000
3585,12.011500000,0.243800000
3586,15.650000000,0.374000000
3587,16.538000000,0.239100000
3588,16.722400000,0.313100000
3589,16.983800000,0.419800000
3590,16.919800000,0.120300000
3591,16.884400000,0.438600000
3592,17.038000000,0.566200000
3593,15.591200000,0.254700000
3594,18.238500000,0.853100000
3595,15.618200000,0.271800000
3596,16.712000000,0.257800000
3597,16.727100000,0.377600000
3598,16.813500000,0.301000000
3599,16.518300000,0.209900000
3600,17.986400000,1.463500000
