frame,frameMs,presentMs
1,7.878700000,0.517700000
2,16.702600000,0.254200000
3,18.296800000,0.278100000
4,15.104200000,0.740700000
5,16.935900000,0.553100000
6,16.814600000,0.484900000
7,16.299500000,0.716100000
8,16.676600000,0.296900000
9,17.175000000,0.784800000
10,16.082800000,0.587500000
11,25.865100000,0.304100000
12,11.004200000,3.744200000
13,13.413000000,1.030300000
14,16.608800000,0.239000000
15,16.991700000,0.215700000
16,15.936500000,0.536900000
17,17.008800000,0.330200000
18,17.038600000,0.719200000
19,16.079600000,0.656300000
20,16.584900000,0.225500000
21,16.693300000,0.229600000
22,16.864000000,0.372400000
23,16.805800000,0.357800000
24,20.569200000,0.323400000
25,12.577600000,0.191100000
26,17.513600000,0.437500000
27,16.376500000,1.029700000
28,15.906800000,0.451000000
29,18.263000000,0.525500000
30,14.861000000,0.420900000
31,17.083300000,0.640100000
32,16.717200000,0.292700000
33,17.191100000,0.754200000
34,15.736500000,0.253700000
35,16.788500000,0.170300000
36,17.405800000,0.236000000
37,15.638500000,0.258300000
38,17.431800000,0.998500000
39,17.784900000,0.205200000
40,15.220800000,0.329200000
41,16.754700000,0.406200000
42,17.042200000,0.590600000
43,15.776500000,0.359900000
44,16.564600000,0.145300000
45,24.795300000,0.156200000
46,13.771400000,4.484400000
47,11.638500000,0.195800000
48,16.892700000,0.580700000
49,16.734900000,0.248400000
50,16.913600000,0.300000000
51,17.175500000,0.798500000
52,15.652100000,0.256800000
53,16.636400000,0.254700000
54,16.881800000,0.475000000
55,17.291700000,0.894300000
56,16.042200000,0.600500000
57,17.232300000,0.881700000
58,15.913500000,0.571300000
59,16.920800000,0.249500000
60,17.035400000,0.580700000
61,16.637000000,0.239600000
62,16.900500000,0.499500000
63,15.603200000,0.275600000
64,16.866600000,0.416700000
65,17.827600000,0.792700000
66,20.920400000,5.134900000
67,15.789500000,3.850000000
68,13.301600000,0.525500000
69,15.778100000,0.131200000
70,16.669800000,0.234900000
71,16.762000000,0.306300000
72,20.386500000,1.695800000
73,13.286900000,0.612500000
74,15.628200000,0.235500000
75,18.395800000,0.540100000
76,15.751000000,0.281200000
77,16.864100000,0.503700000
78,16.890600000,0.328600000
79,15.656800000,0.269200000
80,17.192700000,0.129200000
81,16.988000000,0.545300000
82,15.801600000,0.476600000
83,17.097400000,0.269800000
84,16.492700000,0.207800000
85,16.640600000,0.300000000
86,16.578100000,0.277600000
87,16.911000000,0.429200000
88,18.641600000,1.119800000
89,14.895900000,0.399000000
90,16.872400000,0.432800000
91,16.895800000,0.525000000
92,15.776600000,0.398000000
93,16.876000000,0.361500000
94,16.831800000,0.337500000
95,16.781800000,0.407800000
96,19.561400000,2.926100000
97,13.821900000,0.494800000
98,16.606800000,0.242800000
99,17.789000000,1.397400000
100,16.106300000,0.702600000
101,16.146800000,0.733300000
102,17.052100000,0.640600000
103,15.645300000,0.244800000
104,16.965100000,0.585900000
105,16.705800000,0.310900000
106,17.455700000,0.255800000
107,15.892200000,0.449000000
108,17.495300000,0.804700000
109,15.771400000,0.311400000
110,16.689500000,0.235900000
111,16.670900000,0.266100000
112,16.908300000,0.394300000
113,16.512500000,0.194300000
114,16.852100000,0.511400000
115,16.696300000,0.252600000
116,16.923000000,0.520300000
117,16.818700000,1.370800000
118,15.805700000,0.441100000
119,16.824000000,0.439600000
120,16.585900000,0.197900000
121,16.891700000,0.550500000
122,17.690100000,1.172400000
123,16.192700000,0.649000000
124,15.706800000,0.343200000
125,23.016100000,1.421400000
126,12.208900000,1.736400000
127,24.082300000,9.409900000
128,17.299500000,8.843800000
129,9.695800000,3.400000000
130,13.708800000,0.221900000
131,16.877100000,0.288000000
132,16.554700000,0.221300000
133,16.655200000,0.235900000
134,16.804700000,0.424000000
135,16.710900000,0.245300000
136,16.938600000,0.306800000
137,16.631200000,0.235400000
138,16.794800000,0.391700000
139,16.696900000,0.265100000
140,17.766200000,1.287000000
141,15.232800000,0.235900000
142,18.394200000,1.993800000
143,16.946400000,2.524500000
144,15.180700000,0.697400000
145,15.995300000,0.604700000
146,16.644800000,0.272900000
147,17.293800000,0.918700000
148,15.680700000,0.327600000
149,16.684400000,0.270300000
150,16.750500000,0.395900000
151,16.575500000,0.223900000
152,16.847900000,0.351000000
153,16.796400000,0.396400000
154,16.714600000,0.247900000
155,17.632800000,1.269300000
156,15.560900000,0.244800000
157,16.667700000,0.277100000
158,16.713100000,0.308900000
159,17.472300000,0.588000000
160,15.793300000,0.418700000
161,16.798400000,0.433300000
162,16.686000000,0.275500000
163,16.625000000,0.268200000
164,16.754600000,0.384400000
165,16.602600000,0.264600000
166,17.364600000,0.819800000
167,15.831300000,0.199000000
168,17.564000000,0.276500000
169,15.918800000,0.537500000
170,16.744300000,0.255800000
171,17.703600000,1.232300000
172,16.967700000,0.248900000
173,15.864100000,0.413000000
174,15.695800000,0.314100000
175,16.947900000,0.552100000
176,18.024000000,1.599500000
177,16.744800000,1.317700000
178,15.738000000,0.289100000
179,17.154700000,0.299500000
180,15.671300000,0.301500000
181,17.038600000,0.206300000
182,17.614600000,1.050000000
183,16.000500000,0.687500000
184,15.568200000,0.228100000
185,17.950500000,0.450600000
186,15.728700000,0.308900000
187,16.664000000,0.320300000
188,16.654700000,0.259800000
189,16.879700000,0.495300000
190,17.696400000,0.237500000
191,15.516600000,0.184900000
192,17.343300000,1.015100000
193,15.718700000,0.216700000
194,16.638600000,0.272400000
195,16.852600000,0.277600000
196,16.740100000,0.337500000
197,18.457300000,1.220800000
198,14.837500000,0.402600000
199,16.898400000,0.374400000
200,17.970300000,1.522400000
201,16.020300000,0.650500000
202,15.635400000,0.301000000
203,16.845400000,0.458400000
204,16.862500000,0.298400000
205,16.774400000,0.369800000
206,17.690700000,0.266200000
207,16.247400000,0.855700000
208,15.941600000,0.525000000
209,16.968200000,0.201500000
210,16.794300000,0.389000000
211,16.735400000,0.350500000
212,16.764100000,0.310400000
213,16.724000000,0.241600000
214,15.791600000,0.341200000
215,16.758400000,0.218800000
216,16.726500000,0.319800000
217,21.816700000,5.441700000
218,19.092200000,5.160900000
219,12.106700000,2.279200000
220,13.819300000,0.269800000
221,16.913000000,0.189600000
222,17.142700000,0.792700000
223,15.600600000,0.207300000
224,16.609900000,0.255200000
225,17.109900000,0.663000000
226,17.404100000,0.342700000
227,16.751600000,0.221900000
228,15.563500000,0.217700000
229,16.796900000,0.127600000
230,17.285900000,0.752100000
231,16.110500000,0.584400000
232,16.913500000,0.317200000
233,16.936500000,0.562500000
234,15.565100000,0.202600000
235,17.984300000,0.530200000
236,15.921400000,0.311500000
237,17.184900000,0.753600000
238,16.204200000,0.723000000
239,16.700000000,0.304100000
240,18.097300000,0.969300000
241,15.712000000,0.359900000
242,15.855800000,0.326000000
243,18.760400000,0.444200000
244,14.925500000,0.485400000
245,17.276000000,0.805200000
246,15.614600000,0.267700000
247,17.167200000,0.629200000
248,17.160900000,0.655200000
249,18.330300000,2.669800000
250,14.716100000,0.353100000
251,17.083300000,0.622400000
252,15.834400000,0.417700000
253,16.865600000,0.471900000
254,16.681800000,0.302100000
255,17.121400000,0.795900000
256,16.099400000,0.661500000
257,17.087000000,0.665600000
258,19.330700000,1.083900000
259,13.625600000,0.226500000
260,16.743700000,0.354700000
261,17.280200000,0.887500000
262,15.675000000,0.254200000
263,17.029200000,0.504200000
264,17.525000000,1.173500000
265,15.598400000,0.215600000
266,18.236000000,1.906300000
267,15.173900000,0.404700000
268,17.680200000,0.968800000
269,15.625000000,0.245800000
270,16.552100000,0.214100000
271,17.183300000,0.653100000
272,16.717800000,0.309400000
273,17.048900000,0.381200000
274,15.866700000,0.325600000
275,16.904700000,0.520900000
276,17.463500000,1.072400000
277,16.145300000,0.713000000
278,15.815600000,0.425000000
279,18.793300000,0.237000000
280,14.687500000,0.232800000
281,17.309900000,0.764100000
282,16.908300000,0.483300000
283,15.835400000,0.466200000
284,16.640100000,0.267700000
285,18.245900000,1.482300000
286,16.385900000,0.924500000
287,15.748400000,0.344200000
288,17.344800000,0.957300000
289,16.402600000,0.287000000
290,15.706300000,0.327600000
291,17.723400000,1.341700000
292,18.307800000,2.105700000
293,15.246400000,0.504600000
294,15.636400000,0.309900000
295,16.970400000,0.252600000
296,16.747900000,0.333800000
297,16.999500000,0.651600000
298,15.735400000,0.402100000
299,16.791600000,0.398900000
300,17.708900000,1.321900000
301,16.589100000,0.432800000
302,15.630200000,0.276600000
303,17.650000000,1.196900000
304,16.310900000,0.204700000
305,18.083300000,1.956200000
306,14.717700000,0.363000000
307,17.520900000,0.298400000
308,15.875000000,0.386000000
309,24.888000000,8.241700000
310,9.571300000,1.121300000
311,16.079200000,0.690600000
312,17.166700000,0.164100000
313,16.435900000,0.275500000
314,15.736500000,0.407800000
315,24.267700000,1.616600000
316,9.835900000,0.207800000
317,15.795900000,0.422400000
318,16.519700000,0.177600000
319,16.871900000,0.469300000
320,16.720300000,0.267700000
321,17.591200000,1.177600000
322,15.793200000,0.310400000
323,16.719800000,0.317200000
324,16.555700000,0.219700000
325,17.833900000,1.291100000
326,15.759400000,0.263000000
327,16.572900000,0.202100000
328,16.915100000,0.528200000
329,16.703100000,0.224000000
330,16.718800000,0.332900000
331,17.147400000,0.699400000
332,15.686400000,0.324000000
333,18.234900000,1.527600000
334,15.736500000,0.316100000
335,17.086400000,0.549500000
336,15.646400000,0.270300000
337,17.489000000,0.158800000
338,16.427100000,0.850500000
339,17.481800000,0.506200000
340,15.873400000,0.264100000
341,17.548500000,0.467700000
342,15.972900000,0.613000000
343,16.510900000,0.918300000
344,18.582300000,0.377600000
345,16.728100000,1.960400000
346,14.631800000,0.219800000
347,17.029200000,0.622900000
348,16.169200000,0.733800000
349,17.109900000,0.617200000
350,15.587000000,0.216600000
351,17.821900000,1.275000000
352,15.806800000,0.342700000
353,17.730200000,0.954700000
354,15.696900000,0.272900000
355,17.559300000,1.129700000
356,15.714600000,0.340100000
357,17.898400000,1.522900000
358,15.701600000,0.315100000
359,17.137500000,0.290100000
360,15.698400000,0.153600000
361,16.784400000,0.235400000
362,16.674500000,0.304200000
363,17.855200000,1.394300000
364,16.833900000,1.038500000
365,16.225000000,0.395400000
366,16.366600000,0.957300000
367,15.782800000,0.469800000
368,16.596900000,0.235900000
369,16.815600000,0.275500000
370,18.290700000,0.340100000
371,25.126000000,7.359900000
372,12.528700000,6.100500000
373,12.971800000,2.607800000
374,14.738100000,0.383900000
375,18.021300000,0.319800000
376,17.423400000,1.808800000
377,17.839100000,0.283900000
378,13.788000000,0.427600000
379,16.816200000,0.461400000
380,15.596300000,0.245800000
381,16.800000000,0.417700000
382,17.229200000,0.192700000
383,16.534400000,0.237500000
384,17.107300000,0.741200000
385,15.979600000,0.619800000
386,16.756300000,0.278700000
387,19.357800000,0.199000000
388,14.932300000,0.501100000
389,18.931300000,1.066600000
390,13.567700000,0.245300000
391,17.128600000,0.772900000
392,15.969300000,0.459900000
393,17.660900000,1.261400000
394,15.835400000,0.399500000
395,17.255800000,0.726100000
396,16.110900000,0.671900000
397,17.248400000,0.834900000
398,15.649500000,0.283900000
399,17.036000000,0.505200000
400,16.801500000,0.304100000
401,16.682300000,0.255200000
402,19.544300000,1.651600000
403,13.585900000,0.291700000
404,16.559400000,0.223500000
405,16.619800000,0.292700000
406,21.855700000,1.955200000
407,11.664600000,0.290700000
408,17.431200000,1.037000000
409,15.664600000,0.291100000
410,16.949000000,0.156800000
411,16.758800000,0.354200000
412,17.091200000,0.664600000
413,17.655700000,1.210400000
414,15.889100000,0.595900000
415,15.503600000,0.216700000
416,16.820900000,0.423000000
417,17.567100000,1.187500000
418,15.866700000,0.207300000
419,16.891700000,0.582300000
420,20.134400000,3.567700000
421,15.238000000,0.365100000
422,15.273900000,0.431200000
423,15.805200000,0.441600000
424,17.388100000,0.883900000
425,16.211900000,0.816700000
426,16.834400000,0.448400000
427,17.582300000,1.189600000
428,15.890600000,0.465600000
429,17.011500000,0.269300000
430,15.877100000,0.240600000
431,17.895300000,1.125000000
432,15.598400000,0.231800000
433,16.730800000,0.278100000
434,19.710900000,3.320300000
435,15.047400000,1.675000000
436,14.788500000,0.507300000
437,16.939600000,0.489600000
438,16.802600000,0.317200000
439,16.150000000,0.274500000
440,17.367700000,0.801000000
441,16.975000000,0.585400000
442,16.361500000,0.761500000
443,16.958800000,0.585900000
444,19.445900000,3.374500000
445,14.009900000,0.669300000
446,16.634900000,1.201600000
447,15.691100000,0.287500000
448,17.051600000,0.570300000
449,16.824400000,0.433900000
450,16.932900000,0.535900000
451,15.966100000,0.573500000
452,17.004700000,0.522900000
453,17.985900000,1.558400000
454,15.767700000,0.282800000
455,15.592200000,0.218700000
456,16.860400000,0.293700000
457,16.972400000,0.197900000
458,17.613600000,0.787500000
459,16.572900000,1.197900000
460,16.606200000,0.656800000
461,15.686000000,0.331800000
462,17.355700000,0.972900000
463,15.689600000,0.387500000
464,17.181800000,0.604600000
465,16.622900000,0.249000000
466,16.894300000,0.403100000
467,17.675500000,1.288000000
468,16.104100000,0.139600000
469,15.906800000,0.447900000
470,17.999500000,1.371900000
471,16.121900000,0.741100000
472,16.294800000,0.198900000
473,18.060900000,0.221400000
474,14.844300000,0.519300000
475,17.121800000,0.690600000
476,16.951600000,0.582300000
477,15.840600000,0.467100000
478,16.993800000,0.591700000
479,16.782300000,0.400000000
480,16.998400000,0.651100000
481,15.772400000,0.400500000
482,16.767700000,0.317700000
483,18.272900000,1.871400000
484,15.727600000,0.254200000
485,18.254200000,1.901600000
486,15.112500000,0.695300000
487,17.303100000,0.857800000
488,15.683900000,0.289100000
489,16.625500000,0.277600000
490,16.910900000,0.404200000
491,22.562000000,3.759400000
492,14.383900000,3.157800000
493,15.006700000,2.644300000
494,15.607300000,1.077600000
495,16.111000000,0.761900000
496,15.789600000,0.304700000
497,17.125000000,0.793300000
498,16.692700000,0.354200000
499,16.851000000,0.493800000
500,17.143200000,0.723900000
501,16.484400000,1.064100000
502,19.266200000,0.781700000
503,13.628100000,0.299500000
504,16.870300000,0.489100000
505,15.830200000,0.457300000
506,17.075000000,0.450000000
507,18.600500000,2.192800000
508,15.103700000,0.396400000
509,17.469800000,1.065100000
510,15.881700000,0.442700000
511,15.580800000,0.227600000
512,17.817700000,0.290700000
513,15.623900000,0.279100000
514,17.184900000,0.806300000
515,17.046900000,0.664100000
516,17.108900000,0.221400000
517,15.771300000,0.337000000
518,19.587000000,0.813000000
519,13.647900000,0.241200000
520,17.263500000,0.697400000
521,17.723500000,0.441600000
522,14.607300000,0.233900000
523,17.632800000,0.125500000
524,16.885400000,0.405700000
525,15.792700000,0.416100000
526,17.015100000,0.440600000
527,16.856300000,0.493800000
528,17.619200000,1.237000000
529,15.668800000,0.261400000
530,16.985900000,0.303100000
531,15.737000000,0.319800000
532,18.752100000,0.314600000
533,14.837500000,0.251100000
534,17.439000000,1.016600000
535,15.877100000,0.490100000
536,16.956300000,0.319800000
537,18.401500000,1.334400000
538,14.871900000,0.145300000
539,16.774500000,0.314600000
540,18.244800000,0.987000000
541,14.971900000,0.629100000
542,16.994200000,0.144800000
543,17.893300000,0.693200000
544,15.436400000,0.164600000
545,16.667700000,0.257800000
546,17.365100000,0.226000000
547,15.855200000,0.484900000
548,16.942200000,0.515100000
549,15.714600000,0.287500000
550,17.119300000,0.240100000
551,16.973900000,0.589000000
552,16.895900000,0.277700000
553,15.818200000,0.233900000
554,16.950000000,0.298900000
555,17.888000000,1.532800000
556,15.562000000,0.206200000
557,16.821900000,0.481800000
558,17.076500000,0.753600000
559,15.596900000,0.257800000
560,16.820300000,0.431700000
561,18.006800000,1.467700000
562,15.755700000,0.296300000
563,16.843800000,0.457800000
564,16.894300000,0.246800000
565,15.643200000,0.243800000
566,16.659400000,0.285900000
567,16.659900000,0.295800000
568,17.280200000,0.231200000
569,16.623900000,0.216700000
570,17.002600000,0.527100000
571,15.645900000,0.249000000
572,16.815600000,0.232800000
573,16.634900000,0.295900000
574,17.629100000,1.216600000
575,15.659400000,0.262000000
576,17.593800000,0.991700000
577,15.932300000,0.540600000
578,16.823900000,0.439600000
579,18.355700000,2.001000000
580,15.073000000,0.686900000
581,17.178600000,0.146800000
582,16.819800000,1.332900000
583,15.744800000,0.318700000
584,16.974000000,0.637000000
585,18.698900000,2.343800000
586,14.943200000,0.546300000
587,18.078200000,0.136000000
588,14.734900000,0.395300000
589,16.763000000,0.327100000
590,17.939000000,1.118200000
591,16.197400000,0.874400000
592,15.689100000,0.196900000
593,16.636500000,0.230700000
594,16.710400000,0.344200000
595,16.655200000,0.266700000
596,16.812500000,0.269800000
597,18.514600000,1.819200000
598,15.186900000,0.146400000
599,17.878700000,1.468700000
600,15.527600000,0.615200000
601,16.609900000,0.248900000
602,16.995800000,0.365600000
603,15.854700000,0.485400000
604,17.268200000,0.312500000
605,16.671400000,0.272900000
606,17.429700000,0.416200000
607,16.333300000,0.926500000
608,16.736000000,1.337000000
609,16.343200000,0.718300000
610,15.807300000,0.369800000
611,17.335900000,0.884900000
612,20.395800000,3.165600000
613,12.781300000,0.262500000
614,16.770300000,0.206700000
615,17.061500000,0.736900000
616,15.941600000,0.330700000
617,19.174000000,2.332800000
618,16.357300000,1.493800000
619,14.679200000,0.361000000
620,16.789500000,0.468800000
621,17.125000000,0.752100000
622,16.482800000,0.777000000
623,15.887500000,0.514600000
624,17.376100000,0.948900000
625,15.630200000,0.254700000
626,17.381800000,0.722400000
627,17.317700000,0.916600000
628,19.763500000,1.232800000
629,12.700000000,0.192700000
630,16.670900000,0.364600000
631,16.792100000,0.440100000
632,16.653700000,0.268200000
633,17.416100000,1.021900000
634,16.253700000,0.703600000
635,16.104700000,0.686400000
636,16.779100000,0.341200000
637,16.607300000,0.261000000
638,18.089100000,1.620400000
639,16.009900000,0.290100000
640,16.689600000,0.858300000
641,15.627600000,0.239000000
642,16.761900000,0.279700000
643,17.137500000,0.775500000
644,17.539100000,0.565100000
645,16.516700000,0.979200000
646,17.385900000,0.165100000
647,15.027100000,0.565600000
648,16.599000000,0.267800000
649,16.598400000,0.228200000
650,16.880700000,0.144300000
651,17.027600000,0.705200000
652,18.853200000,0.257800000
653,13.899400000,0.558300000
654,18.316200000,0.492200000
655,14.823400000,0.481800000
656,16.757300000,0.269300000
657,16.694300000,0.319800000
658,17.210900000,0.742200000
659,16.712500000,0.262500000
660,17.136000000,0.242700000
661,15.677000000,0.276100000
662,17.051600000,0.685400000
663,17.234400000,0.842200000
664,16.140100000,0.178200000
665,16.844800000,0.403700000
666,17.220800000,1.148500000
667,16.133900000,0.276000000
668,15.647900000,0.331300000
669,16.953600000,0.447400000
670,17.388600000,0.901600000
671,15.674400000,0.137000000
672,18.580200000,2.000000000
673,14.765200000,0.379100000
674,16.867100000,0.381300000
675,16.631800000,0.265600000
676,17.256300000,0.732800000
677,16.796800000,0.380200000
678,17.407800000,0.491100000
679,15.880300000,0.218700000
680,17.329100000,0.933900000
681,16.712000000,1.283900000
682,15.806300000,0.345800000
683,16.908800000,0.317200000
684,17.373400000,1.703600000
685,15.565700000,0.231800000
686,17.296300000,0.897900000
687,16.608900000,1.108300000
688,16.445800000,0.282300000
689,20.692200000,0.149500000
690,11.876000000,0.144800000
691,16.493800000,0.174000000
692,17.109400000,0.251600000
693,16.502600000,0.188500000
694,16.966600000,0.340600000
695,16.946900000,0.579700000
696,20.735400000,2.052600000
697,12.864100000,0.471300000
698,17.354700000,1.479200000
699,17.451000000,0.200000000
700,15.327600000,0.863000000
701,15.837000000,0.478100000
702,17.452100000,1.001600000
703,15.582800000,0.244300000
704,16.755200000,0.324500000
705,16.913000000,0.477600000
706,17.340700000,0.714000000
707,15.604600000,0.233300000
708,17.910500000,0.993800000
709,16.252000000,0.861500000
710,16.677600000,0.288500000
711,17.188600000,0.373500000
712,16.287500000,0.759400000
713,15.615100000,0.284400000
714,17.923900000,1.148900000
715,15.649500000,0.275500000
716,17.262500000,0.580700000
717,17.075500000,0.231700000
718,16.248000000,0.282300000
719,16.673900000,0.302600000
720,16.987500000,0.152600000
721,15.883900000,0.415700000
722,16.966600000,0.187000000
723,17.189600000,0.840100000
724,16.190100000,0.254700000
725,16.563600000,0.230800000
726,18.259900000,0.500000000
727,15.801000000,0.802000000
728,15.952100000,0.130200000
729,17.326600000,0.958900000
730,16.185400000,0.234900000
731,16.594200000,0.241100000
732,17.205800000,0.859400000
733,15.847400000,0.401600000
734,18.607300000,0.314100000
735,14.692700000,0.312000000
736,17.246800000,0.724500000
737,17.770400000,2.144800000
738,16.228100000,0.239600000
739,15.539600000,0.246900000
740,19.522400000,0.632300000
741,13.689000000,0.328100000
742,16.750000000,0.203600000
743,17.251100000,0.877600000
744,15.546800000,0.205700000
745,16.584900000,0.233300000
746,18.555800000,1.183400000
747,16.517700000,0.450000000
748,16.129700000,0.636500000
749,15.651500000,0.219800000
750,19.775000000,1.077600000
751,13.708900000,0.333800000
752,20.220300000,0.477600000
753,14.160400000,0.810400000
754,16.671900000,0.731700000
755,15.663500000,0.286400000
756,39.286000000,20.020900000
757,23.750500000,23.514000000
758,10.609400000,9.957800000
759,14.827600000,7.078600000
760,14.163000000,3.966700000
761,16.100500000,0.623400000
762,16.116100000,4.561000000
763,13.059400000,0.415600000
764,16.484900000,0.180700000
765,17.032800000,0.657800000
766,17.503700000,2.079100000
767,15.662500000,0.220900000
768,16.770300000,0.338000000
769,17.166700000,0.356700000
770,24.629100000,8.914100000
771,16.582300000,8.745900000
772,12.540600000,3.025000000
773,12.107300000,0.669200000
774,16.751100000,0.421900000
775,16.664000000,0.298400000
776,16.887500000,0.542100000
777,16.713100000,0.283300000
778,16.210900000,0.802100000
779,17.129700000,0.712500000
780,15.796900000,0.470800000
781,17.412500000,0.474500000
782,17.667700000,0.420300000
783,15.670300000,0.321300000
784,16.570800000,0.233300000
785,16.769800000,0.213000000
786,16.756800000,0.381800000
787,16.623400000,0.248400000
788,16.827100000,0.450000000
789,15.717700000,0.376000000
790,18.342700000,2.005200000
791,16.004700000,0.526600000
792,15.742700000,0.255700000
793,18.053600000,0.747900000
794,15.708400000,0.300500000
795,16.945300000,0.509900000
796,17.391100000,0.701000000
797,18.084400000,1.751000000
798,20.826100000,5.943700000
799,13.774400000,3.912500000
800,18.511500000,3.685900000
801,10.839600000,0.496900000
802,17.801500000,0.698900000
803,15.644800000,0.279100000
804,16.588100000,0.222900000
805,17.837500000,0.735400000
806,19.236400000,3.751000000
807,12.988600000,0.643300000
808,16.901000000,0.486500000
809,16.706200000,0.313000000
810,16.894300000,0.466200000
811,16.855200000,0.314100000
812,16.656800000,1.131300000
813,16.265100000,0.426000000
814,16.645800000,0.229700000
815,17.114600000,0.540100000
816,15.839100000,0.469800000
817,17.366100000,0.213000000
818,15.696900000,0.336000000
819,16.815600000,0.475500000
820,16.925500000,0.129100000
821,20.188600000,3.205200000
822,12.943200000,0.391700000
823,17.333900000,0.601600000
824,16.705200000,0.160500000
825,16.301000000,0.492200000
826,17.415100000,0.579200000
827,16.010400000,0.604700000
828,16.994800000,0.188000000
829,17.191200000,0.841600000
830,15.837000000,0.331200000
831,16.989000000,0.302600000
832,17.538600000,0.197900000
833,16.009900000,0.656700000
834,15.696300000,0.371900000
835,17.675000000,0.880200000
836,16.075000000,0.499000000
837,16.750500000,0.299500000
838,16.781800000,0.242700000
839,16.771900000,0.358800000
840,15.767200000,0.363000000
841,17.725500000,0.474500000
842,15.799500000,0.277600000
843,17.087500000,0.607800000
844,16.754700000,0.380700000
845,17.106700000,0.501600000
846,15.881800000,0.484900000
847,18.051000000,0.246800000
848,15.657800000,0.315600000
849,16.608400000,0.226600000
850,16.612500000,0.205200000
851,16.762000000,0.320800000
852,16.750000000,0.329700000
853,17.081200000,0.521300000
854,15.956800000,0.430200000
855,17.537500000,0.826500000
856,16.365600000,0.508400000
857,15.537000000,0.183900000
858,16.632800000,0.282300000
859,17.966100000,0.669800000
860,15.945400000,0.618700000
861,16.545300000,0.225000000
862,18.430700000,0.507300000
863,14.895800000,0.541100000
864,16.867200000,0.442200000
865,17.916200000,0.221400000
866,15.660900000,0.276100000
867,16.753100000,0.348500000
868,15.794800000,0.450500000
869,16.953700000,0.529700000
870,16.728600000,0.233300000
871,17.244800000,0.381300000
872,16.039100000,0.601500000
873,16.600500000,0.218300000
874,17.226500000,0.132800000
875,16.677700000,0.307200000
876,16.700000000,0.330700000
877,16.660400000,0.234900000
878,16.744800000,0.400500000
879,15.977600000,0.568300000
880,17.461900000,0.481800000
881,16.130300000,0.719200000
882,17.016600000,0.272400000
883,16.717200000,0.301000000
884,15.735900000,0.205700000
885,16.629200000,0.237000000
886,16.733300000,0.395800000
887,17.386500000,0.774000000
888,16.784400000,0.221400000
889,16.875000000,0.502100000
890,15.641600000,0.138100000
891,17.411000000,0.279200000
892,20.650500000,0.249000000
893,14.676600000,1.361000000
894,15.065100000,0.618200000
895,16.380200000,0.748500000
896,16.041100000,0.504700000
897,16.980200000,0.599000000
898,16.862000000,0.407200000
899,17.108300000,0.659400000
900,15.589600000,0.225500000
901,17.708900000,0.165100000
902,16.996900000,1.047400000
903,15.575000000,0.182800000
904,16.539500000,0.214000000
905,18.816200000,0.488100000
906,14.717200000,0.340100000
907,17.292200000,0.208300000
908,16.609300000,0.533800000
909,15.930800000,0.307300000
910,16.982300000,0.443200000
911,16.996800000,0.625000000
912,15.735400000,0.308800000
913,17.736500000,0.790700000
914,15.682300000,0.271900000
915,16.641700000,0.275000000
916,17.297900000,0.468700000
917,17.685900000,0.848000000
918,15.704700000,0.276500000
919,16.906300000,0.531200000
920,16.498400000,0.301100000
921,16.932300000,0.542700000
922,17.542200000,0.357300000
923,15.364600000,0.996800000
924,16.678100000,0.218800000
925,17.312500000,0.156800000
926,16.069300000,0.234400000
927,16.555200000,0.221400000
928,16.577000000,0.237500000
929,16.864100000,0.442700000
930,16.661500000,0.197400000
931,16.943200000,0.552100000
932,15.817700000,0.362000000
933,17.052600000,0.151100000
934,17.662000000,1.044200000
935,15.909900000,0.501600000
936,16.671900000,0.207300000
937,16.962500000,0.201000000
938,20.085400000,2.206200000
939,12.896300000,0.484400000
940,16.593800000,0.234400000
941,16.994200000,0.607800000
942,16.265700000,0.814000000
943,17.074500000,0.643700000
944,16.095800000,0.648500000
945,16.692200000,0.278100000
946,16.792200000,0.225000000
947,16.334900000,0.527100000
948,17.219200000,0.613500000
949,16.783900000,0.271400000
950,15.715100000,0.323900000
951,17.418200000,0.981300000
952,18.304700000,1.964600000
953,15.313500000,0.389600000
954,15.546900000,0.212500000
955,16.518200000,0.187500000
956,19.076100000,1.139600000
957,15.022900000,0.684900000
958,17.005200000,0.568800000
959,16.658900000,0.267200000
960,17.260400000,0.790100000
961,16.255700000,0.275000000
962,15.877100000,0.297400000
963,17.220300000,0.227600000
964,17.985900000,0.689000000
965,14.740700000,0.348400000
966,16.894800000,0.530200000
967,17.369200000,0.705700000
968,19.468800000,2.887000000
969,13.940600000,1.547400000
970,16.569800000,0.657800000
971,15.954200000,0.574400000
972,16.628600000,0.281200000
973,17.447400000,0.721900000
974,15.794300000,0.354700000
975,17.756200000,1.367200000
976,15.810400000,0.214500000
977,17.233400000,0.727100000
978,15.672400000,0.278600000
979,17.813000000,1.072900000
980,16.028100000,0.252600000
981,18.062000000,0.222400000
982,15.078100000,0.718200000
983,16.634900000,0.300000000
984,16.643800000,0.228700000
985,17.164600000,0.281200000
986,17.048900000,0.620300000
987,15.977600000,0.517700000
988,16.591700000,0.263600000
989,17.504200000,0.264600000
990,15.670300000,0.282800000
991,17.015100000,0.308400000
992,17.129700000,0.728600000
993,15.635900000,0.246400000
994,19.309400000,1.719300000
995,14.706200000,0.201100000
996,17.520900000,0.185400000
997,15.969700000,0.191100000
998,15.926600000,0.551000000
999,16.463500000,0.094700000
1000,17.380800000,0.986000000
1001,17.574500000,0.755200000
1002,15.997900000,0.404200000
1003,16.352100000,0.968700000
1004,17.370300000,0.944200000
1005,16.206200000,0.791700000
1006,16.728100000,0.330200000
1007,15.652100000,0.274500000
1008,16.734900000,0.316600000
1009,18.243800000,1.083800000
1010,15.592700000,0.250000000
1011,17.102100000,0.739600000
1012,16.109900000,0.748500000
1013,17.723400000,1.300000000
1014,16.022900000,0.556800000
1015,16.571900000,0.213100000
1016,16.706800000,0.312000000
1017,16.890600000,0.294800000
1018,16.500500000,0.986500000
1019,17.298400000,0.306800000
1020,15.701100000,0.323500000
1021,17.461400000,0.196900000
1022,16.226100000,0.774000000
1023,16.689000000,0.262500000
1024,16.625000000,0.269200000
1025,17.921900000,0.584900000
1026,14.784400000,0.353100000
1027,17.110400000,0.301600000
1028,16.806300000,0.318800000
1029,17.035400000,0.524000000
1030,16.999500000,0.317800000
1031,15.584300000,0.231200000
1032,16.664600000,0.139000000
1033,16.943800000,0.286000000
1034,16.618200000,0.132300000
1035,17.088500000,0.727000000
1036,15.921400000,0.500500000
1037,16.854200000,0.494200000
1038,16.923900000,0.515100000
1039,16.924000000,0.540100000
1040,16.491100000,0.974000000
1041,17.216700000,0.838600000
1042,16.920800000,0.262500000
1043,17.734400000,0.202100000
1044,14.700000000,0.333400000
1045,18.352100000,1.567700000
1046,14.790100000,0.269800000
1047,16.746900000,0.337000000
1048,16.678600000,0.264100000
1049,16.679200000,0.299500000
1050,16.727600000,0.394200000
1051,16.992200000,0.646800000
1052,17.040600000,0.552100000
1053,15.786400000,0.152100000
1054,17.382300000,0.249000000
1055,17.060500000,1.485900000
1056,15.953600000,0.434400000
1057,17.213500000,0.792700000
1058,16.267800000,0.327600000
1059,16.008800000,0.167200000
1060,16.981300000,0.513500000
1061,17.353100000,0.873500000
1062,15.641600000,0.267700000
1063,18.284900000,1.577100000
1064,15.313100000,0.873000000
1065,16.583800000,0.212000000
1066,19.422900000,1.872900000
1067,13.831800000,0.304200000
1068,17.246400000,0.888500000
1069,16.061400000,0.726000000
1070,17.058900000,0.571300000
1071,16.606200000,0.264000000
1072,16.724500000,0.298400000
1073,19.754700000,0.260500000
1074,13.656200000,0.123900000
1075,17.528700000,1.016700000
1076,15.973400000,0.604700000
1077,15.922900000,0.549400000
1078,17.695400000,0.581700000
1079,15.865600000,0.400000000
1080,17.067700000,0.732800000
1081,15.922900000,0.522400000
1082,16.599500000,0.225000000
1083,17.909400000,1.343200000
1084,16.142700000,0.527000000
1085,17.333300000,0.927100000
1086,16.305700000,0.903700000
1087,17.120900000,1.376100000
1088,15.932300000,0.381200000
1089,16.685900000,0.290600000
1090,18.785900000,2.136000000
1091,13.887000000,0.143200000
1092,17.222400000,0.821900000
1093,16.629200000,0.240700000
1094,17.775500000,0.689100000
1095,16.773900000,1.293700000
1096,15.338100000,0.925000000
1097,16.691600000,0.329200000
1098,16.829200000,0.407800000
1099,16.817700000,0.443200000
1100,16.446900000,1.025000000
1101,16.942200000,0.530200000
1102,16.337000000,0.314000000
1103,17.233800000,0.852100000
1104,15.576000000,0.231700000
1105,19.529700000,0.142200000
1106,14.256800000,0.740600000
1107,16.625500000,0.264000000
1108,17.135400000,0.193200000
1109,16.100600000,0.515100000
1110,17.192700000,0.681800000
1111,16.269800000,0.895800000
1112,17.239000000,0.737500000
1113,15.747400000,0.391100000
1114,20.344300000,1.325500000
1115,12.909400000,0.546400000
1116,17.344200000,0.549400000
1117,16.671900000,0.279200000
1118,16.959400000,0.179700000
1119,15.541100000,0.189600000
1120,18.202600000,0.263500000
1121,15.771900000,0.421900000
1122,16.922900000,0.633800000
1123,16.319800000,0.156300000
1124,17.242700000,0.709900000
1125,18.270900000,0.371400000
1126,14.983800000,0.447400000
1127,16.196400000,0.569200000
1128,17.887500000,0.564100000
1129,15.744200000,0.306200000
1130,15.981300000,0.568700000
1131,16.814600000,0.322400000
1132,16.959400000,0.437500000
1133,16.638500000,0.223500000
1134,17.261500000,0.907300000
1135,16.005200000,0.318800000
1136,17.182800000,0.383900000
1137,15.554700000,0.196900000
1138,17.385400000,0.981300000
1139,16.587500000,0.234400000
1140,16.835400000,0.168200000
1141,16.965600000,0.572400000
1142,15.762000000,0.321800000
1143,17.250500000,0.851600000
1144,19.163600000,0.741100000
1145,13.611400000,0.217200000
1146,17.653700000,0.294800000
1147,16.332800000,0.416200000
1148,16.919800000,0.520300000
1149,15.723400000,0.309900000
1150,17.903700000,0.252600000
1151,15.933300000,0.522400000
1152,17.023400000,0.636000000
1153,16.437000000,0.200500000
1154,17.570300000,1.047900000
1155,15.866700000,0.538600000
1156,16.797900000,1.273900000
1157,16.392200000,0.820800000
1158,16.801500000,0.342200000
1159,16.649000000,0.262000000
1160,17.485400000,0.379200000
1161,15.840100000,0.464100000
1162,16.805800000,0.340200000
1163,15.579600000,0.228700000
1164,16.783900000,0.236500000
1165,17.231200000,0.144800000
1166,19.869800000,1.019800000
1167,13.817200000,0.467700000
1168,17.747400000,1.285900000
1169,14.995900000,0.645400000
1170,16.465100000,0.197400000
1171,16.879600000,0.254700000
1172,16.892200000,0.425500000
1173,16.866700000,0.473400000
1174,17.083900000,0.698000000
1175,15.873400000,0.530800000
1176,17.262000000,0.877600000
1177,16.038500000,0.307800000
1178,16.846900000,0.308800000
1179,16.656800000,0.291700000
1180,18.953600000,2.400000000
1181,14.708300000,0.335900000
1182,16.714600000,0.250500000
1183,16.364600000,0.325500000
1184,16.912000000,0.365100000
1185,17.075000000,0.696800000
1186,16.987000000,0.259400000
1187,15.950000000,0.590700000
1188,15.807300000,0.252600000
1189,16.964000000,0.563000000
1190,17.203700000,0.648400000
1191,17.121800000,0.771900000
1192,17.397400000,0.454100000
1193,16.174000000,1.452100000
1194,46.602600000,31.205700000
1195,10.038000000,9.622400000
1196,13.550000000,6.157300000
1197,13.277600000,2.741100000
1198,15.261500000,0.212500000
1199,15.478100000,0.121400000
1200,16.641200000,0.296900000
1201,17.143700000,0.668800000
1202,18.427100000,0.225500000
1203,16.100500000,1.593800000
1204,15.731300000,0.377100000
1205,18.381700000,0.244800000
1206,14.779700000,0.165100000
1207,17.612000000,1.225000000
1208,15.599500000,0.279100000
1209,17.037000000,0.570300000
1210,15.531700000,0.206800000
1211,18.272400000,0.779700000
1212,15.624500000,0.253100000
1213,17.739600000,1.348400000
1214,15.544800000,0.189100000
1215,16.944800000,0.134400000
1216,16.732800000,0.326500000
1217,17.858300000,1.456200000
1218,17.075500000,1.671400000
1219,14.762000000,0.327600000
1220,16.829200000,0.440700000
1221,19.442200000,1.937000000
1222,13.841600000,0.512000000
1223,16.673500000,0.273900000
1224,17.569800000,1.067200000
1225,15.763500000,0.384400000
1226,16.688000000,0.294800000
1227,16.683400000,0.283400000
1228,16.609900000,0.255800000
1229,16.651500000,0.308400000
1230,16.790600000,0.457900000
1231,17.015700000,0.577600000
1232,15.844200000,0.384300000
1233,16.927600000,0.523400000
1234,16.899500000,0.499000000
1235,16.654700000,0.277100000
1236,16.697900000,0.231800000
1237,17.723500000,0.649500000
1238,15.815100000,0.465600000
1239,18.328100000,1.974000000
1240,14.612000000,0.251600000
1241,16.648400000,0.242200000
1242,16.625000000,0.255200000
1243,16.880200000,0.255800000
1244,16.914100000,0.554200000
1245,17.379700000,0.984400000
1246,15.625000000,0.248500000
1247,16.721800000,0.243800000
1248,16.601100000,0.284400000
1249,22.166100000,0.258300000
1250,11.111500000,0.556800000
1251,16.771300000,0.248900000
1252,16.773000000,0.472400000
1253,16.629100000,0.292700000
1254,16.663600000,0.251100000
1255,16.618700000,0.211400000
1256,16.812500000,0.402600000
1257,16.731800000,0.307300000
1258,16.702100000,0.326000000
1259,19.303100000,1.307800000
1260,15.112500000,1.341700000
1261,15.778100000,0.276600000
1262,15.919300000,0.366600000
1263,16.662000000,0.303100000
1264,16.883300000,0.519800000
1265,16.947400000,0.230700000
1266,16.680700000,0.325500000
1267,16.621900000,0.221400000
1268,16.609400000,0.268200000
1269,19.438500000,3.014600000
1270,13.737500000,0.403100000
1271,16.844800000,0.466700000
1272,16.791200000,0.338000000
1273,16.927000000,0.541100000
1274,15.826600000,0.384900000
1275,16.583300000,0.232300000
1276,16.919300000,0.316200000
1277,17.178700000,0.823400000
1278,16.252600000,0.763500000
1279,17.396300000,0.492700000
1280,15.663000000,0.296800000
1281,16.606300000,0.242200000
1282,16.562500000,0.224000000
1283,18.625500000,2.265600000
1284,14.541700000,0.202600000
1285,18.196800000,0.290100000
1286,15.689100000,0.308300000
1287,16.787000000,0.264100000
1288,16.616700000,0.240600000
1289,17.389000000,0.973400000
1290,15.692700000,0.308300000
1291,16.977600000,0.218700000
1292,16.552600000,0.231800000
1293,16.913100000,0.320300000
1294,16.625000000,0.268200000
1295,17.352600000,1.003700000
1296,15.735400000,0.349000000
1297,23.014000000,1.169800000
1298,13.019800000,2.256700000
1299,13.580200000,0.237500000
1300,16.642700000,0.306800000
1301,20.037500000,3.599400000
1302,13.581800000,0.218700000
1303,16.839600000,0.510400000
1304,16.718700000,0.286500000
1305,16.775000000,0.182300000
1306,17.540700000,1.167700000
1307,16.164000000,0.650500000
1308,15.645900000,0.308400000
1309,17.100000000,0.583900000
1310,16.760900000,0.391100000
1311,17.331300000,0.788100000
1312,15.638000000,0.260900000
1313,16.991600000,0.245800000
1314,16.692200000,0.315600000
1315,16.854700000,0.414100000
1316,16.652600000,0.279700000
1317,16.642700000,0.286000000
1318,16.703200000,0.322900000
1319,17.402000000,0.957800000
1320,15.588100000,0.216200000
1321,17.399400000,1.027100000
1322,15.908900000,0.370800000
1323,16.650500000,0.255700000
1324,17.050000000,0.367200000
1325,16.722900000,0.293200000
1326,16.693800000,0.308900000
1327,18.671900000,1.928100000
1328,15.655200000,0.967200000
1329,15.563500000,0.181700000
1330,16.714100000,0.148900000
1331,16.835400000,0.295900000
1332,17.157800000,0.767800000
1333,16.030200000,0.596400000
1334,17.555200000,0.514600000
1335,15.745300000,0.404200000
1336,16.721400000,0.340700000
1337,16.578100000,0.202600000
1338,19.101600000,2.333300000
1339,13.920800000,0.209400000
1340,16.618800000,0.231200000
1341,16.693700000,0.295300000
1342,16.583300000,0.260400000
1343,16.719800000,0.227100000
1344,16.821900000,0.345900000
1345,17.258300000,0.757800000
1346,15.793300000,0.214100000
1347,16.710400000,0.238600000
1348,18.828100000,1.199500000
1349,16.314100000,1.867200000
1350,14.650000000,0.267700000
1351,16.552600000,0.201500000
1352,17.718700000,0.357800000
1353,15.802600000,0.413500000
1354,16.644300000,0.295300000
1355,16.833900000,0.335400000
1356,16.650500000,0.297400000
1357,17.038500000,0.665600000
1358,16.796400000,0.251500000
1359,20.143200000,1.510900000
1360,12.557300000,0.214100000
1361,16.567200000,0.195900000
1362,17.022900000,0.630200000
1363,17.218700000,0.575000000
1364,16.835500000,0.300000000
1365,17.454600000,0.262000000
1366,15.953200000,0.609900000
1367,15.847400000,0.452600000
1368,16.602100000,0.282200000
1369,17.015100000,0.612000000
1370,16.786400000,0.390100000
1371,16.562000000,0.229200000
1372,16.616700000,0.283300000
1373,16.535400000,0.230200000
1374,19.577100000,2.816200000
1375,14.357800000,0.232300000
1376,15.851000000,0.392200000
1377,16.621900000,0.272400000
1378,16.767200000,0.401100000
1379,17.102100000,0.741700000
1380,16.633300000,0.227100000
1381,17.057800000,0.569800000
1382,15.727100000,0.286500000
1383,16.590100000,0.203200000
1384,16.717200000,0.349000000
1385,16.997400000,0.643300000
1386,16.751000000,0.347900000
1387,16.704200000,0.282800000
1388,16.941100000,0.512500000
1389,17.147900000,0.778600000
1390,15.691700000,0.293200000
1391,16.632300000,0.269300000
1392,16.885400000,0.530700000
1393,17.028100000,0.595800000
1394,16.722400000,0.335900000
1395,15.647400000,0.277000000
1396,17.070900000,0.671900000
1397,16.653100000,0.291700000
1398,16.884900000,0.535400000
1399,16.905200000,0.463500000
1400,16.797400000,0.339100000
1401,16.884900000,0.457300000
1402,16.184900000,0.782800000
1403,17.030700000,0.570900000
1404,15.656800000,0.270300000
1405,17.388500000,0.140600000
1406,16.651100000,0.299000000
1407,16.646300000,0.276000000
1408,16.656300000,0.127600000
1409,19.105200000,2.755800000
1410,13.595800000,0.226000000
1411,16.694300000,0.329200000
1412,16.937000000,0.518700000
1413,16.594200000,0.225000000
1414,16.748500000,0.295900000
1415,16.580200000,0.236500000
1416,16.948900000,0.570800000
1417,16.879700000,0.467700000
1418,16.641700000,0.295300000
1419,16.675000000,0.299000000
1420,17.268700000,0.775500000
1421,16.024000000,0.636000000
1422,17.353100000,0.970300000
1423,15.795900000,0.346400000
1424,16.986400000,0.613000000
1425,17.413600000,0.274500000
1426,15.855200000,0.347900000
1427,16.690600000,0.237000000
1428,16.632300000,0.218200000
1429,20.654700000,4.241600000
1430,12.798900000,0.390100000
1431,16.551600000,0.232800000
1432,16.735400000,0.339600000
1433,16.638600000,0.226600000
1434,17.593700000,1.191700000
1435,16.157300000,0.654700000
1436,18.581200000,0.248900000
1437,17.118300000,3.713500000
1438,13.888500000,0.528100000
1439,16.721400000,0.309300000
1440,17.668700000,1.194300000
1441,15.643300000,0.251600000
1442,16.981200000,0.534400000
1443,16.049500000,0.282900000
1444,16.693700000,0.145800000
1445,17.120900000,0.568700000
1446,15.786400000,0.328100000
1447,17.105200000,0.621300000
1448,16.595300000,0.219300000
1449,16.571400000,0.219800000
1450,16.724000000,0.292800000
1451,16.640600000,0.236500000
1452,16.826000000,0.497400000
1453,18.388600000,1.937500000
1454,14.642700000,0.180800000
1455,16.940600000,0.140600000
1456,16.745300000,0.131700000
1457,16.773400000,0.265600000
1458,16.624500000,0.282800000
1459,16.783400000,0.195300000
1460,16.903600000,0.278100000
1461,16.130200000,0.663600000
1462,16.777600000,0.292700000
1463,16.941200000,0.567200000
1464,15.764500000,0.319800000
1465,18.115700000,1.608300000
1466,15.798900000,0.403100000
1467,16.862500000,0.348900000
1468,19.266200000,0.384900000
1469,13.692200000,0.356800000
1470,16.769200000,0.293800000
1471,16.738600000,0.247900000
1472,16.933300000,0.516200000
1473,16.983300000,0.596900000
1474,15.829700000,0.247400000
1475,16.769300000,0.402100000
1476,16.624000000,0.267200000
1477,16.641600000,0.267700000
1478,16.782800000,0.428600000
1479,16.850000000,0.405700000
1480,16.709400000,0.331800000
1481,16.599000000,0.247400000
1482,16.575000000,0.229200000
1483,16.684900000,0.303100000
1484,16.485400000,0.197400000
1485,16.650500000,0.284900000
1486,16.591700000,0.239100000
1487,16.900000000,0.497900000
1488,16.685400000,0.292200000
1489,16.754700000,0.305200000
1490,16.590600000,0.238000000
1491,16.829700000,0.376500000
1492,16.651000000,0.335400000
1493,16.675600000,0.365700000
1494,17.314500000,0.930200000
1495,15.861500000,0.472400000
1496,16.772900000,0.344800000
1497,16.654700000,0.282300000
1498,16.675000000,0.288600000
1499,17.077100000,0.140600000
1500,15.795800000,0.265600000
1501,16.977100000,0.414600000
1502,17.253100000,0.843200000
1503,15.703700000,0.280200000
1504,17.061400000,0.587500000
1505,17.899000000,0.977600000
1506,15.652100000,0.267100000
1507,17.101000000,0.555700000
1508,16.089600000,0.275000000
1509,20.521300000,3.211400000
1510,13.126600000,0.734400000
1511,18.117700000,0.860400000
1512,14.799000000,0.466700000
1513,17.005700000,0.207800000
1514,16.626000000,0.285900000
1515,17.076600000,0.698400000
1516,15.810900000,0.156200000
1517,16.693800000,0.271900000
1518,17.013500000,0.576600000
1519,17.020900000,0.525600000
1520,16.138000000,0.672400000
1521,16.431800000,0.152100000
1522,16.586900000,0.219200000
1523,17.079700000,0.714600000
1524,17.606300000,1.254200000
1525,15.683300000,0.309900000
1526,20.453700000,0.248400000
1527,18.040600000,1.629700000
1528,12.033800000,0.695300000
1529,15.856800000,0.452100000
1530,17.141700000,0.687500000
1531,16.619200000,0.248400000
1532,16.524500000,0.180200000
1533,19.198500000,2.654700000
1534,13.716100000,0.410500000
1535,16.504700000,0.190100000
1536,16.539100000,0.238000000
1537,18.042700000,0.516100000
1538,15.964600000,0.478100000
1539,16.838500000,0.396800000
1540,16.753100000,0.386400000
1541,16.788000000,0.221800000
1542,15.753200000,0.353600000
1543,17.055200000,0.141200000
1544,16.626500000,0.226500000
1545,16.839600000,0.464100000
1546,16.809900000,0.301000000
1547,16.928100000,0.408400000
1548,15.744300000,0.324500000
1549,19.880200000,0.237000000
1550,14.751100000,1.188500000
1551,15.477600000,0.155200000
1552,16.730200000,0.394800000
1553,18.850000000,2.225000000
1554,14.710400000,0.312500000
1555,17.419800000,1.050000000
1556,15.587500000,0.127600000
1557,16.937000000,0.469800000
1558,16.614500000,0.261900000
1559,16.948500000,0.524500000
1560,16.624500000,0.238600000
1561,16.848900000,0.119300000
1562,16.679700000,0.316100000
1563,17.233900000,0.746800000
1564,15.651000000,0.142700000
1565,17.243200000,0.792200000
1566,17.679200000,1.263600000
1567,15.898400000,1.529100000
1568,16.609900000,1.172400000
1569,16.011500000,0.322400000
1570,16.612000000,0.216200000
1571,16.603600000,0.239100000
1572,18.457800000,1.948900000
1573,14.601600000,0.114600000
1574,17.073400000,0.654200000
1575,16.595900000,0.207800000
1576,16.562500000,0.140700000
1577,16.853600000,0.500000000
1578,17.668200000,0.689600000
1579,16.080200000,0.558800000
1580,16.882300000,0.520300000
1581,16.053200000,0.161000000
1582,17.517700000,0.888000000
1583,15.996300000,0.584400000
1584,16.586500000,0.234900000
1585,19.500500000,2.750500000
1586,14.349000000,0.473900000
1587,15.914500000,0.564500000
1588,16.750000000,0.282900000
1589,17.227600000,0.802600000
1590,15.924500000,0.584900000
1591,17.164100000,0.802600000
1592,16.861400000,0.403600000
1593,19.180800000,0.682300000
1594,13.675500000,0.210400000
1595,16.649000000,0.236000000
1596,16.931700000,0.480200000
1597,16.879200000,0.497400000
1598,16.589600000,0.986000000
1599,17.054700000,0.699000000
1600,15.994200000,0.608800000
1601,16.587000000,0.212000000
1602,19.370300000,2.835900000
1603,13.865700000,0.483800000
1604,16.631700000,0.222400000
1605,19.820900000,3.050600000
1606,14.446800000,0.960400000
1607,15.876600000,0.507300000
1608,16.780700000,0.423400000
1609,16.904200000,0.222900000
1610,16.577100000,0.214600000
1611,16.550000000,0.202600000
1612,16.905200000,0.432800000
1613,17.125000000,0.221400000
1614,15.510400000,0.212000000
1615,16.949500000,0.351100000
1616,16.803100000,0.256300000
1617,16.586500000,0.228100000
1618,17.456200000,0.504700000
1619,16.259900000,0.632300000
1620,18.552100000,0.194700000
1621,14.616700000,0.215600000
1622,16.865600000,0.504200000
1623,15.993200000,0.596900000
1624,16.703100000,0.338000000
1625,16.809900000,0.442700000
1626,17.012000000,0.681800000
1627,17.038600000,0.586400000
1628,15.748900000,0.395800000
1629,16.935900000,0.492700000
1630,17.005800000,0.617200000
1631,17.292700000,0.715100000
1632,15.822900000,0.364000000
1633,17.015600000,0.370800000
1634,15.631800000,0.228100000
1635,17.259400000,0.775000000
1636,16.883800000,0.481700000
1637,16.655800000,0.263600000
1638,17.233300000,0.527100000
1639,17.802600000,1.875600000
1640,15.038500000,0.167200000
1641,17.095900000,0.668700000
1642,15.610400000,0.208900000
1643,16.523900000,0.187000000
1644,16.609400000,0.232800000
1645,16.916700000,0.534900000
1646,17.159400000,0.658900000
1647,17.223900000,0.246300000
1648,15.653700000,0.330200000
1649,17.527000000,1.057800000
1650,15.765200000,0.301500000
1651,16.908800000,0.547400000
1652,17.078700000,0.548400000
1653,20.213500000,0.220300000
1654,13.180700000,0.799500000
1655,15.704700000,0.261900000
1656,16.717200000,0.367700000
1657,18.180700000,0.578600000
1658,16.761500000,0.241200000
1659,15.557300000,0.170900000
1660,17.009900000,0.160400000
1661,20.685400000,3.504100000
1662,13.260400000,0.651600000
1663,21.981800000,2.049500000
1664,11.250500000,0.134900000
1665,15.572900000,0.144800000
1666,16.558900000,0.250600000
1667,17.123900000,0.619800000
1668,16.810400000,0.375500000
1669,17.161500000,0.546800000
1670,15.764100000,0.335900000
1671,16.864000000,0.493700000
1672,16.676600000,0.319700000
1673,16.660900000,0.233800000
1674,17.996900000,1.390100000
1675,14.600000000,0.225000000
1676,17.760400000,0.194200000
1677,16.424500000,0.439100000
1678,16.799000000,0.116200000
1679,16.718200000,0.319300000
1680,17.773400000,0.239100000
1681,15.254700000,0.732300000
1682,19.581800000,1.398400000
1683,13.591100000,0.222400000
1684,16.681300000,0.307900000
1685,16.709400000,0.305700000
1686,19.035900000,0.754200000
1687,14.765100000,0.336500000
1688,15.997400000,0.491700000
1689,16.839600000,0.256800000
1690,17.073400000,0.655200000
1691,16.840600000,0.421300000
1692,19.769300000,0.172900000
1693,13.808300000,0.176000000
1694,17.981300000,1.787500000
1695,14.702600000,0.377600000
1696,17.159900000,0.606800000
1697,15.679200000,0.281200000
1698,17.331200000,0.421900000
1699,16.821400000,0.327000000
1700,15.692700000,0.257800000
1701,16.729100000,0.269300000
1702,16.603200000,0.214100000
1703,16.637500000,0.258300000
1704,16.625500000,0.254700000
1705,17.907300000,0.278700000
1706,15.976000000,0.561400000
1707,16.626100000,0.276100000
1708,16.688000000,0.323500000
1709,16.838000000,0.330200000
1710,16.854200000,0.469800000
1711,16.732800000,0.261500000
1712,17.015600000,0.676600000
1713,15.925000000,0.519300000
1714,17.051000000,0.714000000
1715,16.705300000,0.200000000
1716,28.731200000,12.353700000
1717,17.109900000,13.666200000
1718,10.915100000,7.454600000
1719,12.447400000,3.144800000
1720,13.588500000,0.239100000
1721,16.475600000,0.183800000
1722,19.261900000,0.560400000
1723,14.458900000,0.158800000
1724,16.530700000,0.198400000
1725,16.618800000,0.251000000
1726,16.587000000,0.277600000
1727,16.906200000,0.464100000
1728,16.791700000,0.401000000
1729,17.216100000,0.591200000
1730,15.704200000,0.385400000
1731,16.647900000,0.276600000
1732,16.712500000,0.316600000
1733,16.689600000,0.345300000
1734,16.669300000,0.304200000
1735,16.673900000,0.349000000
1736,16.602100000,0.252600000
1737,16.563000000,0.220900000
1738,16.618200000,0.276100000
1739,16.704200000,0.342700000
1740,16.846400000,0.349000000
1741,16.490600000,0.195300000
1742,16.838000000,0.484900000
1743,16.751100000,0.411400000
1744,16.684300000,0.287500000
1745,16.696400000,0.339100000
1746,16.959400000,0.469800000
1747,16.591600000,0.239600000
1748,19.041200000,0.258400000
1749,13.726000000,0.450000000
1750,16.527600000,0.218800000
1751,16.638000000,0.283400000
1752,18.000000000,0.677100000
1753,15.937000000,0.200000000
1754,16.527600000,0.229700000
1755,16.629700000,0.258900000
1756,16.751600000,0.383800000
1757,16.980200000,0.630200000
1758,16.487000000,0.179700000
1759,16.651500000,0.194200000
1760,17.315600000,0.944800000
1761,20.166200000,4.475600000
1762,12.669800000,0.312500000
1763,16.935400000,0.556700000
1764,15.741100000,0.320800000
1765,17.919800000,1.289600000
1766,15.716700000,0.336000000
1767,16.651600000,0.259900000
1768,16.644200000,0.256200000
1769,17.420300000,0.280200000
1770,15.875000000,0.467700000
1771,16.829200000,0.278100000
1772,16.746900000,0.337000000
1773,16.753600000,0.295300000
1774,16.663600000,0.309900000
1775,17.210400000,0.562000000
1776,16.371900000,0.926500000
1777,20.812500000,2.660900000
1778,13.013000000,0.626100000
1779,16.111400000,0.614000000
1780,16.759900000,0.391200000
1781,16.962500000,0.544800000
1782,15.721900000,0.272900000
1783,16.989600000,0.599000000
1784,16.626000000,0.244800000
1785,17.518300000,0.725500000
1786,15.662500000,0.248400000
1787,17.242200000,0.596900000
1788,16.005200000,0.131300000
1789,17.093200000,0.742700000
1790,16.574000000,0.228600000
1791,17.354600000,0.659900000
1792,15.948500000,0.552100000
1793,16.817700000,0.299000000
1794,16.750500000,0.333800000
1795,18.070300000,1.117700000
1796,15.328100000,0.513500000
1797,31.649000000,0.226000000
1798,19.996400000,18.025500000
1799,12.367100000,12.084900000
1800,11.466700000,5.830200000
1801,13.614100000,2.958800000
1802,14.031200000,0.618200000
1803,17.578200000,1.072900000
1804,15.681200000,0.309900000
1805,17.037000000,0.353600000
1806,15.673400000,0.277600000
1807,17.261500000,0.294300000
1808,16.840600000,0.407300000
1809,17.160900000,0.769200000
1810,15.575000000,0.251500000
1811,16.605200000,0.216600000
1812,16.617200000,0.262500000
1813,16.639100000,0.290100000
1814,16.771900000,0.393200000
1815,18.700000000,0.424000000
1816,15.168700000,0.549500000
1817,16.668300000,0.296300000
1818,16.686400000,0.298500000
1819,16.782800000,0.373400000
1820,16.682300000,0.241700000
1821,16.913600000,0.389600000
1822,16.322400000,0.316100000
1823,17.328100000,0.662500000
1824,15.813500000,0.318700000
1825,17.637500000,0.290600000
1826,15.831300000,0.350000000
1827,17.284300000,0.894300000
1828,15.646400000,0.177100000
1829,17.678100000,1.275000000
1830,15.696400000,0.311400000
1831,20.528600000,1.268700000
1832,12.615100000,0.269200000
1833,17.067200000,0.682800000
1834,17.760400000,1.384900000
1835,16.056800000,0.680200000
1836,15.716700000,0.329200000
1837,16.708300000,0.250500000
1838,16.778100000,0.363000000
1839,17.843300000,0.669800000
1840,15.687500000,0.322400000
1841,17.439000000,0.259900000
1842,17.426100000,0.206800000
1843,14.681700000,0.193700000
1844,17.775000000,0.423400000
1845,16.200000000,0.202600000
1846,16.624000000,0.278700000
1847,16.612000000,0.223500000
1848,16.621300000,0.243200000
1849,17.503100000,1.092200000
1850,15.814100000,0.409400000
1851,17.590100000,0.888500000
1852,15.784400000,0.399500000
1853,17.317200000,0.887500000
1854,15.777100000,0.355700000
1855,16.926500000,0.536400000
1856,17.649000000,0.673400000
1857,16.679700000,1.216700000
1858,15.838000000,0.489600000
1859,17.007300000,0.627100000
1860,15.622900000,0.257800000
1861,16.633300000,0.270900000
1862,16.708400000,0.303600000
1863,16.805200000,0.301100000
1864,16.682300000,0.305200000
1865,17.044800000,0.657900000
1866,16.872400000,0.326000000
1867,17.621800000,0.885500000
1868,15.806800000,0.350000000
1869,17.462000000,1.038600000
1870,15.876500000,0.536500000
1871,16.930800000,0.389100000
1872,15.657800000,0.312000000
1873,19.114000000,0.257300000
1874,14.749500000,0.420300000
1875,21.892700000,4.274500000
1876,17.554200000,3.733300000
1877,10.637500000,0.322400000
1878,17.008900000,0.677000000
1879,15.950000000,0.520800000
1880,16.558800000,0.216100000
1881,16.953700000,0.487500000
1882,16.740600000,0.402100000
1883,17.359400000,0.643200000
1884,15.833300000,0.355200000
1885,16.777600000,0.295300000
1886,16.683300000,0.262500000
1887,16.738600000,0.387500000
1888,16.825000000,0.443800000
1889,16.730700000,0.352600000
1890,16.750500000,0.297900000
1891,15.656800000,0.214600000
1892,16.838000000,0.478100000
1893,16.968200000,0.582800000
1894,16.658900000,0.340100000
1895,16.679200000,0.275600000
1896,16.747400000,0.342200000
1897,18.529600000,2.173900000
1898,14.837000000,0.383300000
1899,16.592200000,0.118700000
1900,16.795800000,0.441600000
1901,17.165100000,0.692800000
1902,16.005300000,0.617700000
1903,16.842100000,0.425500000
1904,16.910500000,0.333900000
1905,18.867700000,0.252100000
1906,13.758800000,0.346900000
1907,17.035400000,0.605700000
1908,16.746900000,0.334900000
1909,16.665100000,0.279100000
1910,16.829200000,0.318800000
1911,16.858800000,0.228600000
1912,15.574500000,0.233800000
1913,18.279200000,0.212500000
1914,15.729700000,0.326500000
1915,17.759900000,1.267700000
1916,15.822400000,0.343200000
1917,19.002600000,0.770300000
1918,13.746800000,0.400500000
1919,17.166700000,0.739600000
1920,16.672400000,0.293800000
1921,17.562500000,1.092200000
1922,15.770800000,0.405700000
1923,16.496400000,0.187500000
1924,16.916700000,0.510400000
1925,16.899400000,0.443700000
1926,15.758900000,0.403600000
1927,17.471300000,0.198900000
1928,18.183400000,0.307800000
1929,18.695800000,4.134400000
1930,12.947400000,0.308900000
1931,17.368800000,0.406300000
1932,15.573400000,0.225500000
1933,17.145800000,0.290100000
1934,19.147400000,1.858900000
1935,13.672900000,0.250500000
1936,17.076100000,0.518700000
1937,16.971900000,0.363600000
1938,15.767100000,0.406200000
1939,16.932900000,0.531200000
1940,17.071800000,0.636500000
1941,18.013600000,0.659800000
1942,14.560900000,0.239100000
1943,17.894800000,1.390700000
1944,15.742700000,0.325600000
1945,16.646900000,0.240600000
1946,16.808300000,0.345300000
1947,17.189600000,0.753700000
1948,15.834900000,0.229700000
1949,16.897400000,0.491100000
1950,16.831200000,0.448400000
1951,16.627100000,0.251500000
1952,16.833400000,0.456800000
1953,16.825000000,0.352600000
1954,17.880200000,1.390600000
1955,14.859900000,0.513600000
1956,16.794800000,0.383800000
1957,17.054100000,0.582800000
1958,17.031800000,0.385900000
1959,19.448400000,0.734900000
1960,13.538100000,0.222900000
1961,17.111900000,0.671900000
1962,15.783400000,0.371800000
1963,16.841600000,0.282800000
1964,17.176100000,0.385900000
1965,19.096800000,0.287500000
1966,13.712000000,0.345800000
1967,16.809400000,0.416100000
1968,16.779700000,0.357200000
1969,16.553600000,0.197400000
1970,16.897400000,0.257200000
1971,18.101100000,1.499500000
1972,14.559900000,0.219200000
1973,16.599400000,0.262000000
1974,17.444300000,0.632800000
1975,17.346400000,0.898400000
1976,15.854100000,0.325000000
1977,16.748000000,0.294800000
1978,16.585900000,0.147300000
1979,16.994800000,0.514000000
1980,15.768700000,0.422900000
1981,18.720900000,0.603600000
1982,14.560900000,0.229600000
1983,17.191200000,0.725600000
1984,17.541600000,0.505700000
1985,15.950000000,0.550500000
1986,16.799500000,0.368800000
1987,15.811500000,0.387000000
1988,16.979600000,0.597400000
1989,17.056800000,0.344300000
1990,16.750000000,0.309900000
1991,16.624000000,0.252600000
1992,16.540100000,0.218300000
1993,16.678100000,0.255200000
1994,16.728600000,0.314000000
1995,17.535500000,1.165600000
1996,15.672900000,0.283900000
1997,16.952600000,0.199500000
1998,15.763000000,0.436000000
1999,17.016700000,0.625000000
2000,17.371800000,0.885400000
2001,15.796400000,0.427100000
2002,16.780200000,0.427600000
2003,17.138000000,0.705200000
2004,16.768800000,0.374400000
2005,15.770800000,0.364100000
2006,16.724500000,0.344300000
2007,16.803100000,0.339000000
2008,16.717700000,0.353100000
2009,16.722900000,0.303600000
2010,16.799500000,0.358300000
2011,17.066700000,0.615100000
2012,16.931800000,0.497400000
2013,16.289500000,0.241600000
2014,17.230300000,0.758300000
2015,16.205700000,0.829200000
2016,16.945300000,0.584900000
2017,16.347400000,0.206800000
2018,16.684900000,0.313000000
2019,17.477100000,0.877600000
2020,15.826000000,0.494800000
2021,16.719300000,0.389600000
2022,16.566600000,0.232200000
2023,16.727700000,0.324000000
2024,16.925000000,0.504700000
2025,15.923400000,0.535400000
2026,19.833800000,3.176600000
2027,15.827600000,2.327100000
2028,14.587500000,0.247900000
2029,16.884400000,0.533400000
2030,16.695900000,0.281800000
2031,16.576500000,0.220300000
2032,17.172400000,0.697400000
2033,15.622400000,0.300000000
2034,16.591700000,0.238000000
2035,16.636400000,0.270300000
2036,16.949000000,0.556800000
2037,17.008800000,0.459900000
2038,22.438100000,5.113500000
2039,10.662500000,0.130200000
2040,16.626000000,0.271900000
2041,16.629200000,0.251100000
2042,17.043700000,0.327100000
2043,16.702100000,0.334400000
2044,17.295300000,0.850500000
2045,15.797900000,0.297400000
2046,16.652100000,0.272400000
2047,16.938600000,0.544300000
2048,17.141600000,0.277100000
2049,15.890700000,0.354700000
2050,16.608300000,0.227600000
2051,17.219300000,0.787500000
2052,15.816100000,0.355200000
2053,17.359400000,0.258800000
2054,19.329100000,2.813500000
2055,14.855300000,0.373500000
2056,16.023900000,0.524000000
2057,15.728700000,0.336000000
2058,24.901000000,2.710900000
2059,16.865100000,5.349000000
2060,15.936500000,5.634900000
2061,12.604700000,2.977000000
2062,13.401500000,0.100000000
2063,16.680700000,0.285400000
2064,16.548000000,0.193300000
2065,17.125000000,0.221300000
2066,16.985400000,0.293200000
2067,15.973900000,0.579700000
2068,16.540700000,0.203100000
2069,16.840600000,0.500500000
2070,16.723900000,0.308300000
2071,16.702600000,0.216100000
2072,20.081300000,0.739600000
2073,13.270800000,0.672400000
2074,16.664100000,0.231800000
2075,16.671900000,0.307200000
2076,16.765600000,0.342100000
2077,17.368200000,0.863500000
2078,15.815600000,0.416700000
2079,16.925000000,0.495300000
2080,16.558900000,0.231800000
2081,17.012000000,0.671900000
2082,15.500500000,0.170300000
2083,16.941100000,0.571400000
2084,16.582300000,0.217200000
2085,17.612500000,1.061900000
2086,15.709900000,0.312500000
2087,16.835500000,0.370300000
2088,16.921300000,0.483400000
2089,18.153700000,0.264600000
2090,14.502600000,0.178200000
2091,18.965600000,1.591200000
2092,14.609900000,0.292200000
2093,16.797400000,0.315100000
2094,16.631200000,0.260900000
2095,16.599500000,0.245800000
2096,17.064600000,0.661500000
2097,16.778100000,0.264600000
2098,16.743800000,0.358800000
2099,17.535900000,0.622900000
2100,15.571400000,0.218800000
2101,17.788500000,1.435400000
2102,15.627100000,0.217200000
2103,16.916600000,0.282800000
2104,17.288600000,0.906800000
2105,15.891100000,0.219200000
2106,16.643800000,0.264100000
2107,17.894800000,1.571900000
2108,15.610900000,0.320800000
2109,16.777600000,0.354700000
2110,15.813000000,0.383300000
2111,16.621900000,0.229100000
2112,16.751100000,0.320800000
2113,17.000500000,0.552600000
2114,17.039000000,0.637500000
2115,17.995900000,1.543700000
2116,14.619800000,0.253600000
2117,16.767700000,0.328100000
2118,17.293700000,0.357800000
2119,18.884900000,2.252600000
2120,13.795800000,0.468700000
2121,18.692200000,2.172900000
2122,14.575600000,0.250600000
2123,16.877600000,0.450000000
2124,16.806200000,0.422900000
2125,16.645300000,0.310900000
2126,16.944800000,0.536400000
2127,16.549000000,0.186500000
2128,17.639600000,1.310400000
2129,15.568700000,0.113500000
2130,16.563500000,0.235500000
2131,16.867800000,0.488600000
2132,17.183800000,0.621400000
2133,16.696400000,1.253100000
2134,15.738500000,0.397400000
2135,16.662500000,0.250000000
2136,16.596400000,0.266700000
2137,16.833300000,0.477100000
2138,16.782300000,0.484400000
2139,16.785900000,0.219200000
2140,16.824500000,0.492200000
2141,16.735900000,0.332800000
2142,16.815100000,0.351000000
2143,24.088600000,1.387000000
2144,11.762000000,3.317200000
2145,13.716600000,0.320800000
2146,16.826100000,0.379600000
2147,16.795800000,0.406200000
2148,16.654700000,0.306300000
2149,16.604200000,0.333300000
2150,16.746800000,0.412500000
2151,16.617200000,0.243700000
2152,17.183900000,0.840200000
2153,15.964600000,0.474400000
2154,16.605200000,0.243200000
2155,16.769200000,0.256800000
2156,17.059400000,0.573400000
2157,15.907300000,0.363000000
2158,17.250000000,0.888600000
2159,17.056800000,0.638600000
2160,15.621300000,0.242700000
2161,16.920900000,0.591700000
2162,16.795300000,0.436500000
2163,17.003100000,0.366200000
2164,16.899000000,0.479200000
2165,15.735900000,0.351600000
2166,16.666100000,0.301000000
2167,16.765100000,0.419200000
2168,16.579200000,0.228600000
2169,16.761500000,0.256800000
2170,16.702100000,0.316100000
2171,16.949400000,0.392200000
2172,16.727600000,0.308300000
2173,16.594300000,0.212500000
2174,16.839600000,0.168800000
2175,16.988500000,0.569800000
2176,15.673000000,0.299400000
2177,17.052000000,0.606800000
2178,16.743800000,0.307300000
2179,16.783300000,0.406800000
2180,16.739600000,0.282800000
2181,16.618800000,0.230200000
2182,16.909800000,0.530700000
2183,19.876600000,0.667200000
2184,13.413000000,0.306800000
2185,22.656300000,2.150500000
2186,10.896900000,0.469800000
2187,15.576500000,0.202600000
2188,16.571900000,0.195300000
2189,19.817700000,2.347900000
2190,13.707300000,0.396300000
2191,16.647900000,0.288500000
2192,16.790600000,0.305700000
2193,17.026600000,0.183300000
2194,16.740100000,0.375500000
2195,16.641700000,0.194700000
2196,16.661400000,0.281200000
2197,16.770900000,0.372400000
2198,16.950500000,0.470800000
2199,15.656800000,0.215100000
2200,16.577000000,0.262500000
2201,17.814600000,0.449000000
2202,15.726600000,0.286500000
2203,17.146300000,0.326100000
2204,16.683900000,0.236000000
2205,21.781200000,0.755200000
2206,11.612500000,0.224000000
2207,16.897400000,0.528100000
2208,17.106800000,0.492200000
2209,15.747900000,0.342700000
2210,17.024000000,0.546400000
2211,16.913500000,0.547900000
2212,15.857800000,0.490600000
2213,16.855200000,0.394200000
2214,16.625600000,0.253200000
2215,17.061400000,0.649000000
2216,17.252600000,0.397400000
2217,16.012500000,0.303100000
2218,16.568800000,0.257800000
2219,16.795300000,0.425600000
2220,18.937000000,2.028100000
2221,13.516100000,0.204100000
2222,17.532800000,0.200000000
2223,16.580800000,0.254700000
2224,16.923900000,0.505200000
2225,17.367700000,0.842200000
2226,16.053100000,0.680700000
2227,15.521900000,0.189500000
2228,17.940600000,0.300500000
2229,16.665700000,0.461400000
2230,15.796300000,0.319300000
2231,17.062500000,0.614600000
2232,16.971900000,0.537500000
2233,15.837000000,0.302600000
2234,16.768700000,0.380200000
2235,16.690100000,0.229700000
2236,16.703200000,0.408300000
2237,16.643700000,0.257300000
2238,16.692700000,0.302100000
2239,16.779200000,0.302100000
2240,18.402600000,1.913600000
2241,30.023400000,8.330700000
2242,10.758400000,9.284400000
2243,14.134300000,4.496900000
2244,12.648500000,3.297900000
2245,13.611400000,0.327600000
2246,16.755800000,0.430200000
2247,20.507800000,0.325000000
2248,13.538500000,0.248900000
2249,17.487000000,0.945800000
2250,15.630200000,0.248400000
2251,16.930200000,0.577100000
2252,16.660900000,0.212000000
2253,16.601100000,0.241700000
2254,16.535400000,0.193700000
2255,18.965600000,2.420800000
2256,16.139100000,1.017700000
2257,22.502600000,0.265700000
2258,14.126600000,4.881200000
2259,11.705200000,0.369300000
2260,16.817700000,0.404700000
2261,16.848400000,0.458300000
2262,15.844800000,0.409900000
2263,16.774000000,0.335400000
2264,16.686900000,0.236400000
2265,17.391700000,0.230200000
2266,15.755200000,0.409400000
2267,17.042700000,0.157800000
2268,17.082800000,0.528600000
2269,15.627600000,0.221300000
2270,17.605300000,0.259300000
2271,16.646800000,0.267100000
2272,17.204200000,0.834900000
2273,16.026000000,0.540600000
2274,16.826100000,0.376600000
2275,17.779700000,1.383900000
2276,14.645800000,0.288000000
2277,17.193200000,0.719800000
2278,16.746900000,0.345300000
2279,16.880200000,0.418200000
2280,16.850500000,0.405200000
2281,17.400600000,1.985400000
2282,15.804600000,0.420300000
2283,16.707300000,0.312500000
2284,16.532800000,0.217200000
2285,17.165700000,0.611500000
2286,15.996800000,0.617700000
2287,16.825600000,0.418700000
2288,17.011900000,0.468200000
2289,16.004700000,0.531200000
2290,16.737000000,0.359400000
2291,16.732300000,0.293800000
2292,16.655200000,0.258800000
2293,16.868800000,0.481700000
2294,16.757300000,0.267700000
2295,17.005200000,0.596800000
2296,15.570300000,0.249500000
2297,17.013500000,0.606300000
2298,16.800000000,0.398400000
2299,16.738000000,0.340600000
2300,17.105200000,0.610400000
2301,17.168800000,0.253700000
2302,15.494300000,0.201100000
2303,16.722400000,0.318200000
2304,16.815100000,0.460900000
2305,17.693200000,1.291700000
2306,15.837500000,0.444300000
2307,18.517200000,1.931300000
2308,14.579100000,0.212500000
2309,17.650000000,0.283300000
2310,15.498000000,0.211000000
2311,16.764000000,0.439000000
2312,17.275000000,0.786000000
2313,15.627600000,0.236400000
2314,16.633900000,0.232800000
2315,16.756800000,0.347900000
2316,16.751000000,0.338000000
2317,16.982300000,0.407300000
2318,17.006200000,0.621300000
2319,17.514600000,1.053100000
2320,15.668800000,0.287500000
2321,16.686400000,0.364000000
2322,16.584400000,0.255200000
2323,16.636500000,0.265600000
2324,17.083800000,0.592200000
2325,15.834400000,0.410400000
2326,16.679700000,0.301100000
2327,17.335900000,0.877100000
2328,16.817700000,0.459900000
2329,15.703700000,0.234300000
2330,16.620800000,0.306700000
2331,17.350000000,0.720300000
2332,17.189100000,0.829600000
2333,15.869200000,0.485900000
2334,17.540100000,0.154200000
2335,17.007900000,0.301100000
2336,15.668700000,0.265100000
2337,16.819800000,0.299000000
2338,17.920800000,1.567700000
2339,14.639100000,0.250500000
2340,16.962500000,0.262000000
2341,16.815100000,0.241200000
2342,17.127100000,0.707800000
2343,15.941100000,0.151000000
2344,16.549500000,0.229700000
2345,21.049500000,4.635500000
2346,14.346900000,1.469300000
2347,20.080200000,3.733900000
2348,16.329100000,3.709900000
2349,12.484900000,0.393200000
2350,15.803700000,0.422900000
2351,17.187500000,0.210400000
2352,16.585400000,0.250000000
2353,16.625500000,0.254200000
2354,17.326100000,0.667700000
2355,15.803100000,0.263000000
2356,16.959400000,0.138600000
2357,16.620300000,0.264600000
2358,17.480200000,1.059900000
2359,15.554700000,0.198500000
2360,17.301500000,0.897400000
2361,15.682800000,0.230800000
2362,17.057900000,0.662500000
2363,16.994200000,0.505700000
2364,16.564600000,0.245300000
2365,16.585400000,0.206800000
2366,16.898500000,0.560400000
2367,17.485900000,0.863500000
2368,16.626000000,0.259900000
2369,16.104200000,0.658900000
2370,15.933300000,0.566700000
2371,16.875000000,0.119800000
2372,16.645400000,0.291600000
2373,16.724400000,0.384800000
2374,16.497900000,0.189500000
2375,16.834400000,0.357800000
2376,16.938000000,0.520300000
2377,18.055800000,0.245300000
2378,14.751500000,0.175500000
2379,16.830800000,0.464600000
2380,16.772900000,0.423400000
2381,16.696300000,0.374000000
2382,16.925600000,0.540700000
2383,17.245300000,0.698400000
2384,16.945800000,1.034900000
2385,17.354700000,0.139600000
2386,15.118700000,0.697900000
2387,16.831800000,0.493700000
2388,15.704200000,0.374000000
2389,16.614000000,0.244800000
2390,17.762500000,0.319300000
2391,17.304700000,1.624000000
2392,15.846900000,0.244800000
2393,16.922900000,0.553100000
2394,16.542700000,0.785900000
2395,15.865700000,0.243700000
2396,16.995800000,0.520300000
2397,16.656200000,0.236900000
2398,16.882300000,0.480700000
2399,17.016200000,0.564000000
2400,15.681200000,0.278100000
2401,16.902100000,0.243700000
2402,16.672900000,0.307800000
2403,16.624000000,0.149500000
2404,18.581700000,2.109900000
2405,14.703700000,0.372900000
2406,16.586500000,0.232300000
2407,17.089500000,0.655200000
2408,16.552100000,0.247900000
2409,16.516200000,0.187500000
2410,16.833300000,0.237500000
2411,17.038500000,0.640100000
2412,17.373000000,0.965100000
2413,15.718700000,0.306200000
2414,17.102600000,0.628100000
2415,17.372400000,1.190100000
2416,15.785900000,0.406700000
2417,17.342200000,0.893700000
2418,15.761000000,0.305200000
2419,16.811400000,0.397400000
2420,16.983400000,0.533900000
2421,17.989500000,0.727600000
2422,14.702600000,0.340100000
2423,16.615200000,0.252600000
2424,16.666100000,0.260400000
2425,17.132800000,0.563600000
2426,16.674500000,0.326000000
2427,21.052100000,0.167100000
2428,11.567700000,0.237500000
2429,17.170300000,0.754700000
2430,17.080200000,0.642700000
2431,15.735400000,0.389000000
2432,16.556800000,0.211500000
2433,17.120800000,0.721300000
2434,16.929700000,0.493200000
2435,16.789600000,0.336500000
2436,16.712500000,0.320300000
2437,17.305200000,0.685400000
2438,15.631800000,0.334300000
2439,17.560400000,0.260400000
2440,15.571300000,0.257800000
2441,17.075000000,0.488000000
2442,16.782300000,0.460400000
2443,16.605200000,0.250500000
2444,17.076600000,0.263000000
2445,16.187000000,0.441700000
2446,16.684400000,0.279100000
2447,16.754100000,0.377100000
2448,17.040100000,0.630700000
2449,15.979200000,0.579700000
2450,17.143200000,0.784900000
2451,16.041200000,0.256800000
2452,18.530200000,0.771300000
2453,14.873400000,0.157800000
2454,16.490600000,0.186000000
2455,17.076600000,0.668700000
2456,17.805700000,1.193800000
2457,15.781300000,0.371400000
2458,17.163500000,0.774500000
2459,15.833900000,0.417800000
2460,17.223400000,0.520300000
2461,15.824500000,0.471900000
2462,17.108900000,0.582300000
2463,16.957800000,0.239100000
2464,16.354700000,0.261900000
2465,17.502000000,0.160900000
2466,15.704700000,0.317200000
2467,16.634900000,0.247900000
2468,22.414600000,2.257900000
2469,10.717700000,0.163500000
2470,16.556300000,0.267800000
2471,16.650500000,0.264600000
2472,16.623400000,0.271800000
2473,17.171900000,0.730200000
2474,16.713000000,0.260900000
2475,17.194300000,0.786000000
2476,15.924500000,0.376600000
2477,16.868200000,0.203700000
2478,16.631200000,0.293700000
2479,18.198000000,1.549500000
2480,14.819200000,0.382800000
2481,22.375600000,3.567700000
2482,10.707800000,0.407800000
2483,16.778600000,0.457300000
2484,18.392700000,1.957800000
2485,14.897400000,0.170900000
2486,16.586000000,0.271800000
2487,17.172300000,0.653100000
2488,18.275000000,1.787000000
2489,15.192200000,0.771300000
2490,16.629700000,0.243200000
2491,25.601600000,8.835400000
2492,14.009900000,1.995300000
2493,12.669800000,2.975600000
2494,13.698400000,0.367700000
2495,16.860900000,0.504700000
2496,17.016700000,0.227600000
2497,16.495800000,0.196300000
2498,16.886500000,0.544300000
2499,17.006800000,0.180800000
2500,15.515600000,0.202100000
2501,17.608900000,0.250000000
2502,16.950500000,0.505200000
2503,16.464000000,0.658800000
2504,16.886000000,0.409900000
2505,16.359900000,0.691700000
2506,17.173900000,0.688000000
2507,16.285400000,0.832800000
2508,16.807300000,0.396900000
2509,20.095400000,0.327100000
2510,17.971300000,4.573500000
2511,11.643200000,0.343700000
2512,16.545900000,0.201100000
2513,16.928600000,0.612000000
2514,17.527100000,0.926600000
2515,17.860400000,2.279700000
2516,14.758900000,0.336500000
2517,16.282800000,0.639500000
2518,16.684400000,0.270300000
2519,16.755200000,0.134400000
2520,16.687500000,0.353700000
2521,17.772400000,1.071800000
2522,15.808800000,0.334400000
2523,15.972400000,0.118700000
2524,16.922900000,0.379700000
2525,16.958900000,0.234400000
2526,22.880200000,6.237000000
2527,12.226600000,0.848900000
2528,14.498400000,0.112500000
2529,16.955700000,0.591700000
2530,16.746400000,0.426100000
2531,16.674500000,0.301100000
2532,16.578100000,0.205800000
2533,16.742200000,0.237500000
2534,16.676000000,0.367200000
2535,16.985400000,0.191100000
2536,16.008900000,0.480200000
2537,16.900500000,0.526500000
2538,16.606800000,0.269300000
2539,18.119200000,1.714000000
2540,14.918800000,0.447400000
2541,17.162000000,0.740100000
2542,17.103600000,0.148400000
2543,15.999500000,0.521400000
2544,16.647900000,0.265100000
2545,16.717200000,0.340600000
2546,17.165600000,0.626600000
2547,16.180200000,0.522900000
2548,16.884900000,0.515100000
2549,16.722900000,0.317200000
2550,15.980800000,0.457200000
2551,16.988500000,0.583300000
2552,17.564600000,1.119300000
2553,15.836500000,0.116700000
2554,16.354100000,0.432300000
2555,17.319800000,0.825000000
2556,16.154700000,0.252100000
2557,18.019800000,0.181800000
2558,15.982800000,0.587000000
2559,20.667700000,0.318300000
2560,11.760400000,0.321300000
2561,16.887500000,0.537000000
2562,16.699500000,0.371900000
2563,16.660900000,0.259300000
2564,17.271400000,0.742200000
2565,16.551000000,0.882800000
2566,15.672400000,0.288000000
2567,17.366700000,0.955200000
2568,19.009900000,2.643800000
2569,15.507800000,1.009900000
2570,17.652100000,1.869800000
2571,16.542700000,0.892200000
2572,19.094300000,2.586000000
2573,12.080700000,0.756200000
2574,16.681800000,0.318200000
2575,16.925000000,0.456700000
2576,16.836400000,0.480200000
2577,15.700000000,0.282300000
2578,16.855800000,0.256800000
2579,17.481200000,0.377100000
2580,15.631800000,0.242200000
2581,18.414600000,0.250000000
2582,16.088500000,0.188000000
2583,16.166200000,0.289000000
2584,17.654600000,1.316100000
2585,16.146900000,0.545800000
2586,15.534400000,0.197400000
2587,16.881200000,0.287000000
2588,16.902600000,0.146900000
2589,17.277700000,0.271300000
2590,15.697900000,0.304200000
2591,17.649400000,0.540600000
2592,15.719800000,0.255700000
2593,18.197400000,1.210900000
2594,15.765100000,0.249500000
2595,17.049500000,0.527100000
2596,20.138000000,1.848400000
2597,12.753200000,0.358900000
2598,16.539500000,0.219200000
2599,17.440700000,1.088100000
2600,15.937500000,0.542700000
2601,17.441600000,0.888600000
2602,15.864600000,0.433300000
2603,16.784400000,0.337000000
2604,16.827100000,0.405800000
2605,17.449500000,0.893800000
2606,15.881700000,0.350000000
2607,16.696400000,0.308400000
2608,16.643200000,0.273400000
2609,17.918200000,1.498400000
2610,14.836000000,0.497400000
2611,17.688500000,1.348400000
2612,15.474000000,0.186000000
2613,17.978100000,0.245300000
2614,15.676000000,0.253100000
2615,17.073500000,0.468200000
2616,16.634400000,0.309900000
2617,16.671300000,0.125500000
2618,16.728100000,0.360400000
2619,16.716700000,0.280200000
2620,15.856800000,0.279100000
2621,17.469200000,0.907300000
2622,15.807300000,0.241700000
2623,18.167200000,1.802600000
2624,16.251100000,0.404700000
2625,17.133300000,0.820800000
2626,15.749500000,0.286500000
2627,17.032800000,0.575000000
2628,16.289100000,0.806200000
2629,17.486400000,0.867700000
2630,15.647900000,0.276000000
2631,17.424000000,0.185500000
2632,16.026000000,0.525500000
2633,17.278200000,0.254700000
2634,15.498400000,0.120300000
2635,16.556800000,0.134900000
2636,17.390100000,0.908300000
2637,16.796300000,0.269300000
2638,16.724000000,0.377000000
2639,17.213500000,0.831300000
2640,15.715100000,0.295400000
2641,17.949000000,0.409400000
2642,15.019300000,0.335400000
2643,17.371800000,0.954200000
2644,17.788600000,1.314600000
2645,14.664600000,0.243700000
2646,17.093700000,0.694300000
2647,18.914600000,2.307800000
2648,15.103100000,0.628700000
2649,15.693800000,0.140100000
2650,16.502000000,0.218700000
2651,17.935500000,0.546800000
2652,15.854700000,0.484900000
2653,16.816100000,0.423900000
2654,16.681200000,0.306200000
2655,16.789100000,0.205700000
2656,17.291200000,0.857800000
2657,15.928100000,0.513500000
2658,16.722900000,0.333900000
2659,16.732800000,0.301600000
2660,17.110400000,0.519800000
2661,15.841200000,0.389600000
2662,17.615600000,0.427600000
2663,16.021400000,0.608800000
2664,16.705700000,0.154700000
2665,16.617200000,0.252100000
2666,16.965600000,0.319800000
2667,16.950500000,0.575000000
2668,15.978700000,0.228200000
2669,16.781200000,0.229200000
2670,16.739600000,0.204700000
2671,17.822400000,0.261400000
2672,16.121300000,0.607900000
2673,16.566200000,0.261500000
2674,15.602100000,0.291200000
2675,16.930700000,0.550500000
2676,17.088000000,0.659900000
2677,17.782300000,1.388100000
2678,15.768800000,0.299000000
2679,15.586400000,0.195300000
2680,17.614600000,0.241100000
2681,17.407800000,0.593200000
2682,15.579200000,0.215600000
2683,17.602600000,1.102100000
2684,23.139600000,4.394800000
2685,10.644800000,1.858400000
2686,15.572900000,0.254200000
2687,16.717700000,0.379600000
2688,16.560400000,0.217200000
2689,17.612000000,0.951100000
2690,15.881200000,0.260400000
2691,16.963600000,0.489600000
2692,16.810400000,0.468200000
2693,16.216100000,0.830700000
2694,17.036000000,0.606300000
2695,18.791600000,1.675500000
2696,13.959900000,0.493800000
2697,17.411500000,1.014600000
2698,16.106800000,0.545800000
2699,17.141600000,0.706800000
2700,15.698500000,0.318200000
2701,16.629100000,0.225000000
2702,17.232300000,0.352600000
2703,16.936500000,0.195800000
2704,15.748400000,0.405700000
2705,17.531300000,1.236500000
2706,16.410400000,0.901600000
2707,17.279200000,0.732800000
2708,16.448400000,0.936000000
2709,16.075000000,0.479200000
2710,16.758900000,0.251600000
2711,17.282200000,0.337500000
2712,15.801100000,0.426000000
2713,16.594300000,0.215100000
2714,16.851000000,0.374500000
2715,16.909400000,0.507800000
2716,23.375000000,0.174500000
2717,10.570800000,1.233300000
2718,15.702600000,0.368800000
2719,16.929700000,0.599500000
2720,16.701000000,0.260900000
2721,16.986000000,0.270400000
2722,15.997900000,0.605200000
2723,18.242700000,1.862500000
2724,15.278600000,0.154100000
2725,17.960500000,1.591600000
2726,15.194800000,0.711900000
2727,17.457200000,1.019200000
2728,15.741200000,0.324500000
2729,17.384900000,0.970300000
2730,16.482300000,0.684400000
2731,17.388500000,0.695800000
2732,15.656800000,0.333900000
2733,16.478100000,0.190700000
2734,16.715600000,0.394800000
2735,17.167800000,0.786400000
2736,15.879100000,0.404700000
2737,16.745300000,0.364100000
2738,17.444300000,1.023500000
2739,15.793800000,0.300000000
2740,17.139500000,0.669300000
2741,16.641200000,0.266700000
2742,16.682300000,0.221800000
2743,18.007800000,1.552600000
2744,15.343700000,0.882800000
2745,17.280800000,0.188600000
2746,16.115100000,0.735400000
2747,17.785900000,1.264100000
2748,15.604700000,0.263600000
2749,17.522400000,1.158400000
2750,16.069300000,0.455200000
2751,16.191600000,0.724500000
2752,16.539100000,0.206200000
2753,17.678600000,1.324400000
2754,15.807300000,0.274400000
2755,19.055200000,2.125000000
2756,14.714600000,0.791700000
2757,15.729200000,0.230200000
2758,17.072900000,0.525000000
2759,16.569800000,0.215600000
2760,16.862000000,0.454200000
2761,17.582800000,1.210400000
2762,17.387500000,1.689500000
2763,14.700000000,0.233900000
2764,16.887000000,0.362500000
2765,17.364000000,0.974500000
2766,15.913600000,0.546900000
2767,16.883300000,0.520300000
2768,17.101600000,0.303700000
2769,17.359300000,1.951500000
2770,15.590700000,0.270900000
2771,16.584300000,0.243800000
2772,17.173500000,0.227100000
2773,17.468200000,1.262500000
2774,16.556300000,0.469300000
2775,15.026000000,0.187000000
2776,16.544300000,0.228700000
2777,16.680700000,0.354200000
2778,16.807800000,0.268200000
2779,17.146400000,0.524500000
2780,16.823400000,0.329200000
2781,17.603100000,0.175000000
2782,16.275000000,0.597900000
2783,16.637000000,1.254700000
2784,15.831300000,0.417200000
2785,16.684300000,0.225000000
2786,16.952600000,0.234400000
2787,16.579700000,0.258300000
2788,16.600500000,0.251000000
2789,16.688100000,0.222900000
2790,16.641600000,0.232200000
2791,16.636500000,0.262500000
2792,17.068200000,0.266200000
2793,15.916700000,0.244800000
2794,17.294800000,0.169800000
2795,16.530200000,0.203200000
2796,18.202100000,0.259900000
2797,14.918700000,0.644800000
2798,16.666200000,0.297400000
2799,18.308800000,0.220300000
2800,15.881300000,1.064600000
2801,16.789600000,0.237500000
2802,15.767100000,0.381800000
2803,16.616200000,0.252600000
2804,16.788500000,0.226000000
2805,16.731300000,0.367700000
2806,16.666600000,0.285900000
2807,17.714100000,1.318800000
2808,15.576600000,0.260900000
2809,17.496300000,0.200500000
2810,15.578700000,0.252100000
2811,16.640100000,0.279700000
2812,16.820300000,0.275000000
2813,16.602600000,0.253100000
2814,16.605700000,0.251000000
2815,19.212500000,0.254700000
2816,19.762000000,4.643300000
2817,15.727100000,5.114100000
2818,15.039000000,3.618300000
2819,13.633400000,0.114100000
2820,17.091100000,0.199500000
2821,17.346400000,0.989100000
2822,16.162000000,0.267800000
2823,15.596800000,0.205700000
2824,16.992200000,0.571400000
2825,16.962000000,0.487000000
2826,16.867700000,0.474500000
2827,17.434900000,1.064100000
2828,15.919800000,0.418800000
2829,17.667200000,1.304200000
2830,20.240100000,4.841200000
2831,12.088000000,0.545300000
2832,16.806300000,0.187000000
2833,16.217100000,0.163500000
2834,17.194300000,0.377600000
2835,17.712500000,1.751100000
2836,15.320800000,0.428100000
2837,16.717200000,0.385900000
2838,16.531300000,0.207800000
2839,20.562500000,4.132300000
2840,24.553600000,11.403100000
2841,9.223500000,4.861500000
2842,12.340600000,0.548900000
2843,16.597900000,0.303100000
2844,16.658900000,0.342700000
2845,18.054100000,1.625500000
2846,15.885400000,1.338000000
2847,15.926100000,0.224000000
2848,19.783300000,0.812000000
2849,26.263600000,12.800500000
2850,11.877600000,7.366600000
2851,15.493200000,6.389600000
2852,10.731200000,0.526500000
2853,15.696400000,0.337500000
2854,16.618800000,0.254200000
2855,16.568700000,0.225000000
2856,16.838500000,0.491700000
2857,16.831800000,0.469300000
2858,19.004700000,2.095400000
2859,14.597400000,0.240600000
2860,16.519800000,0.229700000
2861,16.887000000,0.540100000
2862,16.637500000,0.191700000
2863,17.952100000,1.559400000
2864,15.646800000,1.230700000
2865,16.182800000,0.316600000
2866,17.227100000,0.446900000
2867,15.789100000,0.421300000
2868,16.666100000,0.301500000
2869,16.667700000,0.279200000
2870,17.394800000,0.979700000
2871,16.387000000,0.254200000
2872,20.033300000,2.990600000
2873,12.634400000,0.348900000
2874,16.704700000,0.244300000
2875,16.532300000,0.214000000
2876,19.430200000,1.154100000
2877,14.988500000,0.144800000
2878,20.807900000,3.566700000
2879,13.446300000,2.101600000
2880,14.975500000,0.320300000
2881,16.895900000,0.529700000
2882,21.127600000,2.040100000
2883,12.016100000,0.161000000
2884,17.091700000,0.650000000
2885,16.884400000,0.516700000
2886,16.184300000,0.772900000
2887,16.876100000,0.491200000
2888,16.857300000,0.162500000
2889,16.721300000,0.320300000
2890,16.367200000,0.984300000
2891,16.912500000,0.573500000
2892,16.564100000,0.233300000
2893,18.317700000,1.975600000
2894,16.147400000,0.549500000
2895,14.577100000,0.127100000
2896,22.639000000,0.817700000
2897,11.674000000,0.232800000
2898,16.593200000,0.266700000
2899,17.587000000,1.125000000
2900,15.626000000,0.261000000
2901,16.759400000,0.322400000
2902,17.373400000,0.874000000
2903,15.746400000,0.415100000
2904,16.793200000,0.371400000
2905,19.628200000,2.768200000
2906,13.677000000,0.140700000
2907,16.763600000,0.429700000
2908,17.037000000,0.504200000
2909,16.424400000,0.625000000
2910,16.703700000,0.266200000
2911,18.071300000,1.738000000
2912,14.872400000,0.314600000
2913,23.464100000,5.531200000
2914,12.260900000,2.609900000
2915,14.567700000,0.216200000
2916,16.726600000,0.412000000
2917,17.612000000,1.245900000
2918,15.889600000,0.280200000
2919,15.669200000,0.237500000
2920,21.005200000,0.219800000
2921,12.912500000,0.454100000
2922,16.656300000,0.325000000
2923,16.875500000,0.443300000
2924,16.780700000,0.160400000
2925,16.029200000,0.152100000
2926,16.796900000,0.371900000
2927,16.828600000,0.441700000
2928,18.075000000,0.660400000
2929,14.547900000,0.216600000
2930,19.849000000,0.887500000
2931,14.210900000,0.766600000
2932,17.858400000,1.313000000
2933,15.490100000,0.183400000
2934,16.604700000,0.275500000
2935,18.398400000,0.276100000
2936,16.345800000,0.278600000
2937,14.588100000,0.200500000
2938,17.504100000,0.159900000
2939,16.674500000,0.140100000
2940,16.546900000,0.218300000
2941,16.512500000,0.137000000
2942,17.478100000,0.146400000
2943,15.517700000,0.179700000
2944,16.903700000,0.165100000
2945,16.527600000,0.216700000
2946,17.025500000,0.565600000
2947,16.920800000,0.523400000
2948,17.036500000,0.285400000
2949,15.547900000,0.202100000
2950,18.122900000,1.617200000
2951,16.045300000,0.610900000
2952,16.698500000,0.239100000
2953,16.380200000,0.370800000
2954,19.059900000,0.380800000
2955,14.936400000,0.737000000
2956,16.031300000,0.590100000
2957,16.781700000,0.142200000
2958,17.807900000,1.053100000
2959,14.740600000,0.215600000
2960,17.130200000,0.562500000
2961,16.576600000,0.235900000
2962,20.367700000,3.946300000
2963,12.625000000,0.233900000
2964,16.722900000,0.247900000
2965,17.084900000,0.241100000
2966,17.385400000,0.989600000
2967,15.831800000,0.485900000
2968,17.153600000,0.422400000
2969,17.067700000,0.654700000
2970,16.118200000,0.701000000
2971,17.358900000,0.994300000
2972,15.894800000,0.459900000
2973,16.920300000,0.220300000
2974,17.057300000,0.614600000
2975,15.895300000,0.523400000
2976,16.678100000,0.376000000
2977,16.552100000,0.231300000
2978,16.742700000,0.428700000
2979,16.553700000,0.218800000
2980,16.980700000,0.516700000
2981,16.762000000,0.382800000
2982,16.782800000,0.292100000
2983,18.506200000,2.065700000
2984,15.075000000,0.583800000
2985,15.939600000,0.313600000
2986,19.789600000,0.241700000
2987,13.674500000,0.291700000
2988,20.055700000,3.183900000
2989,12.807300000,0.153100000
2990,16.933300000,0.443700000
2991,16.961000000,0.624500000
2992,16.890100000,0.495300000
2993,16.594300000,0.233800000
2994,16.772300000,0.434900000
2995,16.598000000,0.241700000
2996,16.984900000,0.233800000
2997,15.634900000,0.245400000
2998,16.572400000,0.221800000
2999,16.813000000,0.233900000
3000,16.786400000,0.402100000
3001,16.572400000,0.240600000
3002,17.275500000,0.634900000
3003,18.849500000,2.490100000
3004,14.194300000,0.419300000
3005,16.753600000,0.416700000
3006,17.981800000,0.445800000
3007,14.701100000,0.365700000
3008,19.106700000,0.194300000
3009,14.761500000,0.451600000
3010,18.308300000,1.385400000
3011,14.730200000,0.342200000
3012,17.382800000,0.978100000
3013,17.257300000,0.834900000
3014,15.989600000,0.490700000
3015,18.695300000,0.177100000
3016,15.200500000,0.139600000
3017,16.088600000,0.452100000
3018,18.633300000,0.340600000
3019,14.508900000,0.199000000
3020,17.675500000,0.464100000
3021,15.944300000,0.508900000
3022,17.085400000,0.660500000
3023,15.812000000,0.467200000
3024,16.705700000,0.293200000
3025,16.828100000,0.284900000
3026,16.926600000,0.350500000
3027,15.712000000,0.330800000
3028,18.341600000,1.443700000
3029,15.981300000,0.530700000
3030,16.145800000,0.775000000
3031,16.754700000,0.382300000
3032,17.352100000,0.853700000
3033,16.341100000,0.397900000
3034,20.059400000,1.957300000
3035,15.247900000,1.870300000
3036,15.096400000,0.672900000
3037,17.090600000,0.106800000
3038,16.187000000,0.727600000
3039,16.143200000,0.470300000
3040,17.763500000,0.282800000
3041,15.705800000,0.280300000
3042,17.490600000,0.879700000
3043,15.847900000,0.471300000
3044,16.957800000,0.567700000
3045,15.642200000,0.228100000
3046,18.744800000,0.236000000
3047,14.796400000,0.420400000
3048,17.268700000,0.901000000
3049,15.689600000,0.252100000
3050,17.063500000,0.680200000
3051,16.918800000,0.471400000
3052,17.840100000,1.012000000
3053,15.868200000,0.492200000
3054,16.816200000,1.456200000
3055,15.678600000,0.305700000
3056,17.238000000,0.723400000
3057,17.120900000,0.431800000
3058,16.390100000,0.903100000
3059,16.760400000,0.389100000
3060,16.558800000,1.134900000
3061,19.119800000,2.685400000
3062,16.059900000,0.118200000
3063,14.905200000,0.252600000
3064,15.683900000,0.266700000
3065,16.697900000,0.329200000
3066,17.045800000,0.536400000
3067,17.067200000,0.651600000
3068,16.616200000,0.129600000
3069,16.684900000,0.281300000
3070,16.559300000,0.179700000
3071,16.707900000,0.298900000
3072,16.857800000,0.292200000
3073,16.593700000,0.234900000
3074,17.362000000,0.583900000
3075,16.035900000,0.189000000
3076,17.139600000,0.682800000
3077,16.397400000,1.027100000
3078,18.313000000,2.675000000
3079,14.539600000,0.181300000
3080,16.775000000,0.188500000
3081,17.056300000,0.457800000
3082,16.215600000,0.826100000
3083,16.810900000,0.450000000
3084,18.463100000,0.200500000
3085,14.614500000,0.229700000
3086,16.838600000,0.487500000
3087,16.954700000,0.537000000
3088,16.060900000,0.237000000
3089,16.754200000,0.247400000
3090,17.031200000,0.641100000
3091,16.700000000,0.314100000
3092,17.574500000,0.906300000
3093,15.584900000,0.144800000
3094,16.882800000,0.182200000
3095,17.252100000,0.304200000
3096,15.921300000,0.503700000
3097,17.417200000,0.677600000
3098,15.859400000,0.138000000
3099,16.831300000,0.426100000
3100,17.633300000,0.977600000
3101,15.605200000,0.243300000
3102,16.815600000,0.150500000
3103,17.235400000,0.744300000
3104,16.066700000,0.636000000
3105,16.742200000,0.322900000
3106,19.687500000,1.243800000
3107,12.676000000,0.119200000
3108,17.996900000,1.307300000
3109,15.617700000,0.242200000
3110,17.165100000,0.610900000
3111,16.632300000,0.226000000
3112,16.729700000,0.204200000
3113,16.733900000,0.255300000
3114,16.498400000,0.197900000
3115,16.875000000,0.265600000
3116,17.387000000,0.224000000
3117,15.697400000,0.309800000
3118,18.066100000,0.404700000
3119,14.583400000,0.263100000
3120,16.750000000,0.286500000
3121,16.645300000,0.224400000
3122,16.645300000,0.270300000
3123,16.734900000,0.257800000
3124,17.961400000,1.539600000
3125,15.863600000,0.346900000
3126,17.122400000,0.434900000
3127,16.282800000,0.695400000
3128,17.113000000,0.518200000
3129,15.830700000,0.307800000
3130,21.819800000,0.296400000
3131,11.788000000,0.384900000
3132,17.117200000,0.601600000
3133,15.643300000,0.242200000
3134,22.031200000,2.253200000
3135,11.525500000,0.195800000
3136,16.756800000,0.284900000
3137,16.522900000,0.212000000
3138,17.924000000,1.533300000
3139,15.621900000,0.257300000
3140,17.019200000,0.591100000
3141,16.890100000,0.378100000
3142,17.592700000,1.012500000
3143,15.838600000,0.438600000
3144,15.949500000,0.639600000
3145,16.651500000,0.306300000
3146,19.957300000,0.414100000
3147,13.770800000,0.173000000
3148,18.429700000,1.900500000
3149,14.671900000,0.295900000
3150,16.726600000,0.330200000
3151,16.619800000,0.258900000
3152,18.407800000,1.643200000
3153,14.905700000,0.531800000
3154,18.068200000,1.495300000
3155,15.630800000,0.262000000
3156,24.037500000,4.543800000
3157,20.032300000,8.460900000
3158,19.320300000,12.849500000
3159,19.813500000,17.101000000
3160,11.572400000,11.420800000
3161,11.032300000,4.725500000
3162,11.432800000,0.114000000
3163,17.083300000,0.513000000
3164,16.545900000,0.237500000
3165,16.763500000,0.473900000
3166,17.333300000,0.765600000
3167,15.647400000,0.332800000
3168,16.671900000,0.258800000
3169,17.130700000,0.235900000
3170,16.979200000,0.582300000
3171,16.137000000,0.143300000
3172,24.866700000,4.033900000
3173,10.711900000,1.769800000
3174,14.606800000,0.301500000
3175,17.298400000,0.664000000
3176,16.112000000,0.526000000
3177,16.586500000,0.220900000
3178,16.710900000,0.278600000
3179,16.848500000,0.519300000
3180,17.219200000,0.652600000
3181,16.408400000,0.667100000
3182,16.972400000,1.403100000
3183,18.786900000,0.122900000
3184,15.054700000,0.837000000
3185,15.573500000,0.246300000
3186,17.229700000,0.685900000
3187,15.874400000,0.490600000
3188,16.941700000,0.550500000
3189,16.920300000,0.545800000
3190,16.159900000,0.160400000
3191,16.913500000,0.538000000
3192,16.817200000,0.385900000
3193,16.697400000,0.280700000
3194,16.957300000,0.570800000
3195,15.879200000,0.446400000
3196,18.289100000,1.738600000
3197,16.686900000,0.219800000
3198,14.774000000,0.430800000
3199,18.051000000,0.444800000
3200,18.634900000,3.202600000
3201,13.692200000,0.215600000
3202,16.935400000,0.593700000
3203,17.064100000,0.695900000
3204,16.399500000,0.763000000
3205,16.798400000,0.353600000
3206,16.577600000,0.673400000
3207,15.888000000,0.140200000
3208,17.268800000,0.568800000
3209,16.694800000,0.293800000
3210,16.933800000,0.297400000
3211,16.613100000,0.560400000
3212,16.158800000,0.661400000
3213,16.655700000,0.251000000
3214,18.264600000,1.771900000
3215,15.746400000,1.324400000
3216,16.677600000,1.065100000
3217,16.401000000,0.763500000
3218,15.890600000,0.222400000
3219,16.610500000,0.232300000
3220,17.843700000,0.898400000
3221,15.703700000,0.314600000
3222,16.768700000,0.287000000
3223,17.190100000,0.349500000
3224,16.828100000,1.417700000
3225,16.846900000,1.352100000
3226,16.194800000,0.330700000
3227,17.138500000,0.781800000
3228,15.604700000,0.258300000
3229,17.103200000,0.565600000
3230,17.141600000,0.693200000
3231,16.231800000,0.804100000
3232,16.766100000,0.327600000
3233,16.624500000,0.276600000
3234,16.694300000,0.277600000
3235,17.197400000,0.663000000
3236,16.282800000,0.785900000
3237,15.567700000,0.228600000
3238,18.746900000,0.188000000
3239,15.805700000,0.492200000
3240,16.171400000,0.777600000
3241,16.790100000,0.324000000
3242,40.265600000,23.871400000
3243,11.111500000,10.773400000
3244,11.008800000,4.698900000
3245,23.475500000,8.840100000
3246,10.347400000,4.071300000
3247,11.918800000,0.610400000
3248,22.232300000,5.855200000
3249,10.414000000,0.098400000
3250,17.556800000,0.226600000
3251,16.855200000,0.463500000
3252,16.677600000,0.226500000
3253,17.667700000,1.241100000
3254,15.916700000,0.513500000
3255,15.815600000,0.392200000
3256,17.158900000,0.514000000
3257,16.970300000,0.363000000
3258,16.158300000,0.751600000
3259,16.834400000,0.319800000
3260,17.015100000,0.531700000
3261,15.573400000,0.216700000
3262,16.545300000,0.201600000
3263,18.020400000,0.420300000
3264,15.879100000,0.282900000
3265,16.559400000,0.208400000
3266,16.842700000,0.239000000
3267,16.784900000,0.465100000
3268,16.583900000,0.217200000
3269,16.689000000,0.328700000
3270,16.817700000,0.347900000
3271,16.862000000,0.465100000
3272,16.772400000,0.305200000
3273,16.770300000,1.296900000
3274,16.050500000,0.523900000
3275,16.890700000,0.472400000
3276,16.826500000,0.305700000
3277,16.562500000,0.219800000
3278,16.659900000,0.232300000
3279,17.983300000,0.579200000
3280,15.005300000,0.129100000
3281,16.782800000,0.462000000
3282,16.992200000,0.555200000
3283,17.919700000,1.457300000
3284,14.999500000,0.304700000
3285,16.861000000,0.428100000
3286,16.846300000,0.344200000
3287,17.499500000,0.831200000
3288,16.943700000,0.568200000
3289,15.663600000,0.317200000
3290,16.638000000,0.268200000
3291,17.145800000,0.755200000
3292,16.096400000,0.609900000
3293,16.629700000,0.301100000
3294,17.994300000,1.019200000
3295,14.886400000,0.501600000
3296,16.705200000,0.165100000
3297,16.919800000,0.341700000
3298,16.590100000,0.221300000
3299,17.274500000,0.701100000
3300,15.958900000,0.387500000
3301,16.620300000,0.238600000
3302,16.632300000,0.240100000
3303,16.607800000,0.233900000
3304,16.968200000,0.196900000
3305,16.917700000,0.450000000
3306,16.938500000,0.369300000
3307,15.817800000,0.284300000
3308,17.233300000,0.603600000
3309,17.761400000,0.608300000
3310,15.878700000,0.517700000
3311,19.162500000,0.309900000
3312,13.555200000,0.112500000
3313,16.537500000,0.204100000
3314,17.098400000,0.405200000
3315,16.702600000,0.317100000
3316,16.673500000,0.165100000
3317,17.752100000,0.199400000
3318,16.185400000,0.565100000
3319,15.798900000,0.226600000
3320,21.028200000,3.730200000
3321,16.187500000,2.227100000
3322,20.868200000,8.443200000
3323,10.619300000,0.663100000
3324,14.767700000,0.390100000
3325,16.639600000,0.298500000
3326,16.610900000,0.240700000
3327,16.614600000,0.259300000
3328,16.834400000,0.328600000
3329,16.914000000,0.425000000
3330,15.626600000,0.283400000
3331,16.664600000,0.258300000
3332,16.721300000,0.253100000
3333,17.050000000,0.452600000
3334,17.784400000,0.840600000
3335,15.896300000,0.485900000
3336,17.366700000,0.782200000
3337,15.795800000,0.418700000
3338,17.144300000,0.558900000
3339,15.763600000,0.249000000
3340,17.514000000,0.278100000
3341,16.997900000,0.164100000
3342,16.298500000,0.766100000
3343,15.677100000,0.146400000
3344,16.758300000,0.260400000
3345,16.575000000,0.254200000
3346,16.867200000,0.532300000
3347,16.818700000,0.362500000
3348,17.201100000,0.286400000
3349,17.069800000,0.562500000
3350,16.090600000,0.711400000
3351,16.766700000,0.294200000
3352,17.011400000,0.302600000
3353,16.372400000,0.267700000
3354,16.665100000,0.138000000
3355,16.631800000,0.246400000
3356,17.086400000,0.626000000
3357,15.715100000,0.271400000
3358,16.951600000,0.465100000
3359,18.685400000,2.208400000
3360,14.946900000,0.567200000
3361,16.595300000,0.232300000
3362,16.987500000,0.550000000
3363,18.752600000,3.195800000
3364,14.330200000,0.259900000
3365,16.792700000,0.183900000
3366,15.900000000,0.260400000
3367,16.625000000,0.265600000
3368,17.093800000,0.489000000
3369,17.071300000,0.684400000
3370,15.939600000,0.162000000
3371,17.588000000,1.006800000
3372,15.653200000,0.233300000
3373,16.632300000,0.272900000
3374,17.183300000,0.171900000
3375,16.721900000,0.295800000
3376,16.684900000,0.308400000
3377,16.793700000,0.425000000
3378,16.957300000,0.458300000
3379,15.654700000,0.277600000
3380,16.596300000,0.228100000
3381,16.615700000,0.244700000
3382,16.740100000,0.333300000
3383,16.597900000,0.213600000
3384,17.529200000,0.552700000
3385,16.448900000,0.181800000
3386,16.586500000,0.209900000
3387,16.809900000,0.420800000
3388,16.694200000,0.384400000
3389,17.075600000,0.639000000
3390,16.436900000,0.203600000
3391,15.755800000,0.154600000
3392,17.438000000,0.718200000
3393,16.804700000,0.416700000
3394,16.429100000,0.968200000
3395,16.857300000,0.523400000
3396,16.717700000,0.299500000
3397,15.807300000,0.501600000
3398,18.066200000,0.960900000
3399,16.106800000,0.638600000
3400,15.944700000,0.547900000
3401,16.708400000,0.299000000
3402,16.946300000,0.487500000
3403,16.631300000,0.245300000
3404,18.368700000,0.320900000
3405,14.830800000,0.484900000
3406,16.903100000,0.224500000
3407,16.692700000,0.322900000
3408,16.928600000,0.567700000
3409,17.530200000,1.169200000
3410,15.974000000,0.570900000
3411,16.006800000,0.523500000
3412,17.948900000,0.860400000
3413,17.723500000,2.277100000
3414,16.038500000,1.027100000
3415,14.508900000,0.203600000
3416,16.912500000,0.534300000
3417,16.780200000,0.385400000
3418,16.960400000,0.320300000
3419,16.981200000,0.299000000
3420,16.643300000,0.206800000
3421,16.543200000,0.206800000
3422,16.936500000,0.536400000
3423,15.799400000,0.429200000
3424,18.225600000,1.810400000
3425,15.843200000,0.289600000
3426,16.947900000,0.560400000
3427,15.991200000,0.567200000
3428,18.778600000,0.762500000
3429,15.692700000,0.166700000
3430,15.977100000,0.627000000
3431,15.627100000,0.262000000
3432,18.584900000,0.162500000
3433,15.591100000,0.246400000
3434,17.045300000,0.657800000
3435,15.807300000,0.276000000
3436,17.301100000,0.535900000
3437,18.782300000,0.160900000
3438,14.602000000,1.065100000
3439,15.659900000,0.341700000
3440,16.901600000,0.556200000
3441,16.695800000,0.378600000
3442,17.105800000,0.168800000
3443,17.141100000,0.753100000
3444,20.426600000,0.382900000
3445,12.568700000,0.244800000
3446,16.824500000,0.466600000
3447,16.020800000,0.620300000
3448,17.428700000,0.942100000
3449,16.260900000,0.537500000
3450,16.610400000,0.219200000
3451,16.836500000,0.371800000
3452,17.027100000,0.612000000
3453,15.740600000,0.263000000
3454,16.917700000,0.508400000
3455,16.800000000,0.381800000
3456,17.914100000,0.331800000
3457,17.307300000,1.756800000
3458,14.658300000,0.195300000
3459,16.731200000,0.379700000
3460,16.992700000,0.507800000
3461,16.867800000,0.381300000
3462,20.054600000,0.325000000
3463,14.367800000,1.492200000
3464,16.684300000,1.459900000
3465,17.157300000,0.170300000
3466,14.411000000,0.155800000
3467,16.579600000,0.263100000
3468,16.972400000,0.555200000
3469,16.608900000,0.245300000
3470,17.026600000,0.615100000
3471,16.200000000,0.767700000
3472,18.137500000,0.958900000
3473,15.134300000,0.172900000
3474,17.427600000,0.668800000
3475,15.857300000,0.330700000
3476,16.731800000,0.320300000
3477,16.783900000,0.362000000
3478,16.741100000,0.270900000
3479,17.130200000,0.725500000
3480,16.535400000,0.161400000
3481,15.701100000,0.268700000
3482,16.620800000,0.239600000
3483,17.246900000,0.726000000
3484,17.144800000,0.560900000
3485,16.247900000,0.756200000
3486,17.261400000,0.827000000
3487,15.531800000,0.206200000
3488,17.607300000,1.216700000
3489,15.725500000,0.297900000
3490,26.841200000,8.543200000
3491,9.436400000,2.707800000
3492,14.003700000,0.646400000
3493,16.466600000,0.181200000
3494,16.837000000,0.511400000
3495,16.742700000,0.163000000
3496,18.313000000,1.958800000
3497,14.788600000,0.336000000
3498,16.949500000,0.504200000
3499,16.618200000,0.260500000
3500,18.226000000,0.228600000
3501,15.652600000,0.314000000
3502,17.195900000,0.812000000
3503,16.116100000,0.672400000
3504,16.857800000,0.492700000
3505,16.433900000,0.194200000
3506,16.878100000,0.533300000
3507,15.740100000,0.350000000
3508,16.886000000,0.515600000
3509,16.584300000,0.224500000
3510,17.746900000,1.329700000
3511,15.931300000,0.383900000
3512,17.164000000,0.700000000
3513,15.660400000,0.267200000
3514,18.089600000,1.273000000
3515,16.059900000,0.652600000
3516,16.714600000,0.294800000
3517,15.568700000,0.238000000
3518,17.651100000,0.259900000
3519,17.351000000,0.543700000
3520,16.839600000,1.269300000
3521,15.945300000,0.549500000
3522,15.747400000,0.383400000
3523,17.089100000,0.134900000
3524,16.800000000,0.205800000
3525,17.141700000,0.803600000
3526,15.617700000,0.232800000
3527,16.600500000,0.212500000
3528,17.041100000,0.637500000
3529,16.734900000,0.344800000
3530,17.124000000,0.726100000
3531,16.684900000,0.262000000
3532,17.607800000,1.222900000
3533,15.839600000,0.169800000
3534,16.406200000,1.021900000
3535,17.411500000,0.959900000
3536,16.835900000,0.386400000
3537,15.668800000,0.292700000
3538,17.806200000,0.680200000
3539,15.819800000,0.427100000
3540,15.785900000,0.428600000
3541,16.532900000,0.220400000
3542,16.502600000,0.206800000
3543,17.804100000,0.351000000
3544,15.743800000,0.353100000
3545,16.828600000,0.266100000
3546,17.270900000,0.783300000
3547,16.840600000,0.357300000
3548,16.270300000,0.826100000
3549,16.891700000,0.525000000
3550,16.955200000,0.487500000
3551,17.253600000,0.435500000
3552,16.512500000,0.367700000
3553,15.579200000,0.278200000
3554,17.679200000,1.306200000
3555,15.633300000,0.231800000
3556,16.910900000,0.527000000
3557,21.113600000,1.185900000
3558,13.208800000,0.403100000
3559,15.562000000,0.240600000
3560,16.772900000,0.435400000
3561,17.015600000,0.233300000
3562,15.854200000,0.446400000
3563,16.658900000,0.271400000
3564,16.782800000,0.290100000
3565,16.983800000,0.533400000
3566,17.079700000,0.666700000
3567,15.742700000,0.326500000
3568,18.297400000,1.848500000
3569,16.187000000,0.674500000
3570,15.709400000,0.249500000
3571,16.740600000,0.348400000
3572,16.946400000,0.555700000
3573,17.326000000,0.859900000
3574,17.405200000,2.014600000
3575,15.371900000,0.489600000
3576,17.397900000,0.988600000
3577,15.809900000,0.157300000
3578,17.683800000,0.953700000
3579,15.744800000,0.325500000
3580,17.812000000,0.281800000
3581,15.789600000,0.288600000
3582,15.810400000,0.382300000
3583,17.600500000,1.023400000
3584,15.784400000,0.419300000
3585,16.805200000,0.416100000
3586,16.647900000,0.275500000
3587,16.713100000,0.322400000
3588,17.117700000,0.422900000
3589,16.657300000,0.243300000
3590,17.113500000,0.328700000
3591,15.859900000,0.510900000
3592,17.308800000,0.667700000
3593,15.584900000,0.157300000
3594,16.498500000,0.179200000
3595,17.729100000,0.373900000
3596,16.816700000,0.249500000
3597,16.282300000,0.894800000
3598,17.941700000,0.286400000
