frame,frameMs,presentMs
1,3.908400000,0.313600000
2,15.649400000,0.276100000
3,18.050600000,0.620300000
4,15.723400000,0.314600000
5,16.638000000,0.257300000
6,16.729200000,0.279200000
7,18.599500000,1.519300000
8,14.613500000,0.271900000
9,18.050500000,0.307800000
10,15.709900000,0.263500000
11,18.388000000,2.016100000
12,14.596400000,0.202000000
13,17.978600000,1.249000000
14,15.867200000,0.166100000
15,16.873500000,0.359400000
16,20.232300000,4.845800000
17,16.330700000,3.319200000
18,12.902600000,0.197900000
19,16.755200000,0.389000000
20,16.890600000,0.526500000
21,17.105200000,0.147400000
22,15.676600000,0.182300000
23,16.613500000,0.264600000
24,17.274500000,0.178700000
25,17.632300000,0.150000000
26,16.076600000,0.239000000
27,15.758800000,0.329700000
28,16.609400000,0.251100000
29,18.733900000,2.179100000
30,14.693200000,0.281200000
31,17.016100000,0.343800000
32,16.793800000,0.446900000
33,16.646900000,0.272900000
34,16.833800000,0.450500000
35,17.781800000,2.405200000
36,14.804700000,0.415600000
37,17.108300000,0.496400000
38,17.292700000,0.923500000
39,15.620800000,0.263600000
40,16.776600000,0.319300000
41,16.784900000,0.269800000
42,16.807300000,0.430700000
43,18.030700000,0.344300000
44,14.832800000,0.464600000
45,17.199500000,0.420800000
46,21.055200000,4.561500000
47,11.921400000,0.492200000
48,17.345800000,0.598900000
49,15.842700000,0.428700000
50,16.668800000,0.275500000
51,16.615600000,0.224500000
52,17.268200000,0.869800000
53,18.208400000,0.807300000
54,14.832200000,0.241700000
55,19.390700000,0.909900000
56,17.416600000,3.571900000
57,14.552600000,0.759900000
58,15.542200000,0.215600000
59,17.172900000,0.880700000
60,16.053200000,0.434400000
61,16.567200000,0.229700000
62,16.510900000,0.197900000
63,16.829700000,0.230700000
64,16.632300000,0.246300000
65,17.954100000,1.392700000
66,16.101100000,0.657300000
67,17.589600000,1.135400000
68,15.439000000,0.717200000
69,16.901100000,0.364000000
70,15.924400000,0.595300000
71,17.173500000,0.177100000
72,16.596900000,0.244300000
73,18.081700000,1.677600000
74,14.731800000,0.384900000
75,16.930700000,0.220900000
76,16.706300000,0.311500000
77,17.827600000,0.222900000
78,15.788000000,0.416700000
79,17.860400000,1.374500000
80,14.577100000,0.226600000
81,18.028700000,1.479100000
82,15.748400000,0.390600000
83,17.975000000,1.242200000
84,16.031800000,0.664100000
85,15.686400000,0.235900000
86,18.232800000,1.880200000
87,15.922400000,0.401600000
88,17.073500000,0.677600000
89,16.292700000,0.900000000
90,16.596800000,0.140700000
91,17.335500000,0.490100000
92,15.471300000,0.160900000
93,16.899000000,0.546900000
94,17.239600000,0.804200000
95,15.791100000,0.348900000
96,16.812500000,0.224500000
97,18.117700000,1.060400000
98,16.015600000,0.455200000
99,22.831300000,2.572400000
100,16.250000000,6.727000000
101,13.707800000,2.359900000
102,13.222900000,0.305700000
103,16.909400000,0.234800000
104,17.321300000,0.601600000
105,16.593300000,0.164600000
106,15.659400000,0.261900000
107,18.039500000,1.580200000
108,18.554200000,0.365600000
109,15.517700000,0.261000000
110,15.725000000,1.393700000
111,16.103100000,0.653100000
112,15.555200000,0.222900000
113,18.298500000,0.145300000
114,15.647400000,0.299500000
115,18.082300000,0.215600000
116,15.941100000,0.153600000
117,15.781300000,0.386500000
118,16.657300000,0.268700000
119,17.468700000,1.049000000
120,15.820300000,0.477600000
121,20.501100000,0.440100000
122,12.828100000,0.486500000
123,16.602600000,0.279700000
124,17.094800000,0.596400000
125,16.973400000,0.608300000
126,16.681300000,0.332800000
127,17.721300000,0.276600000
128,14.529200000,0.212000000
129,18.384400000,0.962500000
130,15.597400000,0.227600000
131,17.769200000,0.705700000
132,15.508900000,0.193200000
133,19.090100000,2.331800000
134,15.325500000,0.513500000
135,16.085900000,0.591700000
136,15.908400000,0.307300000
137,17.874500000,1.489500000
138,16.129600000,0.602600000
139,17.586000000,0.949000000
140,15.791100000,0.453200000
141,17.305800000,0.648400000
142,15.520300000,0.208900000
143,17.708800000,1.283900000
144,15.715100000,0.297900000
145,17.974500000,0.306800000
146,16.359400000,1.059400000
147,16.437000000,0.884900000
148,15.736900000,0.319300000
149,17.704700000,1.328100000
150,15.732300000,0.330200000
151,19.031300000,0.404600000
152,14.921300000,0.612000000
153,17.759900000,2.371400000
154,14.686000000,0.313500000
155,17.855200000,1.389000000
156,15.904100000,0.416700000
157,17.286000000,0.401500000
158,15.656200000,0.259900000
159,16.915600000,0.354200000
160,16.668300000,0.305200000
161,19.288000000,2.800000000
162,13.859400000,0.432300000
163,17.383300000,0.169800000
164,15.619800000,0.303100000
165,17.373400000,0.938100000
166,16.797400000,0.409300000
167,17.809900000,0.254200000
168,15.959900000,0.555200000
169,15.621400000,0.277100000
170,17.851000000,1.484300000
171,15.800500000,0.278100000
172,16.702600000,0.309900000
173,17.643800000,1.263500000
174,16.796300000,1.349000000
175,21.519300000,0.289600000
176,12.358900000,1.971900000
177,16.763000000,0.301100000
178,14.581800000,0.248400000
179,21.125000000,1.353600000
180,12.604100000,0.288000000
181,18.577100000,0.223400000
182,14.567700000,0.262000000
183,16.830200000,0.450500000
184,18.374000000,0.182800000
185,14.646900000,0.240600000
186,17.003100000,0.449500000
187,17.688500000,1.018700000
188,15.771400000,0.421900000
189,18.380700000,1.969300000
190,16.032300000,1.674000000
191,16.564100000,1.158900000
192,15.648400000,0.334900000
193,19.356800000,2.775000000
194,13.538000000,0.221400000
195,16.887500000,0.223000000
196,16.573400000,0.239600000
197,17.994300000,1.693700000
198,15.765600000,0.364600000
199,16.885400000,0.465100000
200,15.776600000,0.374500000
201,16.909400000,0.500000000
202,17.295800000,0.813500000
203,15.594800000,0.252100000
204,17.541200000,0.194800000
205,17.733800000,0.953200000
206,15.986500000,0.351000000
207,18.655700000,2.430800000
208,13.957800000,0.541200000
209,17.705700000,1.314600000
210,15.594300000,0.246800000
211,18.099000000,1.151500000
212,15.860400000,0.221400000
213,15.733800000,0.325500000
214,16.551100000,0.224500000
215,17.838000000,1.444800000
216,16.562500000,0.972400000
217,15.799500000,0.384900000
218,16.665600000,0.288600000
219,16.783300000,0.407300000
220,16.790700000,0.365100000
221,17.728100000,1.306300000
222,17.353100000,0.149500000
223,16.010400000,0.798900000
224,15.566700000,0.235900000
225,17.040100000,0.556700000
226,20.876000000,4.046400000
227,11.698500000,0.195800000
228,16.895300000,0.256800000
229,17.865100000,0.627600000
230,15.576000000,0.209900000
231,18.024500000,1.562000000
232,15.718200000,0.336400000
233,17.343800000,0.506700000
234,15.817200000,0.359400000
235,17.250000000,0.829200000
236,15.913000000,0.555200000
237,16.792200000,0.357300000
238,17.106800000,0.160500000
239,15.790600000,0.326100000
240,16.565600000,0.244300000
241,16.504200000,0.194300000
242,18.369300000,0.363600000
243,17.898900000,2.413600000
244,14.772400000,0.356800000
245,17.492700000,0.297400000
246,16.176600000,0.655200000
247,15.747900000,0.184400000
248,17.504700000,0.751100000
249,15.752600000,0.369300000
250,16.800500000,0.343700000
251,18.601000000,1.141100000
252,14.800600000,0.378100000
253,17.543200000,1.136500000
254,15.722400000,0.374500000
255,16.643200000,0.153600000
256,16.714600000,0.313600000
257,17.760400000,1.404700000
258,15.904200000,0.421300000
259,17.217700000,0.716700000
260,15.859400000,0.500000000
261,18.642200000,0.261400000
262,14.623900000,0.266700000
263,16.618800000,0.262000000
264,16.779100000,0.351600000
265,17.315100000,0.935400000
266,15.732900000,0.326000000
267,17.037500000,0.634300000
268,16.586900000,0.241600000
269,17.800000000,1.395800000
270,23.490700000,8.042200000
271,11.244200000,2.838100000
272,13.821900000,0.478100000
273,18.065100000,1.322400000
274,15.591200000,0.258300000
275,17.417700000,0.757800000
276,15.972400000,0.566200000
277,17.036900000,0.597400000
278,15.636000000,0.267200000
279,18.030700000,0.615600000
280,15.745300000,0.397400000
281,16.758900000,0.407800000
282,17.218700000,0.592200000
283,15.581300000,0.244300000
284,17.830700000,0.541200000
285,15.890100000,0.306300000
286,16.591700000,0.223000000
287,16.932800000,0.537500000
288,16.692700000,0.258300000
289,16.653600000,0.252100000
290,16.673000000,0.313500000
291,17.048900000,0.648900000
292,16.600500000,0.219200000
293,17.846400000,0.391600000
294,14.619800000,0.258400000
295,16.906700000,0.558800000
296,16.647400000,0.223400000
297,16.596900000,0.222900000
298,16.818200000,0.414500000
299,16.701600000,0.285900000
300,17.470800000,0.242700000
301,15.698000000,0.182800000
302,16.746800000,0.354100000
303,16.607800000,0.236000000
304,16.745400000,0.390100000
305,16.592100000,0.231800000
306,16.673000000,0.220400000
307,20.532300000,0.368300000
308,12.466600000,0.101500000
309,17.964100000,0.127600000
310,22.450500000,0.270900000
311,11.290600000,0.527000000
312,15.661500000,0.373500000
313,16.531800000,0.184900000
314,16.712500000,0.195900000
315,18.410400000,2.036000000
316,15.022900000,0.492200000
317,17.275500000,0.946300000
318,15.856300000,0.466700000
319,16.681200000,0.255700000
320,16.686500000,0.314500000
321,16.802600000,0.459400000
322,16.845800000,0.493700000
323,17.242200000,0.855200000
324,15.795800000,0.289100000
325,16.706800000,0.318200000
326,17.141100000,0.747400000
327,16.612000000,0.253200000
328,16.690100000,0.253600000
329,21.474000000,0.217200000
330,11.712500000,0.316700000
331,16.943700000,0.543200000
332,15.711000000,0.351100000
333,16.813000000,0.431300000
334,16.799000000,0.267200000
335,16.703100000,0.271900000
336,16.954100000,0.526000000
337,16.808900000,0.300000000
338,16.892200000,0.507300000
339,15.940100000,0.487500000
340,16.883800000,0.429600000
341,17.416700000,0.133300000
342,16.784900000,1.051000000
343,16.668200000,0.251000000
344,15.765700000,0.446900000
345,17.077600000,0.663500000
346,17.123400000,0.759900000
347,15.661500000,0.224400000
348,17.661900000,1.154200000
349,15.501100000,0.175500000
350,16.593700000,0.296300000
351,16.844300000,0.331800000
352,16.601000000,0.232300000
353,16.936500000,0.579100000
354,16.927600000,0.498500000
355,16.895300000,0.529700000
356,15.621900000,0.286400000
357,17.886500000,0.486400000
358,16.013500000,0.509400000
359,17.552100000,1.157300000
360,15.824500000,0.311400000
361,18.437500000,0.354100000
362,15.510900000,1.219300000
363,16.899000000,1.593200000
364,15.593700000,0.270800000
365,17.820300000,1.443700000
366,15.745900000,0.227600000
367,16.749400000,0.296300000
368,16.549500000,0.215100000
369,16.529700000,0.195800000
370,16.730700000,0.422900000
371,16.729700000,0.384300000
372,16.744800000,0.352600000
373,16.902600000,0.451000000
374,17.051100000,0.708800000
375,18.202600000,1.034900000
376,14.572400000,0.270900000
377,16.511400000,0.204600000
378,17.033900000,0.608400000
379,19.596800000,0.158300000
380,13.755200000,0.441600000
381,17.046400000,0.610900000
382,15.794800000,0.411500000
383,16.750500000,0.327100000
384,16.689600000,0.156800000
385,17.564600000,0.162000000
386,15.691600000,0.302600000
387,16.823500000,0.454700000
388,16.556800000,0.217700000
389,17.289000000,0.912500000
390,15.699000000,0.340100000
391,16.848900000,0.206700000
392,17.369300000,0.959400000
393,18.338000000,2.135900000
394,14.632800000,0.279100000
395,17.073000000,0.729700000
396,15.679600000,0.327100000
397,17.119300000,0.787000000
398,17.267700000,0.856300000
399,15.943300000,0.257300000
400,17.793700000,0.994800000
401,15.658300000,0.296300000
402,16.598500000,0.219800000
403,16.842200000,0.489000000
404,16.569200000,0.228600000
405,16.529200000,0.116100000
406,16.688500000,0.368800000
407,17.914100000,0.701500000
408,15.914600000,0.509300000
409,16.556800000,0.124500000
410,16.831200000,0.515600000
411,15.493200000,0.199500000
412,17.553700000,0.208900000
413,17.316600000,0.902600000
414,16.252100000,0.526600000
415,17.037500000,0.657300000
416,15.603700000,0.256200000
417,16.975500000,0.579200000
418,16.808800000,0.221300000
419,17.313600000,0.929700000
420,17.127600000,1.441700000
421,15.637500000,0.258900000
422,17.098400000,0.767100000
423,15.983400000,0.260400000
424,16.675000000,0.288500000
425,16.996800000,0.540100000
426,16.659400000,0.275600000
427,16.681300000,0.301500000
428,16.950500000,0.599000000
429,15.756200000,0.305700000
430,16.506800000,0.118700000
431,16.560400000,0.214000000
432,17.864600000,0.492700000
433,17.751000000,2.389000000
434,14.739600000,0.352100000
435,18.854200000,2.463600000
436,15.095800000,0.410900000
437,16.877600000,0.237000000
438,15.561000000,0.246400000
439,16.993200000,0.214500000
440,17.356300000,0.977000000
441,15.575000000,0.203100000
442,20.911900000,0.195900000
443,12.538600000,0.213600000
444,16.585400000,0.177600000
445,17.131800000,0.172900000
446,17.614000000,0.199000000
447,16.179200000,0.737500000
448,16.569800000,0.224400000
449,17.166100000,0.817200000
450,15.702100000,0.248400000
451,17.074500000,0.632800000
452,16.868700000,0.472900000
453,16.080800000,0.461500000
454,16.690600000,0.373900000
455,17.268200000,0.840100000
456,15.666700000,0.269300000
457,16.938000000,0.527600000
458,16.863600000,0.442200000
459,16.903100000,0.496300000
460,16.855200000,0.483900000
461,17.041100000,0.258800000
462,15.757800000,0.227000000
463,21.324000000,1.983900000
464,11.643800000,0.289000000
465,16.622300000,0.228700000
466,17.830300000,0.382300000
467,16.030200000,0.139100000
468,16.595300000,0.307300000
469,17.008800000,0.451000000
470,16.966700000,0.548500000
471,16.355700000,0.976000000
472,16.674500000,0.119200000
473,19.272400000,0.305200000
474,13.702100000,0.263600000
475,16.738500000,0.344800000
476,16.528200000,0.217700000
477,16.851000000,0.365100000
478,16.702600000,0.265100000
479,17.421400000,0.745800000
480,16.055200000,0.501500000
481,17.772900000,0.764600000
482,16.273900000,0.832800000
483,15.992200000,0.618700000
484,17.677600000,0.758800000
485,16.231300000,0.247400000
486,15.564000000,0.116700000
487,21.241200000,3.355700000
488,12.732300000,0.379200000
489,16.764600000,0.402100000
490,16.820300000,0.425500000
491,16.666600000,0.807300000
492,16.502600000,0.758300000
493,17.121400000,0.549500000
494,15.725500000,0.349500000
495,17.144300000,0.607300000
496,16.729200000,0.346300000
497,15.732800000,0.332800000
498,16.687500000,0.265100000
499,16.531700000,0.175000000
500,17.731800000,0.106200000
501,16.099000000,0.728600000
502,17.248400000,0.763500000
503,16.912500000,1.552600000
504,16.752600000,1.239600000
505,17.389100000,0.219800000
506,14.714000000,0.332800000
507,17.388600000,0.203200000
508,16.849500000,0.452100000
509,15.754100000,0.339600000
510,18.560400000,2.153100000
511,14.974500000,0.283800000
512,16.613000000,0.225500000
513,17.081300000,0.692200000
514,16.662500000,0.289600000
515,16.960900000,0.565600000
516,16.612500000,0.225500000
517,17.196900000,0.805800000
518,16.316700000,0.597900000
519,16.286900000,0.205700000
520,16.729700000,0.358800000
521,16.962000000,0.568700000
522,16.429700000,0.976600000
523,17.428100000,0.160400000
524,16.028700000,0.654600000
525,16.745800000,0.344300000
526,15.556800000,0.218300000
527,17.933300000,0.284900000
528,15.812500000,0.446800000
529,16.823400000,0.124500000
530,16.519300000,0.206800000
531,16.603100000,0.255800000
532,16.644800000,0.232800000
533,18.465700000,1.817200000
534,16.344800000,0.207800000
535,15.538500000,0.203100000
536,16.533300000,0.213000000
537,16.659900000,0.257300000
538,16.915100000,0.533900000
539,17.714600000,0.145300000
540,15.896400000,0.368200000
541,16.136400000,0.728600000
542,16.530200000,0.212000000
543,17.111500000,0.622900000
544,17.241100000,0.835900000
545,17.234400000,1.358800000
546,19.280200000,2.996900000
547,18.508900000,5.463000000
548,12.632300000,2.306700000
549,14.546300000,0.222900000
550,16.436500000,0.129700000
551,16.617200000,0.219300000
552,17.754700000,0.408300000
553,16.121300000,0.716700000
554,16.730700000,0.380700000
555,16.946900000,0.574000000
556,16.769800000,0.427100000
557,17.122400000,0.352600000
558,15.804700000,0.325000000
559,17.613500000,1.207800000
560,15.539100000,0.188000000
561,16.983300000,0.481300000
562,17.064600000,0.656200000
563,16.799500000,1.208400000
564,15.545800000,0.176000000
565,16.665100000,0.172400000
566,16.601600000,0.212000000
567,16.617700000,0.220800000
568,18.748400000,0.955200000
569,14.663600000,0.265600000
570,17.012000000,0.612500000
571,16.859300000,0.453100000
572,16.900500000,0.548400000
573,16.771900000,0.303600000
574,17.082300000,0.518300000
575,15.664100000,0.241100000
576,16.720300000,0.281300000
577,16.695800000,0.229700000
578,18.692200000,2.185900000
579,15.148400000,0.154600000
580,16.706800000,0.296400000
581,17.299000000,0.432300000
582,15.734400000,0.291100000
583,16.973400000,0.150000000
584,16.807800000,0.178100000
585,17.085900000,1.280700000
586,15.701600000,0.233800000
587,17.845300000,1.389600000
588,16.600000000,0.559300000
589,15.828700000,0.387500000
590,16.745300000,0.417200000
591,17.150000000,0.274500000
592,15.741100000,0.201000000
593,16.957300000,0.595900000
594,16.783300000,0.379700000
595,16.729200000,0.240600000
596,16.738600000,0.181200000
597,16.829600000,0.335400000
598,16.184900000,0.781200000
599,17.399500000,0.198400000
600,15.713000000,0.246300000
601,17.718300000,0.986500000
602,16.897400000,1.320800000
603,15.518700000,0.224500000
604,16.924500000,0.574400000
605,17.214100000,0.175500000
606,16.363000000,0.877600000
607,16.968200000,1.014100000
608,15.605200000,0.306200000
609,17.994300000,0.860400000
610,15.696300000,0.300500000
611,17.929700000,0.496900000
612,16.914600000,0.306800000
613,15.260900000,0.579700000
614,17.031300000,0.715100000
615,16.023400000,0.667700000
616,16.630800000,0.293300000
617,18.897900000,0.255200000
618,14.765600000,0.355300000
619,17.309400000,0.133400000
620,15.614000000,0.241700000
621,19.162000000,0.706800000
622,14.804700000,0.463000000
623,16.632300000,1.281300000
624,16.127100000,0.568300000
625,17.760400000,0.488000000
626,16.886500000,1.426000000
627,16.035900000,0.642200000
628,15.598400000,0.252000000
629,16.543800000,0.224500000
630,17.991600000,0.595300000
631,16.911000000,0.217700000
632,15.877100000,0.457800000
633,16.793700000,0.459900000
634,16.869300000,0.507300000
635,16.798400000,1.382300000
636,16.165100000,0.668700000
637,17.453700000,0.815100000
638,15.632300000,0.124400000
639,21.274400000,4.013600000
640,24.066700000,11.328600000
641,10.496400000,2.962500000
642,21.361400000,10.716700000
643,10.563600000,4.475000000
644,13.289000000,0.943200000
645,15.481800000,0.182800000
646,16.696900000,0.314600000
647,17.641600000,0.996400000
648,16.081800000,0.597900000
649,16.733300000,0.340100000
650,51.723500000,30.812500000
651,12.438000000,12.200000000
652,10.571900000,5.189600000
653,12.596900000,1.164000000
654,15.939500000,0.503600000
655,17.307900000,0.976500000
656,17.179100000,1.747400000
657,14.744800000,0.367200000
658,20.303700000,0.337500000
659,17.220800000,0.164600000
660,22.888500000,7.520800000
661,16.853200000,10.231700000
662,19.379600000,12.966100000
663,16.718300000,7.727600000
664,18.281700000,14.108900000
665,15.073000000,13.549500000
666,11.034900000,7.129700000
667,12.616600000,3.297900000
668,13.994800000,0.569200000
669,15.845300000,0.510400000
670,16.803200000,0.324500000
671,16.686400000,0.279700000
672,17.203100000,0.697900000
673,25.799500000,0.266700000
674,12.735400000,5.660400000
675,10.508400000,0.109900000
676,16.668700000,0.195800000
677,16.573500000,0.244800000
678,18.164000000,0.264100000
679,15.762500000,0.433800000
680,18.572900000,0.286400000
681,15.925000000,1.591100000
682,15.956800000,0.547900000
683,15.602600000,0.289000000
684,18.205200000,0.822900000
685,16.565100000,0.881800000
686,15.935400000,0.169800000
687,16.644300000,0.333900000
688,16.662000000,0.277100000
689,16.608800000,0.282800000
690,17.787000000,1.294800000
691,15.596900000,0.210900000
692,16.715600000,0.287500000
693,16.714600000,0.326600000
694,17.312500000,0.831800000
695,15.877600000,0.341700000
696,17.205200000,0.790600000
697,15.637500000,0.287000000
698,20.878100000,0.290600000
699,12.653200000,0.307900000
700,16.538000000,0.213000000
701,18.410900000,2.060900000
702,16.480800000,1.045300000
703,15.785400000,0.445300000
704,21.581200000,3.693800000
705,11.804700000,0.412000000
706,16.816700000,0.326000000
707,15.838500000,0.421800000
708,17.745300000,0.689600000
709,15.627100000,0.322400000
710,16.722400000,0.266200000
711,25.242200000,8.875000000
712,12.125000000,3.325500000
713,12.791100000,0.530200000
714,17.533900000,0.989100000
715,15.738500000,0.382300000
716,16.864100000,0.324500000
717,16.748400000,0.351600000
718,16.790100000,0.315100000
719,19.883400000,3.477600000
720,13.180700000,0.605300000
721,16.777600000,0.394300000
722,17.301600000,0.838100000
723,15.827100000,0.472400000
724,17.235900000,0.632800000
725,15.811400000,0.272400000
726,19.235500000,2.798000000
727,14.704700000,0.355700000
728,17.531700000,1.131800000
729,15.676600000,0.344800000
730,17.578100000,0.873500000
731,15.742700000,0.125000000
732,19.614100000,0.209400000
733,13.489600000,0.213600000
734,18.253600000,0.724500000
735,15.528700000,0.215200000
736,17.197900000,0.723500000
737,16.572400000,0.732800000
738,15.961400000,0.577600000
739,16.576100000,0.239600000
740,16.742200000,0.331800000
741,16.671300000,0.350500000
742,17.617200000,1.169800000
743,15.699500000,0.325500000
744,17.203600000,0.420300000
745,15.882300000,0.595300000
746,17.947900000,1.251000000
747,15.770900000,0.245400000
748,17.127000000,0.506800000
749,15.730300000,0.379700000
750,16.711900000,0.306200000
751,16.761000000,0.444800000
752,16.746800000,0.380200000
753,16.536500000,0.246900000
754,16.533300000,0.230300000
755,16.917200000,0.537000000
756,16.794300000,0.281800000
757,16.689600000,0.306800000
758,17.594300000,0.962500000
759,15.639000000,0.302100000
760,17.040100000,0.698900000
761,17.047400000,0.698400000
762,17.570300000,0.162000000
763,14.891200000,0.593700000
764,16.887500000,0.376500000
765,16.844200000,0.465600000
766,16.963100000,0.531200000
767,16.684900000,0.666100000
768,16.184300000,0.799500000
769,16.625000000,0.260400000
770,17.334400000,0.943200000
771,15.844300000,0.499500000
772,17.009400000,0.681800000
773,18.223900000,1.790600000
774,14.867200000,0.504700000
775,16.852600000,0.454700000
776,18.485400000,1.917200000
777,14.896900000,0.381800000
778,16.833300000,0.452600000
779,16.987000000,0.591700000
780,19.165100000,3.163500000
781,13.979700000,0.631300000
782,15.612500000,0.271900000
783,17.631800000,0.304700000
784,16.941600000,0.558300000
785,15.973000000,0.600500000
786,17.034900000,0.557800000
787,16.831700000,0.354700000
788,15.763000000,0.326000000
789,17.527100000,0.347900000
790,16.776600000,0.428100000
791,15.537000000,0.227100000
792,18.659300000,1.240100000
793,15.729700000,0.346300000
794,15.659900000,0.292200000
795,16.672400000,0.275500000
796,16.905800000,0.504100000
797,17.034300000,0.634900000
798,16.692700000,0.275500000
799,18.592200000,2.219800000
800,14.613000000,0.335500000
801,16.606800000,0.240600000
802,16.953700000,0.637000000
803,17.199400000,0.820300000
804,15.773500000,0.410500000
805,17.068700000,0.598900000
806,18.061000000,1.642100000
807,14.980700000,0.146400000
808,16.542700000,0.232300000
809,16.963000000,0.543200000
810,17.212500000,0.677600000
811,15.631800000,0.273000000
812,16.787000000,0.274500000
813,16.800500000,0.315600000
814,17.142700000,0.792800000
815,17.214600000,0.867700000
816,15.729200000,0.259900000
817,16.522900000,0.193300000
818,16.713500000,0.331800000
819,16.708300000,0.306800000
820,16.750000000,0.377600000
821,16.554200000,0.245800000
822,16.646900000,0.249500000
823,16.648400000,0.197900000
824,17.789100000,0.315700000
825,15.818200000,0.304200000
826,17.984400000,1.581200000
827,14.588500000,0.259300000
828,17.619300000,0.261400000
829,16.853600000,0.482800000
830,15.768800000,0.414100000
831,17.015600000,0.637000000
832,17.631800000,1.243700000
833,15.644800000,0.332900000
834,17.248400000,0.582300000
835,15.818300000,0.346800000
836,16.727600000,0.355200000
837,16.696300000,0.274000000
838,16.835900000,0.433300000
839,16.687000000,0.332300000
840,21.079700000,3.973400000
841,14.406800000,1.171400000
842,14.679700000,0.178100000
843,16.662000000,0.280700000
844,18.681200000,2.284400000
845,15.229200000,0.787500000
846,15.764000000,0.145300000
847,17.039100000,0.704200000
848,17.550000000,1.046900000
849,15.919300000,0.535400000
850,17.093700000,0.645300000
851,15.522400000,0.209400000
852,16.927600000,0.544800000
853,16.692200000,0.268800000
854,16.637500000,0.248400000
855,16.905700000,0.401000000
856,16.622900000,0.258800000
857,16.741700000,0.328100000
858,18.678700000,0.211500000
859,15.020300000,0.672300000
860,17.848400000,0.955700000
861,14.888600000,0.137000000
862,16.797900000,0.415100000
863,16.833800000,0.501100000
864,16.984900000,0.248900000
865,16.367200000,0.843200000
866,18.045300000,1.597400000
867,15.069800000,0.605700000
868,18.117700000,1.009900000
869,16.028700000,0.610500000
870,15.875500000,0.538000000
871,17.090600000,0.766100000
872,19.333900000,3.007900000
873,13.650500000,0.277100000
874,16.589600000,0.231300000
875,16.793700000,0.247900000
876,18.038000000,1.602100000
877,15.535500000,0.358900000
878,17.380700000,0.568800000
879,15.705200000,0.314100000
880,17.051600000,0.717200000
881,15.971800000,0.602600000
882,17.407300000,0.930700000
883,16.259900000,0.208300000
884,18.539600000,2.031300000
885,14.564100000,0.246400000
886,16.988000000,0.639100000
887,17.331800000,0.922400000
888,16.041100000,0.614100000
889,17.157300000,0.534300000
890,16.058800000,0.618700000
891,16.801100000,0.275000000
892,16.877600000,0.477600000
893,15.727100000,0.313600000
894,17.005200000,0.584900000
895,16.831200000,0.417700000
896,17.536500000,0.989100000
897,15.626000000,0.226000000
898,16.677600000,0.256700000
899,17.489600000,1.127600000
900,15.803700000,0.288000000
901,17.060900000,0.301100000
902,17.295800000,0.927600000
903,15.816700000,0.439600000
904,17.133900000,0.714500000
905,15.861900000,0.461400000
906,16.699000000,0.381200000
907,16.904700000,0.574500000
908,17.056200000,0.717200000
909,16.548000000,0.202600000
910,16.758800000,0.281800000
911,18.755700000,2.345300000
912,14.650600000,0.230200000
913,18.690100000,1.836900000
914,14.841100000,0.527100000
915,15.950500000,0.516700000
916,21.617200000,4.804700000
917,11.732800000,0.300500000
918,17.152100000,0.606300000
919,16.720800000,0.288000000
920,19.421900000,2.650500000
921,14.483900000,1.040700000
922,15.633300000,0.315600000
923,16.631800000,0.344300000
924,16.555700000,0.197400000
925,17.391200000,0.628600000
926,18.246300000,2.132300000
927,14.803100000,0.469200000
928,16.891700000,0.510400000
929,15.785400000,0.368300000
930,22.951600000,0.275500000
931,10.764600000,0.438600000
932,19.929100000,2.601000000
933,14.160400000,0.735900000
934,15.878200000,0.437000000
935,16.839000000,0.331300000
936,16.806300000,0.268800000
937,16.775000000,0.475500000
938,17.512500000,0.439100000
939,15.732300000,0.275000000
940,17.796800000,1.380200000
941,16.236000000,0.293200000
942,16.673900000,0.198900000
943,15.673000000,0.359900000
944,17.209300000,0.607800000
945,15.576600000,0.220300000
946,17.641700000,0.256200000
947,17.158800000,0.825000000
948,20.591700000,1.613600000
949,11.579700000,0.255200000
950,16.658800000,0.288500000
951,16.689600000,0.387000000
952,16.924500000,0.472400000
953,17.419800000,0.872900000
954,15.914600000,0.138100000
955,16.816100000,0.264600000
956,16.637500000,0.271300000
957,16.902100000,0.438600000
958,16.733300000,0.314600000
959,17.133400000,0.355200000
960,16.191100000,0.180200000
961,16.747400000,0.422400000
962,15.751600000,0.368200000
963,16.933300000,0.494300000
964,16.776000000,0.369800000
965,18.433400000,2.002600000
966,15.199500000,0.235900000
967,16.798900000,0.372400000
968,16.887000000,0.243300000
969,15.647900000,0.241600000
970,16.767200000,0.304200000
971,16.929200000,0.425500000
972,17.173400000,0.613500000
973,15.931200000,0.590600000
974,16.525000000,0.187000000
975,16.569300000,0.286400000
976,16.945300000,0.292700000
977,17.025000000,0.580200000
978,16.686000000,0.358300000
979,17.936900000,0.454200000
980,15.807900000,0.423500000
981,15.541600000,0.220800000
982,17.797400000,0.441100000
983,16.025000000,0.554700000
984,16.713600000,0.151600000
985,17.165100000,0.152600000
986,19.302600000,2.260900000
987,14.105700000,0.790100000
988,15.715100000,0.416700000
989,16.638000000,0.253100000
990,16.791200000,0.347900000
991,16.602600000,0.261500000
992,16.853600000,0.389500000
993,17.095300000,0.522400000
994,16.596900000,0.250000000
995,16.599500000,0.312500000
996,16.648400000,0.237500000
997,16.903200000,0.500000000
998,17.371300000,0.333900000
999,15.737000000,0.281800000
1000,16.927100000,0.577600000
1001,17.023400000,0.651600000
1002,16.114100000,0.763500000
1003,16.775500000,0.365100000
1004,17.218700000,0.804200000
1005,15.499000000,0.181800000
1006,16.688500000,0.214100000
1007,18.211500000,1.130200000
1008,15.710400000,0.294300000
1009,16.986000000,0.511900000
1010,15.910900000,0.599500000
1011,16.780700000,0.424000000
1012,16.774500000,0.246400000
1013,17.272900000,0.844700000
1014,16.114600000,0.145900000
1015,16.854700000,0.463000000
1016,16.851500000,0.480200000
1017,15.592200000,0.228600000
1018,16.545900000,0.193800000
1019,18.237500000,0.892100000
1020,16.286400000,0.822400000
1021,15.800500000,0.365600000
1022,16.853700000,0.338000000
1023,16.610400000,0.242200000
1024,17.139600000,0.153600000
1025,17.067200000,0.723500000
1026,16.160900000,0.467700000
1027,16.987000000,0.564600000
1028,16.997400000,0.632300000
1029,15.868200000,0.495800000
1030,16.683900000,0.291200000
1031,16.596900000,0.228100000
1032,17.015600000,0.567200000
1033,16.960900000,0.527600000
1034,17.464600000,1.843200000
1035,15.508900000,0.210400000
1036,17.058300000,0.505700000
1037,18.409900000,3.009900000
1038,25.351500000,0.244800000
1039,8.430800000,3.134900000
1040,15.004700000,1.722900000
1041,16.186900000,0.727600000
1042,15.569800000,0.213000000
1043,16.463600000,0.187000000
1044,17.805700000,0.492200000
1045,16.270800000,0.851000000
1046,17.605800000,1.217700000
1047,16.759300000,1.335900000
1048,16.063600000,0.649000000
1049,15.828600000,0.475000000
1050,16.766700000,0.412500000
1051,16.776600000,0.423900000
1052,17.660400000,0.302000000
1053,15.745800000,0.407800000
1054,16.757300000,0.341700000
1055,17.782800000,1.380200000
1056,16.001600000,0.446300000
1057,16.487000000,0.159900000
1058,18.740600000,1.125000000
1059,14.587500000,0.268200000
1060,16.758800000,0.363600000
1061,17.078700000,0.668700000
1062,16.433300000,0.952600000
1063,17.645800000,0.385400000
1064,15.761000000,1.361000000
1065,15.454100000,0.178700000
1066,18.417800000,1.045400000
1067,16.074400000,0.654200000
1068,16.116200000,0.697900000
1069,16.678600000,0.263000000
1070,16.734400000,0.297400000
1071,16.632300000,0.246900000
1072,16.709900000,0.291600000
1073,16.606200000,0.213600000
1074,16.587000000,0.213000000
1075,16.789600000,0.442700000
1076,16.671900000,0.276600000
1077,17.775000000,0.341200000
1078,15.805200000,0.271900000
1079,17.390100000,0.451100000
1080,16.001000000,0.526100000
1081,16.666700000,0.299000000
1082,16.875500000,0.347400000
1083,15.564100000,0.218800000
1084,16.910400000,0.295300000
1085,16.863500000,0.459300000
1086,16.955800000,0.496300000
1087,16.706200000,0.378100000
1088,16.920300000,0.489600000
1089,15.578700000,0.244800000
1090,17.040600000,0.263600000
1091,16.742700000,0.360400000
1092,17.231300000,0.213100000
1093,16.002600000,0.583800000
1094,16.746300000,0.222400000
1095,16.683400000,0.315600000
1096,21.042700000,0.469700000
1097,12.954100000,0.600000000
1098,15.963600000,0.219300000
1099,16.682300000,0.307900000
1100,17.728600000,1.403700000
1101,15.571900000,0.242200000
1102,16.665100000,0.276000000
1103,16.719800000,0.322400000
1104,17.119200000,0.616700000
1105,16.772400000,0.394300000
1106,16.197400000,0.609900000
1107,16.874000000,0.473000000
1108,16.577100000,0.227600000
1109,17.326000000,0.877100000
1110,18.411500000,0.164600000
1111,13.511400000,0.213100000
1112,18.144800000,0.240600000
1113,15.383400000,0.113000000
1114,16.525500000,0.201000000
1115,18.286400000,0.946400000
1116,16.331800000,0.507300000
1117,15.631800000,0.240100000
1118,16.883300000,0.429200000
1119,16.610400000,0.264100000
1120,16.649000000,0.235400000
1121,16.590600000,0.245800000
1122,17.228700000,0.205200000
1123,16.766100000,0.417200000
1124,17.308900000,0.296300000
1125,15.820800000,0.210400000
1126,16.689100000,0.233400000
1127,17.298400000,0.926600000
1128,16.228600000,0.522400000
1129,17.230300000,0.350500000
1130,16.233300000,0.772900000
1131,15.695800000,0.348400000
1132,16.882800000,0.432800000
1133,17.859900000,0.903100000
1134,15.877100000,0.430700000
1135,16.667700000,0.302100000
1136,16.555700000,0.198400000
1137,16.680800000,0.122900000
1138,16.982800000,0.622400000
1139,17.268200000,0.246900000
1140,15.727600000,0.230700000
1141,17.565100000,1.108400000
1142,16.783400000,0.773400000
1143,15.654600000,0.273900000
1144,16.661500000,0.228100000
1145,17.526000000,1.072900000
1146,16.491200000,0.739000000
1147,15.704200000,0.308300000
1148,16.692700000,0.159900000
1149,16.691100000,0.283300000
1150,17.555700000,0.160400000
1151,15.581800000,0.254100000
1152,17.734400000,0.357800000
1153,15.710400000,0.369300000
1154,16.766200000,0.243700000
1155,16.730200000,0.271300000
1156,17.394200000,0.914600000
1157,20.146900000,1.297400000
1158,12.832300000,0.243800000
1159,16.576000000,0.198900000
1160,16.986500000,0.608400000
1161,15.758300000,0.388000000
1162,16.637000000,0.269300000
1163,18.608300000,2.167100000
1164,14.967200000,0.652100000
1165,17.708900000,0.630200000
1166,18.568200000,3.199000000
1167,13.953700000,0.589100000
1168,17.026000000,0.446400000
1169,17.037500000,0.677600000
1170,16.441700000,0.766600000
1171,15.827600000,0.477600000
1172,16.853600000,0.505800000
1173,19.540100000,3.177600000
1174,15.450500000,1.013100000
1175,14.653700000,0.272400000
1176,16.825500000,0.494200000
1177,16.577100000,0.236400000
1178,16.951600000,0.592200000
1179,16.628100000,0.208400000
1180,41.121900000,24.696800000
1181,12.180700000,11.226600000
1182,14.266700000,8.782800000
1183,11.431700000,3.776000000
1184,13.532300000,0.204200000
1185,17.042200000,0.121900000
1186,15.663000000,0.344800000
1187,16.689100000,0.257800000
1188,16.695300000,0.347900000
1189,16.722900000,0.296300000
1190,16.812500000,0.395800000
1191,17.206300000,0.780700000
1192,18.239000000,0.809400000
1193,15.242700000,0.578600000
1194,15.789600000,0.241700000
1195,16.796400000,0.264600000
1196,26.718700000,0.805200000
1197,8.221400000,1.917200000
1198,15.520300000,0.214100000
1199,17.706800000,1.381800000
1200,15.507300000,0.194300000
1201,17.211400000,0.778700000
1202,15.615100000,0.274500000
1203,16.870800000,0.362500000
1204,16.550000000,0.226100000
1205,17.978700000,1.326600000
1206,15.770300000,0.311500000
1207,16.644800000,0.254700000
1208,16.693200000,0.330700000
1209,16.987500000,0.523000000
1210,16.771900000,0.234400000
1211,15.759900000,0.366700000
1212,16.535400000,0.229700000
1213,16.813000000,0.340600000
1214,16.641200000,0.234900000
1215,16.977100000,0.490600000
1216,16.607300000,0.271900000
1217,19.088000000,0.356300000
1218,14.832300000,0.445900000
1219,16.866100000,0.379700000
1220,15.597400000,0.236400000
1221,18.125500000,1.083800000
1222,16.272400000,0.777600000
1223,19.081800000,0.620800000
1224,15.877100000,2.339600000
1225,14.710900000,0.384400000
1226,17.204700000,0.748900000
1227,16.041700000,0.524400000
1228,16.812000000,0.462000000
1229,16.613000000,0.262500000
1230,16.767200000,0.402100000
1231,16.517700000,0.177600000
1232,16.775500000,0.467700000
1233,16.356800000,0.250500000
1234,19.969200000,0.317100000
1235,13.697400000,0.214000000
1236,17.047900000,0.576000000
1237,15.788600000,0.187500000
1238,17.028600000,0.579200000
1239,17.425000000,0.987500000
1240,15.745900000,0.343700000
1241,17.265600000,0.607900000
1242,17.026000000,1.411500000
1243,15.708900000,0.291200000
1244,16.614000000,0.246400000
1245,18.392800000,1.755700000
1246,14.500000000,0.202100000
1247,16.635400000,0.220300000
1248,16.846300000,0.478700000
1249,17.648500000,1.213000000
1250,15.800000000,0.371300000
1251,19.896800000,1.136500000
1252,13.774000000,0.472400000
1253,17.010400000,0.546800000
1254,15.901100000,0.493200000
1255,17.052600000,0.608900000
1256,16.664000000,0.272400000
1257,16.703100000,0.246900000
1258,17.047400000,0.667200000
1259,17.222400000,1.788600000
1260,15.686000000,0.293800000
1261,16.648400000,0.301500000
1262,16.989100000,0.551100000
1263,16.059400000,0.472400000
1264,16.720300000,0.281300000
1265,16.602000000,0.201600000
1266,16.585500000,0.234900000
1267,16.845300000,0.179200000
1268,16.831700000,0.396900000
1269,16.804700000,0.386400000
1270,16.611500000,0.292200000
1271,17.374500000,1.013000000
1272,15.738000000,0.390100000
1273,16.606800000,0.254100000
1274,16.928100000,0.480700000
1275,16.988000000,0.539600000
1276,17.420800000,2.056200000
1277,16.324000000,0.703100000
1278,16.083900000,0.626600000
1279,17.547900000,0.983300000
1280,15.807300000,0.442700000
1281,18.517700000,0.302100000
1282,14.754100000,0.450000000
1283,17.511500000,1.032300000
1284,15.579200000,0.220400000
1285,17.217200000,0.814600000
1286,16.571300000,1.219800000
1287,16.468800000,1.054700000
1288,16.782800000,0.392700000
1289,18.343200000,1.962000000
1290,14.758300000,0.280200000
1291,16.769300000,0.354700000
1292,16.671400000,0.251100000
1293,16.822400000,0.316100000
1294,16.882200000,0.353100000
1295,16.098500000,0.504200000
1296,16.597900000,0.262500000
1297,16.775500000,0.207800000
1298,16.656300000,0.328600000
1299,16.668200000,0.270800000
1300,16.834900000,0.496900000
1301,17.248400000,0.867700000
1302,15.748500000,0.334900000
1303,16.657300000,0.326600000
1304,16.847400000,0.505200000
1305,16.951000000,0.533400000
1306,16.870300000,0.397900000
1307,15.856300000,0.235400000
1308,16.794200000,0.402600000
1309,17.141200000,0.274000000
1310,16.617200000,0.268200000
1311,17.501500000,0.298500000
1312,15.620300000,0.283800000
1313,16.585500000,0.233800000
1314,16.865100000,0.437500000
1315,20.255700000,1.024400000
1316,12.535400000,0.227600000
1317,16.982300000,0.655700000
1318,18.785400000,0.482800000
1319,14.912500000,0.477100000
1320,16.728100000,0.372900000
1321,15.668300000,0.320800000
1322,16.748400000,0.436500000
1323,16.970800000,0.557300000
1324,16.734400000,0.265600000
1325,17.608300000,1.116100000
1326,17.490700000,1.981700000
1327,14.926000000,0.307300000
1328,16.791200000,0.402100000
1329,16.640600000,0.245300000
1330,16.985400000,0.627600000
1331,17.976000000,1.555200000
1332,14.702600000,0.377100000
1333,16.894300000,0.229200000
1334,17.033900000,0.546900000
1335,18.003100000,0.155700000
1336,14.702100000,0.413000000
1337,16.921900000,0.484400000
1338,16.553100000,0.217700000
1339,18.350000000,0.750500000
1340,14.600000000,0.227600000
1341,17.896900000,0.550500000
1342,15.694700000,0.351500000
1343,19.346400000,2.840600000
1344,14.735400000,0.422400000
1345,16.859400000,0.470800000
1346,15.579700000,0.219800000
1347,16.664000000,0.264600000
1348,16.508400000,0.217700000
1349,17.531200000,0.198900000
1350,16.514100000,0.201000000
1351,17.262000000,0.891200000
1352,15.700500000,0.305200000
1353,16.832800000,0.402100000
1354,16.774500000,0.405800000
1355,21.260900000,3.378100000
1356,11.887500000,0.459900000
1357,16.939600000,0.543300000
1358,16.563000000,0.218200000
1359,17.980800000,1.151500000
1360,15.669700000,0.229600000
1361,16.688600000,0.252600000
1362,16.911400000,0.490600000
1363,16.320900000,0.747400000
1364,19.319800000,2.792700000
1365,13.508300000,0.120300000
1366,16.963000000,0.558900000
1367,17.242200000,0.893200000
1368,15.736500000,0.404200000
1369,16.800000000,0.252000000
1370,17.004700000,0.556700000
1371,16.886400000,0.382200000
1372,16.717200000,0.287000000
1373,16.632300000,0.234900000
1374,16.676000000,0.320300000
1375,16.792700000,0.281200000
1376,16.111000000,0.644300000
1377,16.815100000,0.384900000
1378,16.894800000,0.539100000
1379,17.000500000,0.532300000
1380,16.201600000,0.215700000
1381,17.280700000,0.781800000
1382,15.913000000,0.582300000
1383,16.643200000,0.264000000
1384,16.672400000,0.314100000
1385,16.730800000,0.289600000
1386,16.587500000,0.176100000
1387,18.141100000,1.829100000
1388,14.818800000,0.489500000
1389,16.884900000,0.345300000
1390,16.708800000,0.342700000
1391,16.516700000,0.179700000
1392,16.735900000,0.314600000
1393,17.065600000,0.526000000
1394,16.628200000,0.239600000
1395,16.673900000,0.266600000
1396,17.230800000,0.912500000
1397,15.567100000,0.210400000
1398,16.629200000,0.238000000
1399,17.768200000,0.132300000
1400,15.637500000,0.235900000
1401,16.599000000,0.225500000
1402,17.046900000,0.508900000
1403,17.147900000,0.666600000
1404,15.765600000,0.426600000
1405,16.689100000,0.304700000
1406,17.841600000,1.303600000
1407,16.328700000,0.657300000
1408,16.753600000,0.285900000
1409,15.611000000,0.268800000
1410,16.981200000,0.545300000
1411,17.565100000,1.133300000
1412,15.701600000,0.293800000
1413,16.588000000,0.247900000
1414,16.765600000,0.430700000
1415,16.844300000,0.419300000
1416,16.819800000,0.393800000
1417,16.754700000,0.286500000
1418,16.729100000,0.323900000
1419,17.291200000,0.318200000
1420,15.827100000,0.477700000
1421,16.806700000,0.246800000
1422,16.990700000,0.677600000
1423,15.644200000,0.244800000
1424,17.087000000,0.732300000
1425,16.729200000,0.394800000
1426,16.967700000,0.567700000
1427,16.942700000,0.218800000
1428,15.859900000,0.431800000
1429,17.037000000,0.540700000
1430,16.727600000,0.319800000
1431,16.705700000,0.239600000
1432,16.716700000,0.288600000
1433,16.624500000,0.232900000
1434,16.532300000,0.211400000
1435,16.868200000,0.424500000
1436,16.832800000,0.415600000
1437,17.025000000,0.601100000
1438,15.767700000,0.312000000
1439,16.609900000,0.246300000
1440,16.587500000,0.238000000
1441,17.430200000,0.815600000
1442,16.017700000,0.552100000
1443,16.796400000,0.275000000
1444,16.820800000,0.406800000
1445,17.214600000,0.700500000
1446,16.096900000,0.162500000
1447,16.949400000,0.456300000
1448,16.876600000,0.250000000
1449,16.033300000,0.133800000
1450,17.231300000,0.331300000
1451,15.827100000,0.444800000
1452,17.022400000,0.594800000
1453,16.964000000,0.358300000
1454,16.733400000,0.370800000
1455,16.944800000,0.429700000
1456,16.042700000,0.639600000
1457,16.911900000,0.538000000
1458,16.690100000,0.313500000
1459,17.058900000,0.572900000
1460,15.967200000,0.552600000
1461,19.922400000,0.265700000
1462,13.646300000,0.116600000
1463,16.974500000,0.423400000
1464,15.813000000,0.289600000
1465,16.811500000,0.464100000
1466,17.024500000,0.658300000
1467,17.025000000,0.559900000
1468,15.687000000,0.257300000
1469,17.240600000,0.797900000
1470,16.877100000,0.460500000
1471,17.050500000,0.612000000
1472,15.897400000,0.492200000
1473,16.732800000,0.270300000
1474,16.798400000,0.404200000
1475,16.678200000,0.264000000
1476,16.988500000,0.652100000
1477,16.043700000,0.640100000
1478,17.041700000,0.563500000
1479,16.978700000,0.414600000
1480,16.158800000,0.468200000
1481,16.835900000,0.474500000
1482,16.710500000,0.344200000
1483,19.804700000,3.070800000
1484,24.096800000,2.721900000
1485,7.806300000,2.310500000
1486,14.725500000,0.405700000
1487,16.935400000,0.525000000
1488,16.906800000,0.544200000
1489,15.943200000,0.559400000
1490,17.196400000,0.213600000
1491,16.636900000,0.260900000
1492,16.713100000,0.265700000
1493,16.756700000,0.241100000
1494,15.573000000,0.248500000
1495,18.319200000,0.782300000
1496,15.742700000,0.336400000
1497,17.049000000,0.242700000
1498,15.850000000,0.148400000
1499,16.822900000,0.124500000
1500,16.739100000,0.411500000
1501,16.842200000,0.508300000
1502,16.806700000,0.470800000
1503,17.013100000,0.524500000
1504,15.647900000,0.327100000
1505,16.658800000,0.140600000
1506,17.018300000,0.623900000
1507,16.936400000,0.468300000
1508,16.776100000,0.128700000
1509,16.561400000,0.189100000
1510,16.894800000,0.192200000
1511,16.682800000,0.228100000
1512,16.505200000,0.205200000
1513,16.621900000,0.257800000
1514,16.708300000,0.310400000
1515,18.017200000,0.711500000
1516,14.822900000,0.294300000
1517,17.224000000,0.700500000
1518,16.674500000,0.288000000
1519,17.241600000,0.277600000
1520,16.069300000,0.603700000
1521,16.540100000,0.126500000
1522,16.743200000,0.417700000
1523,16.698500000,0.306300000
1524,16.743700000,0.401000000
1525,16.585400000,0.230200000
1526,16.711500000,0.239100000
1527,16.794300000,0.478600000
1528,16.036400000,0.458800000
1529,16.779200000,0.363600000
1530,16.817200000,0.305800000
1531,16.860400000,0.278100000
1532,18.762000000,2.103100000
1533,14.992200000,0.493700000
1534,15.769800000,0.253200000
1535,16.917700000,0.388000000
1536,16.639600000,0.274000000
1537,16.726000000,0.294800000
1538,16.603100000,0.125000000
1539,16.943800000,0.378100000
1540,16.876500000,0.360900000
1541,16.678700000,0.791200000
1542,15.732800000,0.354600000
1543,16.751000000,0.343700000
1544,16.846900000,0.377600000
1545,16.732300000,0.320400000
1546,16.784400000,0.296300000
1547,16.830200000,0.144800000
1548,16.641100000,0.245800000
1549,16.562000000,0.207300000
1550,16.997400000,0.636500000
1551,16.728700000,0.310400000
1552,15.667700000,0.313100000
1553,17.047900000,0.297900000
1554,16.689600000,0.294300000
1555,16.906700000,0.357300000
1556,16.611000000,0.242700000
1557,40.405200000,24.077100000
1558,21.580700000,19.951000000
1559,12.012000000,11.697900000
1560,10.263000000,4.746900000
1561,18.958900000,6.552600000
1562,18.885900000,9.651100000
1563,14.760400000,7.192700000
1564,12.846400000,3.225600000
1565,17.512500000,0.232800000
1566,12.629700000,0.210900000
1567,17.294200000,0.705700000
1568,15.595300000,0.260400000
1569,16.802600000,0.412500000
1570,16.600000000,0.237000000
1571,16.642200000,0.279100000
1572,16.614600000,0.255700000
1573,17.531300000,0.915100000
1574,17.022400000,0.605200000
1575,15.876500000,0.210900000
1576,16.716200000,0.337500000
1577,17.394800000,0.443200000
1578,15.708800000,0.284400000
1579,16.697900000,0.316100000
1580,18.104200000,1.183900000
1581,20.487500000,0.256800000
1582,12.429200000,0.200000000
1583,16.393200000,1.028100000
1584,15.654700000,0.294300000
1585,16.801000000,0.228600000
1586,16.602600000,0.223900000
1587,17.172400000,0.348500000
1588,17.030200000,0.576000000
1589,15.692700000,0.299500000
1590,16.704200000,0.266700000
1591,16.848400000,0.407800000
1592,17.158400000,0.480200000
1593,16.806200000,0.293200000
1594,17.177100000,0.751600000
1595,16.939100000,1.539500000
1596,15.764000000,0.378600000
1597,16.953700000,0.449400000
1598,15.564000000,0.234400000
1599,18.064600000,0.632800000
1600,15.739100000,0.375000000
1601,17.015100000,0.498900000
1602,16.919800000,0.447900000
1603,15.708300000,0.331300000
1604,16.563600000,0.230200000
1605,19.819800000,2.343200000
1606,13.685400000,0.303100000
1607,16.930700000,0.505700000
1608,17.616100000,1.203700000
1609,16.243300000,0.552600000
1610,17.258300000,0.827100000
1611,16.937000000,1.226500000
1612,15.554700000,0.204700000
1613,17.163000000,0.236500000
1614,15.857300000,0.359300000
1615,18.025000000,0.258900000
1616,16.690100000,1.369300000
1617,15.779200000,0.221800000
1618,16.625000000,0.297900000
1619,16.609900000,0.287000000
1620,16.823900000,0.389600000
1621,17.403100000,0.990600000
1622,15.930200000,0.540100000
1623,16.917800000,0.203100000
1624,15.519700000,0.193200000
1625,17.043300000,0.646300000
1626,17.033300000,0.584900000
1627,16.959400000,0.265100000
1628,15.475500000,0.116200000
1629,18.141700000,0.620300000
1630,15.672400000,0.342700000
1631,18.952000000,0.397900000
1632,14.684400000,0.337000000
1633,18.342200000,0.909400000
1634,14.589600000,0.264100000
1635,16.656800000,0.213600000
1636,16.747900000,0.345900000
1637,17.339000000,0.626600000
1638,15.998000000,0.560400000
1639,17.361400000,0.931300000
1640,15.928100000,0.571900000
1641,16.670900000,0.239100000
1642,16.945800000,0.576100000
1643,16.890600000,0.145800000
1644,16.650600000,0.280800000
1645,17.623900000,0.945900000
1646,15.776100000,0.342200000
1647,17.006700000,0.596400000
1648,15.670900000,0.265100000
1649,16.722400000,0.413100000
1650,17.086400000,0.541700000
1651,18.015600000,0.229700000
1652,14.524000000,0.142200000
1653,18.243200000,0.579200000
1654,15.835400000,0.475500000
1655,16.965700000,0.462500000
1656,16.799400000,0.353700000
1657,16.522400000,0.846900000
1658,20.086000000,3.658300000
1659,12.827100000,0.420300000
1660,16.858300000,0.509900000
1661,16.852100000,0.297400000
1662,16.846300000,0.433900000
1663,17.785500000,0.189600000
1664,15.038500000,0.616700000
1665,37.850500000,21.432800000
1666,13.550500000,12.951600000
1667,11.651600000,7.265600000
1668,12.039600000,2.670300000
1669,13.642200000,0.353700000
1670,20.125000000,0.996300000
1671,14.087500000,0.744200000
1672,15.606700000,0.195800000
1673,16.748000000,0.443300000
1674,16.681700000,0.278600000
1675,16.760400000,0.280800000
1676,16.650600000,0.291200000
1677,16.663500000,0.271400000
1678,18.374000000,0.840700000
1679,15.820300000,0.313600000
1680,16.227100000,0.858400000
1681,16.676500000,0.273900000
1682,17.212500000,0.710900000
1683,16.185400000,0.635400000
1684,17.583400000,0.926000000
1685,15.601000000,0.212500000
1686,17.451600000,0.967700000
1687,15.927600000,0.406700000
1688,17.658800000,1.235900000
1689,15.601600000,0.232800000
1690,16.885900000,0.519300000
1691,16.614600000,0.256200000
1692,18.553100000,0.230700000
1693,14.817800000,0.463500000
1694,16.652000000,0.261400000
1695,16.613100000,0.292200000
1696,17.405700000,0.190100000
1697,15.728100000,0.311000000
1698,16.654200000,0.318300000
1699,16.902100000,0.344800000
1700,16.857800000,0.297400000
1701,16.652600000,0.230200000
1702,17.744200000,0.216700000
1703,15.755300000,0.390600000
1704,17.330200000,1.172400000
1705,15.904700000,0.504200000
1706,17.034300000,0.598500000
1707,15.508900000,0.174500000
1708,18.722400000,0.878200000
1709,14.687000000,0.361500000
1710,16.943700000,0.555700000
1711,16.914600000,0.382800000
1712,17.481800000,0.942700000
1713,16.404100000,0.692700000
1714,16.208400000,0.819300000
1715,16.797400000,0.354100000
1716,16.812500000,0.379200000
1717,15.931200000,0.304700000
1718,16.720800000,0.253200000
1719,16.719300000,0.337500000
1720,16.625000000,0.232300000
1721,16.969800000,0.338100000
1722,17.179700000,0.738500000
1723,15.802100000,0.379700000
1724,17.137000000,0.715600000
1725,16.680200000,0.296900000
1726,16.777600000,0.271800000
1727,17.227600000,0.422900000
1728,16.447400000,1.032800000
1729,15.895300000,0.455800000
1730,16.830700000,0.424500000
1731,19.416200000,2.692100000
1732,14.196300000,0.281700000
1733,15.892700000,0.304200000
1734,16.957300000,0.507300000
1735,16.830700000,0.467700000
1736,16.810500000,0.355200000
1737,16.580200000,0.241700000
1738,16.604600000,0.263500000
1739,16.627100000,0.243200000
1740,16.719300000,0.252600000
1741,16.939600000,0.397400000
1742,16.626500000,0.265100000
1743,16.870400000,0.478200000
1744,15.615600000,0.183400000
1745,16.528100000,0.257800000
1746,17.719800000,0.405800000
1747,17.026000000,0.482800000
1748,15.658400000,0.136500000
1749,16.814600000,0.451600000
1750,16.774400000,0.302100000
1751,16.648000000,0.311000000
1752,16.790600000,0.310400000
1753,16.836400000,0.505700000
1754,17.138600000,0.781300000
1755,15.691100000,0.276500000
1756,20.836500000,0.619800000
1757,14.498900000,2.079200000
1758,14.930800000,0.558400000
1759,16.687000000,0.306200000
1760,17.671300000,1.234900000
1761,15.875500000,0.155700000
1762,16.614600000,0.241700000
1763,17.049000000,0.624500000
1764,16.383300000,0.890100000
1765,16.841100000,0.259400000
1766,15.606800000,0.251000000
1767,16.634400000,0.254700000
1768,18.493700000,0.232300000
1769,16.091200000,0.659900000
1770,15.743700000,0.371900000
1771,16.841700000,0.395300000
1772,16.738500000,0.250000000
1773,16.593800000,0.276000000
1774,16.694800000,0.152600000
1775,16.779200000,0.383900000
1776,16.736900000,0.263500000
1777,16.658900000,0.270800000
1778,17.083300000,0.700000000
1779,15.776600000,0.369300000
1780,16.837000000,0.210400000
1781,16.850500000,0.447400000
1782,16.839000000,0.229700000
1783,17.015700000,0.322900000
1784,16.064000000,0.501000000
1785,16.728700000,0.324500000
1786,16.741600000,0.412000000
1787,20.480300000,4.108800000
1788,12.869200000,0.318200000
1789,17.115700000,0.656200000
1790,15.756200000,0.345800000
1791,16.995300000,0.580200000
1792,16.715100000,0.131300000
1793,16.619300000,0.293800000
1794,18.127600000,1.670300000
1795,20.515100000,0.230200000
1796,11.966100000,0.652100000
1797,15.769800000,0.432800000
1798,16.674500000,0.350500000
1799,16.523500000,0.212000000
1800,16.569700000,0.236000000
1801,17.185500000,0.364000000
1802,17.234900000,0.230800000
1803,16.301500000,0.874500000
1804,19.499500000,2.526000000
1805,13.783300000,0.375500000
1806,16.982800000,0.552100000
1807,16.731800000,0.316200000
1808,15.906800000,0.398400000
1809,16.842200000,0.389000000
1810,16.692700000,0.290600000
1811,16.674500000,0.295800000
1812,17.447900000,0.818300000
1813,15.778100000,0.382300000
1814,16.760400000,0.382800000
1815,16.734400000,0.315100000
1816,17.513500000,0.693200000
1817,15.550000000,0.215700000
1818,17.019800000,0.670300000
1819,19.945300000,3.366700000
1820,13.845900000,0.432800000
1821,15.681200000,0.273400000
1822,16.805800000,0.232800000
1823,17.001000000,0.613600000
1824,16.871900000,0.379600000
1825,16.634900000,0.239100000
1826,16.918200000,0.479100000
1827,27.084900000,8.264600000
1828,12.382800000,6.777100000
1829,14.407300000,4.968200000
1830,13.295800000,0.125500000
1831,15.847400000,0.332800000
1832,16.698500000,0.317200000
1833,16.996800000,0.365100000
1834,15.961000000,0.377100000
1835,16.649500000,0.280700000
1836,17.113000000,0.694800000
1837,16.802600000,0.392800000
1838,18.159400000,1.694800000
1839,14.663000000,0.303700000
1840,17.084900000,0.257800000
1841,16.561400000,0.251500000
1842,16.682300000,0.259900000
1843,16.746900000,0.349500000
1844,16.641700000,0.281300000
1845,16.796800000,0.343200000
1846,16.948000000,0.266100000
1847,15.734300000,0.337500000
1848,16.731800000,0.277600000
1849,16.643200000,0.302600000
1850,16.692200000,0.261000000
1851,17.164600000,0.323400000
1852,16.967700000,0.438500000
1853,15.671900000,0.295300000
1854,16.970300000,0.589600000
1855,16.787500000,0.341600000
1856,16.787000000,0.240700000
1857,16.660400000,0.247900000
1858,16.964100000,0.275600000
1859,16.665100000,0.315600000
1860,16.627000000,0.259400000
1861,16.918800000,0.253700000
1862,15.688000000,0.292700000
1863,16.901100000,0.371900000
1864,16.949400000,0.300500000
1865,16.565700000,0.223000000
1866,16.853100000,0.239600000
1867,16.723900000,0.314600000
1868,16.940100000,0.542700000
1869,15.828200000,0.419700000
1870,16.644800000,0.339600000
1871,16.868200000,0.370800000
1872,16.850000000,0.410500000
1873,16.684900000,0.306200000
1874,16.697400000,0.292700000
1875,16.559400000,0.203200000
1876,17.159300000,0.642700000
1877,15.682800000,0.315100000
1878,17.320400000,0.802100000
1879,16.707200000,0.263000000
1880,16.624000000,0.235900000
1881,16.668200000,0.304200000
1882,16.844300000,0.416100000
1883,16.675000000,0.295900000
1884,17.193200000,0.801500000
1885,15.701600000,0.296900000
1886,16.719300000,0.293200000
1887,16.678100000,0.306300000
1888,16.766700000,0.354200000
1889,16.454600000,0.164500000
1890,16.850000000,0.456700000
1891,16.780300000,0.331200000
1892,21.202000000,0.546900000
1893,11.744300000,0.334400000
1894,16.514100000,0.238100000
1895,16.523400000,0.221800000
1896,16.971400000,0.611900000
1897,16.894200000,0.366200000
1898,16.974500000,0.389600000
1899,16.730700000,0.346900000
1900,17.848500000,1.274400000
1901,14.855700000,0.424000000
1902,18.318200000,1.687000000
1903,15.238600000,0.352600000
1904,16.958800000,0.575500000
1905,16.709900000,0.303600000
1906,16.968800000,0.567200000
1907,15.678600000,0.297400000
1908,16.580800000,0.267800000
1909,16.807800000,0.236500000
1910,16.922400000,0.549400000
1911,19.421800000,3.066100000
1912,13.882300000,0.117700000
1913,16.744300000,0.430800000
1914,16.916100000,0.488000000
1915,16.710500000,0.293700000
1916,16.758800000,0.417700000
1917,16.632800000,0.265600000
1918,16.566700000,0.245300000
1919,16.538000000,0.214100000
1920,16.741200000,0.241100000
1921,16.672400000,0.319800000
1922,17.030700000,0.508400000
1923,18.347900000,0.624500000
1924,14.917700000,0.368800000
1925,15.749000000,0.299500000
1926,25.303600000,1.140700000
1927,10.765100000,2.121900000
1928,15.129200000,0.126600000
1929,15.530200000,0.179200000
1930,16.690100000,0.242700000
1931,16.967700000,0.604200000
1932,16.720300000,0.253600000
1933,17.274000000,0.829200000
1934,16.147900000,0.661500000
1935,16.745800000,0.333800000
1936,16.816700000,0.275000000
1937,16.736500000,0.303600000
1938,15.722400000,0.332200000
1939,17.387500000,0.572900000
1940,16.957800000,0.586000000
1941,15.809300000,0.251100000
1942,17.145400000,0.533300000
1943,17.087500000,0.695300000
1944,16.396300000,0.237000000
1945,16.867700000,0.516200000
1946,15.715100000,0.312500000
1947,16.799500000,0.386500000
1948,17.575000000,0.240700000
1949,15.688500000,0.232800000
1950,20.800000000,0.579200000
1951,12.641200000,0.223500000
1952,16.619300000,0.273900000
1953,17.938000000,1.303700000
1954,15.936400000,0.538000000
1955,16.866200000,0.521400000
1956,16.649500000,0.263000000
1957,16.846800000,0.363600000
1958,16.100600000,0.710400000
1959,16.876500000,0.506800000
1960,16.669300000,0.256800000
1961,16.683300000,0.280700000
1962,17.162500000,0.237500000
1963,16.762500000,0.801600000
1964,15.610400000,0.229700000
1965,16.531300000,0.195800000
1966,17.048900000,0.139000000
1967,16.678200000,0.259400000
1968,16.787000000,0.308800000
1969,16.722300000,0.260500000
1970,16.754700000,0.310400000
1971,16.670900000,0.294800000
1972,16.885900000,0.187000000
1973,15.580200000,0.240600000
1974,17.901600000,0.504700000
1975,16.220300000,0.369800000
1976,17.183800000,0.717200000
1977,15.796900000,0.355200000
1978,17.217700000,0.326100000
1979,16.876600000,0.219800000
1980,15.835900000,0.453600000
1981,17.227100000,0.726000000
1982,17.375500000,0.134300000
1983,15.518300000,0.189100000
1984,17.174400000,0.144800000
1985,16.834400000,0.352100000
1986,16.011500000,0.625000000
1987,17.037500000,0.482200000
1988,16.804100000,0.397900000
1989,16.737000000,0.322400000
1990,16.054200000,0.337500000
1991,17.375000000,0.152100000
1992,15.949500000,0.600000000
1993,17.756700000,1.419800000
1994,15.969800000,0.538500000
1995,16.794800000,0.453100000
1996,16.672400000,0.277100000
1997,16.960400000,0.547400000
1998,17.137000000,1.016600000
1999,15.687500000,0.268800000
2000,17.004700000,0.550500000
2001,15.691100000,0.319300000
2002,17.218800000,0.371900000
2003,17.143700000,0.614600000
2004,16.278700000,0.920300000
2005,16.669300000,0.293200000
2006,16.783300000,0.390700000
2007,16.556200000,0.213100000
2008,16.891700000,0.214600000
2009,16.818200000,0.452100000
2010,16.451600000,1.063600000
2011,16.782300000,0.352100000
2012,17.405200000,1.283400000
2013,16.012500000,0.576600000
2014,16.249000000,0.239600000
2015,16.601000000,0.197900000
2016,16.857800000,0.348400000
2017,16.724500000,0.321800000
2018,17.044800000,0.244200000
2019,16.504700000,0.885900000
2020,16.914600000,0.237000000
2021,15.783300000,0.458300000
2022,17.096300000,0.687500000
2023,16.848000000,0.486400000
2024,15.518700000,0.191700000
2025,17.566700000,0.229700000
2026,16.816600000,0.388000000
2027,17.029700000,0.591700000
2028,15.815700000,0.353700000
2029,16.917100000,0.167200000
2030,16.588100000,0.215100000
2031,16.591600000,0.214000000
2032,17.190100000,0.296300000
2033,15.649500000,0.254200000
2034,17.055700000,0.608800000
2035,16.902600000,0.250000000
2036,16.690700000,0.276600000
2037,16.841100000,0.239100000
2038,17.305700000,0.621400000
2039,16.968800000,1.572400000
2040,15.763000000,0.452600000
2041,16.786000000,0.132900000
2042,15.754100000,0.304600000
2043,16.811500000,0.272900000
2044,17.196900000,0.206200000
2045,16.898900000,0.567700000
2046,17.001100000,0.390100000
2047,16.060400000,0.598900000
2048,16.613500000,0.220900000
2049,16.644300000,0.218200000
2050,16.744800000,0.463000000
2051,16.572400000,0.286000000
2052,16.710900000,0.324000000
2053,16.751600000,0.393700000
2054,17.299400000,0.588500000
2055,15.871400000,0.449000000
2056,19.691100000,1.989100000
2057,13.679200000,0.352600000
2058,16.800500000,0.267200000
2059,16.696900000,0.295300000
2060,16.670300000,0.253600000
2061,16.686000000,0.255300000
2062,16.839000000,0.494800000
2063,15.603100000,0.252600000
2064,17.038600000,0.156300000
2065,16.878600000,0.483800000
2066,16.772400000,0.359300000
2067,17.165700000,0.281800000
2068,16.764000000,0.556200000
2069,15.579700000,0.233300000
2070,17.218800000,0.670300000
2071,20.069700000,3.217700000
2072,12.970900000,0.230200000
2073,17.345300000,0.848400000
2074,15.790100000,0.423500000
2075,16.575500000,0.260400000
2076,16.920900000,0.291700000
2077,17.617700000,0.187500000
2078,16.230700000,0.777600000
2079,16.819800000,0.478100000
2080,16.132300000,0.683900000
2081,16.802600000,0.351000000
2082,19.032300000,0.187000000
2083,18.200500000,4.444800000
2084,12.698900000,0.128100000
2085,16.596900000,0.263000000
2086,16.973500000,0.356200000
2087,16.550000000,0.196400000
2088,16.997900000,0.219800000
2089,16.265600000,0.515100000
2090,16.531300000,0.189000000
2091,16.518200000,0.195400000
2092,21.071900000,3.189100000
2093,12.580700000,0.223500000
2094,17.147900000,0.845900000
2095,15.819800000,0.197900000
2096,17.545800000,0.898500000
2097,15.970900000,0.368700000
2098,16.929600000,0.145800000
2099,17.187000000,0.225500000
2100,16.300000000,0.871300000
2101,16.554200000,0.130700000
2102,16.550500000,0.214100000
2103,16.619300000,0.254200000
2104,16.808800000,0.337000000
2105,16.709900000,0.347900000
2106,17.167700000,0.552100000
2107,20.949500000,4.873500000
2108,12.298500000,0.990100000
2109,15.515600000,0.205200000
2110,17.270300000,0.780800000
2111,16.736500000,0.428100000
2112,16.595800000,0.279700000
2113,18.128100000,1.700000000
2114,16.054200000,1.636400000
2115,16.954700000,0.163600000
2116,15.853600000,0.969800000
2117,15.537500000,0.267200000
2118,18.042200000,0.640100000
2119,16.930700000,0.640600000
2120,16.212000000,0.831800000
2121,15.617700000,0.340600000
2122,17.194800000,0.144300000
2123,16.630700000,0.278100000
2124,16.633400000,0.231700000
2125,16.595300000,0.234900000
2126,16.803600000,0.379200000
2127,16.888100000,0.389600000
2128,17.213500000,0.293800000
2129,16.779200000,1.427100000
2130,16.706200000,1.193300000
2131,15.549000000,0.222900000
2132,16.667200000,0.330200000
2133,16.578600000,0.226000000
2134,16.881300000,0.567200000
2135,16.488500000,0.212000000
2136,17.088500000,0.688500000
2137,16.830800000,0.448400000
2138,16.928600000,0.570800000
2139,15.546400000,0.095300000
2140,16.920800000,0.374500000
2141,17.406200000,0.333300000
2142,15.639600000,0.248900000
2143,17.567700000,0.484400000
2144,17.039600000,0.662000000
2145,16.265600000,0.775000000
2146,17.079200000,0.529200000
2147,15.744300000,0.319300000
2148,17.435400000,0.393800000
2149,16.216100000,0.517200000
2150,16.588600000,0.220800000
2151,17.263000000,0.644800000
2152,16.202100000,0.607300000
2153,17.005200000,0.639100000
2154,15.699000000,0.279700000
2155,17.513500000,0.512000000
2156,17.266100000,0.284900000
2157,16.213600000,0.365600000
2158,16.745300000,0.526100000
2159,15.835900000,0.410900000
2160,17.424000000,0.928700000
2161,16.430700000,0.178600000
2162,17.997400000,0.977600000
2163,15.727100000,0.760400000
2164,16.628100000,1.216700000
2165,15.802600000,0.430700000
2166,17.162000000,0.735900000
2167,17.036000000,0.494800000
2168,15.763500000,0.388100000
2169,17.277100000,0.213600000
2170,17.023900000,0.568700000
2171,15.689600000,0.270300000
2172,16.994800000,0.622900000
2173,16.833300000,0.461400000
2174,17.663100000,0.325500000
2175,15.715600000,0.334900000
2176,18.671300000,1.095300000
2177,20.713600000,2.644800000
2178,11.181800000,0.613000000
2179,15.630700000,0.259900000
2180,17.165600000,0.801100000
2181,16.762500000,0.336500000
2182,15.846400000,0.251000000
2183,17.118200000,0.613600000
2184,16.744800000,0.350600000
2185,16.632300000,0.254200000
2186,16.909900000,0.422400000
2187,18.514000000,2.043200000
2188,14.990700000,0.207300000
2189,15.492700000,0.186000000
2190,17.800000000,0.277600000
2191,15.951500000,0.299000000
2192,16.660400000,0.270800000
2193,18.058400000,1.109900000
2194,16.415100000,1.046400000
2195,16.291100000,0.149000000
2196,20.208900000,2.648400000
2197,12.824500000,0.480200000
2198,17.302000000,0.915600000
2199,16.313600000,0.740100000
2200,17.289100000,0.607300000
2201,15.763000000,0.342700000
2202,17.347400000,0.847400000
2203,15.959300000,0.135900000
2204,17.268300000,0.915100000
2205,15.596800000,0.278700000
2206,16.575000000,0.246400000
2207,16.539600000,0.199400000
2208,16.679700000,0.308300000
2209,17.206800000,0.500000000
2210,17.940100000,1.497400000
2211,15.717200000,0.311500000
2212,17.453100000,0.967700000
2213,16.072900000,0.224000000
2214,15.616200000,0.258900000
2215,17.617200000,0.392700000
2216,16.244700000,0.294200000
2217,16.813600000,0.161500000
2218,20.666700000,0.343200000
2219,12.942700000,0.533400000
2220,15.861900000,0.500500000
2221,16.956300000,0.392200000
2222,16.704700000,0.302100000
2223,16.745800000,0.346900000
2224,16.757800000,0.196300000
2225,16.644800000,0.279200000
2226,16.587000000,0.237500000
2227,17.967700000,0.220300000
2228,16.252600000,0.884400000
2229,15.843200000,0.372400000
2230,16.715100000,0.322400000
2231,17.016700000,0.631200000
2232,15.647400000,0.224000000
2233,17.553700000,0.635400000
2234,16.566600000,0.261400000
2235,16.589600000,0.232800000
2236,16.864100000,0.506300000
2237,16.472400000,0.667700000
2238,18.417100000,0.664600000
2239,14.682900000,0.326000000
2240,16.882800000,0.292200000
2241,16.633800000,0.274400000
2242,16.546400000,0.237500000
2243,16.675500000,0.291200000
2244,18.089100000,1.514600000
2245,15.025500000,0.400600000
2246,16.778600000,0.398400000
2247,16.649500000,0.292700000
2248,16.672900000,0.122400000
2249,17.544800000,0.242200000
2250,15.977600000,0.581800000
2251,16.675000000,0.241200000
2252,20.590600000,0.229200000
2253,12.655300000,0.270300000
2254,16.558800000,0.248500000
2255,17.254700000,0.771400000
2256,15.606800000,0.228100000
2257,17.276500000,0.569800000
2258,16.838100000,0.143200000
2259,16.968700000,0.526600000
2260,16.247400000,0.380700000
2261,16.932800000,0.496900000
2262,17.247400000,0.739600000
2263,16.395800000,0.215100000
2264,15.623000000,0.336000000
2265,16.967100000,0.469300000
2266,16.958900000,0.568200000
2267,17.023400000,0.590700000
2268,15.799500000,0.418200000
2269,16.822900000,0.324500000
2270,16.768300000,0.393700000
2271,17.150000000,0.703100000
2272,15.707800000,0.187000000
2273,17.288000000,0.353100000
2274,16.994300000,0.558300000
2275,15.989500000,0.316100000
2276,16.886000000,0.335900000
2277,17.169800000,0.499500000
2278,16.027600000,0.616700000
2279,16.815600000,0.375000000
2280,16.765600000,0.269200000
2281,17.380200000,0.517200000
2282,15.875000000,0.480800000
2283,17.287500000,0.795300000
2284,23.536000000,1.493200000
2285,9.171300000,0.729600000
2286,16.513600000,0.194300000
2287,16.908800000,0.366100000
2288,16.826600000,0.503700000
2289,17.773400000,0.385900000
2290,15.549000000,0.228100000
2291,17.333800000,0.896300000
2292,16.011500000,0.624500000
2293,22.119800000,1.844300000
2294,10.758300000,0.262500000
2295,16.489600000,0.188500000
2296,16.535900000,0.181300000
2297,17.026100000,0.560900000
2298,17.417200000,0.566600000
2299,16.488500000,0.671400000
2300,16.037500000,0.160900000
2301,16.774000000,0.299500000
2302,16.877600000,0.500500000
2303,17.720800000,1.080800000
2304,16.032300000,0.639600000
2305,15.874000000,0.275000000
2306,16.721300000,0.321900000
2307,16.926600000,0.306800000
2308,19.294800000,0.257200000
2309,14.049400000,0.569700000
2310,16.732900000,0.310400000
2311,17.215600000,0.742200000
2312,15.888500000,0.431300000
2313,17.375500000,0.278100000
2314,15.611000000,0.205700000
2315,17.381800000,0.933800000
2316,16.911900000,0.521800000
2317,16.642700000,0.316700000
2318,15.804200000,0.203600000
2319,17.448400000,0.810900000
2320,15.998000000,0.473900000
2321,17.991600000,1.239100000
2322,16.129200000,0.447400000
2323,15.836500000,0.250500000
2324,17.932200000,0.914600000
2325,15.768800000,0.265600000
2326,16.723400000,0.318700000
2327,17.605200000,1.173500000
2328,15.845900000,0.371400000
2329,17.471300000,0.819800000
2330,16.140100000,0.540600000
2331,16.942200000,0.265100000
2332,15.695300000,0.144800000
2333,16.997400000,0.600000000
2334,17.080200000,0.765600000
2335,17.965100000,0.514100000
2336,14.985500000,0.597900000
2337,16.833800000,0.159900000
2338,17.012500000,0.205200000
2339,15.456800000,0.177000000
2340,17.176000000,0.169200000
2341,17.856300000,0.951000000
2342,15.731700000,0.338500000
2343,16.610500000,0.199500000
2344,17.038000000,0.585400000
2345,15.755700000,0.254200000
2346,17.065100000,0.708900000
2347,16.864100000,0.425000000
2348,17.124500000,0.373900000
2349,16.816100000,0.211500000
2350,15.712000000,0.183900000
2351,16.788000000,0.274000000
2352,16.697900000,0.285900000
2353,18.317200000,1.556800000
2354,14.987500000,0.568200000
2355,17.218800000,0.726000000
2356,26.979100000,0.224500000
2357,9.496900000,4.198400000
2358,13.025000000,0.587500000
2359,17.144800000,0.453100000
2360,15.620300000,0.283900000
2361,17.049000000,0.670800000
2362,16.651500000,0.243200000
2363,16.886000000,0.484900000
2364,16.902000000,0.250000000
2365,17.137000000,0.245300000
2366,15.647900000,0.313000000
2367,16.906300000,0.141100000
2368,18.452100000,1.223900000
2369,14.763000000,0.304200000
2370,16.868700000,0.474400000
2371,17.102700000,0.197400000
2372,16.392100000,0.925500000
2373,16.926600000,0.467200000
2374,16.085400000,0.733800000
2375,16.784400000,0.353600000
2376,16.937000000,0.502100000
2377,17.671800000,0.327600000
2378,15.603200000,0.291100000
2379,16.946800000,0.210400000
2380,19.760500000,1.317100000
2381,12.827600000,0.485400000
2382,17.164600000,0.847400000
2383,16.971800000,0.534400000
2384,15.533400000,0.201100000
2385,17.151000000,0.675000000
2386,17.827600000,0.298500000
2387,16.205700000,0.750000000
2388,16.000000000,0.582300000
2389,17.074500000,0.469800000
2390,15.703100000,0.315600000
2391,17.324500000,0.776000000
2392,17.495300000,0.209400000
2393,18.377100000,0.160900000
2394,14.035400000,0.232800000
2395,16.592200000,0.206700000
2396,17.593800000,0.164100000
2397,16.089600000,0.240600000
2398,16.772900000,0.432800000
2399,16.154700000,0.416700000
2400,16.909900000,0.494200000
2401,17.085900000,0.696900000
2402,15.547900000,0.207300000
2403,17.098400000,0.578600000
2404,16.851100000,0.396400000
2405,17.310900000,0.291100000
2406,17.534400000,2.168800000
2407,14.609900000,0.170800000
2408,16.580700000,0.256700000
2409,18.980200000,2.639000000
2410,14.658400000,0.263000000
2411,17.757800000,0.299000000
2412,15.745300000,0.180800000
2413,16.868200000,0.510900000
2414,16.572400000,0.238500000
2415,16.931800000,0.189500000
2416,16.802600000,0.369200000
2417,17.067200000,1.577600000
2418,16.898900000,1.385900000
2419,18.092200000,1.362500000
2420,13.569800000,0.203600000
2421,18.202100000,0.289600000
2422,15.742200000,0.330800000
2423,17.097400000,0.669200000
2424,15.775500000,0.390600000
2425,16.720800000,0.212000000
2426,16.702600000,0.340100000
2427,17.349500000,0.744800000
2428,16.596900000,0.187500000
2429,17.638000000,1.162500000
2430,15.859900000,0.215600000
2431,16.879200000,1.042700000
2432,15.641600000,0.229700000
2433,17.280300000,0.507200000
2434,16.641600000,0.247900000
2435,17.639600000,1.104700000
2436,15.808300000,0.392700000
2437,17.029200000,0.530200000
2438,15.798400000,0.461500000
2439,17.156800000,0.679200000
2440,16.672900000,0.278600000
2441,16.805200000,0.283900000
2442,23.100000000,3.977100000
2443,11.094300000,1.567100000
2444,16.034900000,0.400000000
2445,18.211500000,0.665600000
2446,14.601000000,0.229100000
2447,17.897400000,0.306200000
2448,16.343700000,0.919200000
2449,15.869300000,0.512500000
2450,16.796400000,0.170300000
2451,17.384900000,0.728600000
2452,15.593700000,0.275500000
2453,17.776100000,1.345300000
2454,16.000000000,0.603600000
2455,16.644200000,0.647900000
2456,15.993800000,0.534900000
2457,16.801000000,0.443700000
2458,16.930200000,0.316700000
2459,17.708400000,1.232800000
2460,15.602600000,0.220300000
2461,16.747400000,0.394300000
2462,17.418700000,0.958900000
2463,15.717200000,0.310900000
2464,16.899000000,0.433800000
2465,17.223400000,0.669300000
2466,16.009400000,0.482300000
2467,16.890600000,0.399500000
2468,38.087500000,21.268700000
2469,14.069800000,13.840100000
2470,12.513000000,9.208900000
2471,10.864100000,3.330800000
2472,13.906200000,0.259900000
2473,17.136000000,0.470900000
2474,16.017100000,0.367200000
2475,16.661000000,0.284900000
2476,17.528100000,1.030200000
2477,15.754200000,0.389600000
2478,17.717700000,1.106300000
2479,16.052600000,0.675000000
2480,16.717700000,0.350500000
2481,16.876000000,0.258300000
2482,15.896400000,0.453100000
2483,16.588500000,0.252100000
2484,19.361000000,0.922400000
2485,14.568200000,0.210400000
2486,16.975500000,0.498400000
2487,15.875500000,0.281800000
2488,16.931800000,0.495800000
2489,16.827600000,0.406300000
2490,18.129200000,1.697900000
2491,14.793200000,0.202100000
2492,16.803100000,0.391600000
2493,16.766200000,0.291700000
2494,17.400500000,0.580700000
2495,15.733900000,0.311000000
2496,16.804100000,0.244300000
2497,16.945900000,0.484300000
2498,17.394800000,0.649500000
2499,15.924400000,0.488000000
2500,17.464600000,0.777600000
2501,16.144300000,0.281200000
2502,16.800000000,0.300000000
2503,17.942700000,0.155800000
2504,14.892700000,0.369800000
2505,16.883900000,0.516200000
2506,17.158800000,0.729700000
2507,16.126100000,0.654100000
2508,17.003600000,0.597900000
2509,15.949500000,0.128700000
2510,18.715100000,2.209400000
2511,14.807800000,0.424000000
2512,17.351000000,0.773500000
2513,16.273500000,0.622900000
2514,18.874500000,2.201000000
2515,13.527000000,0.210400000
2516,17.371900000,0.115600000
2517,16.967200000,0.525000000
2518,15.845300000,0.401600000
2519,16.814600000,0.432300000
2520,18.609400000,0.152100000
2521,14.695800000,0.323500000
2522,16.952600000,0.552100000
2523,16.826000000,0.415100000
2524,20.583400000,1.024500000
2525,13.337000000,0.146400000
2526,16.594200000,0.232300000
2527,15.891200000,0.545900000
2528,16.921300000,0.263000000
2529,16.901600000,0.469800000
2530,16.791100000,0.247900000
2531,15.977100000,0.559400000
2532,17.055800000,0.441600000
2533,16.968200000,0.575500000
2534,15.841600000,0.498400000
2535,17.141700000,0.191100000
2536,16.655700000,0.287000000
2537,16.150600000,0.291600000
2538,17.854100000,0.443200000
2539,15.668800000,0.324500000
2540,17.756200000,1.260400000
2541,15.806800000,0.322400000
2542,17.040600000,0.452600000
2543,16.196900000,0.290100000
2544,16.943800000,0.595300000
2545,16.601000000,0.253100000
2546,17.311500000,0.746900000
2547,18.157200000,1.553600000
2548,13.955800000,0.558900000
2549,18.104700000,1.061900000
2550,16.042100000,0.235500000
2551,15.561000000,0.217700000
2552,16.598900000,0.162500000
2553,17.795400000,0.369300000
2554,15.947900000,0.272900000
2555,16.560400000,0.250000000
2556,17.513500000,0.912500000
2557,15.826100000,0.361500000
2558,17.532300000,0.358400000
2559,16.659900000,1.011500000
2560,16.022400000,0.584400000
2561,16.750000000,0.268300000
2562,18.700500000,0.157300000
2563,14.820800000,0.501600000
2564,17.107800000,0.795300000
2565,15.984900000,0.139000000
2566,17.118200000,0.776000000
2567,16.557900000,0.242700000
2568,17.192700000,0.715600000
2569,16.122400000,0.565100000
2570,16.620300000,0.148400000
2571,17.005700000,0.553700000
2572,16.746900000,1.261900000
2573,17.169300000,1.702600000
2574,16.600500000,0.479100000
2575,15.655700000,0.262500000
2576,18.947400000,1.733800000
2577,14.683300000,0.235400000
2578,17.668300000,1.185900000
2579,15.723400000,0.273400000
2580,16.793700000,0.419300000
2581,15.693800000,0.320800000
2582,16.619800000,0.240100000
2583,17.663500000,0.972900000
2584,15.975000000,0.615100000
2585,16.604200000,0.237000000
2586,17.667200000,0.397400000
2587,15.585900000,0.231800000
2588,17.207300000,0.758400000
2589,17.101600000,0.452100000
2590,16.063000000,0.489500000
2591,16.598400000,0.238100000
2592,17.834400000,1.267700000
2593,15.659400000,0.270800000
2594,17.412500000,0.474400000
2595,15.658800000,0.284900000
2596,17.204200000,0.819300000
2597,17.650500000,0.197900000
2598,15.972400000,0.629200000
2599,16.910400000,1.545300000
2600,16.870900000,1.535900000
2601,15.793200000,0.430200000
2602,17.291100000,0.658300000
2603,15.979200000,0.593800000
2604,16.873500000,0.217200000
2605,16.700000000,0.344200000
2606,16.590600000,0.940200000
2607,16.682300000,0.376100000
2608,17.282300000,0.504100000
2609,16.350000000,1.002600000
2610,16.136400000,0.145300000
2611,16.822400000,0.436000000
2612,17.217700000,0.611400000
2613,16.108900000,0.610400000
2614,17.138000000,0.673500000
2615,18.652100000,1.873500000
2616,14.239000000,0.202100000
2617,17.057900000,0.646800000
2618,15.729100000,0.308300000
2619,16.757300000,0.301100000
2620,17.286500000,0.715600000
2621,15.901500000,0.315100000
2622,16.806300000,0.285400000
2623,16.653100000,0.284900000
2624,18.215600000,1.823400000
2625,15.991700000,0.569300000
2626,16.083900000,0.212500000
2627,16.895800000,0.367700000
2628,17.278600000,0.792100000
2629,15.568800000,0.192200000
2630,18.557300000,0.492200000
2631,15.817200000,0.396900000
2632,16.027000000,0.601100000
2633,16.917200000,0.531700000
2634,16.868800000,0.832300000
2635,15.700500000,0.338600000
2636,17.094300000,0.582300000
2637,16.746300000,0.313000000
2638,16.603700000,0.229200000
2639,17.659400000,0.674000000
2640,15.795300000,0.395400000
2641,16.646300000,0.223400000
2642,16.926600000,0.194300000
2643,16.068700000,0.167700000
2644,17.338100000,0.815600000
2645,15.907200000,0.147400000
2646,16.932300000,0.532800000
2647,17.588600000,1.258800000
2648,17.463500000,1.269300000
2649,14.875000000,0.347400000
2650,17.302100000,0.228700000
2651,15.684400000,0.274500000
2652,16.774500000,0.246800000
2653,16.878100000,0.509300000
2654,16.772900000,0.244800000
2655,17.011500000,0.567200000
2656,18.013000000,2.630800000
2657,14.607800000,0.287500000
2658,17.259400000,0.281300000
2659,17.159300000,0.707800000
2660,16.806800000,1.317200000
2661,15.782800000,0.327100000
2662,16.679700000,0.152600000
2663,17.497400000,0.166100000
2664,15.771400000,0.446400000
2665,16.571800000,0.261400000
2666,17.170900000,0.812500000
2667,16.021300000,0.290100000
2668,21.244300000,0.316700000
2669,11.618700000,0.293700000
2670,18.604700000,0.899000000
2671,15.653200000,0.335400000
2672,17.254100000,0.748400000
2673,15.980800000,0.423900000
2674,17.438000000,1.033800000
2675,16.089000000,0.647400000
2676,16.782800000,0.386400000
2677,16.232900000,0.800500000
2678,16.647400000,0.277600000
2679,16.954600000,0.384900000
2680,17.195400000,0.818700000
2681,15.640100000,0.290100000
2682,16.781200000,0.277600000
2683,16.737500000,0.338100000
2684,17.518800000,1.089100000
2685,16.045800000,0.451000000
2686,20.037500000,0.650000000
2687,13.059900000,0.526100000
2688,16.719300000,0.237000000
2689,16.552600000,0.214100000
2690,19.445800000,0.250500000
2691,13.925000000,0.274500000
2692,17.442700000,1.045800000
2693,15.710900000,0.328100000
2694,17.490100000,0.256300000
2695,15.614600000,0.307800000
2696,16.858900000,0.506300000
2697,16.903600000,0.239000000
2698,17.598500000,0.826000000
2699,15.642700000,0.309900000
2700,16.628100000,0.243700000
2701,17.097900000,0.727100000
2702,17.162000000,0.597900000
2703,15.885400000,0.415600000
2704,17.421400000,1.014000000
2705,15.747900000,0.342200000
2706,16.605200000,0.200000000
2707,16.512000000,0.226600000
2708,16.537500000,0.219800000
2709,17.235400000,0.523400000
2710,16.875000000,0.302600000
2711,16.770300000,0.242200000
2712,17.237000000,0.199500000
2713,15.895800000,0.458300000
2714,16.958900000,0.553700000
2715,16.715100000,0.683300000
2716,15.775000000,0.330200000
2717,16.838000000,0.502600000
2718,17.862500000,1.454100000
2719,15.808800000,0.411900000
2720,17.369300000,0.169800000
2721,15.984900000,0.504200000
2722,16.653100000,0.234400000
2723,16.728200000,0.395400000
2724,17.694800000,0.964600000
2725,15.621800000,0.264100000
2726,16.739600000,0.299500000
2727,16.596400000,0.242700000
2728,16.647900000,0.251600000
2729,16.801500000,0.380700000
2730,22.838600000,6.193700000
2731,9.803100000,0.320800000
2732,16.761000000,0.424400000
2733,17.365100000,0.794200000
2734,15.912500000,0.412500000
2735,16.606200000,0.258800000
2736,17.106800000,0.418800000
2737,17.544800000,1.170300000
2738,15.433800000,0.154100000
2739,16.880200000,0.232300000
2740,16.578700000,0.226100000
2741,16.593700000,0.207800000
2742,17.429200000,0.763500000
2743,15.733800000,0.386400000
2744,16.724000000,0.304700000
2745,17.195300000,0.406800000
2746,16.762000000,0.306300000
2747,17.191100000,0.703600000
2748,15.868800000,0.292100000
2749,19.141700000,0.235900000
2750,13.673900000,0.343200000
2751,17.112500000,0.507300000
2752,16.689100000,0.152100000
2753,16.802600000,0.443200000
2754,17.235900000,0.579200000
2755,16.010400000,0.228100000
2756,17.150600000,0.803200000
2757,15.951000000,0.300500000
2758,17.013000000,0.655200000
2759,16.639100000,0.284400000
2760,16.894800000,0.469800000
2761,17.282300000,0.591100000
2762,16.218200000,0.788000000
2763,15.925000000,0.263500000
2764,16.641100000,0.247400000
2765,16.568800000,0.234400000
2766,18.844800000,1.141700000
2767,14.790600000,0.487000000
2768,16.972900000,0.495300000
2769,16.665700000,0.340100000
2770,16.900500000,0.518800000
2771,15.506200000,0.184900000
2772,18.145900000,0.680700000
2773,15.706200000,0.355200000
2774,17.295300000,0.943800000
2775,16.074000000,0.174400000
2776,16.680700000,0.263500000
2777,16.785900000,0.339500000
2778,16.687000000,0.308300000
2779,16.789600000,0.370900000
2780,17.072900000,0.726500000
2781,16.625500000,0.278100000
2782,15.756300000,0.366200000
2783,16.900500000,0.471900000
2784,20.812500000,3.075000000
2785,12.861500000,0.495800000
2786,16.649500000,0.247400000
2787,16.733300000,0.227100000
2788,19.528600000,0.713600000
2789,13.644300000,0.254200000
2790,16.871400000,0.303100000
2791,16.607200000,0.250500000
2792,18.636000000,0.581800000
2793,14.632800000,0.263600000
2794,17.271400000,0.747400000
2795,16.173400000,0.817700000
2796,16.551600000,0.131800000
2797,17.118700000,0.617800000
2798,16.303100000,0.851100000
2799,16.781800000,0.299500000
2800,16.754700000,0.316200000
2801,16.126000000,0.444800000
2802,17.275000000,0.143700000
2803,15.603700000,0.273400000
2804,16.739600000,0.228700000
2805,17.182200000,0.858300000
2806,16.868300000,0.469800000
2807,16.728100000,0.339100000
2808,17.766100000,1.377600000
2809,15.649500000,0.325000000
2810,21.680200000,0.233300000
2811,11.551100000,0.223400000
2812,17.258300000,0.783300000
2813,15.643200000,0.275500000
2814,16.641200000,0.161500000
2815,16.710400000,0.375000000
2816,17.646400000,0.627100000
2817,15.951500000,0.438000000
2818,16.954700000,0.484400000
2819,17.484900000,0.161500000
2820,15.619300000,0.243300000
2821,16.599500000,0.262500000
2822,16.743700000,0.257300000
2823,16.996400000,0.563100000
2824,17.207200000,1.259400000
2825,15.911000000,0.470900000
2826,17.278100000,0.791700000
2827,15.660400000,0.315600000
2828,16.577600000,0.242700000
2829,16.845300000,0.363000000
2830,16.831300000,0.392700000
2831,16.688500000,0.235900000
2832,16.568800000,0.227600000
2833,16.596900000,0.244200000
2834,16.698400000,0.287500000
2835,20.521400000,3.623400000
2836,12.687500000,0.114600000
2837,16.714000000,0.299500000
2838,16.618800000,0.260500000
2839,16.497900000,0.195300000
2840,19.541100000,0.636000000
2841,14.483900000,0.136000000
2842,15.607800000,0.268200000
2843,17.727100000,0.369300000
2844,15.825500000,0.484900000
2845,16.855200000,0.514100000
2846,16.674500000,0.251600000
2847,17.075500000,0.363500000
2848,16.746400000,0.367200000
2849,16.705700000,0.303100000
2850,16.879700000,0.487500000
2851,15.600500000,0.248500000
2852,16.576600000,0.201100000
2853,18.673900000,1.025000000
2854,15.979200000,0.609400000
2855,16.317200000,0.209800000
2856,16.635900000,0.271900000
2857,16.555200000,0.230700000
2858,17.411500000,0.929200000
2859,16.382300000,0.489100000
2860,16.125500000,0.598500000
2861,16.793700000,0.205200000
2862,16.873000000,0.510400000
2863,15.565600000,0.208300000
2864,17.805200000,0.334400000
2865,16.080700000,0.226000000
2866,17.093200000,0.658900000
2867,17.094300000,0.341200000
2868,15.809400000,0.265100000
2869,16.954700000,0.509400000
2870,18.948900000,2.444200000
2871,16.033400000,1.768200000
2872,20.763000000,6.010900000
2873,13.959400000,3.498500000
2874,13.934300000,0.508800000
2875,15.691200000,0.365700000
2876,20.575500000,3.867200000
2877,13.215600000,0.197400000
2878,19.785500000,3.052000000
2879,17.842100000,0.281700000
2880,17.118300000,4.027000000
2881,11.701500000,0.317200000
2882,17.131800000,0.658800000
2883,16.767700000,0.333900000
2884,16.978700000,0.314100000
2885,16.168700000,0.168200000
2886,16.765600000,0.379200000
2887,16.826600000,0.468300000
2888,16.825500000,0.228100000
2889,16.304700000,0.459900000
2890,17.078600000,0.675500000
2891,16.074500000,0.616700000
2892,17.306800000,0.971900000
2893,15.738000000,0.385400000
2894,17.092200000,0.645300000
2895,17.025000000,0.607300000
2896,15.782800000,0.306800000
2897,17.124500000,0.743200000
2898,17.218200000,0.331200000
2899,15.984400000,0.630300000
2900,17.104700000,0.612000000
2901,16.867700000,0.462000000
2902,16.188000000,0.766200000
2903,16.977600000,0.601000000
2904,16.122900000,0.789000000
2905,16.947400000,0.241200000
2906,16.755800000,0.433900000
2907,17.373400000,0.512000000
2908,15.602100000,0.258400000
2909,16.840600000,0.256200000
2910,16.784900000,0.443700000
2911,16.532800000,0.204200000
2912,16.757300000,0.342700000
2913,16.701100000,0.319800000
2914,16.700500000,0.282800000
2915,16.768200000,0.353100000
2916,16.761500000,0.323500000
2917,16.890600000,0.432300000
2918,16.594800000,0.801100000
2919,16.068200000,0.291700000
2920,16.854700000,0.312000000
2921,18.150500000,0.263000000
2922,14.949500000,0.471400000
2923,16.636500000,0.255700000
2924,16.726500000,0.321300000
2925,16.871900000,0.427100000
2926,16.658300000,0.266700000
2927,16.828100000,0.450000000
2928,16.749000000,0.318200000
2929,16.618200000,0.249400000
2930,16.828200000,0.400500000
2931,16.131200000,0.304200000
2932,16.975500000,0.580200000
2933,16.626600000,0.246900000
2934,16.669300000,0.271300000
2935,16.561400000,0.211400000
2936,17.395900000,0.256700000
2937,16.071300000,0.291200000
2938,16.696400000,0.380700000
2939,16.649400000,0.222400000
2940,16.701100000,0.369800000
2941,16.591100000,0.233800000
2942,17.043300000,0.527600000
2943,16.314000000,0.359900000
2944,17.595900000,0.939100000
2945,15.655700000,0.292200000
2946,16.771300000,0.371300000
2947,16.529700000,0.182800000
2948,17.599500000,1.275000000
2949,17.053700000,0.639500000
2950,14.727600000,0.267200000
2951,17.810900000,1.304700000
2952,16.007800000,0.466600000
2953,16.819800000,0.449500000
2954,17.631200000,0.662000000
2955,16.454200000,0.238000000
2956,15.613000000,0.246400000
2957,16.706800000,0.317700000
2958,16.870300000,0.508900000
2959,16.757300000,0.187500000
2960,16.986500000,0.540100000
2961,15.989000000,0.414000000
2962,16.767700000,0.261500000
2963,17.167700000,0.447400000
2964,16.328200000,0.781200000
2965,16.709300000,0.305200000
2966,16.927700000,0.476000000
2967,16.869700000,0.275500000
2968,15.732900000,0.193800000
2969,16.668700000,0.286000000
2970,17.615600000,0.248900000
2971,15.550000000,0.223900000
2972,17.545900000,1.093200000
2973,16.948400000,0.565600000
2974,15.942700000,0.524500000
2975,16.578700000,0.258400000
2976,16.686400000,0.201500000
2977,17.075000000,0.709400000
2978,17.879700000,1.184900000
2979,14.995300000,0.234400000
2980,28.813000000,0.548400000
2981,9.293300000,3.955200000
2982,13.914500000,2.006700000
2983,14.867200000,0.389600000
2984,16.756300000,0.225500000
2985,16.822400000,0.259400000
2986,16.700000000,0.288600000
2987,16.577100000,0.205200000
2988,16.714000000,0.393200000
2989,16.721900000,0.402100000
2990,17.059400000,0.471400000
2991,16.053600000,0.338600000
2992,16.767700000,0.340100000
2993,16.793800000,0.437000000
2994,19.196300000,1.541100000
2995,16.951600000,3.499000000
2996,13.689600000,0.236500000
2997,16.600500000,0.233300000
2998,20.224500000,2.846300000
2999,16.802600000,4.287000000
3000,19.180700000,6.473500000
3001,20.102600000,8.901100000
3002,17.049500000,8.432800000
3003,10.680700000,3.914600000
3004,17.924500000,4.889500000
3005,16.749000000,1.488500000
3006,12.419200000,2.120900000
3007,15.679700000,0.372400000
3008,17.039100000,0.654200000
3009,16.093200000,0.253600000
3010,16.815600000,0.260500000
3011,16.882900000,0.477600000
3012,16.179600000,0.801000000
3013,16.788600000,0.377600000
3014,17.691100000,0.347400000
3015,15.854200000,0.141200000
3016,16.713000000,0.338600000
3017,16.634900000,0.252600000
3018,17.253700000,0.855700000
3019,16.736400000,1.226100000
3020,15.907300000,0.547900000
3021,16.803100000,0.205200000
3022,16.717200000,0.329700000
3023,21.750500000,0.230700000
3024,10.673500000,0.130200000
3025,16.546900000,0.230700000
3026,17.697300000,0.235400000
3027,16.732900000,0.315100000
3028,15.831700000,0.408300000
3029,17.439600000,0.533300000
3030,16.699000000,0.233300000
3031,15.846300000,0.479700000
3032,16.722400000,0.138000000
3033,16.963600000,0.267700000
3034,16.913000000,0.491100000
3035,17.845300000,1.433300000
3036,15.985400000,0.585900000
3037,15.775000000,0.431200000
3038,17.732300000,1.350000000
3039,15.694300000,0.178700000
3040,16.608800000,0.252600000
3041,16.668300000,0.257800000
3042,18.051000000,0.325500000
3043,19.272400000,3.436500000
3044,12.915600000,0.610900000
3045,16.588600000,0.277100000
3046,16.680700000,0.262500000
3047,16.652600000,0.257300000
3048,16.940600000,0.550500000
3049,16.819300000,0.430200000
3050,15.695800000,0.289000000
3051,17.565100000,0.284900000
3052,16.777100000,0.399500000
3053,16.005200000,0.404700000
3054,16.620900000,0.217200000
3055,16.653600000,0.280200000
3056,16.655700000,0.277600000
3057,17.766200000,1.166600000
3058,15.712000000,0.348900000
3059,16.763000000,0.408900000
3060,16.605700000,0.229700000
3061,16.595300000,0.252000000
3062,17.276100000,0.209900000
3063,16.235400000,0.864600000
3064,16.817200000,0.434900000
3065,16.950500000,0.552600000
3066,16.818200000,0.282300000
3067,15.651100000,0.295400000
3068,16.755200000,0.231700000
3069,17.144800000,0.258800000
3070,17.789000000,1.016200000
3071,15.955700000,0.180800000
3072,15.943300000,0.238100000
3073,16.623900000,0.304100000
3074,16.656800000,0.262000000
3075,17.117700000,0.547400000
3076,16.643200000,0.240600000
3077,17.404700000,0.980200000
3078,15.899000000,0.219800000
3079,16.654200000,0.303700000
3080,16.914500000,0.473500000
3081,16.948500000,0.283300000
3082,15.878100000,0.439600000
3083,16.817700000,0.331800000
3084,16.900000000,0.490100000
3085,16.767200000,0.396900000
3086,16.851600000,0.491100000
3087,15.955200000,0.320300000
3088,17.302100000,0.938000000
3089,15.663000000,0.257300000
3090,17.577100000,0.728200000
3091,15.774400000,0.314600000
3092,20.316700000,0.174500000
3093,14.132300000,0.666700000
3094,15.661500000,0.279100000
3095,16.845300000,0.503200000
3096,16.620800000,0.221900000
3097,16.751600000,0.429700000
3098,17.091100000,0.266100000
3099,16.746900000,0.337000000
3100,17.070300000,0.203200000
3101,15.662000000,0.277600000
3102,17.813500000,0.218200000
3103,15.795300000,0.398900000
3104,16.939100000,0.353100000
3105,17.193200000,0.790600000
3106,15.731800000,0.290100000
3107,16.550000000,0.212000000
3108,16.730200000,0.293200000
3109,16.697400000,0.293200000
3110,16.704200000,0.290700000
3111,16.833300000,0.363600000
3112,17.180200000,0.734400000
3113,15.962000000,0.558900000
3114,19.581800000,0.397400000
3115,25.381700000,11.496300000
3116,19.665100000,12.766100000
3117,20.248500000,14.191700000
3118,13.438500000,12.447400000
3119,10.872400000,6.553100000
3120,12.412000000,1.529200000
3121,15.113000000,0.517800000
3122,15.674000000,0.140100000
3123,16.699400000,0.302600000
3124,18.245400000,1.549500000
3125,15.680700000,0.284900000
3126,16.851500000,0.458800000
3127,16.695400000,0.333800000
3128,16.458300000,0.953100000
3129,16.882800000,0.528100000
3130,15.649500000,0.200500000
3131,16.588000000,0.258900000
3132,18.363000000,0.771900000
3133,15.677600000,0.345800000
3134,16.871400000,0.411000000
3135,17.622400000,0.826000000
3136,15.904100000,0.268200000
3137,15.709900000,0.234900000
3138,17.104700000,0.457900000
3139,16.929200000,0.555200000
3140,16.880200000,0.454100000
3141,16.730700000,0.328100000
3142,17.947900000,1.031800000
3143,15.004700000,0.494800000
3144,17.273000000,0.864100000
3145,17.220300000,1.452600000
3146,15.790600000,0.168200000
3147,16.495300000,0.184900000
3148,17.734900000,0.241700000
3149,15.871900000,0.531800000
3150,15.588500000,0.222400000
3151,18.066700000,0.384400000
3152,16.126500000,0.738500000
3153,16.725600000,0.332300000
3154,17.518700000,0.523900000
3155,16.237500000,0.781300000
3156,16.256800000,0.571900000
3157,17.708300000,0.249500000
3158,15.811500000,0.393800000
3159,16.013500000,0.655200000
3160,17.646900000,1.152600000
3161,15.745300000,0.264100000
3162,16.730200000,0.255700000
3163,16.999000000,0.694800000
3164,17.657800000,0.659400000
3165,16.105700000,0.754700000
3166,15.657800000,0.304200000
3167,17.341700000,0.757300000
3168,16.866100000,0.272900000
3169,15.583900000,0.299500000
3170,16.604700000,0.304700000
3171,17.208300000,0.298400000
3172,17.393800000,0.953600000
3173,15.757800000,0.343700000
3174,16.914600000,0.189600000
3175,16.793200000,0.479700000
3176,17.280700000,0.866200000
3177,15.627100000,0.269300000
3178,21.049000000,0.260500000
3179,12.838500000,0.489100000
3180,17.889600000,1.046900000
3181,14.493200000,0.200500000
3182,17.804200000,0.278200000
3183,15.651000000,0.356800000
3184,17.613600000,0.971300000
3185,15.886400000,0.586400000
3186,16.982800000,0.589100000
3187,17.230800000,0.910400000
3188,15.858800000,0.346300000
3189,16.709900000,0.310400000
3190,17.472900000,1.023900000
3191,15.868300000,0.431700000
3192,17.628100000,0.791600000
3193,15.562500000,0.261000000
3194,17.137000000,0.744300000
3195,17.651500000,1.236500000
3196,16.550500000,0.877100000
3197,17.484400000,1.548500000
3198,15.186500000,0.789600000
3199,16.887000000,0.248400000
3200,16.784300000,1.319300000
3201,15.837500000,0.434300000
3202,17.115100000,0.791100000
3203,16.565700000,0.245900000
3204,18.119800000,0.221900000
3205,14.682800000,0.375600000
3206,17.644200000,1.166200000
3207,20.342200000,4.971400000
3208,13.292700000,0.605200000
3209,15.619300000,0.282800000
3210,16.765600000,0.161500000
3211,17.022400000,0.718200000
3212,17.314100000,0.927600000
3213,21.168700000,1.224500000
3214,16.809900000,6.443800000
3215,15.085500000,4.125500000
3216,14.053100000,1.556800000
3217,14.551000000,0.230700000
3218,18.157800000,0.741100000
3219,16.030800000,0.667200000
3220,18.472400000,0.748400000
3221,14.786400000,0.328700000
3222,18.658300000,2.286500000
3223,14.979700000,0.608800000
3224,17.492200000,1.043300000
3225,15.776100000,0.260500000
3226,18.140600000,0.919800000
3227,14.835400000,0.432800000
3228,30.264100000,13.830800000
3229,12.783800000,10.470300000
3230,12.882800000,5.657300000
3231,13.689100000,3.358900000
3232,14.445800000,1.029200000
3233,15.540700000,0.202600000
3234,17.700000000,0.991100000
3235,15.616100000,0.267200000
3236,17.766100000,1.031200000
3237,16.089600000,0.511900000
3238,18.185400000,0.468300000
3239,14.654700000,0.232300000
3240,20.511500000,0.214100000
3241,12.591100000,0.334900000
3242,17.705800000,0.283900000
3243,17.103600000,0.732800000
3244,16.595800000,0.645900000
3245,16.070400000,0.702000000
3246,18.230200000,1.602600000
3247,14.465600000,0.178100000
3248,16.581800000,0.196300000
3249,16.600000000,0.234300000
3250,18.828600000,0.777100000
3251,14.638600000,0.257300000
3252,17.202600000,0.309400000
3253,17.336400000,0.204100000
3254,15.676600000,0.278200000
3255,16.650500000,0.270300000
3256,17.595800000,1.256200000
3257,15.834400000,0.329600000
3258,18.264100000,1.463600000
3259,15.653600000,0.108300000
3260,16.657800000,0.252100000
3261,16.662000000,0.290100000
3262,17.237500000,0.625000000
3263,15.931800000,0.508800000
3264,17.358300000,0.965600000
3265,21.349500000,4.959400000
3266,10.945800000,0.555200000
3267,16.738000000,0.289500000
3268,17.158900000,0.648400000
3269,15.551600000,0.250000000
3270,18.091600000,0.756800000
3271,15.606800000,0.273500000
3272,17.382300000,0.695800000
3273,16.691100000,0.321300000
3274,15.766700000,0.435400000
3275,16.799000000,0.385500000
3276,18.197900000,0.340600000
3277,15.890600000,0.241100000
3278,15.583300000,0.219200000
3279,17.645300000,0.265100000
3280,17.802700000,0.776100000
3281,14.802600000,0.346900000
3282,17.949400000,0.678100000
3283,16.261000000,0.823500000
3284,17.126000000,1.798400000
3285,15.805200000,0.464000000
3286,16.997900000,0.679700000
3287,16.632300000,0.129700000
3288,16.730200000,0.341200000
3289,15.676600000,0.286000000
3290,16.872400000,0.509400000
3291,16.890100000,0.452600000
3292,18.279700000,1.755700000
3293,14.719300000,0.215100000
3294,17.289000000,0.574000000
3295,17.049000000,0.156800000
3296,17.887500000,2.126600000
3297,14.654100000,0.255700000
3298,18.151100000,0.135400000
3299,15.642700000,0.263000000
3300,21.615100000,1.446400000
3301,15.157800000,3.419300000
3302,13.674500000,0.309900000
3303,16.001000000,0.247900000
3304,17.225600000,0.790100000
3305,15.679600000,0.249400000
3306,18.118800000,1.399500000
3307,16.769800000,1.433900000
3308,15.647900000,0.206700000
3309,16.604700000,0.239600000
3310,22.579700000,6.173400000
3311,11.155200000,0.618200000
3312,16.175500000,0.508800000
3313,17.645300000,0.916100000
3314,15.796900000,0.297900000
3315,16.580700000,0.239600000
3316,18.519300000,2.141200000
3317,14.706200000,0.313000000
3318,17.000000000,0.593200000
3319,16.963600000,0.177100000
3320,16.227100000,0.233800000
3321,16.700000000,0.367700000
3322,20.466100000,3.435400000
3323,12.805700000,0.266600000
3324,20.086000000,3.729700000
3325,12.460400000,0.115100000
3326,19.247900000,0.639100000
3327,14.553100000,0.246900000
3328,16.704200000,0.290600000
3329,17.199500000,0.344800000
3330,21.735400000,4.151600000
3331,11.722900000,0.179200000
3332,16.778700000,0.227000000
3333,15.775000000,0.282800000
3334,18.379700000,1.670800000
3335,15.600000000,0.222900000
3336,16.657200000,0.307800000
3337,16.734900000,0.216700000
3338,18.713100000,0.387500000
3339,14.839000000,0.398500000
3340,16.278100000,0.569800000
3341,16.552700000,0.227000000
3342,19.394200000,0.454700000
3343,14.037500000,0.530200000
3344,17.956300000,1.472400000
3345,14.615600000,0.229200000
3346,20.262000000,0.231300000
3347,13.597900000,0.254700000
3348,17.068200000,0.386000000
3349,18.015600000,1.114600000
3350,14.753200000,0.385400000
3351,17.024500000,0.228100000
3352,17.200500000,0.189600000
3353,15.943700000,0.195300000
3354,18.624500000,0.438600000
3355,14.528600000,0.205700000
3356,16.878700000,0.560400000
3357,16.483800000,0.176500000
3358,19.264100000,2.919300000
3359,14.520800000,0.204100000
3360,17.162000000,0.678100000
3361,16.207300000,0.127100000
3362,17.008900000,0.610500000
3363,15.606700000,0.275000000
3364,16.657300000,0.260900000
3365,21.301100000,4.083800000
3366,16.642200000,3.448400000
3367,13.220300000,0.868300000
3368,15.812500000,0.472900000
3369,16.683800000,0.187000000
3370,17.257300000,0.840100000
3371,15.930700000,0.478200000
3372,16.564600000,0.235400000
3373,16.568300000,0.208900000
3374,16.834300000,0.478100000
3375,16.553700000,0.222900000
3376,16.875000000,0.543700000
3377,16.751000000,0.312500000
3378,16.908400000,0.552100000
3379,16.944200000,0.591600000
3380,16.492200000,0.186900000
3381,16.668200000,0.371900000
3382,19.293800000,0.134900000
3383,13.733800000,0.444200000
3384,19.427100000,0.243200000
3385,13.670300000,0.382800000
3386,16.693300000,0.309400000
3387,17.099500000,0.234900000
3388,16.824400000,0.492200000
3389,16.364100000,0.132300000
3390,16.959900000,0.204700000
3391,16.989600000,0.362000000
3392,15.620300000,0.245800000
3393,16.644300000,0.285500000
3394,16.888500000,0.325500000
3395,16.777100000,0.442200000
3396,16.528600000,0.229200000
3397,17.231300000,0.533300000
3398,16.638500000,0.254700000
3399,16.688600000,0.341700000
3400,17.082300000,0.324400000
3401,15.651000000,0.252600000
3402,17.136500000,0.560900000
3403,16.652000000,0.371900000
3404,16.575000000,0.241200000
3405,16.492700000,0.188600000
3406,16.445900000,0.165100000
3407,16.764000000,0.305200000
3408,16.661000000,0.265200000
3409,17.148900000,0.747400000
3410,24.379700000,0.274000000
3411,8.699500000,0.377100000
3412,17.055200000,0.694300000
3413,16.535400000,0.213500000
3414,17.684400000,1.275500000
3415,15.709400000,0.193800000
3416,20.969800000,4.245800000
3417,11.447900000,0.132300000
3418,18.069300000,0.293200000
3419,16.018700000,0.261500000
3420,16.634900000,0.257800000
3421,19.381300000,2.171400000
3422,13.545300000,0.184400000
3423,17.825000000,0.416100000
3424,21.875000000,0.484900000
3425,10.722900000,0.415700000
3426,16.579700000,0.254200000
3427,18.367200000,2.010900000
3428,14.630700000,0.120800000
3429,16.805200000,0.437500000
3430,17.285900000,0.874500000
3431,16.900000000,1.290100000
3432,16.563100000,0.955700000
3433,15.786400000,0.392700000
3434,16.903100000,0.523900000
3435,16.880200000,0.506200000
3436,21.320900000,3.459400000
3437,14.327600000,1.577600000
3438,14.137000000,0.307300000
3439,17.014000000,0.265600000
3440,17.233400000,0.570800000
3441,15.555700000,0.217200000
3442,16.631200000,0.286900000
3443,17.018300000,0.242700000
3444,20.055200000,3.253100000
3445,12.470300000,0.180700000
3446,17.938000000,0.508300000
3447,24.196400000,8.492200000
3448,18.902000000,8.034400000
3449,12.372400000,5.971900000
3450,12.374000000,2.006300000
3451,20.425000000,6.034900000
3452,15.160400000,4.750000000
3453,12.619300000,0.275500000
3454,19.470300000,0.248500000
3455,13.672900000,0.141200000
3456,16.547900000,0.217200000
3457,16.667700000,0.241200000
3458,17.650600000,0.794200000
3459,15.822900000,0.436500000
3460,17.719800000,1.259900000
3461,15.956200000,0.534400000
3462,22.102100000,0.277100000
3463,16.110400000,5.145900000
3464,11.656300000,0.250500000
3465,18.669800000,0.245300000
3466,16.330200000,1.854700000
3467,14.996800000,0.134400000
3468,18.170400000,1.776500000
3469,15.001500000,0.554200000
3470,17.933900000,0.308900000
3471,15.615100000,0.268300000
3472,20.464600000,1.637500000
3473,12.764000000,0.394800000
3474,18.441200000,1.155700000
3475,15.446300000,0.706300000
3476,15.569300000,0.217700000
3477,19.541700000,0.195300000
3478,15.165100000,0.305200000
3479,16.143200000,0.229200000
3480,16.627100000,0.162500000
3481,16.933300000,0.154200000
3482,16.836500000,0.266700000
3483,15.709300000,0.222400000
3484,20.349500000,2.502100000
3485,13.570900000,0.311500000
3486,18.732800000,0.447400000
3487,14.741600000,0.166600000
3488,19.997400000,0.725500000
3489,12.619300000,0.245300000
3490,16.518800000,0.218200000
3491,17.084800000,0.464500000
3492,16.922400000,0.210400000
3493,16.943300000,0.288600000
3494,15.751000000,0.298400000
3495,16.808300000,0.419800000
3496,16.750600000,0.390100000
3497,16.672900000,0.265100000
3498,16.598400000,0.228100000
3499,16.918800000,0.544300000
3500,16.781200000,0.428600000
3501,16.898500000,0.505300000
3502,16.923900000,0.255200000
3503,16.742700000,1.189100000
3504,15.903700000,0.190600000
3505,16.561400000,0.244200000
3506,16.849500000,0.431800000
3507,16.586500000,0.238000000
3508,17.048900000,0.656200000
3509,16.619300000,0.250500000
3510,16.591700000,0.262500000
3511,17.720300000,0.857800000
3512,15.604100000,0.253600000
3513,16.566700000,0.118700000
3514,17.281800000,0.940100000
3515,15.938500000,0.277100000
3516,18.881800000,0.651500000
3517,14.844300000,0.470400000
3518,16.632300000,0.276100000
3519,16.793700000,0.429700000
3520,16.996400000,0.228700000
3521,17.957800000,0.254700000
3522,26.674500000,12.101500000
3523,14.014000000,9.708900000
3524,11.203700000,3.862500000
3525,13.155700000,0.186000000
3526,23.868200000,7.024000000
3527,11.618800000,2.422400000
3528,13.567700000,0.130200000
3529,16.676500000,0.258800000
3530,16.740700000,0.326000000
3531,17.856200000,1.405700000
3532,15.656800000,0.244300000
3533,18.171900000,0.346300000
3534,19.340600000,1.219800000
3535,12.545300000,0.210900000
3536,16.734900000,0.352000000
3537,16.677600000,0.254700000
3538,16.577600000,0.231800000
3539,17.131300000,0.703600000
3540,17.442700000,0.126600000
3541,16.281200000,0.905200000
3542,15.526100000,0.270300000
3543,16.675000000,0.242700000
3544,17.383300000,0.543800000
3545,20.054200000,0.816700000
3546,12.761900000,0.107800000
3547,16.571400000,0.145900000
3548,24.620800000,0.791100000
3549,9.279200000,0.333900000
3550,16.863000000,0.167200000
3551,16.587000000,0.239100000
3552,16.686400000,0.287000000
3553,16.983400000,0.433400000
3554,15.607800000,0.237500000
3555,16.727100000,0.286500000
3556,17.567700000,0.243800000
3557,16.113000000,0.324000000
3558,16.992700000,0.215100000
3559,17.035400000,0.208300000
3560,15.612000000,0.259400000
3561,16.573400000,0.233300000
3562,16.984900000,0.568200000
3563,21.613100000,1.821800000
3564,12.001500000,0.151000000
3565,16.996400000,0.662500000
3566,25.204700000,2.083800000
3567,7.734300000,0.399000000
3568,17.112500000,0.769200000
3569,15.955800000,0.629200000
3570,18.242700000,0.241100000
3571,16.339600000,0.124500000
3572,15.875500000,0.207300000
3573,16.730200000,0.399000000
3574,16.930200000,0.326600000
3575,18.642700000,1.811000000
3576,13.808900000,0.136500000
3577,17.011400000,0.668700000
3578,16.932300000,0.474500000
3579,16.612500000,0.280200000
3580,16.921400000,0.306200000
3581,16.135400000,0.252600000
3582,28.225000000,2.343200000
3583,6.891100000,2.135400000
3584,14.957300000,0.603200000
3585,18.332800000,1.895900000
3586,15.867700000,0.293700000
3587,15.768800000,0.411000000
3588,18.205200000,0.667200000
3589,14.656200000,0.309900000
3590,17.248500000,0.208900000
3591,16.748900000,0.322900000
3592,17.257900000,0.247900000
3593,16.240100000,0.281300000
3594,17.273400000,0.516700000
3595,16.105700000,0.648400000
3596,18.911500000,1.815700000
3597,14.084900000,0.684900000
