frame,frameMs,presentMs
1,1.740600000,0.294800000
2,17.059400000,0.614100000
3,17.969800000,1.565100000
4,15.705200000,0.242200000
5,20.167200000,0.566600000
6,17.038000000,3.101500000
7,13.318700000,0.863500000
8,19.541700000,1.839100000
9,12.730200000,0.281800000
10,16.950000000,0.582800000
11,16.705700000,0.268200000
12,16.764100000,0.319300000
13,16.566200000,0.230700000
14,16.655200000,0.279200000
15,16.614000000,0.244200000
16,16.737500000,0.332800000
17,17.032300000,0.662500000
18,17.006800000,0.318800000
19,15.900000000,0.506800000
20,17.033800000,0.643700000
21,18.596900000,2.212000000
22,14.578100000,0.262000000
23,17.046400000,0.525000000
24,15.721400000,0.300000000
25,16.976500000,0.501600000
26,17.228100000,0.560900000
27,15.607300000,0.141200000
28,17.130200000,0.614100000
29,16.781800000,0.457800000
30,18.809900000,1.053100000
31,15.643200000,0.848900000
32,15.797400000,0.426500000
33,17.080200000,0.233900000
34,16.988100000,0.426600000
35,15.680700000,0.259400000
36,16.475500000,0.161000000
37,16.409400000,0.156200000
38,16.518700000,0.143700000
39,17.513100000,0.220300000
40,16.509300000,0.223500000
41,16.573500000,0.239100000
42,16.595300000,0.238500000
43,16.620800000,0.220400000
44,16.761500000,0.383300000
45,16.654100000,0.296400000
46,16.511500000,0.194300000
47,16.681800000,0.306800000
48,16.712500000,0.291700000
49,16.882800000,0.482900000
50,16.666600000,0.276600000
51,16.699000000,0.306200000
52,16.521400000,0.221400000
53,16.606200000,0.273400000
54,16.579700000,0.246800000
55,16.754200000,0.390600000
56,16.592200000,0.250000000
57,16.790100000,0.318300000
58,16.976500000,0.601600000
59,16.751100000,0.391200000
60,16.692100000,0.293200000
61,17.205300000,0.756800000
62,15.849400000,0.379700000
63,17.068800000,0.595300000
64,15.829700000,0.412500000
65,16.663500000,0.219200000
66,17.200500000,0.343200000
67,17.815700000,0.912500000
68,15.694800000,1.232300000
69,18.363000000,2.046800000
70,15.087000000,0.747300000
71,15.742700000,0.461000000
72,16.571800000,0.234900000
73,17.096900000,0.695800000
74,18.561500000,0.415600000
75,14.723400000,0.255200000
76,16.559900000,0.213000000
77,17.117700000,0.591700000
78,17.269800000,0.891100000
79,15.687500000,0.279700000
80,16.634900000,0.150500000
81,16.721400000,0.310900000
82,16.690100000,0.212500000
83,16.663500000,0.213000000
84,16.834900000,0.465600000
85,16.843700000,0.505800000
86,16.619800000,0.271800000
87,16.855200000,0.301500000
88,16.600600000,0.225600000
89,16.784300000,0.423400000
90,17.079200000,0.302600000
91,15.885900000,0.545800000
92,16.813600000,0.391200000
93,24.651500000,6.027600000
94,13.163100000,3.813000000
95,18.316100000,6.619300000
96,11.242200000,0.447900000
97,15.628100000,0.322900000
98,16.912500000,0.564600000
99,16.634400000,0.312000000
100,17.459400000,0.868800000
101,16.052600000,0.250500000
102,16.677600000,0.269800000
103,16.933800000,0.497900000
104,15.669800000,0.261000000
105,16.531800000,0.216600000
106,17.579700000,0.214100000
107,16.833800000,0.235900000
108,15.930800000,0.585400000
109,16.734300000,0.238500000
110,17.609400000,0.230700000
111,16.103700000,0.261500000
112,17.443700000,0.981800000
113,15.759400000,0.302600000
114,17.051600000,0.266100000
115,15.474400000,0.192800000
116,17.640700000,0.247400000
117,16.742700000,0.346900000
118,17.046300000,0.585900000
119,15.871900000,0.447400000
120,16.756800000,0.259400000
121,16.674400000,0.270300000
122,16.861500000,0.385900000
123,16.685900000,0.242700000
124,16.968300000,0.622900000
125,16.002600000,0.481800000
126,16.810400000,0.377600000
127,17.050000000,0.658300000
128,17.260900000,0.305200000
129,16.155200000,0.701100000
130,16.251100000,0.840600000
131,16.917200000,0.536500000
132,16.732300000,0.295900000
133,18.936400000,0.741600000
134,13.680700000,0.326000000
135,16.995900000,0.289100000
136,17.044300000,0.152000000
137,16.788000000,0.291200000
138,15.652600000,0.287000000
139,16.623900000,0.267700000
140,17.995900000,0.256800000
141,15.534300000,0.189100000
142,16.570400000,0.232800000
143,17.015100000,0.688000000
144,18.953100000,0.212500000
145,14.857800000,0.445300000
146,17.124000000,0.688000000
147,15.602000000,0.260900000
148,17.800600000,1.430800000
149,15.834300000,0.359300000
150,16.979200000,0.495800000
151,16.979700000,0.548500000
152,16.429200000,0.796400000
153,16.767100000,0.313100000
154,15.783400000,0.304700000
155,16.855700000,0.271900000
156,16.911500000,0.450500000
157,17.011900000,0.585400000
158,16.902100000,0.240600000
159,15.703700000,0.279200000
160,18.810400000,2.343800000
161,15.283300000,0.224500000
162,15.961000000,0.552000000
163,17.055700000,0.624500000
164,16.958300000,0.514100000
165,16.916700000,0.514600000
166,21.085900000,5.685900000
167,12.097400000,0.519200000
168,15.741200000,0.245300000
169,16.870800000,0.459400000
170,16.630200000,0.304100000
171,16.947900000,0.459900000
172,18.057800000,1.671900000
173,14.707900000,0.305200000
174,18.275000000,1.499500000
175,15.761900000,0.427600000
176,17.185400000,0.798000000
177,15.740200000,0.332300000
178,18.505700000,1.932300000
179,17.127100000,2.581300000
180,15.452000000,0.866100000
181,15.955300000,0.574000000
182,20.756700000,1.920300000
183,12.568800000,0.228100000
184,17.731700000,1.210500000
185,15.551100000,0.218700000
186,16.672400000,0.281800000
187,17.049500000,0.639100000
188,15.760400000,0.447400000
189,16.903600000,0.553200000
190,17.459900000,1.071800000
191,15.982800000,0.154200000
192,16.805200000,0.384900000
193,16.901100000,0.459400000
194,16.964600000,0.572400000
195,15.972900000,0.281200000
196,16.416100000,0.107200000
197,17.741200000,0.282300000
198,16.070800000,0.714600000
199,16.938000000,0.511400000
200,16.659400000,0.230700000
201,16.753700000,0.411900000
202,15.565600000,0.300500000
203,18.342700000,0.850500000
204,15.603100000,0.173400000
205,16.765600000,0.350000000
206,16.750600000,0.306300000
207,16.656200000,0.251500000
208,16.611500000,0.250500000
209,16.613500000,0.218700000
210,16.791200000,0.337000000
211,16.628600000,0.252600000
212,16.612000000,0.230200000
213,16.765600000,0.405700000
214,16.882300000,0.393200000
215,16.709400000,0.269800000
216,15.674400000,0.290100000
217,16.916700000,0.503100000
218,16.844800000,0.439600000
219,17.277100000,0.294300000
220,16.252600000,0.308400000
221,17.080200000,0.275000000
222,18.749000000,3.016100000
223,13.679600000,0.124500000
224,16.657300000,0.338500000
225,16.836000000,0.495900000
226,16.733800000,0.406700000
227,16.758900000,0.317200000
228,17.090100000,0.531300000
229,17.508300000,0.202600000
230,15.703100000,0.323000000
231,16.715200000,0.299400000
232,17.157800000,0.581800000
233,16.525000000,0.711900000
234,16.701000000,1.269300000
235,15.661500000,0.279600000
236,16.702600000,0.378700000
237,16.950500000,0.541100000
238,17.087000000,0.620300000
239,16.992200000,0.561000000
240,17.503100000,1.267700000
241,14.677600000,0.296400000
242,16.690100000,0.218200000
243,18.088500000,1.109300000
244,16.082300000,0.729700000
245,16.732800000,0.322400000
246,15.715700000,0.318200000
247,16.883800000,0.436400000
248,17.047400000,0.625500000
249,16.640100000,0.246800000
250,20.302600000,3.172400000
251,13.988600000,1.582800000
252,15.576500000,0.281700000
253,16.797400000,0.221300000
254,16.654200000,0.258900000
255,16.598400000,0.284900000
256,17.337500000,0.879600000
257,16.006300000,0.558400000
258,16.519200000,0.189000000
259,16.658400000,0.292800000
260,16.864600000,0.503700000
261,16.769200000,0.443700000
262,16.936500000,0.340100000
263,15.865600000,0.495300000
264,19.719300000,3.240700000
265,14.011400000,0.493700000
266,19.916200000,0.283800000
267,13.625500000,0.292100000
268,16.814100000,0.502100000
269,16.668700000,0.325500000
270,16.983900000,0.600500000
271,15.726000000,0.332800000
272,16.856800000,0.418200000
273,17.482300000,0.952100000
274,16.575500000,0.838500000
275,15.677100000,0.130200000
276,16.659400000,0.149000000
277,16.958800000,0.545800000
278,19.219300000,2.784900000
279,14.313500000,0.470900000
280,16.861500000,0.481300000
281,16.722900000,0.331300000
282,19.377600000,0.533300000
283,15.381300000,0.933900000
284,14.666600000,0.272900000
285,16.663600000,0.213000000
286,16.588500000,0.247400000
287,16.720300000,0.319800000
288,16.742700000,0.332200000
289,16.951100000,0.496900000
290,16.986400000,0.191600000
291,15.644800000,0.211500000
292,16.657800000,0.264100000
293,17.112500000,0.760900000
294,16.836500000,0.385400000
295,16.774500000,0.356300000
296,16.925000000,0.446900000
297,16.199400000,0.656300000
298,16.798000000,0.479700000
299,16.777000000,0.372400000
300,16.552100000,0.213000000
301,16.980200000,0.560400000
302,17.048500000,0.597900000
303,15.717700000,0.359900000
304,16.700000000,0.299000000
305,17.562500000,0.927100000
306,15.703100000,0.327600000
307,16.846400000,0.495300000
308,16.995300000,0.555700000
309,17.209400000,0.792200000
310,15.630200000,0.308800000
311,16.956700000,0.569700000
312,16.890700000,0.469800000
313,17.005200000,0.585400000
314,15.629700000,0.255700000
315,17.804600000,0.499400000
316,15.592700000,0.288000000
317,17.161000000,0.261500000
318,17.347900000,0.803600000
319,16.205200000,0.777600000
320,17.470300000,0.146900000
321,16.280800000,0.894200000
322,15.706200000,0.312000000
323,16.680200000,0.322400000
324,16.873400000,0.478100000
325,16.751100000,0.320900000
326,17.213000000,0.734900000
327,15.709900000,0.329100000
328,17.009400000,0.433900000
329,16.768200000,0.299500000
330,16.802100000,0.423400000
331,16.839600000,0.488500000
332,15.908300000,0.527600000
333,17.111500000,0.555700000
334,17.035400000,0.676000000
335,16.565600000,0.556200000
336,16.408300000,0.305800000
337,16.904700000,0.381200000
338,16.129700000,0.631800000
339,17.174500000,0.260400000
340,15.544300000,0.213000000
341,19.235900000,0.130700000
342,14.666700000,0.261000000
343,18.338500000,0.279200000
344,15.011000000,0.479200000
345,16.728600000,0.311500000
346,24.516700000,0.746900000
347,9.620800000,1.221400000
348,15.604700000,0.255200000
349,16.726500000,0.216700000
350,16.505300000,0.125500000
351,16.551500000,0.236400000
352,16.827100000,0.339600000
353,16.897400000,0.289100000
354,16.945300000,0.513500000
355,16.685900000,0.159400000
356,17.162500000,0.593800000
357,15.682900000,0.211500000
358,17.029600000,0.312500000
359,16.755800000,0.350000000
360,16.942700000,0.432300000
361,16.972400000,0.562000000
362,15.582300000,0.235400000
363,17.258300000,0.257300000
364,17.022400000,0.559900000
365,15.899500000,0.487500000
366,16.763500000,0.343800000
367,17.207800000,0.160500000
368,15.614100000,0.287500000
369,17.537000000,0.206300000
370,16.621900000,0.230200000
371,18.046800000,1.531800000
372,16.268300000,1.420300000
373,15.569200000,0.217100000
374,16.914600000,0.427600000
375,17.365600000,0.908400000
376,16.238600000,0.879200000
377,15.861400000,0.373500000
378,16.666200000,0.238100000
379,16.952600000,0.579200000
380,16.684400000,0.307300000
381,16.676500000,0.311400000
382,16.794800000,0.396900000
383,16.823500000,0.262500000
384,15.833300000,0.286400000
385,17.203600000,0.832300000
386,16.720900000,0.321400000
387,16.655700000,0.275000000
388,16.945800000,0.418200000
389,17.049000000,1.640700000
390,16.278100000,0.549500000
391,15.949000000,0.507300000
392,17.003600000,0.608300000
393,16.817200000,0.511400000
394,16.930700000,0.342100000
395,16.276100000,0.975000000
396,16.784300000,0.333300000
397,16.664600000,0.259800000
398,16.785400000,0.363500000
399,16.787500000,0.340600000
400,16.640700000,0.545900000
401,16.870300000,0.452600000
402,16.898400000,0.318700000
403,16.138600000,0.706800000
404,17.283800000,0.627600000
405,16.412500000,0.493200000
406,15.838000000,0.252600000
407,16.729200000,0.329700000
408,16.751000000,0.329600000
409,16.926600000,0.553600000
410,17.250000000,0.779700000
411,15.762000000,0.314600000
412,17.876000000,0.947400000
413,15.646400000,0.216600000
414,16.819300000,0.299500000
415,16.798900000,0.450000000
416,17.154700000,0.721900000
417,16.247400000,0.830800000
418,16.097900000,0.668700000
419,17.296900000,0.244300000
420,16.600000000,0.211500000
421,15.553100000,0.228600000
422,17.857800000,0.364100000
423,15.727600000,0.345300000
424,16.865100000,0.410400000
425,16.996400000,0.564600000
426,16.978600000,0.596300000
427,15.545900000,0.222400000
428,17.604100000,0.254100000
429,16.636500000,0.277000000
430,16.849500000,0.248500000
431,16.127600000,0.665700000
432,16.887500000,0.165700000
433,16.638500000,0.269200000
434,17.099500000,0.138000000
435,15.712000000,0.405700000
436,16.871900000,0.440600000
437,17.067700000,0.606800000
438,17.540600000,0.278700000
439,15.707300000,0.265100000
440,17.816100000,1.181300000
441,15.589600000,0.240100000
442,16.880700000,0.153700000
443,16.754200000,0.290600000
444,16.427600000,0.813000000
445,16.605700000,0.272400000
446,17.066700000,0.350000000
447,16.246400000,0.877100000
448,16.822900000,0.397900000
449,16.685400000,0.264100000
450,16.803600000,0.349500000
451,15.773000000,0.358300000
452,17.144200000,0.360400000
453,16.622900000,0.264600000
454,17.289600000,0.865100000
455,15.898500000,0.446300000
456,16.928600000,0.559400000
457,16.713000000,0.338500000
458,17.000000000,0.613500000
459,15.996900000,0.368300000
460,16.943200000,0.551000000
461,16.721400000,0.309400000
462,17.146900000,0.469800000
463,15.669200000,0.258800000
464,17.000000000,0.259900000
465,16.581300000,0.245300000
466,17.231200000,0.801000000
467,15.772400000,0.130700000
468,16.932800000,0.255800000
469,17.327600000,0.747900000
470,15.944300000,0.552700000
471,16.948500000,0.591600000
472,17.291100000,0.851000000
473,15.819800000,0.308400000
474,16.791100000,0.284900000
475,16.963600000,0.604200000
476,16.878100000,0.388600000
477,15.514100000,0.221400000
478,17.938000000,0.428600000
479,15.814000000,0.259900000
480,18.096400000,0.638000000
481,15.921400000,0.545400000
482,16.627600000,0.162000000
483,16.834300000,0.498000000
484,17.038600000,0.556800000
485,15.638500000,0.260900000
486,16.729700000,0.283800000
487,16.894300000,0.548400000
488,16.750000000,0.300000000
489,17.110900000,0.247400000
490,15.871900000,0.526600000
491,16.651000000,0.253100000
492,17.018300000,0.534900000
493,17.310400000,0.900000000
494,15.724500000,0.151600000
495,16.744700000,0.363600000
496,16.946400000,0.251500000
497,17.104200000,0.561500000
498,16.916600000,1.430200000
499,15.665700000,0.268800000
500,17.210400000,0.628700000
501,16.440100000,0.340100000
502,17.127100000,0.644800000
503,16.116100000,0.283300000
504,17.480200000,0.442200000
505,15.825000000,0.432300000
506,17.158400000,0.625500000
507,16.134800000,0.310900000
508,17.242800000,0.900000000
509,15.850000000,0.364600000
510,16.767100000,0.296400000
511,16.895400000,0.354200000
512,16.669200000,0.270800000
513,16.626600000,0.259900000
514,17.368200000,0.840100000
515,15.791200000,0.366200000
516,17.672900000,0.603200000
517,16.747900000,1.206200000
518,19.922900000,3.446800000
519,12.511500000,0.225500000
520,17.163000000,0.181200000
521,15.964100000,0.333900000
522,17.648400000,0.896300000
523,15.710900000,0.303100000
524,16.899000000,0.553100000
525,16.807300000,0.385400000
526,16.995300000,0.602100000
527,15.665100000,0.266100000
528,17.941100000,1.581200000
529,15.659900000,0.283400000
530,17.730800000,1.314100000
531,15.807300000,0.386500000
532,17.170300000,0.779700000
533,15.926000000,0.493200000
534,17.012000000,0.590100000
535,16.762000000,0.343200000
536,16.947900000,0.225000000
537,15.463000000,0.137500000
538,16.924000000,0.435900000
539,16.745800000,0.331800000
540,18.159400000,1.798400000
541,15.781700000,0.300500000
542,17.186000000,0.439100000
543,15.753600000,0.347900000
544,16.777100000,0.323900000
545,17.607800000,1.095300000
546,20.140700000,3.624400000
547,11.615100000,0.313000000
548,16.759900000,0.397900000
549,16.906200000,0.517200000
550,17.759400000,0.293800000
551,17.949500000,1.952700000
552,14.794200000,0.225600000
553,16.656800000,0.290100000
554,16.993700000,0.591700000
555,15.866700000,0.523400000
556,16.660400000,0.254100000
557,16.838600000,0.414100000
558,17.118700000,0.755700000
559,16.333400000,0.708900000
560,17.426000000,1.007800000
561,15.719800000,0.252600000
562,16.795300000,0.306200000
563,16.582800000,0.218300000
564,16.814600000,0.285900000
565,17.352100000,0.467700000
566,15.755200000,0.447400000
567,16.664600000,0.269300000
568,16.760400000,0.349000000
569,16.829700000,0.344800000
570,19.783800000,0.485400000
571,13.850600000,0.422400000
572,16.116600000,0.515100000
573,16.764600000,0.410400000
574,18.016100000,1.550600000
575,15.705800000,0.306300000
576,16.537000000,0.148400000
577,16.937500000,0.440700000
578,15.809900000,0.418800000
579,16.906200000,0.338000000
580,17.453100000,1.043200000
581,16.606300000,0.678700000
582,15.865600000,0.322400000
583,16.732800000,0.328100000
584,16.707300000,0.309400000
585,17.009400000,0.573400000
586,17.366600000,0.326600000
587,15.690200000,0.304200000
588,16.621800000,0.252100000
589,16.778700000,0.352600000
590,18.958800000,0.132800000
591,14.727600000,0.271300000
592,15.663100000,0.254700000
593,17.087500000,0.714500000
594,16.838000000,0.443300000
595,16.698900000,0.316600000
596,16.839600000,0.462500000
597,16.846400000,0.257800000
598,18.078600000,1.691600000
599,14.724000000,0.323500000
600,17.141100000,0.588500000
601,16.720900000,0.316100000
602,16.977600000,0.653700000
603,16.007200000,0.679200000
604,16.775000000,0.261500000
605,16.779200000,0.382800000
606,17.519800000,1.156200000
607,15.616700000,0.222900000
608,16.873900000,0.477000000
609,17.050000000,0.394200000
610,15.800000000,0.470300000
611,16.696900000,0.271900000
612,16.559900000,0.225000000
613,16.741700000,0.345300000
614,16.782300000,0.369300000
615,18.489000000,1.740100000
616,15.215600000,0.811400000
617,17.000600000,0.207300000
618,15.936400000,0.557300000
619,16.850000000,0.497900000
620,16.895300000,0.534900000
621,17.308900000,0.883800000
622,15.678100000,0.251000000
623,16.724500000,0.350000000
624,16.651000000,0.265700000
625,16.908900000,0.400600000
626,16.940600000,0.182300000
627,15.870900000,0.411400000
628,16.715600000,0.258400000
629,17.276000000,0.198900000
630,16.856800000,0.430200000
631,16.237000000,0.794300000
632,20.965100000,0.143800000
633,12.103600000,0.406700000
634,16.650000000,0.279100000
635,17.000000000,0.457300000
636,16.645900000,0.234400000
637,17.041600000,0.275000000
638,27.447900000,0.186400000
639,12.089100000,4.568800000
640,12.860400000,3.033300000
641,14.678100000,1.171300000
642,15.550000000,0.203100000
643,17.324500000,0.476500000
644,16.536500000,0.776500000
645,16.781200000,0.314600000
646,15.625500000,0.222400000
647,16.525600000,0.228200000
648,19.236400000,1.750000000
649,14.761000000,0.354700000
650,24.570300000,8.028700000
651,16.894800000,8.090100000
652,11.639600000,2.604700000
653,14.720800000,0.180200000
654,16.251000000,0.806700000
655,15.677600000,0.253100000
656,16.692700000,0.387000000
657,17.389600000,0.645800000
658,15.705200000,0.271800000
659,17.805200000,0.954200000
660,18.183400000,0.347400000
661,14.988500000,0.471900000
662,15.475000000,0.178600000
663,18.651600000,0.207300000
664,15.545800000,0.247400000
665,16.612500000,0.265600000
666,16.624500000,0.284900000
667,16.901600000,0.546400000
668,17.155200000,0.795900000
669,15.783300000,0.386500000
670,17.133300000,0.706800000
671,16.757800000,0.363100000
672,15.753700000,0.211400000
673,16.658300000,0.232800000
674,16.618800000,0.250500000
675,20.650000000,1.849500000
676,12.640600000,0.253100000
677,17.327600000,0.948400000
678,17.019300000,0.608900000
679,15.676500000,0.277600000
680,16.814100000,0.495300000
681,19.270800000,0.519200000
682,14.668800000,0.243200000
683,16.689000000,0.269800000
684,16.703700000,0.218700000
685,16.696300000,0.277600000
686,16.632900000,0.208300000
687,17.124400000,0.794700000
688,15.706300000,0.379200000
689,17.035900000,0.257300000
690,17.024000000,0.630800000
691,16.831200000,0.355700000
692,15.585400000,0.242700000
693,17.232900000,0.346400000
694,16.809900000,0.299000000
695,20.249400000,3.854100000
696,12.816200000,0.135900000
697,16.800000000,0.477100000
698,16.966100000,0.604700000
699,16.213600000,0.812000000
700,16.743200000,0.299000000
701,16.733300000,0.326600000
702,16.939100000,0.505800000
703,16.204700000,0.824000000
704,17.097900000,0.628100000
705,16.859400000,0.255200000
706,15.636400000,0.218800000
707,16.921900000,0.449000000
708,16.914100000,0.497400000
709,16.769800000,0.290100000
710,16.553100000,0.218200000
711,16.910400000,0.249500000
712,16.604200000,0.214600000
713,16.635400000,0.263500000
714,17.181800000,0.622900000
715,15.851000000,0.468200000
716,17.370300000,0.771400000
717,15.832300000,0.414100000
718,16.809400000,0.359400000
719,18.431200000,1.339100000
720,14.857800000,0.264100000
721,16.937500000,0.480200000
722,16.903200000,0.502100000
723,18.157800000,1.082800000
724,14.618200000,0.226600000
725,17.146900000,0.546900000
726,16.748400000,0.413000000
727,17.179700000,0.719300000
728,22.200000000,0.256300000
729,10.621900000,0.213500000
730,17.008800000,0.575500000
731,15.782300000,0.424000000
732,16.874500000,0.459400000
733,16.946400000,0.521900000
734,16.813000000,0.453700000
735,18.099500000,0.153700000
736,15.028600000,0.561500000
737,16.949000000,0.570900000
738,15.628600000,0.228100000
739,18.495800000,1.927100000
740,15.798000000,0.266700000
741,15.764500000,0.406700000
742,17.355800000,0.886500000
743,16.903100000,0.184900000
744,16.138500000,0.762500000
745,16.602600000,0.271900000
746,16.856800000,0.426600000
747,17.256300000,0.740100000
748,16.325000000,0.879200000
749,16.835900000,0.402600000
750,20.210900000,4.565100000
751,16.424500000,2.580200000
752,12.520300000,0.201000000
753,17.352600000,0.915100000
754,16.543800000,0.210400000
755,16.663000000,0.270300000
756,16.657300000,0.280700000
757,17.134400000,0.254200000
758,15.768700000,0.170300000
759,17.132300000,0.736400000
760,16.727100000,0.271300000
761,16.883800000,0.304100000
762,16.061000000,0.270300000
763,16.872400000,0.481800000
764,16.980700000,0.544800000
765,16.124500000,0.595800000
766,17.058300000,0.683300000
767,18.018300000,0.708900000
768,14.756700000,0.327000000
769,18.617700000,2.057800000
770,16.297400000,1.211400000
771,15.499500000,0.196300000
772,17.230200000,0.524500000
773,15.774000000,0.354200000
774,16.903600000,0.511900000
775,17.628700000,1.202100000
776,15.612500000,0.251600000
777,17.083800000,0.779100000
778,16.833900000,0.399500000
779,17.460900000,1.839600000
780,16.137500000,0.726500000
781,15.781800000,0.445800000
782,16.847400000,0.459900000
783,17.120800000,0.723900000
784,15.578700000,0.268800000
785,16.820300000,0.503700000
786,17.208300000,0.663500000
787,22.972900000,0.819800000
788,13.681800000,4.248400000
789,12.583300000,0.248000000
790,17.528700000,0.193800000
791,17.260400000,0.168800000
792,15.853100000,0.504700000
793,17.853100000,1.524500000
794,15.705800000,0.353600000
795,17.536900000,0.187500000
796,15.798000000,0.427100000
797,19.406700000,0.190100000
798,13.789100000,0.456800000
799,16.932800000,0.594700000
800,16.983300000,0.562500000
801,15.654700000,0.251500000
802,16.721900000,0.330200000
803,18.779200000,0.446400000
804,17.725000000,0.179700000
805,13.846300000,0.529100000
806,16.543800000,0.238600000
807,17.580700000,1.246400000
808,16.287000000,0.954200000
809,16.099500000,0.577100000
810,16.710900000,0.290600000
811,17.015600000,0.552600000
812,16.549500000,0.233300000
813,16.621900000,0.256300000
814,16.718200000,0.332300000
815,16.664100000,0.263600000
816,16.703100000,0.283300000
817,17.078100000,0.728200000
818,15.722400000,0.396800000
819,24.498500000,3.437500000
820,8.603100000,0.308300000
821,16.681700000,0.343300000
822,16.889100000,0.546800000
823,16.547900000,0.244700000
824,16.557800000,0.235500000
825,21.127600000,4.440600000
826,12.922400000,0.563500000
827,16.661500000,0.279200000
828,16.765100000,0.383900000
829,17.718200000,0.189000000
830,15.908400000,0.581800000
831,16.303100000,0.166100000
832,16.806800000,0.340700000
833,17.167100000,0.763000000
834,15.627700000,0.260400000
835,16.700500000,0.321400000
836,16.714600000,0.278200000
837,16.986400000,0.511900000
838,17.040100000,0.594200000
839,19.042700000,3.537000000
840,13.813600000,0.430800000
841,17.113500000,0.720800000
842,15.687000000,0.301600000
843,16.856800000,0.546400000
844,16.603100000,0.250000000
845,16.842700000,0.383900000
846,17.583300000,0.505200000
847,15.745900000,0.394800000
848,16.895800000,0.478600000
849,16.719800000,0.295800000
850,17.178100000,0.830200000
851,18.254700000,2.611400000
852,14.591100000,0.236000000
853,17.091700000,0.678100000
854,17.131300000,0.825000000
855,16.023400000,0.623900000
856,15.617200000,0.295900000
857,16.653100000,0.302100000
858,18.089600000,0.355700000
859,15.868700000,0.445300000
860,17.567200000,1.048900000
861,15.740100000,0.322900000
862,16.753700000,0.382900000
863,16.780200000,0.361000000
864,16.632300000,0.267200000
865,16.971900000,0.159900000
866,15.671300000,0.269200000
867,17.420300000,0.863000000
868,16.701600000,0.287000000
869,17.288500000,0.856700000
870,16.005200000,0.594300000
871,16.715100000,0.295800000
872,16.773000000,0.333400000
873,16.848400000,0.450000000
874,15.629700000,0.187500000
875,16.834400000,0.479700000
876,16.681700000,0.255700000
877,16.930200000,0.427100000
878,16.742700000,0.308900000
879,17.789600000,0.793700000
880,15.930800000,0.558300000
881,16.101000000,0.639600000
882,16.769300000,0.401100000
883,16.519200000,0.201600000
884,16.609900000,0.266600000
885,16.802600000,0.296800000
886,16.560500000,0.231300000
887,17.287500000,0.195900000
888,16.397900000,0.206800000
889,18.237000000,0.209800000
890,15.131200000,0.699500000
891,19.574500000,0.606300000
892,14.945300000,1.130800000
893,18.529700000,1.703600000
894,13.964600000,0.545300000
895,15.596800000,0.240600000
896,16.863600000,0.539100000
897,16.929700000,0.459900000
898,16.706700000,0.318700000
899,16.985500000,0.349000000
900,17.044200000,0.592200000
901,15.603700000,0.271900000
902,17.389000000,0.977100000
903,17.167700000,0.774500000
904,15.722400000,0.405800000
905,18.016200000,1.041700000
906,15.745800000,0.388500000
907,16.885400000,0.478100000
908,15.831800000,0.534300000
909,16.862500000,0.499000000
910,16.854700000,0.320300000
911,16.977100000,0.474500000
912,16.767200000,0.369800000
913,15.720300000,0.355200000
914,16.664000000,0.295900000
915,16.700000000,0.304100000
916,16.889100000,0.495800000
917,17.192700000,0.711400000
918,16.550000000,0.153100000
919,16.644300000,0.274500000
920,17.071900000,0.537500000
921,16.183800000,0.152600000
922,17.177100000,0.808800000
923,15.724500000,0.291700000
924,16.587500000,0.243200000
925,16.748900000,0.295800000
926,16.849500000,0.436500000
927,17.115600000,0.699400000
928,16.937500000,0.377600000
929,15.849500000,0.324400000
930,16.700000000,0.219800000
931,16.727100000,0.303700000
932,17.396900000,1.032800000
933,15.909900000,0.282800000
934,17.001500000,0.135400000
935,17.241700000,0.796400000
936,15.809400000,0.333900000
937,17.135900000,0.752100000
938,16.660400000,0.285900000
939,16.707800000,0.284900000
940,16.805200000,0.165100000
941,15.799000000,0.317700000
942,16.659400000,0.238500000
943,17.578100000,0.180700000
944,16.295300000,0.217700000
945,16.565100000,0.234400000
946,16.678700000,0.355700000
947,16.816600000,0.376100000
948,16.932800000,0.546800000
949,15.891700000,0.500500000
950,16.888600000,0.513600000
951,17.646300000,1.156300000
952,16.078100000,0.667200000
953,16.584900000,0.245300000
954,17.094800000,0.712500000
955,15.956300000,0.313500000
956,16.813500000,0.376000000
957,16.779700000,0.416600000
958,17.232800000,0.801500000
959,15.609400000,0.113000000
960,16.676600000,0.158900000
961,17.010900000,0.261000000
962,16.589600000,0.260400000
963,20.044800000,0.242700000
964,14.925500000,0.261500000
965,14.713500000,0.193700000
966,17.019800000,0.668800000
967,16.646900000,0.288100000
968,16.558800000,0.250000000
969,16.786500000,0.424500000
970,16.867700000,0.516100000
971,17.034900000,0.566100000
972,17.587500000,2.033300000
973,18.450000000,3.875500000
974,13.690100000,0.253700000
975,16.459900000,0.160900000
976,16.967700000,0.661400000
977,15.968200000,0.583900000
978,17.036500000,0.639600000
979,16.842700000,0.261400000
980,16.981800000,0.553600000
981,15.913000000,0.215600000
982,16.780200000,0.448400000
983,16.728700000,0.325000000
984,16.944200000,0.486500000
985,16.859400000,0.493200000
986,16.221900000,0.165600000
987,16.773400000,0.344200000
988,16.826100000,0.153700000
989,16.582300000,0.261900000
990,16.666600000,0.328600000
991,17.150000000,0.322900000
992,16.026600000,0.554700000
993,16.998900000,0.160500000
994,16.346400000,0.743800000
995,16.761500000,0.252600000
996,16.934800000,0.560500000
997,16.133400000,0.726600000
998,16.727100000,0.305800000
999,16.988500000,0.610900000
1000,16.904200000,0.530200000
1001,15.914600000,0.446900000
1002,16.802000000,0.355800000
1003,16.682300000,0.271300000
1004,16.786000000,0.376000000
1005,16.697900000,0.252600000
1006,17.017700000,0.625000000
1007,17.099000000,1.365100000
1008,16.227000000,0.159900000
1009,15.887000000,0.247400000
1010,20.216200000,2.674400000
1011,13.669800000,0.356800000
1012,17.242100000,0.918300000
1013,15.749500000,0.306200000
1014,16.694800000,0.302600000
1015,16.838600000,0.490100000
1016,16.896800000,0.525000000
1017,16.748500000,0.399000000
1018,15.610900000,0.231300000
1019,17.731800000,0.329200000
1020,16.968700000,0.526000000
1021,15.966200000,0.599000000
1022,16.751000000,0.241600000
1023,16.908900000,0.272900000
1024,16.593700000,0.244800000
1025,17.065600000,0.660400000
1026,15.676100000,0.291700000
1027,16.822900000,0.370800000
1028,16.986500000,0.390100000
1029,16.773900000,0.360900000
1030,16.911000000,0.153100000
1031,15.965100000,0.561500000
1032,16.578100000,0.137000000
1033,16.807800000,0.274400000
1034,16.670300000,0.281700000
1035,17.096900000,0.221300000
1036,17.035400000,0.177600000
1037,15.779200000,0.355800000
1038,17.948400000,1.295300000
1039,15.685900000,0.232800000
1040,16.739100000,0.255200000
1041,18.336500000,1.847400000
1042,14.845300000,0.493800000
1043,16.885900000,0.132300000
1044,17.013000000,0.168200000
1045,15.541200000,0.183900000
1046,16.735900000,0.314100000
1047,17.403700000,0.890700000
1048,16.905700000,0.226000000
1049,15.868700000,0.442200000
1050,16.914100000,0.438600000
1051,17.231300000,0.289600000
1052,15.811900000,0.367700000
1053,17.543300000,0.747900000
1054,15.826500000,0.333300000
1055,16.872400000,0.340100000
1056,17.030700000,0.478600000
1057,16.707900000,0.279200000
1058,16.942700000,0.589600000
1059,16.130700000,0.626100000
1060,17.131800000,0.315100000
1061,15.600500000,0.292200000
1062,17.607800000,0.231300000
1063,17.197400000,0.729700000
1064,16.025500000,0.574500000
1065,17.113000000,0.693200000
1066,16.171900000,0.629700000
1067,17.151600000,0.610500000
1068,15.660900000,0.267700000
1069,17.224000000,0.377100000
1070,16.635900000,0.269300000
1071,17.262000000,0.424500000
1072,15.885400000,0.544200000
1073,16.755700000,0.353600000
1074,16.883900000,0.466700000
1075,17.012500000,0.482800000
1076,15.993700000,0.377600000
1077,17.246400000,0.657300000
1078,15.956200000,0.417100000
1079,16.690100000,0.220800000
1080,17.113100000,0.257800000
1081,16.780200000,0.327100000
1082,15.727100000,0.330800000
1083,17.524400000,0.314100000
1084,16.691700000,0.208800000
1085,16.783300000,0.348400000
1086,16.015100000,0.581800000
1087,16.909400000,0.209300000
1088,16.697900000,0.295900000
1089,17.064600000,0.378100000
1090,15.899500000,0.443300000
1091,17.005200000,0.570300000
1092,17.129700000,0.765600000
1093,15.796900000,0.301000000
1094,18.594200000,1.938000000
1095,16.043800000,1.233800000
1096,16.609900000,1.042700000
1097,16.327600000,0.756800000
1098,15.872900000,0.492200000
1099,16.759400000,0.226600000
1100,17.248400000,0.863000000
1101,15.964600000,0.413000000
1102,17.559400000,1.178200000
1103,15.740100000,0.176600000
1104,17.007300000,0.628100000
1105,16.914000000,0.340600000
1106,16.676100000,0.244300000
1107,16.796300000,0.427000000
1108,15.567700000,0.233400000
1109,17.619300000,0.269800000
1110,16.759400000,0.322400000
1111,17.103600000,0.762000000
1112,16.417700000,0.920400000
1113,15.766200000,0.341100000
1114,16.633800000,0.274500000
1115,16.974000000,0.428600000
1116,17.220300000,0.234900000
1117,16.224500000,0.843700000
1118,19.621300000,0.235500000
1119,13.561500000,0.260400000
1120,16.755700000,0.416600000
1121,16.768800000,0.362500000
1122,16.736400000,0.318700000
1123,16.688600000,0.293800000
1124,17.381200000,0.538500000
1125,16.225600000,0.810900000
1126,15.867100000,0.387500000
1127,17.096900000,0.576000000
1128,17.018800000,0.153700000
1129,16.842200000,0.997900000
1130,16.014500000,0.576000000
1131,23.567200000,0.252000000
1132,14.236500000,3.352100000
1133,12.166600000,0.289600000
1134,16.939100000,0.591100000
1135,17.426600000,0.642700000
1136,16.846800000,0.885900000
1137,17.064600000,1.634800000
1138,14.563600000,0.226000000
1139,17.859300000,0.263000000
1140,15.662000000,0.284900000
1141,18.746900000,0.406300000
1142,15.638000000,0.283800000
1143,16.329200000,0.753700000
1144,16.851600000,0.416100000
1145,15.771800000,0.159900000
1146,16.695300000,0.314600000
1147,17.094800000,0.565100000
1148,17.600000000,0.608800000
1149,16.265700000,0.407800000
1150,15.738500000,0.278600000
1151,17.129700000,0.367700000
1152,16.811400000,0.376000000
1153,16.768300000,0.275000000
1154,15.926500000,0.506300000
1155,17.119300000,0.305200000
1156,16.595800000,0.248500000
1157,17.016700000,0.418200000
1158,15.883300000,0.398400000
1159,16.912000000,0.310900000
1160,16.766200000,0.371400000
1161,22.574400000,3.620800000
1162,12.026600000,0.141600000
1163,15.667200000,0.276100000
1164,16.813500000,0.505800000
1165,16.922400000,0.370800000
1166,15.836000000,0.355200000
1167,17.891600000,0.949400000
1168,15.968300000,0.546300000
1169,16.566100000,0.140700000
1170,16.660400000,0.345300000
1171,17.011500000,0.399000000
1172,15.571300000,0.254200000
1173,18.059900000,0.438600000
1174,24.190100000,8.875000000
1175,12.497400000,5.112500000
1176,12.429700000,0.107300000
1177,16.836000000,0.430800000
1178,16.793700000,0.403100000
1179,17.719800000,1.118700000
1180,15.716100000,0.248000000
1181,16.984900000,1.571800000
1182,15.758900000,0.303700000
1183,18.722400000,2.121900000
1184,16.139600000,1.679200000
1185,15.830700000,0.361500000
1186,15.776000000,0.313000000
1187,17.629200000,1.170800000
1188,17.124500000,1.467700000
1189,15.730200000,0.322400000
1190,17.327600000,0.835900000
1191,16.317200000,0.271300000
1192,15.741100000,0.376100000
1193,17.878700000,1.520300000
1194,15.802100000,0.433800000
1195,16.749400000,0.336000000
1196,16.958400000,0.477600000
1197,17.517200000,0.984400000
1198,15.735900000,0.368700000
1199,17.973400000,0.269800000
1200,14.813600000,0.386500000
1201,16.952600000,0.554200000
1202,16.716100000,0.339600000
1203,17.738600000,1.381800000
1204,15.758300000,0.384400000
1205,17.221900000,0.613000000
1206,15.730700000,0.330700000
1207,17.002100000,0.526500000
1208,16.547900000,0.221400000
1209,16.889100000,0.474000000
1210,17.009900000,0.166700000
1211,15.776000000,0.233800000
1212,17.403700000,0.261000000
1213,17.013500000,0.547400000
1214,15.624500000,0.285400000
1215,17.506200000,1.145800000
1216,16.021400000,0.580200000
1217,17.762000000,1.309400000
1218,16.662500000,1.266700000
1219,17.229700000,1.876600000
1220,14.673900000,0.226500000
1221,17.310400000,0.851000000
1222,16.584900000,0.262000000
1223,17.391700000,0.940600000
1224,15.829200000,0.357800000
1225,21.736400000,0.280700000
1226,13.995300000,0.238500000
1227,15.210400000,0.700000000
1228,15.554700000,0.233300000
1229,16.988100000,0.578100000
1230,16.860400000,0.514600000
1231,17.914600000,0.922900000
1232,14.686400000,0.269300000
1233,17.322400000,0.837500000
1234,17.052600000,0.532800000
1235,15.601100000,0.145900000
1236,17.628600000,1.193200000
1237,15.939600000,0.520800000
1238,16.710400000,0.279200000
1239,17.134900000,0.728100000
1240,16.619300000,0.242700000
1241,17.221800000,0.746400000
1242,15.595400000,0.270300000
1243,16.871800000,0.345300000
1244,16.697400000,0.341100000
1245,16.658900000,0.288500000
1246,16.788500000,0.368700000
1247,16.663000000,0.276600000
1248,16.926100000,0.527600000
1249,16.958800000,0.578600000
1250,15.699000000,0.254700000
1251,17.356800000,0.696400000
1252,16.797400000,0.408400000
1253,15.932300000,0.568800000
1254,17.054600000,0.657300000
1255,20.304700000,3.776000000
1256,18.062000000,0.154700000
1257,11.524000000,0.231800000
1258,16.632300000,0.320400000
1259,17.022900000,0.561000000
1260,16.747900000,0.399000000
1261,16.055700000,0.251000000
1262,16.579700000,0.133800000
1263,18.270300000,1.856200000
1264,16.135400000,0.277100000
1265,16.042700000,0.240600000
1266,16.861500000,0.464100000
1267,19.099000000,2.621400000
1268,15.514500000,0.547400000
1269,15.141700000,0.785400000
1270,17.070300000,0.650000000
1271,15.521400000,0.216200000
1272,17.802100000,0.492200000
1273,15.646800000,0.233800000
1274,16.761000000,0.444300000
1275,16.963500000,0.568200000
1276,16.987000000,0.495300000
1277,16.632800000,0.240100000
1278,17.509900000,0.458900000
1279,15.699500000,0.366100000
1280,16.647400000,0.306300000
1281,16.722400000,0.338000000
1282,16.929100000,0.552000000
1283,16.521900000,0.218700000
1284,16.684400000,0.293200000
1285,16.710400000,0.334400000
1286,16.497400000,0.195800000
1287,17.620300000,0.911900000
1288,15.657800000,0.373000000
1289,20.574500000,3.852100000
1290,15.069300000,1.151100000
1291,14.617700000,0.233300000
1292,16.796900000,0.449500000
1293,15.853600000,0.483300000
1294,17.126600000,0.740600000
1295,16.873900000,0.532300000
1296,16.820300000,0.464100000
1297,15.825600000,0.455300000
1298,17.963500000,1.241200000
1299,15.678600000,0.262500000
1300,16.750000000,0.311900000
1301,17.143800000,0.706300000
1302,16.019300000,0.421800000
1303,16.656200000,0.268700000
1304,17.928100000,0.681800000
1305,16.064100000,0.264000000
1306,15.529700000,0.188000000
1307,17.813000000,0.423400000
1308,15.829200000,0.369800000
1309,16.696300000,0.280300000
1310,16.892200000,0.451500000
1311,16.925500000,0.528600000
1312,16.701600000,0.325000000
1313,16.928100000,0.552600000
1314,16.151600000,0.167200000
1315,16.944300000,0.558900000
1316,17.021800000,0.188600000
1317,15.914600000,0.572400000
1318,17.119800000,0.758300000
1319,16.728100000,0.342200000
1320,16.874000000,0.374000000
1321,15.604200000,0.228700000
1322,17.342200000,0.708300000
1323,17.744200000,0.558300000
1324,15.615100000,0.281700000
1325,16.941200000,0.534400000
1326,16.675500000,0.747400000
1327,22.444300000,6.609900000
1328,11.018200000,0.677600000
1329,15.741100000,0.290600000
1330,16.654700000,0.265600000
1331,16.616700000,0.203100000
1332,16.649500000,0.267200000
1333,16.647900000,0.243200000
1334,16.728600000,0.272400000
1335,18.151100000,1.619800000
1336,15.900500000,0.593700000
1337,16.604700000,0.251000000
1338,17.202600000,0.783900000
1339,18.305700000,2.368200000
1340,13.441200000,0.107300000
1341,17.762500000,0.427600000
1342,16.601000000,0.221900000
1343,16.622400000,0.279100000
1344,16.678600000,0.278600000
1345,17.238600000,0.915600000
1346,16.202100000,0.747400000
1347,17.242700000,0.856800000
1348,16.331800000,0.819800000
1349,15.720300000,0.263100000
1350,17.223400000,0.810900000
1351,16.853100000,0.338000000
1352,22.554200000,5.333900000
1353,12.638000000,1.903600000
1354,14.804700000,0.484300000
1355,16.899500000,0.556300000
1356,15.998900000,0.638600000
1357,17.169800000,0.534900000
1358,15.806800000,0.329700000
1359,17.246900000,0.856800000
1360,17.301000000,0.386400000
1361,15.697400000,0.270800000
1362,16.697900000,0.215100000
1363,16.712000000,0.260900000
1364,16.859900000,0.219800000
1365,16.692700000,0.349400000
1366,16.953700000,0.558400000
1367,16.920800000,0.351600000
1368,15.931800000,0.486500000
1369,16.697400000,0.286000000
1370,17.076500000,0.635400000
1371,16.968800000,0.576600000
1372,15.771800000,0.399400000
1373,16.757900000,0.332800000
1374,17.419800000,0.934300000
1375,15.840600000,0.496400000
1376,18.781700000,0.968800000
1377,15.217800000,0.275600000
1378,21.108800000,5.704100000
1379,11.886500000,0.378700000
1380,16.658300000,0.244800000
1381,16.659900000,0.231200000
1382,18.371900000,0.617700000
1383,14.518700000,0.229700000
1384,17.051600000,0.378100000
1385,17.994800000,0.561500000
1386,15.730700000,0.323400000
1387,15.922400000,0.507800000
1388,20.662000000,1.020400000
1389,12.858800000,0.509400000
1390,17.612500000,0.616700000
1391,15.557800000,0.215700000
1392,21.030800000,4.621900000
1393,12.591100000,0.204100000
1394,16.616200000,0.228100000
1395,16.638500000,0.258800000
1396,17.619800000,1.037000000
1397,15.933900000,0.523500000
1398,16.675500000,0.285400000
1399,17.008300000,0.610400000
1400,15.845300000,0.354100000
1401,16.877600000,0.242700000
1402,16.634400000,0.229700000
1403,17.053600000,0.443200000
1404,17.329700000,0.883800000
1405,15.798000000,0.256200000
1406,16.604600000,0.270800000
1407,16.582900000,0.252100000
1408,16.835900000,0.472400000
1409,16.843200000,0.371800000
1410,16.962500000,0.517700000
1411,15.936500000,0.435400000
1412,16.838000000,0.489600000
1413,16.629200000,0.211500000
1414,17.895800000,1.453700000
1415,15.752600000,0.327100000
1416,18.049500000,0.450000000
1417,14.945300000,0.557800000
1418,16.622400000,0.286400000
1419,16.608300000,0.242700000
1420,16.928100000,0.503600000
1421,17.092800000,0.700000000
1422,17.339500000,0.315600000
1423,16.009900000,0.626000000
1424,15.682300000,0.274400000
1425,17.479700000,0.838000000
1426,17.267200000,0.793800000
1427,20.135900000,4.693800000
1428,12.941200000,1.306300000
1429,16.232300000,0.133900000
1430,25.614600000,2.146400000
1431,13.382800000,3.180200000
1432,11.968700000,1.565600000
1433,16.588600000,0.968200000
1434,16.266600000,0.856800000
1435,15.887000000,0.508800000
1436,18.281300000,1.763000000
1437,14.821300000,0.200600000
1438,16.684400000,0.335500000
1439,16.654700000,0.216200000
1440,16.958300000,0.511500000
1441,16.765600000,0.423900000
1442,16.814600000,0.390100000
1443,16.888600000,0.240100000
1444,15.505700000,0.208300000
1445,17.589600000,0.227600000
1446,17.347900000,0.995300000
1447,16.041100000,0.583300000
1448,18.029200000,1.652100000
1449,14.759400000,0.371400000
1450,16.576500000,0.230200000
1451,16.782800000,0.292700000
1452,16.677100000,0.275000000
1453,16.693300000,0.271900000
1454,16.909900000,0.499000000
1455,16.683800000,0.300500000
1456,17.305200000,0.456700000
1457,15.693800000,0.279200000
1458,17.044800000,0.668800000
1459,16.756200000,0.347400000
1460,18.305700000,1.553600000
1461,24.258400000,9.553200000
1462,13.032300000,4.746300000
1463,11.074400000,0.675500000
1464,16.786500000,0.455700000
1465,16.834900000,0.479700000
1466,15.795300000,0.417200000
1467,17.392200000,0.462500000
1468,17.039100000,0.655200000
1469,15.828600000,0.437000000
1470,16.825000000,0.418200000
1471,16.650000000,0.250500000
1472,19.379700000,2.458900000
1473,13.903100000,0.398900000
1474,18.236000000,1.929700000
1475,15.155200000,0.822400000
1476,17.064000000,0.630200000
1477,15.925500000,0.370300000
1478,16.832900000,0.394300000
1479,17.456200000,0.367200000
1480,15.782300000,0.365600000
1481,17.158900000,0.737500000
1482,16.647900000,0.231800000
1483,16.668700000,0.249400000
1484,16.961000000,0.151600000
1485,15.692700000,0.320900000
1486,18.729700000,1.180200000
1487,14.911400000,0.365600000
1488,16.717200000,0.307300000
1489,16.810900000,0.403600000
1490,16.629700000,0.246300000
1491,17.621400000,1.754700000
1492,15.775500000,0.448400000
1493,16.575000000,0.221800000
1494,18.176600000,1.646900000
1495,14.627600000,0.224500000
1496,16.673400000,0.306200000
1497,16.509400000,0.218200000
1498,17.500000000,0.110400000
1499,17.137000000,0.279700000
1500,15.851000000,0.389100000
1501,16.738000000,0.323400000
1502,16.784400000,0.319800000
1503,16.946900000,0.408900000
1504,16.683800000,0.269700000
1505,16.743800000,0.344800000
1506,16.824500000,0.232300000
1507,17.172900000,1.853100000
1508,15.648400000,0.296400000
1509,16.669300000,0.294300000
1510,17.385900000,1.007300000
1511,15.875000000,0.414100000
1512,17.006300000,0.550000000
1513,16.764600000,0.424000000
1514,17.168200000,0.550500000
1515,15.622900000,0.287500000
1516,17.803100000,1.360900000
1517,15.943300000,0.597400000
1518,16.718200000,0.324500000
1519,16.948400000,0.496300000
1520,15.727600000,0.323900000
1521,16.872900000,0.494800000
1522,17.554700000,1.180200000
1523,17.499000000,1.884400000
1524,14.706200000,0.309900000
1525,16.509900000,0.210400000
1526,17.237500000,0.784900000
1527,17.075600000,0.686400000
1528,15.735400000,0.155200000
1529,16.802600000,0.324500000
1530,17.493200000,0.652600000
1531,15.854700000,0.483800000
1532,16.742200000,0.382300000
1533,16.770300000,0.404200000
1534,16.592200000,0.217700000
1535,16.793700000,0.251500000
1536,19.892700000,3.459900000
1537,13.521900000,0.203600000
1538,16.786500000,0.437500000
1539,16.597400000,0.215600000
1540,16.982800000,0.506300000
1541,17.131700000,0.669700000
1542,15.804700000,0.338000000
1543,16.853200000,0.347400000
1544,17.093700000,0.714600000
1545,17.012000000,0.342200000
1546,18.189600000,2.741100000
1547,13.543200000,0.248900000
1548,17.610900000,0.175000000
1549,16.579700000,0.201500000
1550,16.691200000,0.287500000
1551,17.309300000,0.919200000
1552,15.731300000,0.325500000
1553,16.831200000,0.372400000
1554,17.815700000,1.383900000
1555,16.789000000,0.755800000
1556,15.941700000,0.322400000
1557,16.030700000,0.631700000
1558,16.746900000,0.312000000
1559,17.139100000,0.796400000
1560,15.920800000,0.319800000
1561,16.911500000,0.489100000
1562,17.441600000,0.867700000
1563,15.663000000,0.259900000
1564,17.040200000,0.560400000
1565,16.975000000,0.531200000
1566,15.585400000,0.217700000
1567,17.671800000,0.297400000
1568,18.413600000,0.205700000
1569,14.655700000,0.310900000
1570,17.885400000,0.965100000
1571,16.402100000,0.811500000
1572,15.820300000,0.452000000
1573,16.587000000,0.250000000
1574,16.741200000,0.308300000
1575,17.268200000,0.321900000
1576,18.500000000,2.848900000
1577,13.866100000,0.441700000
1578,16.506800000,0.189000000
1579,16.694300000,0.377600000
1580,16.539600000,0.229700000
1581,16.781700000,0.393200000
1582,16.687500000,0.235400000
1583,17.023500000,0.304200000
1584,16.686400000,0.249500000
1585,21.085400000,4.131200000
1586,12.038100000,0.230800000
1587,16.993700000,0.641100000
1588,16.635400000,0.136400000
1589,16.577100000,0.248400000
1590,16.894800000,0.270300000
1591,16.579200000,0.228700000
1592,16.625500000,0.275000000
1593,16.853600000,0.480700000
1594,15.911500000,0.274000000
1595,16.820300000,0.366100000
1596,16.715600000,0.376000000
1597,16.827600000,0.169700000
1598,16.743800000,0.287000000
1599,16.658800000,0.254700000
1600,16.675000000,0.314100000
1601,16.651100000,0.257300000
1602,16.732300000,0.260400000
1603,16.972400000,0.557300000
1604,16.233300000,0.415700000
1605,17.067200000,0.712500000
1606,15.773400000,0.431200000
1607,16.788600000,0.412500000
1608,17.617700000,0.571800000
1609,15.804700000,0.348400000
1610,16.700500000,0.251600000
1611,18.118200000,0.351600000
1612,16.816700000,0.355800000
1613,16.007300000,0.579700000
1614,16.321800000,0.319800000
1615,16.927100000,0.521400000
1616,16.390700000,0.221900000
1617,16.834300000,0.475500000
1618,17.788000000,0.260500000
1619,15.046400000,0.521400000
1620,16.839600000,0.338000000
1621,16.725500000,0.338000000
1622,16.757800000,0.362500000
1623,16.580200000,0.245300000
1624,16.976600000,0.196800000
1625,16.058800000,0.495400000
1626,16.891700000,0.516600000
1627,17.132800000,0.699500000
1628,16.066200000,0.626600000
1629,17.679700000,0.229700000
1630,32.266600000,12.970300000
1631,7.574500000,7.332900000
1632,13.522900000,3.106200000
1633,13.678100000,0.283400000
1634,18.365100000,1.758800000
1635,14.568300000,0.224000000
1636,16.646300000,0.288500000
1637,17.226100000,0.830200000
1638,16.684900000,0.292200000
1639,16.673400000,0.285400000
1640,17.126000000,0.560400000
1641,16.771900000,1.320300000
1642,15.899500000,0.178100000
1643,16.517200000,0.222400000
1644,16.674500000,0.230200000
1645,21.025000000,4.445300000
1646,12.764000000,0.201000000
1647,15.781300000,0.309900000
1648,17.069300000,0.267700000
1649,16.625500000,0.265600000
1650,16.826500000,0.317200000
1651,17.007300000,0.589100000
1652,15.745300000,0.333400000
1653,17.241700000,0.857800000
1654,16.718200000,0.300000000
1655,16.773000000,0.320800000
1656,16.910400000,0.408400000
1657,15.952600000,0.511900000
1658,17.035400000,0.645300000
1659,16.812500000,0.289600000
1660,16.808300000,0.378600000
1661,16.923500000,1.047400000
1662,15.969200000,0.630200000
1663,16.857300000,0.496800000
1664,17.190600000,0.750000000
1665,15.748000000,0.281300000
1666,17.046800000,0.644300000
1667,17.448000000,0.616200000
1668,15.658300000,0.250000000
1669,16.784900000,0.384900000
1670,17.396300000,0.919800000
1671,16.024000000,0.488000000
1672,16.791100000,0.350000000
1673,17.057900000,0.636500000
1674,15.678100000,0.278600000
1675,16.888000000,0.495800000
1676,17.168200000,0.759300000
1677,16.554200000,0.225500000
1678,16.598400000,0.241700000
1679,16.839100000,0.454200000
1680,16.896400000,0.487500000
1681,15.713000000,0.317700000
1682,16.843200000,0.223900000
1683,17.793200000,1.337500000
1684,15.101600000,0.264000000
1685,17.807300000,0.445800000
1686,15.657300000,0.222900000
1687,16.618700000,0.249000000
1688,17.426100000,0.992700000
1689,16.895800000,0.569300000
1690,15.918800000,0.284900000
1691,16.828100000,0.464100000
1692,16.880200000,0.405700000
1693,16.918700000,0.233900000
1694,18.262000000,1.725000000
1695,14.722900000,0.262000000
1696,17.728200000,1.240700000
1697,15.916100000,0.520900000
1698,16.821400000,0.284900000
1699,15.669700000,0.278100000
1700,16.765700000,0.319800000
1701,16.796300000,0.458300000
1702,16.690100000,0.318700000
1703,16.737000000,0.303100000
1704,16.787500000,0.417700000
1705,16.610900000,0.246900000
1706,17.778200000,0.792700000
1707,15.774500000,0.436900000
1708,16.821800000,0.437000000
1709,17.441700000,0.828700000
1710,15.463000000,0.141600000
1711,16.917200000,0.506300000
1712,16.810400000,0.345300000
1713,16.858400000,0.445900000
1714,17.596300000,1.026100000
1715,15.953700000,0.545800000
1716,16.351000000,0.930200000
1717,16.550500000,0.226100000
1718,16.527600000,0.223900000
1719,16.821400000,0.530800000
1720,19.821300000,2.821400000
1721,13.688600000,0.169800000
1722,17.241100000,0.530700000
1723,15.665600000,0.272900000
1724,17.148000000,0.726000000
1725,16.141600000,0.788000000
1726,17.915100000,1.518200000
1727,15.709900000,0.328100000
1728,16.807300000,0.312000000
1729,16.470300000,0.181300000
1730,16.624500000,0.275500000
1731,16.883900000,0.481200000
1732,16.937500000,0.218700000
1733,16.353100000,0.209400000
1734,16.820800000,0.391100000
1735,16.482800000,0.539500000
1736,16.668300000,0.281300000
1737,16.754600000,0.159900000
1738,18.531800000,2.030800000
1739,15.217200000,0.802100000
1740,16.145800000,0.742800000
1741,17.003700000,0.177600000
1742,15.595800000,0.301600000
1743,17.546900000,1.061400000
1744,18.013000000,1.462500000
1745,14.721900000,0.407300000
1746,16.744300000,0.305200000
1747,16.905200000,0.241200000
1748,16.691100000,0.306700000
1749,16.679200000,0.338500000
1750,16.638500000,0.284400000
1751,16.883900000,0.413500000
1752,16.793200000,0.406200000
1753,16.158300000,0.742200000
1754,17.182300000,0.747400000
1755,18.061000000,0.211500000
1756,14.518200000,0.185900000
1757,16.527600000,0.215600000
1758,17.001600000,0.402000000
1759,16.685400000,0.314600000
1760,16.709900000,0.309900000
1761,16.868200000,0.470300000
1762,17.095300000,0.672400000
1763,16.254700000,0.432300000
1764,16.745800000,0.323900000
1765,16.988600000,0.459900000
1766,16.652100000,0.141200000
1767,16.597900000,0.420900000
1768,15.967200000,0.453700000
1769,17.145800000,0.577600000
1770,17.264600000,0.507300000
1771,15.526000000,0.176100000
1772,18.002600000,0.225600000
1773,16.045900000,0.617700000
1774,15.973400000,0.340100000
1775,16.687500000,0.242200000
1776,16.668200000,0.295300000
1777,16.844800000,0.452600000
1778,21.672400000,4.489500000
1779,11.854700000,0.147900000
1780,16.593200000,0.217200000
1781,16.790100000,0.244800000
1782,17.067700000,0.594200000
1783,16.454700000,1.014000000
1784,16.907300000,0.350500000
1785,15.882800000,0.401500000
1786,16.758900000,0.330700000
1787,18.420800000,1.617200000
1788,14.766700000,0.256800000
1789,16.791100000,0.427000000
1790,16.884400000,0.455200000
1791,19.070800000,0.284300000
1792,21.848500000,3.556300000
1793,21.516100000,12.877600000
1794,16.764600000,12.881800000
1795,17.186000000,11.663100000
1796,7.949400000,4.340100000
1797,11.458400000,0.094800000
1798,17.599400000,0.126600000
1799,16.562500000,0.223000000
1800,17.532300000,0.366700000
1801,15.789100000,0.393200000
1802,16.916100000,0.574500000
1803,16.876600000,0.311400000
1804,15.859400000,0.439100000
1805,16.753600000,0.334400000
1806,17.312000000,0.285400000
1807,15.733900000,0.312500000
1808,17.663000000,0.135400000
1809,17.275500000,1.894300000
1810,15.950500000,0.533900000
1811,16.835400000,0.391700000
1812,15.651100000,0.299000000
1813,16.696300000,0.264600000
1814,17.205200000,0.708400000
1815,17.336500000,0.195800000
1816,15.987500000,0.176600000
1817,16.751600000,0.387500000
1818,17.526000000,0.313000000
1819,15.634900000,0.304200000
1820,16.966700000,0.579200000
1821,16.953100000,0.409900000
1822,15.712500000,0.297400000
1823,17.158300000,0.773900000
1824,16.741700000,0.238500000
1825,16.760900000,0.316100000
1826,16.697900000,0.274500000
1827,16.564600000,0.231200000
1828,16.882800000,0.213000000
1829,15.521400000,0.197400000
1830,17.987500000,0.346400000
1831,15.871400000,0.438100000
1832,17.272300000,0.651600000
1833,15.757900000,0.413000000
1834,17.500000000,0.952100000
1835,16.760400000,0.290100000
1836,16.390100000,0.951600000
1837,16.729700000,0.317700000
1838,16.938000000,0.464100000
1839,15.791700000,0.379700000
1840,17.116100000,0.599500000
1841,16.802600000,0.381200000
1842,16.653700000,0.231800000
1843,17.316600000,0.804700000
1844,16.113600000,0.663600000
1845,16.893200000,0.476600000
1846,16.559400000,0.604200000
1847,15.796800000,0.360900000
1848,17.567700000,0.290700000
1849,15.850000000,0.367200000
1850,16.778700000,0.272900000
1851,16.850500000,0.312500000
1852,17.066200000,0.242800000
1853,16.973400000,0.594800000
1854,15.788500000,0.351500000
1855,16.656800000,0.255200000
1856,17.286500000,0.850000000
1857,16.794800000,0.435400000
1858,15.685900000,0.268200000
1859,16.675500000,0.297400000
1860,16.986000000,0.631800000
1861,16.793200000,0.441600000
1862,17.198400000,0.255700000
1863,15.739600000,0.357800000
1864,18.456800000,0.336000000
1865,15.733300000,0.315600000
1866,15.622400000,0.245900000
1867,16.727600000,0.319200000
1868,16.528700000,0.125000000
1869,18.351500000,0.186900000
1870,17.643200000,2.226600000
1871,14.770900000,0.431200000
1872,16.907800000,0.339600000
1873,16.516700000,0.239100000
1874,17.664000000,0.268200000
1875,15.686500000,0.286500000
1876,19.797400000,0.281800000
1877,13.683800000,0.309300000
1878,16.733400000,0.387000000
1879,15.499400000,0.198500000
1880,18.297400000,0.356800000
1881,15.720900000,0.303100000
1882,17.896800000,0.829700000
1883,15.974000000,0.607300000
1884,15.930200000,0.539600000
1885,17.446900000,0.795800000
1886,17.747400000,1.285900000
1887,14.786400000,0.283900000
1888,18.225600000,1.324400000
1889,18.509300000,2.677100000
1890,13.940100000,0.604700000
1891,15.876600000,0.455200000
1892,16.844800000,0.456800000
1893,16.631200000,0.222900000
1894,17.226100000,0.554200000
1895,16.665100000,0.299500000
1896,17.343200000,0.328200000
1897,15.649500000,0.308300000
1898,17.167700000,0.715100000
1899,15.687500000,0.296300000
1900,19.654700000,2.013600000
1901,13.960900000,0.579200000
1902,17.334400000,0.151000000
1903,16.044800000,0.674500000
1904,17.825000000,1.457800000
1905,15.826000000,0.395400000
1906,18.258900000,0.257300000
1907,14.854200000,0.462000000
1908,17.392700000,0.278700000
1909,15.674500000,0.277600000
1910,16.522900000,0.144800000
1911,16.788500000,0.359900000
1912,17.332300000,0.210900000
1913,16.575000000,0.238000000
1914,18.055700000,0.949000000
1915,14.779700000,0.335900000
1916,17.353700000,0.968800000
1917,16.588500000,0.246900000
1918,18.375000000,1.932300000
1919,14.716700000,0.335400000
1920,17.266600000,0.293700000
1921,15.752600000,0.309900000
1922,17.762500000,1.379100000
1923,15.686500000,0.236400000
1924,16.907300000,0.575000000
1925,16.557300000,0.225500000
1926,17.480700000,0.781200000
1927,15.894300000,0.465600000
1928,17.011400000,0.508800000
1929,16.776600000,0.360900000
1930,16.491700000,1.058300000
1931,16.656200000,0.277600000
1932,16.922900000,0.499000000
1933,15.897400000,0.544300000
1934,16.637500000,0.253700000
1935,16.761500000,0.377100000
1936,17.011500000,0.675600000
1937,16.846300000,0.495800000
1938,16.799500000,0.296900000
1939,16.036400000,0.635900000
1940,17.450600000,1.137500000
1941,15.914500000,0.417200000
1942,17.661500000,1.313600000
1943,15.974500000,0.568300000
1944,17.246900000,0.577100000
1945,15.733300000,0.273900000
1946,18.343700000,1.857300000
1947,18.273000000,1.315600000
1948,13.504100000,0.120900000
1949,16.603200000,0.271900000
1950,17.970800000,0.583900000
1951,15.667200000,0.257300000
1952,17.808300000,0.630200000
1953,15.941700000,0.374000000
1954,16.202600000,0.583800000
1955,16.634400000,0.280200000
1956,16.701000000,0.388500000
1957,16.746300000,0.343700000
1958,18.534400000,0.269800000
1959,14.936500000,0.156200000
1960,15.722900000,0.380200000
1961,16.911500000,0.520300000
1962,16.711900000,0.290200000
1963,16.793300000,0.372400000
1964,16.839500000,0.315100000
1965,16.895900000,0.474500000
1966,16.772900000,0.431800000
1967,16.756800000,0.373500000
1968,15.555700000,0.235400000
1969,17.632300000,0.255700000
1970,17.376000000,0.391100000
1971,16.097900000,0.652600000
1972,15.888600000,0.466700000
1973,16.775000000,0.336000000
1974,16.512000000,0.203100000
1975,16.640600000,0.272400000
1976,16.824000000,0.275000000
1977,17.594200000,0.340600000
1978,15.994800000,0.529700000
1979,16.807300000,0.333300000
1980,17.192700000,0.802600000
1981,15.590100000,0.249000000
1982,16.652600000,0.245800000
1983,17.190600000,0.321400000
1984,18.069800000,1.584400000
1985,14.855200000,0.472400000
1986,16.553200000,0.200000000
1987,16.689000000,0.344200000
1988,17.232800000,0.913100000
1989,17.365200000,0.459800000
1990,15.746800000,0.334400000
1991,16.795900000,0.395900000
1992,16.886400000,0.517200000
1993,16.698500000,0.314600000
1994,17.973900000,1.511500000
1995,15.134400000,0.583900000
1996,17.003600000,0.615100000
1997,15.580200000,0.237500000
1998,17.913600000,0.241100000
1999,15.970300000,0.510400000
2000,16.826600000,0.450000000
2001,17.057300000,0.681300000
2002,15.929600000,0.605300000
2003,16.971400000,0.511000000
2004,16.868700000,0.383300000
2005,21.439100000,0.256200000
2006,11.601600000,0.244800000
2007,16.976500000,0.557300000
2008,16.995300000,0.634400000
2009,16.283900000,0.227600000
2010,18.098400000,1.691600000
2011,15.564100000,0.487000000
2012,15.796900000,0.451600000
2013,16.578100000,0.210400000
2014,16.592200000,0.237500000
2015,16.625500000,0.182800000
2016,17.010900000,0.673500000
2017,17.025600000,0.660400000
2018,17.453600000,1.057300000
2019,15.631800000,0.247900000
2020,16.654700000,0.274000000
2021,16.726000000,0.299500000
2022,17.806300000,0.564600000
2023,19.164500000,3.413000000
2024,12.920400000,0.322900000
2025,16.509300000,0.192100000
2026,16.730800000,0.194800000
2027,18.123400000,0.550500000
2028,15.755700000,0.268200000
2029,17.658400000,0.877100000
2030,15.897900000,0.424500000
2031,15.809900000,0.450500000
2032,16.687500000,0.295300000
2033,17.213500000,0.725000000
2034,17.110400000,0.690600000
2035,15.494300000,0.246400000
2036,16.879700000,0.416700000
2037,16.675000000,0.256200000
2038,16.923400000,0.513000000
2039,16.892700000,0.531300000
2040,16.647400000,0.289100000
2041,16.657800000,0.236900000
2042,17.118800000,0.574500000
2043,15.750500000,0.315100000
2044,17.114600000,0.660400000
2045,16.884400000,0.515600000
2046,15.639600000,0.295300000
2047,17.852000000,0.428100000
2048,15.687500000,0.312000000
2049,17.318800000,0.290600000
2050,16.723900000,0.317700000
2051,16.971400000,0.528600000
2052,15.763000000,0.313000000
2053,17.017700000,0.271300000
2054,16.895300000,0.416100000
2055,16.736000000,0.285900000
2056,16.626000000,0.251000000
2057,16.772400000,0.330200000
2058,15.993800000,0.613100000
2059,19.284300000,2.052600000
2060,14.989100000,0.588500000
2061,16.008300000,0.128700000
2062,16.791200000,0.433300000
2063,17.042200000,0.610900000
2064,15.956700000,0.504200000
2065,16.709400000,0.285900000
2066,19.084900000,2.726600000
2067,15.986000000,0.262000000
2068,15.350000000,0.419300000
2069,16.545300000,0.230200000
2070,16.579700000,0.211500000
2071,16.829100000,0.383300000
2072,19.670300000,0.760400000
2073,12.852100000,0.327700000
2074,16.940100000,0.626500000
2075,17.214600000,0.535400000
2076,16.668800000,0.344300000
2077,16.766600000,0.273400000
2078,17.008400000,0.550600000
2079,15.566100000,0.216600000
2080,17.038500000,0.662500000
2081,16.603700000,0.233900000
2082,16.666100000,0.306700000
2083,16.742200000,0.332800000
2084,16.883400000,0.429200000
2085,17.247900000,0.838600000
2086,15.579100000,0.262500000
2087,17.311500000,0.331700000
2088,17.139600000,0.841700000
2089,15.926500000,0.527600000
2090,16.811500000,0.488500000
2091,16.572400000,0.241100000
2092,16.898400000,0.561000000
2093,17.030200000,0.644800000
2094,15.598500000,0.276600000
2095,16.986400000,0.560900000
2096,17.086500000,0.635900000
2097,16.930700000,0.492200000
2098,15.810400000,0.380200000
2099,17.128200000,0.375600000
2100,16.678100000,0.309400000
2101,18.188500000,1.764000000
2102,15.116700000,0.758300000
2103,16.529700000,0.200000000
2104,16.658300000,0.343700000
2105,17.320300000,0.184300000
2106,15.814600000,0.453600000
2107,18.295300000,1.849500000
2108,14.908400000,0.543200000
2109,19.974400000,1.552100000
2110,13.698000000,0.331700000
2111,16.776500000,0.256700000
2112,16.929200000,0.537000000
2113,15.643700000,0.258300000
2114,17.099000000,0.724500000
2115,16.753100000,0.269300000
2116,16.874500000,0.526000000
2117,18.377100000,1.925500000
2118,14.657800000,0.255200000
2119,17.399500000,0.269300000
2120,15.691600000,0.270400000
2121,18.563600000,2.130200000
2122,14.813000000,0.422900000
2123,16.559900000,0.221300000
2124,16.564600000,0.228600000
2125,19.618700000,3.197900000
2126,13.863100000,0.478600000
2127,16.626500000,0.295800000
2128,16.767700000,0.413000000
2129,16.570900000,0.236500000
2130,17.748400000,1.254200000
2131,17.277600000,1.809400000
2132,15.590600000,0.263500000
2133,16.726600000,0.245300000
2134,19.335900000,2.943700000
2135,14.018300000,0.152000000
2136,16.684800000,0.266600000
2137,16.671400000,0.326500000
2138,16.804200000,0.244700000
2139,18.302100000,2.318700000
2140,14.581200000,0.229700000
2141,16.772900000,0.445800000
2142,16.776100000,0.377100000
2143,22.516600000,0.200000000
2144,17.021400000,6.516200000
2145,17.175500000,5.401000000
2146,19.465100000,5.190600000
2147,15.314600000,5.527100000
2148,23.053600000,10.648400000
2149,12.760500000,11.099500000
2150,11.382800000,6.108900000
2151,11.893700000,1.557800000
2152,15.544800000,0.193700000
2153,16.823400000,0.427100000
2154,16.628200000,0.284900000
2155,16.577600000,0.265600000
2156,17.311400000,0.688000000
2157,16.647900000,0.142200000
2158,16.902100000,0.487500000
2159,16.333400000,0.711000000
2160,16.696800000,0.313500000
2161,16.864600000,0.421300000
2162,15.902600000,0.511400000
2163,17.821400000,1.410400000
2164,15.737500000,0.378600000
2165,16.679700000,0.312000000
2166,16.712500000,0.368300000
2167,16.669800000,0.280800000
2168,16.798900000,0.481300000
2169,16.649500000,0.262500000
2170,16.891100000,0.503200000
2171,17.677600000,1.095300000
2172,16.024500000,0.581200000
2173,15.844300000,0.152100000
2174,21.372900000,1.697400000
2175,11.594300000,0.245800000
2176,16.689000000,0.406800000
2177,16.779200000,0.353100000
2178,16.708900000,0.261500000
2179,16.715600000,0.256700000
2180,16.849000000,0.480800000
2181,16.696300000,0.189600000
2182,16.711500000,0.391700000
2183,16.751000000,0.426000000
2184,16.716700000,0.312500000
2185,16.685900000,0.305200000
2186,16.518800000,0.217700000
2187,17.155200000,0.620800000
2188,15.638000000,0.304700000
2189,24.958300000,0.324000000
2190,12.556800000,3.635400000
2191,12.799000000,0.473500000
2192,17.227600000,0.748500000
2193,18.917100000,2.569200000
2194,16.394300000,2.771900000
2195,14.765600000,0.403200000
2196,17.350600000,0.838600000
2197,15.580700000,0.232800000
2198,16.897400000,0.536500000
2199,16.759900000,0.270800000
2200,16.870800000,0.454200000
2201,16.190100000,0.814000000
2202,16.793800000,0.441700000
2203,16.800000000,0.328600000
2204,16.666600000,0.203700000
2205,18.609900000,2.210400000
2206,14.732800000,0.337500000
2207,16.719800000,0.395400000
2208,17.209400000,0.690600000
2209,15.742700000,0.311400000
2210,17.208400000,0.384800000
2211,15.711400000,0.312500000
2212,16.617700000,0.284300000
2213,17.086500000,0.614600000
2214,17.068200000,0.535900000
2215,17.870800000,1.473400000
2216,14.682300000,0.295800000
2217,16.887500000,0.504700000
2218,16.947400000,0.483300000
2219,16.769800000,0.369300000
2220,25.083400000,6.130200000
2221,9.880700000,2.139100000
2222,14.648900000,0.353100000
2223,16.716700000,0.317200000
2224,16.623400000,0.156800000
2225,17.129200000,0.689600000
2226,18.457300000,2.034900000
2227,14.732800000,0.378600000
2228,16.637000000,0.275000000
2229,16.633800000,0.239600000
2230,16.552100000,0.220300000
2231,16.793800000,0.351500000
2232,17.155200000,0.748500000
2233,15.751000000,0.316100000
2234,17.476100000,0.241700000
2235,16.066600000,0.715600000
2236,16.598500000,0.219300000
2237,16.579100000,0.234900000
2238,16.672400000,0.126600000
2239,16.766200000,0.328600000
2240,16.707800000,0.289600000
2241,16.917200000,0.369800000
2242,17.006200000,0.227100000
2243,15.626100000,0.239600000
2244,17.694800000,0.314600000
2245,16.709900000,0.308900000
2246,15.543700000,0.220900000
2247,18.251100000,0.902700000
2248,15.880200000,0.495300000
2249,16.916100000,0.471800000
2250,17.005700000,0.606300000
2251,15.923500000,0.449000000
2252,17.119200000,0.567700000
2253,16.351600000,0.525500000
2254,16.962500000,0.560400000
2255,16.720300000,0.408900000
2256,15.898500000,0.480800000
2257,16.693700000,0.329700000
2258,16.877100000,0.519800000
2259,17.004200000,0.588100000
2260,16.575000000,0.217800000
2261,16.604600000,0.251000000
2262,17.045400000,0.615700000
2263,16.224400000,0.771400000
2264,16.967700000,0.554200000
2265,17.220900000,0.796900000
2266,18.034900000,1.985500000
2267,16.085400000,1.625500000
2268,14.714600000,0.338000000
2269,19.672900000,3.313000000
2270,13.716700000,0.389600000
2271,16.647400000,0.228700000
2272,16.495800000,0.203700000
2273,16.575500000,0.238000000
2274,17.141200000,0.438100000
2275,16.831200000,0.447400000
2276,17.235900000,0.859400000
2277,15.833900000,0.328700000
2278,16.711500000,0.278200000
2279,17.079100000,0.513600000
2280,16.599500000,0.234400000
2281,16.751000000,0.307800000
2282,16.816200000,0.449500000
2283,15.855700000,0.387000000
2284,16.669300000,0.279200000
2285,17.014100000,0.548400000
2286,16.878100000,0.495300000
2287,18.362000000,1.989100000
2288,15.042700000,0.667100000
2289,17.603100000,1.132300000
2290,15.806200000,0.431700000
2291,16.586000000,0.244800000
2292,16.701500000,0.281300000
2293,18.052100000,1.550500000
2294,14.611500000,0.233400000
2295,16.739600000,0.315100000
2296,16.766600000,0.278600000
2297,16.762500000,0.363000000
2298,16.717700000,0.301600000
2299,16.781800000,0.392700000
2300,16.743800000,0.341700000
2301,16.698400000,0.269300000
2302,16.915600000,0.500500000
2303,15.595900000,0.246400000
2304,16.629100000,0.250000000
2305,17.901100000,0.505200000
2306,15.674400000,0.374500000
2307,16.808900000,0.260400000
2308,16.629200000,0.285400000
2309,16.580700000,0.237500000
2310,16.967200000,0.550000000
2311,16.727100000,0.295800000
2312,17.250000000,0.694200000
2313,16.100500000,0.605200000
2314,16.850500000,0.337000000
2315,16.581800000,0.259400000
2316,16.640100000,0.272400000
2317,18.208300000,1.764100000
2318,15.209400000,0.260400000
2319,16.893200000,0.556200000
2320,17.187500000,0.814600000
2321,16.789600000,0.173400000
2322,15.931800000,0.514500000
2323,16.591100000,0.238000000
2324,17.600000000,1.254700000
2325,15.652600000,0.320300000
2326,16.638600000,0.295900000
2327,16.705200000,0.381300000
2328,16.722900000,0.272400000
2329,17.602600000,1.178100000
2330,15.928100000,0.542200000
2331,15.872400000,0.417200000
2332,16.691200000,0.308400000
2333,16.771800000,0.311500000
2334,17.043800000,0.644300000
2335,17.145800000,0.207300000
2336,15.962000000,0.580700000
2337,16.894800000,0.531200000
2338,16.951600000,0.594700000
2339,15.942100000,0.479100000
2340,16.969300000,0.277100000
2341,17.264600000,0.666100000
2342,16.518200000,0.896300000
2343,15.888000000,0.389600000
2344,16.622400000,0.279700000
2345,16.600600000,0.245800000
2346,16.665100000,0.269300000
2347,16.751500000,0.358400000
2348,16.825500000,0.468800000
2349,23.234900000,2.436900000
2350,10.564100000,0.206300000
2351,16.555700000,0.209400000
2352,16.562000000,0.213500000
2353,16.562500000,0.228700000
2354,16.581300000,0.245300000
2355,16.996300000,0.247900000
2356,16.814600000,0.438000000
2357,16.744800000,0.291100000
2358,15.648400000,0.270300000
2359,17.809900000,0.371900000
2360,15.611000000,0.233300000
2361,16.995800000,0.557300000
2362,16.538500000,0.222400000
2363,16.749500000,0.305800000
2364,16.718800000,0.371300000
2365,16.836400000,0.373400000
2366,16.628700000,0.143700000
2367,17.164000000,0.715100000
2368,15.758400000,0.420300000
2369,16.691100000,0.265100000
2370,16.745300000,0.336400000
2371,16.795900000,0.405800000
2372,17.317100000,0.872900000
2373,15.930800000,0.492200000
2374,16.794800000,0.313100000
2375,16.896800000,0.453100000
2376,16.680300000,0.299400000
2377,16.606200000,0.265100000
2378,16.579700000,0.243700000
2379,22.405700000,0.253600000
2380,11.139100000,0.202100000
2381,16.501500000,0.194300000
2382,16.715700000,0.389100000
2383,16.646300000,0.333300000
2384,16.790100000,0.438000000
2385,16.600000000,0.278100000
2386,16.779200000,0.456300000
2387,16.753600000,0.318800000
2388,16.912500000,0.494300000
2389,15.991200000,0.476600000
2390,16.962500000,0.275000000
2391,17.019300000,0.319800000
2392,16.085400000,0.162000000
2393,16.889600000,0.470300000
2394,16.640600000,0.239100000
2395,16.859400000,0.401500000
2396,17.006200000,0.653100000
2397,16.062000000,0.559400000
2398,16.678600000,0.237500000
2399,16.622400000,0.263100000
2400,17.968800000,0.958900000
2401,15.484900000,0.119700000
2402,16.765600000,0.290600000
2403,16.602100000,0.233800000
2404,16.547900000,0.182800000
2405,16.539100000,0.224500000
2406,16.772400000,0.270800000
2407,16.652600000,0.238000000
2408,16.628100000,0.137500000
2409,17.459900000,0.194300000
2410,15.589000000,0.233400000
2411,16.664100000,0.295300000
2412,16.894800000,0.478100000
2413,16.857800000,0.403700000
2414,16.757800000,0.343200000
2415,17.202600000,0.801500000
2416,15.754700000,0.284300000
2417,16.987000000,0.609400000
2418,16.739100000,0.295900000
2419,16.893700000,0.324500000
2420,17.299500000,0.804200000
2421,15.759900000,0.268200000
2422,16.919300000,0.154700000
2423,16.626500000,0.225600000
2424,16.587000000,0.229700000
2425,16.807800000,0.332800000
2426,16.815600000,0.308800000
2427,15.839100000,0.329700000
2428,16.766700000,0.320800000
2429,16.893700000,0.252100000
2430,16.732800000,0.280200000
2431,17.015600000,0.319300000
2432,15.628700000,0.269800000
2433,16.912500000,0.604700000
2434,17.199500000,0.812000000
2435,17.023400000,0.584300000
2436,15.619800000,0.270800000
2437,16.682800000,0.308800000
2438,16.662500000,0.273000000
2439,17.112500000,0.355800000
2440,16.736500000,0.292100000
2441,16.864600000,0.231800000
2442,28.878100000,9.379100000
2443,10.269300000,6.815700000
2444,15.683300000,5.230200000
2445,12.628600000,0.903700000
2446,15.703200000,0.250000000
2447,16.970800000,0.569800000
2448,16.625500000,0.265600000
2449,16.803700000,0.338100000
2450,15.690100000,0.270900000
2451,17.540600000,0.632800000
2452,16.589000000,0.243800000
2453,24.374500000,7.481800000
2454,8.721900000,0.251000000
2455,16.525500000,0.179100000
2456,17.219300000,0.824500000
2457,15.743700000,0.310500000
2458,16.463100000,0.175000000
2459,17.842200000,0.289100000
2460,15.608300000,0.212500000
2461,16.907800000,0.414600000
2462,16.620300000,0.266100000
2463,16.897400000,0.156200000
2464,17.110900000,0.717100000
2465,17.034900000,0.562500000
2466,16.658900000,0.666100000
2467,15.730200000,0.302600000
2468,17.051000000,0.393200000
2469,17.264600000,0.364100000
2470,16.514600000,1.160400000
2471,16.462000000,0.704200000
2472,17.934900000,0.187000000
2473,14.732300000,0.389100000
2474,17.404100000,1.007900000
2475,18.935500000,1.826100000
2476,13.997900000,0.428100000
2477,16.791600000,0.382300000
2478,17.729200000,0.248900000
2479,15.771900000,0.275500000
2480,16.608800000,0.230300000
2481,16.687000000,0.217200000
2482,16.915100000,0.506800000
2483,15.996400000,0.567800000
2484,16.623400000,0.306200000
2485,16.787000000,0.312000000
2486,17.601600000,1.215100000
2487,16.009300000,0.325000000
2488,16.880800000,0.522900000
2489,16.015600000,0.609900000
2490,16.532800000,0.220300000
2491,16.730700000,0.270800000
2492,16.899000000,0.480700000
2493,17.383300000,0.225500000
2494,15.653700000,0.250500000
2495,16.917200000,0.568200000
2496,16.747900000,0.307800000
2497,21.157800000,4.169800000
2498,11.635400000,0.231800000
2499,16.697400000,0.309900000
2500,16.824500000,0.493200000
2501,16.602100000,0.279700000
2502,18.519200000,0.410400000
2503,15.234400000,0.690600000
2504,17.160900000,0.626000000
2505,16.092200000,0.478600000
2506,16.661000000,0.275000000
2507,17.701500000,1.013600000
2508,16.099500000,0.662000000
2509,16.610400000,0.215600000
2510,16.803700000,0.342700000
2511,16.228600000,0.734400000
2512,16.587500000,0.214000000
2513,16.989100000,0.498500000
2514,16.911400000,0.567200000
2515,15.753200000,0.208900000
2516,16.672400000,0.252600000
2517,17.279600000,0.188100000
2518,16.942800000,0.536000000
2519,17.438000000,1.242200000
2520,15.665100000,0.288500000
2521,16.657300000,0.321400000
2522,16.850000000,0.509900000
2523,15.829100000,0.426600000
2524,16.647400000,0.295300000
2525,17.244300000,0.271900000
2526,17.395300000,0.908300000
2527,18.600500000,1.302100000
2528,15.140100000,0.509900000
2529,15.863100000,0.482800000
2530,15.730700000,0.442700000
2531,17.824500000,0.225500000
2532,15.806200000,0.335400000
2533,16.998500000,0.583900000
2534,17.497900000,0.886000000
2535,15.997900000,0.376100000
2536,16.593200000,0.228100000
2537,16.852600000,0.199000000
2538,15.809400000,0.376500000
2539,16.924000000,0.265100000
2540,16.918200000,0.480200000
2541,16.973400000,0.231800000
2542,15.576100000,0.256300000
2543,17.894800000,0.345300000
2544,15.793200000,0.266700000
2545,17.216100000,0.758300000
2546,16.733400000,0.366700000
2547,17.204700000,0.761500000
2548,15.571800000,0.247900000
2549,17.986500000,0.281200000
2550,16.626000000,0.471900000
2551,15.580800000,0.264100000
2552,16.709900000,0.352600000
2553,16.717100000,0.306300000
2554,16.899000000,0.400500000
2555,16.731200000,0.363100000
2556,16.901600000,0.341100000
2557,16.099000000,0.159900000
2558,17.108800000,0.645800000
2559,16.168300000,0.842100000
2560,16.604600000,0.238600000
2561,17.280200000,0.623400000
2562,24.359400000,5.486500000
2563,30.850000000,13.789600000
2564,13.574000000,13.425000000
2565,10.754700000,4.197900000
2566,12.615100000,2.305200000
2567,14.691600000,0.221300000
2568,16.587000000,0.255700000
2569,17.424500000,0.979200000
2570,15.716700000,0.359900000
2571,16.917200000,0.364600000
2572,19.277000000,1.981200000
2573,13.715700000,0.372400000
2574,17.819800000,1.182800000
2575,16.033300000,0.322400000
2576,23.803600000,8.469300000
2577,15.175600000,6.847900000
2578,11.358300000,0.870900000
2579,16.101500000,0.387000000
2580,16.354700000,0.138000000
2581,16.377600000,0.170800000
2582,16.317700000,0.119300000
2583,17.485500000,0.107800000
2584,16.600500000,0.213500000
2585,16.647900000,0.218300000
2586,16.603100000,0.227600000
2587,16.536500000,0.239100000
2588,18.247900000,0.262000000
2589,15.082800000,0.680700000
2590,16.724000000,0.286500000
2591,16.639000000,0.276600000
2592,16.872400000,0.350000000
2593,16.794300000,0.353100000
2594,16.700000000,0.320800000
2595,16.691700000,0.237000000
2596,17.091100000,0.652100000
2597,15.638000000,0.242200000
2598,16.809400000,0.243700000
2599,16.862500000,0.247900000
2600,16.962000000,0.546300000
2601,17.101600000,0.717200000
2602,16.176500000,0.718700000
2603,16.778700000,0.249500000
2604,17.133800000,0.696900000
2605,15.807300000,0.450000000
2606,16.790600000,0.353700000
2607,16.555200000,0.240600000
2608,17.252100000,0.610400000
2609,15.798500000,0.292700000
2610,16.872900000,0.325000000
2611,17.557800000,0.938500000
2612,15.961400000,0.432800000
2613,17.611000000,1.185400000
2614,15.847400000,0.291700000
2615,16.948900000,0.163600000
2616,16.221900000,0.229700000
2617,16.772900000,0.453100000
2618,16.714100000,0.304200000
2619,20.366100000,2.102100000
2620,12.514600000,0.132800000
2621,17.913600000,1.476600000
2622,15.826500000,0.332300000
2623,21.670300000,2.950000000
2624,12.312000000,0.332800000
2625,15.994800000,0.656800000
2626,17.001600000,0.603700000
2627,15.898900000,0.408300000
2628,16.833900000,0.356200000
2629,16.618200000,0.252100000
2630,16.886500000,0.399000000
2631,17.262500000,0.876000000
2632,16.071300000,0.681700000
2633,16.851100000,0.156300000
2634,17.137500000,0.571300000
2635,16.422400000,0.977600000
2636,16.095300000,0.245800000
2637,16.903100000,0.383300000
2638,16.820300000,0.276000000
2639,16.618800000,0.260900000
2640,17.953100000,1.450500000
2641,14.582800000,0.252100000
2642,17.410400000,0.310400000
2643,17.386000000,0.976100000
2644,15.979100000,0.556800000
2645,16.656800000,0.255200000
2646,19.710900000,3.242200000
2647,13.630800000,0.263600000
2648,16.954600000,0.592700000
2649,15.826100000,0.358900000
2650,16.740100000,0.349500000
2651,17.589100000,1.213600000
2652,15.769700000,0.396400000
2653,16.646400000,0.282800000
2654,16.641100000,0.290100000
2655,16.762000000,0.381800000
2656,17.543300000,1.140100000
2657,15.572400000,0.237000000
2658,18.078100000,1.325600000
2659,15.842700000,0.475000000
2660,17.185900000,0.773400000
2661,17.155800000,1.714000000
2662,15.883300000,0.417700000
2663,18.077600000,0.223400000
2664,14.567200000,0.234400000
2665,16.722900000,0.219800000
2666,16.664600000,0.179700000
2667,16.726000000,0.366100000
2668,17.021900000,0.181700000
2669,16.839600000,0.466100000
2670,16.611400000,0.227600000
2671,16.705200000,0.314000000
2672,16.593800000,0.248900000
2673,16.621900000,0.259400000
2674,16.822400000,0.430700000
2675,15.641100000,0.248400000
2676,18.418200000,1.025500000
2677,15.741700000,0.346900000
2678,17.039600000,0.263000000
2679,15.751000000,0.340600000
2680,17.258900000,0.674500000
2681,17.039600000,0.621400000
2682,15.709300000,0.261000000
2683,16.600000000,0.276600000
2684,16.858400000,0.304700000
2685,17.921900000,1.457800000
2686,15.992100000,0.251600000
2687,16.965100000,0.574500000
2688,15.776600000,0.264000000
2689,16.672900000,0.263600000
2690,18.315100000,1.943200000
2691,17.058400000,2.487000000
2692,15.115600000,0.620300000
2693,16.580700000,0.228700000
2694,17.896400000,1.156800000
2695,14.675000000,0.312500000
2696,16.690600000,0.304200000
2697,17.018700000,0.303700000
2698,17.561500000,0.402100000
2699,15.747900000,0.341100000
2700,17.062000000,0.311400000
2701,16.633900000,0.230200000
2702,16.957200000,0.628600000
2703,15.714100000,0.291100000
2704,16.741700000,0.354700000
2705,17.157300000,0.398500000
2706,17.280700000,0.437500000
2707,15.637000000,0.255700000
2708,17.437500000,0.243200000
2709,16.217200000,0.737500000
2710,16.722400000,0.317700000
2711,16.996800000,0.657800000
2712,17.195900000,0.714000000
2713,15.752600000,0.346400000
2714,17.136400000,0.667200000
2715,15.905800000,0.383400000
2716,17.309900000,0.431700000
2717,16.833300000,0.367200000
2718,16.535400000,0.333900000
2719,16.633900000,0.286500000
2720,16.685400000,0.350000000
2721,18.108800000,1.590100000
2722,16.341700000,0.244300000
2723,16.947900000,1.494300000
2724,14.647400000,0.339600000
2725,16.919800000,0.533300000
2726,16.657800000,0.274000000
2727,16.605200000,0.266700000
2728,17.265600000,0.648500000
2729,17.342200000,1.146900000
2730,16.224500000,0.872400000
2731,15.643200000,0.255800000
2732,16.882300000,0.482300000
2733,18.246900000,1.821400000
2734,16.042200000,0.755700000
2735,15.649000000,0.276100000
2736,18.963500000,2.209900000
2737,14.643200000,0.276500000
2738,17.178100000,0.391700000
2739,16.161500000,0.313000000
2740,17.064100000,0.572400000
2741,15.722900000,0.284900000
2742,17.001500000,0.628600000
2743,17.954700000,1.569800000
2744,16.957800000,0.883300000
2745,14.583900000,0.255200000
2746,16.691700000,0.298400000
2747,17.516600000,0.340700000
2748,16.848000000,0.466600000
2749,15.602600000,0.284900000
2750,17.785900000,1.403100000
2751,15.780700000,0.357300000
2752,17.627600000,0.638000000
2753,20.033900000,0.210400000
2754,13.751000000,1.040100000
2755,15.614100000,0.260900000
2756,18.187000000,1.615600000
2757,15.345800000,0.941700000
2758,18.415600000,1.296300000
2759,14.662500000,0.334900000
2760,16.687500000,0.306800000
2761,16.546900000,0.217700000
2762,17.333900000,0.933800000
2763,16.076000000,0.559400000
2764,16.913000000,0.541100000
2765,16.593800000,0.247900000
2766,17.443700000,1.041700000
2767,15.746400000,0.353700000
2768,17.733300000,1.365600000
2769,15.873400000,0.362500000
2770,17.270900000,0.628600000
2771,17.895300000,2.059400000
2772,14.768700000,0.350500000
2773,16.869800000,0.274500000
2774,19.472400000,2.950000000
2775,14.951100000,1.334900000
2776,14.745800000,0.448900000
2777,16.692200000,0.262500000
2778,16.646300000,0.281300000
2779,16.921400000,0.517700000
2780,18.278600000,1.318200000
2781,15.383400000,0.956200000
2782,17.385400000,0.992700000
2783,15.625000000,0.243700000
2784,24.207300000,7.731300000
2785,12.040100000,2.321900000
2786,14.778100000,0.174500000
2787,15.899000000,0.502100000
2788,17.549400000,0.547900000
2789,15.958900000,0.569800000
2790,18.047400000,1.329200000
2791,14.664600000,0.266700000
2792,16.811400000,0.445300000
2793,17.826100000,1.399000000
2794,16.035900000,0.673900000
2795,16.651600000,0.278600000
2796,16.737500000,0.353600000
2797,16.672400000,0.297400000
2798,17.196900000,0.271900000
2799,17.344700000,1.885900000
2800,15.110500000,0.739500000
2801,16.878100000,0.458400000
2802,17.639000000,1.266200000
2803,16.477700000,0.490700000
2804,15.704600000,0.290700000
2805,17.731300000,1.266200000
2806,16.844800000,0.904100000
2807,15.872900000,0.501100000
2808,15.921900000,0.522900000
2809,17.560900000,0.715600000
2810,16.320300000,0.574500000
2811,17.272900000,0.892200000
2812,16.787500000,1.405200000
2813,15.899500000,0.389100000
2814,18.322400000,1.976100000
2815,15.526600000,0.454200000
2816,17.390600000,0.663000000
2817,17.422900000,0.283300000
2818,14.806800000,0.391700000
2819,17.465100000,0.241700000
2820,16.244800000,0.853100000
2821,15.679700000,0.247400000
2822,16.841100000,0.544300000
2823,16.558900000,0.213000000
2824,16.755200000,0.338000000
2825,16.882300000,0.463100000
2826,18.600000000,2.234900000
2827,14.658800000,0.307200000
2828,16.777600000,0.472900000
2829,16.723500000,0.150000000
2830,17.024400000,0.205200000
2831,15.861500000,0.400500000
2832,16.886500000,0.377100000
2833,16.921800000,0.357300000
2834,17.599000000,1.255200000
2835,16.403600000,1.011000000
2836,15.930300000,0.182800000
2837,18.905700000,1.808400000
2838,13.918700000,0.534800000
2839,16.652600000,0.255300000
2840,16.912000000,0.543700000
2841,16.731800000,0.319300000
2842,18.414600000,0.226500000
2843,14.556200000,0.232800000
2844,16.929700000,0.514600000
2845,17.110400000,0.656200000
2846,18.433900000,2.041600000
2847,14.860400000,0.315600000
2848,16.997400000,0.462500000
2849,16.530700000,0.259400000
2850,15.544800000,0.212000000
2851,17.592700000,0.243800000
2852,16.561500000,0.213500000
2853,17.351500000,0.445800000
2854,16.220400000,0.219800000
2855,16.164500000,0.518200000
2856,16.827100000,0.445800000
2857,16.981800000,0.572400000
2858,17.284900000,0.167200000
2859,15.610400000,0.256200000
2860,16.772900000,0.379700000
2861,16.636500000,0.241700000
2862,18.369800000,1.986000000
2863,14.644200000,0.258900000
2864,16.569300000,0.259300000
2865,17.181800000,0.634400000
2866,16.697900000,0.248400000
2867,16.826600000,0.463100000
2868,17.506700000,1.181800000
2869,15.730200000,0.396400000
2870,19.601100000,2.346300000
2871,14.654700000,0.787500000
2872,15.845800000,0.457900000
2873,19.906300000,2.631300000
2874,13.357800000,0.675000000
2875,16.820800000,0.408300000
2876,15.551000000,0.225000000
2877,17.575600000,0.238000000
2878,18.385900000,1.955700000
2879,14.627600000,0.252600000
2880,16.661500000,0.348500000
2881,16.600000000,0.247900000
2882,16.676500000,0.261900000
2883,17.600000000,1.222400000
2884,15.927100000,0.473900000
2885,16.609400000,0.270300000
2886,16.602600000,0.251000000
2887,16.678100000,0.354100000
2888,16.685900000,0.387000000
2889,19.784400000,3.364600000
2890,14.541200000,1.054200000
2891,15.879700000,0.506300000
2892,16.768200000,0.447900000
2893,16.895800000,0.565100000
2894,15.792700000,0.404600000
2895,17.303200000,0.864600000
2896,16.830700000,0.421900000
2897,16.859900000,0.410500000
2898,15.800000000,0.317200000
2899,17.105200000,0.571900000
2900,16.834400000,0.468300000
2901,17.701000000,1.351000000
2902,15.997400000,0.578100000
2903,15.884400000,0.537500000
2904,16.930200000,0.501000000
2905,16.667200000,0.272400000
2906,16.906200000,0.598500000
2907,16.127100000,0.508900000
2908,17.178100000,0.758800000
2909,16.789600000,0.466600000
2910,15.786500000,0.322900000
2911,17.053100000,0.603200000
2912,16.639600000,0.263000000
2913,16.684400000,0.252600000
2914,17.386400000,0.371300000
2915,16.420300000,0.927600000
2916,16.254200000,0.852100000
2917,16.620800000,0.261500000
2918,17.163600000,0.269300000
2919,15.606200000,0.218800000
2920,16.587500000,0.231300000
2921,18.017200000,0.301000000
2922,15.846900000,0.306800000
2923,16.604100000,0.244300000
2924,16.593300000,0.217200000
2925,16.654700000,0.243300000
2926,16.555200000,0.213000000
2927,16.765600000,0.380700000
2928,16.508800000,0.218800000
2929,17.019300000,0.246800000
2930,16.667200000,0.297900000
2931,16.727100000,0.297400000
2932,16.792200000,0.467200000
2933,17.140600000,0.555200000
2934,15.812000000,0.402600000
2935,17.884900000,0.225500000
2936,15.603100000,0.271800000
2937,16.741100000,0.307800000
2938,16.699500000,0.326000000
2939,16.764600000,0.350000000
2940,16.669800000,0.196900000
2941,17.268200000,0.904100000
2942,15.493300000,0.141200000
2943,16.570800000,0.205200000
2944,16.827100000,0.375600000
2945,17.770300000,0.235900000
2946,15.819300000,0.453200000
2947,16.967700000,0.590100000
2948,19.105700000,2.685900000
2949,13.650500000,0.256800000
2950,19.255700000,2.703200000
2951,14.570400000,0.206800000
2952,16.909900000,0.550500000
2953,17.183800000,0.150000000
2954,15.645300000,0.293200000
2955,16.743300000,0.272400000
2956,18.180700000,1.760900000
2957,16.078600000,0.681700000
2958,15.649000000,0.291100000
2959,16.971300000,0.424000000
2960,16.914600000,0.474500000
2961,16.636500000,0.259900000
2962,16.748900000,0.286500000
2963,17.709900000,0.546800000
2964,14.782300000,0.442100000
2965,17.367200000,0.213000000
2966,16.482800000,0.166200000
2967,16.458400000,0.196300000
2968,16.809900000,0.438500000
2969,17.340100000,0.837000000
2970,15.530200000,0.208300000
2971,17.254100000,0.173500000
2972,17.199500000,0.672400000
2973,15.681800000,0.363500000
2974,17.102600000,0.732300000
2975,17.473900000,1.064100000
2976,15.783900000,0.397900000
2977,16.691700000,0.256300000
2978,16.614000000,0.282200000
2979,16.910400000,0.284900000
2980,16.654200000,0.266100000
2981,17.219300000,0.838500000
2982,15.764000000,0.302100000
2983,17.396400000,0.222400000
2984,15.948400000,0.534400000
2985,18.969800000,2.623500000
2986,14.512500000,0.201600000
2987,18.114100000,0.543800000
2988,14.897400000,0.514100000
2989,16.631800000,0.264600000
2990,16.688500000,0.268700000
2991,16.729700000,0.234900000
2992,17.819300000,1.382300000
2993,15.695800000,0.157800000
2994,16.666100000,0.381200000
2995,17.122400000,0.671900000
2996,19.113600000,0.235400000
2997,16.125000000,2.705300000
2998,15.114600000,0.137000000
2999,15.648900000,0.342800000
3000,16.680200000,0.268700000
3001,16.678200000,0.300000000
3002,17.538000000,0.726600000
3003,16.109300000,0.141200000
3004,16.700000000,0.347400000
3005,16.714100000,0.286500000
3006,16.638000000,0.250600000
3007,16.759900000,0.306700000
3008,17.106800000,0.690600000
3009,15.602100000,0.230700000
3010,17.123400000,0.725500000
3011,17.038600000,0.619200000
3012,15.857300000,0.469200000
3013,17.169200000,0.703600000
3014,16.672400000,0.268800000
3015,18.149000000,1.631800000
3016,14.552600000,0.226500000
3017,17.626000000,0.716600000
3018,16.947900000,1.372900000
3019,16.553700000,0.784400000
3020,15.710900000,0.327600000
3021,17.953700000,1.563000000
3022,15.956700000,0.494300000
3023,16.756800000,0.267100000
3024,16.947900000,0.561400000
3025,15.989600000,0.560400000
3026,16.769800000,0.136900000
3027,18.666700000,0.271900000
3028,15.577100000,0.193300000
3029,15.801000000,0.437000000
3030,16.691100000,0.350600000
3031,17.702100000,0.170300000
3032,15.738000000,0.297400000
3033,17.590700000,1.170300000
3034,15.765100000,0.298500000
3035,16.935400000,0.407300000
3036,15.995300000,0.503100000
3037,17.065100000,0.744800000
3038,16.597900000,0.265600000
3039,17.822900000,1.039000000
3040,15.731300000,0.316200000
3041,16.572900000,0.615100000
3042,16.681800000,0.246900000
3043,17.273400000,0.758800000
3044,15.966700000,0.574000000
3045,17.208300000,0.736400000
3046,16.358900000,0.240600000
3047,22.030200000,3.607800000
3048,22.804700000,10.169800000
3049,11.673400000,5.691100000
3050,20.934900000,8.426500000
3051,7.461500000,2.037000000
3052,14.706700000,0.325500000
3053,16.907800000,0.538000000
3054,17.423000000,0.955800000
3055,15.605200000,0.220300000
3056,16.857800000,0.507800000
3057,18.779100000,2.364000000
3058,14.696900000,0.235400000
3059,17.930200000,0.238100000
3060,14.795900000,0.147400000
3061,19.194700000,1.877600000
3062,14.734400000,0.448400000
3063,16.583400000,0.254700000
3064,16.832800000,0.382800000
3065,23.930700000,2.083900000
3066,11.813500000,2.513000000
3067,15.402600000,0.337000000
3068,14.606800000,0.254200000
3069,16.561000000,0.250600000
3070,17.590100000,0.250000000
3071,16.945300000,0.206300000
3072,15.629100000,0.213600000
3073,17.689600000,1.299500000
3074,16.986000000,1.206300000
3075,16.045800000,0.635400000
3076,16.963500000,0.564600000
3077,15.945300000,0.575600000
3078,16.781300000,0.395300000
3079,17.362500000,0.965600000
3080,15.749500000,0.347900000
3081,17.082300000,0.638100000
3082,17.138500000,0.618700000
3083,17.247400000,1.814100000
3084,15.576600000,0.200000000
3085,16.947900000,0.131200000
3086,15.509400000,0.175000000
3087,18.092100000,0.566600000
3088,15.590100000,0.240600000
3089,16.573000000,0.221900000
3090,16.800500000,0.437500000
3091,16.836400000,0.351000000
3092,16.796900000,0.457300000
3093,17.966200000,1.559400000
3094,15.766100000,0.440600000
3095,17.578100000,0.847900000
3096,15.657800000,0.282800000
3097,16.934400000,0.291100000
3098,15.811500000,0.418800000
3099,17.298900000,0.202000000
3100,16.637000000,0.213000000
3101,16.755200000,0.386900000
3102,17.168800000,0.819300000
3103,16.565600000,0.235900000
3104,16.190600000,0.816700000
3105,17.707300000,1.193700000
3106,15.978100000,0.567700000
3107,15.838600000,0.401600000
3108,17.012500000,0.617200000
3109,16.623400000,0.149000000
3110,17.103100000,0.680700000
3111,15.770900000,0.384900000
3112,16.618200000,0.240600000
3113,16.927100000,0.230700000
3114,18.635400000,1.609900000
3115,14.907800000,0.315100000
3116,16.769800000,0.377600000
3117,16.828100000,0.380700000
3118,17.359400000,0.204200000
3119,18.073500000,0.958800000
3120,14.323900000,0.351600000
3121,16.934400000,0.612500000
3122,16.670300000,0.261500000
3123,16.602600000,0.192200000
3124,17.776000000,0.800500000
3125,14.772400000,0.369800000
3126,16.664600000,0.280700000
3127,16.786500000,0.425500000
3128,17.196300000,0.738600000
3129,17.513600000,1.062500000
3130,15.765100000,0.246400000
3131,16.987500000,0.569300000
3132,15.734900000,0.328700000
3133,16.835400000,0.438500000
3134,16.734900000,0.334400000
3135,17.271300000,0.893700000
3136,16.842800000,0.460400000
3137,15.857800000,0.382900000
3138,17.166600000,0.722900000
3139,16.868300000,0.469800000
3140,16.908300000,0.507300000
3141,15.749500000,0.355700000
3142,16.857800000,0.387500000
3143,17.788500000,1.305700000
3144,15.789600000,0.331200000
3145,17.001100000,0.643700000
3146,15.929600000,0.525000000
3147,18.682900000,2.258800000
3148,14.985400000,0.510900000
3149,16.769200000,0.356800000
3150,16.450000000,0.174500000
3151,17.703700000,1.354700000
3152,15.989600000,0.588600000
3153,16.583300000,0.219300000
3154,16.999500000,0.484400000
3155,15.695800000,0.284900000
3156,16.903700000,0.516200000
3157,16.960900000,0.593200000
3158,16.919800000,0.546900000
3159,16.020800000,0.630700000
3160,16.743800000,0.332800000
3161,16.554700000,0.228100000
3162,17.238500000,0.902600000
3163,17.163000000,0.776500000
3164,16.163600000,0.725000000
3165,18.061900000,1.575500000
3166,14.814600000,0.431700000
3167,17.282800000,0.836900000
3168,15.885500000,0.465100000
3169,17.471300000,0.867200000
3170,15.735400000,0.306700000
3171,18.342700000,1.864600000
3172,15.931300000,0.382800000
3173,16.120300000,0.638600000
3174,16.961500000,0.561500000
3175,16.933300000,0.432800000
3176,16.646300000,0.180200000
3177,17.116200000,1.043800000
3178,15.851600000,0.222900000
3179,16.677600000,0.242200000
3180,19.446800000,2.717700000
3181,14.046900000,0.636400000
3182,16.580200000,0.235500000
3183,17.376100000,0.985500000
3184,15.747900000,0.296900000
3185,17.563500000,1.108800000
3186,16.095800000,0.734300000
3187,16.652100000,0.350000000
3188,16.705200000,0.332300000
3189,16.918300000,0.533800000
3190,21.763500000,0.253100000
3191,10.664100000,0.209400000
3192,16.744200000,0.366600000
3193,16.524500000,0.197400000
3194,16.619800000,0.202600000
3195,17.017200000,0.588500000
3196,16.847900000,0.253100000
3197,18.266200000,1.047900000
3198,14.627600000,0.245300000
3199,16.683800000,0.304100000
3200,18.721400000,2.160500000
3201,14.863000000,0.398500000
3202,16.763500000,0.342200000
3203,16.750600000,0.415100000
3204,16.705700000,0.342200000
3205,17.219300000,0.899000000
3206,15.620800000,0.231200000
3207,17.004200000,0.557300000
3208,16.716100000,0.278600000
3209,17.174000000,0.812500000
3210,15.863000000,0.416700000
3211,16.639600000,0.272900000
3212,16.760900000,0.352600000
3213,17.162000000,0.601600000
3214,17.059900000,0.621900000
3215,22.054700000,5.584900000
3216,13.451000000,2.600500000
3217,13.521900000,0.130700000
3218,16.728100000,0.371800000
3219,16.488600000,0.186500000
3220,16.963000000,0.532300000
3221,16.906200000,0.437500000
3222,33.952600000,17.556200000
3223,14.548500000,14.095800000
3224,12.150000000,8.820900000
3225,14.977600000,7.557300000
3226,13.473900000,4.000000000
3227,13.340700000,0.611000000
3228,15.739500000,0.432800000
3229,16.939100000,0.151500000
3230,16.692200000,0.324000000
3231,17.299500000,0.202100000
3232,16.090600000,0.646400000
3233,16.634400000,0.262500000
3234,16.631200000,0.267700000
3235,17.813600000,0.978200000
3236,15.858800000,0.432800000
3237,16.730200000,0.316100000
3238,16.659900000,0.238500000
3239,17.106800000,0.738100000
3240,15.665600000,0.340100000
3241,16.942200000,0.588500000
3242,16.506800000,0.168200000
3243,16.679100000,0.237500000
3244,16.795900000,0.402000000
3245,16.686400000,0.277600000
3246,17.134900000,0.719300000
3247,15.605200000,0.261900000
3248,16.881800000,0.478600000
3249,16.703100000,0.238100000
3250,16.551100000,0.226100000
3251,16.622900000,0.285400000
3252,23.978100000,0.661900000
3253,10.777600000,1.059400000
3254,15.704700000,0.382300000
3255,16.902600000,0.506200000
3256,18.848400000,2.250600000
3257,13.850000000,0.309300000
3258,16.809900000,0.339000000
3259,16.584900000,0.246900000
3260,17.229200000,0.290100000
3261,17.162000000,0.649500000
3262,15.824500000,0.370900000
3263,16.678100000,0.299000000
3264,16.688000000,0.121300000
3265,16.956300000,0.650000000
3266,16.661400000,0.330200000
3267,20.106300000,0.525000000
3268,13.033300000,0.516700000
3269,17.787500000,0.770300000
3270,20.420800000,2.992700000
3271,14.476600000,3.057800000
3272,13.650000000,0.104700000
3273,28.647900000,7.621800000
3274,9.912500000,5.579700000
3275,13.708300000,1.717100000
3276,14.795900000,0.404200000
3277,16.667700000,0.212000000
3278,16.775000000,0.435900000
3279,17.064000000,0.682800000
3280,15.884400000,0.466100000
3281,16.780800000,0.378100000
3282,16.832200000,0.491200000
3283,16.686500000,0.266100000
3284,16.707800000,0.294800000
3285,17.562500000,1.139600000
3286,15.821900000,0.251600000
3287,16.680200000,0.274500000
3288,16.714100000,0.296400000
3289,17.190100000,0.739600000
3290,16.135400000,0.638600000
3291,16.768700000,0.350000000
3292,16.987500000,0.166600000
3293,15.822400000,0.262500000
3294,17.180200000,0.481300000
3295,17.208900000,0.378700000
3296,15.858800000,0.265100000
3297,17.103200000,0.630800000
3298,15.806200000,0.239000000
3299,19.879700000,0.245800000
3300,21.242200000,1.786000000
3301,13.529200000,5.122900000
3302,12.775500000,0.241200000
3303,17.340600000,0.935400000
3304,21.550500000,1.943700000
3305,10.681300000,0.246900000
3306,17.573400000,0.242700000
3307,15.725000000,0.416100000
3308,16.643200000,0.257800000
3309,16.481300000,0.158400000
3310,17.199500000,0.551500000
3311,16.580200000,0.208400000
3312,17.082800000,0.606200000
3313,16.451000000,0.776000000
3314,16.687500000,0.274400000
3315,20.371400000,3.120300000
3316,12.575000000,0.239600000
3317,16.885400000,0.533900000
3318,16.613500000,0.231800000
3319,16.946900000,0.554100000
3320,15.811500000,0.407300000
3321,17.400500000,1.024000000
3322,17.118800000,0.706200000
3323,15.866600000,0.222400000
3324,16.898500000,0.555200000
3325,17.925500000,1.565100000
3326,14.819200000,0.373500000
3327,17.021400000,0.215600000
3328,16.739100000,0.319300000
3329,16.643700000,0.253100000
3330,16.826100000,0.490100000
3331,16.727000000,0.361500000
3332,16.759900000,0.374500000
3333,16.866200000,0.400500000
3334,15.693200000,0.266600000
3335,17.242200000,0.830200000
3336,17.058300000,0.611400000
3337,15.565700000,0.236500000
3338,16.991100000,0.503100000
3339,17.320300000,0.303600000
3340,15.717700000,0.283800000
3341,17.152100000,0.722400000
3342,16.964100000,0.578700000
3343,16.997400000,0.637500000
3344,15.701000000,0.276600000
3345,16.877600000,0.446300000
3346,16.701600000,0.257300000
3347,16.866600000,0.380700000
3348,16.543300000,0.134400000
3349,16.860900000,0.319300000
3350,17.500000000,0.183800000
3351,15.844300000,0.301600000
3352,16.670800000,0.293200000
3353,17.736500000,1.304700000
3354,15.642700000,0.247400000
3355,17.843700000,0.501500000
3356,15.762500000,0.446900000
3357,16.319300000,0.908300000
3358,16.773400000,0.329100000
3359,16.938100000,0.405200000
3360,16.181200000,0.363000000
3361,22.155200000,0.513500000
3362,11.792700000,0.209900000
3363,15.829200000,0.433300000
3364,16.603600000,0.233900000
3365,16.839100000,0.429200000
3366,16.801600000,0.236500000
3367,17.406700000,0.541700000
3368,15.627100000,0.319200000
3369,18.971400000,2.651000000
3370,14.650000000,0.356800000
3371,16.810900000,0.392100000
3372,16.781300000,0.395400000
3373,17.537500000,0.615200000
3374,15.677600000,0.294800000
3375,17.099400000,0.179700000
3376,15.939100000,0.555700000
3377,19.950000000,0.309400000
3378,14.330200000,0.274000000
3379,15.833300000,0.488500000
3380,17.057300000,0.603100000
3381,16.827600000,0.344800000
3382,16.618300000,0.189600000
3383,16.320800000,0.949000000
3384,16.859900000,0.427100000
3385,17.202600000,0.730200000
3386,15.624000000,0.229200000
3387,16.899400000,0.296800000
3388,16.721900000,0.309900000
3389,16.899000000,0.491200000
3390,17.031700000,0.516200000
3391,15.540100000,0.221400000
3392,16.712000000,0.375600000
3393,18.202600000,1.706300000
3394,15.851600000,0.370300000
3395,16.763500000,0.363500000
3396,15.718300000,0.316700000
3397,17.221800000,0.792700000
3398,16.859900000,0.465600000
3399,17.459400000,0.206200000
3400,15.779700000,0.163000000
3401,16.880700000,0.424500000
3402,16.927600000,0.513000000
3403,17.370900000,1.914100000
3404,16.143700000,0.637000000
3405,15.661500000,0.262500000
3406,16.481700000,0.197900000
3407,18.329700000,1.913500000
3408,15.702600000,0.380300000
3409,17.562500000,0.607300000
3410,15.750000000,0.297400000
3411,17.193800000,0.659400000
3412,15.791100000,0.351000000
3413,16.767200000,0.314500000
3414,17.273500000,0.887500000
3415,15.622900000,0.267700000
3416,16.785900000,0.335400000
3417,18.091200000,1.657800000
3418,16.108800000,0.694800000
3419,15.631800000,0.251000000
3420,16.907300000,0.339100000
3421,16.800500000,0.489100000
3422,16.693200000,0.245400000
3423,16.970900000,0.576600000
3424,17.064000000,0.702600000
3425,15.867700000,0.517700000
3426,17.180200000,0.521300000
3427,16.967200000,0.607300000
3428,15.629700000,0.298400000
3429,17.724500000,1.396400000
3430,17.110400000,0.207300000
3431,17.828700000,2.225000000
3432,14.518200000,0.211500000
3433,17.534400000,0.851100000
3434,15.538000000,0.215100000
3435,17.102100000,0.686500000
3436,17.452600000,0.549500000
3437,16.037500000,0.604700000
3438,15.860900000,0.405200000
3439,18.021900000,1.625500000
3440,15.645300000,0.145800000
3441,17.178600000,0.844300000
3442,15.859900000,0.287000000
3443,17.034400000,0.595300000
3444,16.664100000,0.291700000
3445,21.792200000,0.238600000
3446,11.793700000,0.464000000
3447,17.665600000,1.281200000
3448,15.984900000,0.614000000
3449,15.836500000,0.317200000
3450,16.913000000,0.379200000
3451,17.120800000,0.709900000
3452,15.703700000,0.240100000
3453,16.883800000,0.364100000
3454,16.849500000,0.479200000
3455,17.220300000,0.660900000
3456,15.637500000,0.257200000
3457,16.661500000,0.308800000
3458,17.036400000,0.460900000
3459,16.815200000,0.362500000
3460,17.029600000,0.576600000
3461,17.877100000,1.507300000
3462,14.989600000,0.564600000
3463,16.662500000,0.315100000
3464,17.012000000,0.576600000
3465,18.355700000,1.904700000
3466,15.268200000,0.642700000
3467,15.786500000,0.385400000
3468,16.638000000,0.222400000
3469,16.957300000,0.512500000
3470,16.665600000,0.276600000
3471,16.758400000,0.442700000
3472,17.085900000,0.661500000
3473,15.827600000,0.386500000
3474,16.660400000,0.270800000
3475,16.805200000,0.442200000
3476,17.241200000,0.377100000
3477,16.785900000,0.343700000
3478,17.124500000,0.729700000
3479,15.830700000,0.270800000
3480,16.951600000,0.229200000
3481,16.654700000,0.274500000
3482,16.738000000,0.289000000
3483,17.937500000,0.893200000
3484,14.616700000,0.272400000
3485,16.576000000,0.229700000
3486,16.753700000,0.368300000
3487,16.718700000,0.352600000
3488,16.723400000,0.278200000
3489,16.959400000,0.503100000
3490,16.593200000,0.229700000
3491,16.835500000,0.346400000
3492,16.717700000,0.317200000
3493,16.676000000,0.271900000
3494,16.641200000,0.259900000
3495,17.544200000,1.122400000
3496,15.971400000,0.557900000
3497,16.735400000,0.310400000
3498,17.363500000,0.509900000
3499,20.581800000,5.097900000
3500,12.042200000,0.609900000
3501,18.432800000,2.019800000
3502,17.615600000,2.184900000
3503,13.867200000,0.466600000
3504,16.910400000,0.550500000
3505,16.527100000,1.201500000
3506,16.622400000,0.562000000
3507,17.360400000,0.941100000
3508,15.731300000,0.409300000
3509,16.540600000,0.219800000
3510,16.905700000,0.514500000
3511,19.099500000,2.529100000
3512,14.231800000,0.705200000
3513,17.101600000,0.725600000
3514,15.564000000,0.221400000
3515,17.125000000,0.672400000
3516,16.631800000,0.306200000
3517,16.639600000,0.207300000
3518,16.753100000,0.444200000
3519,17.086500000,0.575600000
3520,15.646800000,0.237000000
3521,16.694300000,0.245800000
3522,16.874500000,0.528600000
3523,17.080200000,0.403200000
3524,17.273400000,0.729700000
3525,16.046400000,0.575000000
3526,17.172400000,0.758300000
3527,15.957300000,0.356200000
3528,18.860900000,0.243800000
3529,15.130200000,0.662000000
3530,15.667700000,0.126600000
3531,16.664600000,0.292700000
3532,16.712000000,0.287000000
3533,17.101500000,0.706800000
3534,17.073000000,0.704200000
3535,17.072900000,0.687000000
3536,16.096900000,0.714600000
3537,16.631200000,0.277100000
3538,16.740600000,0.310400000
3539,17.076100000,0.642700000
3540,15.725500000,0.238000000
3541,16.777100000,0.392700000
3542,17.966100000,0.296800000
3543,15.747400000,0.283800000
3544,16.798500000,0.225000000
3545,16.715100000,0.146900000
3546,18.402000000,0.216600000
3547,14.734400000,0.359400000
3548,16.641200000,0.269300000
3549,17.423900000,0.572900000
3550,17.206300000,1.400500000
3551,14.769800000,0.454700000
3552,19.593700000,0.467700000
3553,13.497400000,0.180700000
3554,17.681800000,0.302600000
3555,16.805200000,0.381300000
3556,15.565100000,0.218200000
3557,17.731800000,0.304200000
3558,16.129700000,0.812000000
3559,16.706700000,0.368700000
3560,16.835400000,0.502600000
3561,16.799000000,0.357300000
3562,16.913500000,0.425500000
3563,15.771400000,0.340100000
3564,19.000000000,0.223900000
3565,14.486500000,0.216700000
3566,16.799400000,0.310400000
3567,16.661000000,0.263500000
3568,16.571800000,0.139000000
3569,16.736000000,0.430700000
3570,17.114600000,0.771900000
3571,16.608800000,0.217200000
3572,16.950500000,0.571300000
3573,15.683400000,0.270800000
3574,17.090100000,0.517700000
3575,16.543200000,0.241600000
3576,17.431300000,0.970900000
3577,15.834900000,0.428100000
3578,17.114000000,0.498400000
3579,17.499000000,1.065100000
3580,15.698900000,0.322900000
3581,16.767700000,0.285400000
3582,16.570900000,0.241700000
3583,16.824500000,0.177000000
3584,16.654100000,0.251000000
3585,17.066200000,0.407300000
3586,15.849400000,0.417700000
3587,17.091200000,0.513100000
3588,17.401600000,0.391100000
3589,16.365100000,0.885500000
3590,16.206200000,0.233800000
3591,17.254200000,0.783900000
3592,16.354100000,0.504700000
3593,17.392200000,0.769200000
3594,16.163600000,0.189100000
3595,15.872400000,0.424500000
3596,16.858300000,0.482300000
3597,16.839100000,0.475000000
3598,17.177000000,0.736400000
3599,15.741200000,0.290100000
