frame,frameMs,presentMs
1,6.856300000,0.432300000
2,18.846800000,0.818300000
3,14.559900000,0.790600000
4,16.396900000,0.866100000
5,16.724000000,0.289100000
6,16.810400000,0.457300000
7,16.942700000,0.431200000
8,16.367700000,0.959400000
9,18.413500000,0.547900000
10,15.999000000,1.146400000
11,14.547400000,0.268700000
12,18.051000000,0.662500000
13,15.863600000,0.443800000
14,16.998400000,0.450000000
15,18.507800000,0.977600000
16,14.968300000,0.593200000
17,18.429700000,1.078200000
18,14.826000000,0.456200000
19,16.871900000,0.451000000
20,15.988500000,0.602100000
21,16.979700000,0.516700000
22,16.915100000,0.454700000
23,18.040600000,1.364100000
24,15.116700000,0.684900000
25,16.969800000,0.574500000
26,16.150500000,0.744300000
27,17.270300000,0.450500000
28,16.669800000,1.176000000
29,16.971900000,0.742700000
30,15.787000000,0.404200000
31,18.118200000,1.769800000
32,15.308800000,0.865100000
33,16.953700000,0.460400000
34,20.435900000,0.459300000
35,14.890700000,1.037500000
36,15.160900000,0.669300000
37,15.694300000,0.359900000
38,16.979100000,0.656700000
39,16.995900000,0.648900000
40,16.018700000,0.587500000
41,16.795800000,0.384300000
42,17.144300000,0.657300000
43,15.900000000,0.479700000
44,17.733900000,1.326100000
45,17.777600000,1.642700000
46,17.715100000,1.255300000
47,13.858300000,0.524500000
48,17.328100000,0.342800000
49,17.821900000,1.251000000
50,16.591700000,0.995900000
51,15.201000000,0.821900000
52,16.380800000,0.929100000
53,16.765600000,0.370900000
54,17.146900000,0.556700000
55,15.939500000,0.376500000
56,16.684900000,0.355200000
57,16.928700000,0.411000000
58,17.601500000,0.940600000
59,17.441200000,1.997400000
60,15.806800000,1.277600000
61,17.483800000,2.062500000
62,14.676600000,0.376100000
63,16.857800000,0.480200000
64,17.761400000,1.246900000
65,15.885500000,0.464000000
66,18.625500000,2.181300000
67,14.297400000,0.873400000
68,16.923900000,0.411400000
69,16.940100000,0.562500000
70,15.840100000,0.427600000
71,17.171400000,0.386500000
72,17.945800000,1.544800000
73,15.076600000,0.651600000
74,16.802600000,0.426000000
75,17.001000000,0.429700000
76,15.881300000,0.436500000
77,16.866100000,0.486400000
78,17.828200000,1.413600000
79,16.058300000,0.511900000
80,18.204700000,0.933800000
81,15.439600000,0.948000000
82,15.923900000,0.475000000
83,17.130800000,0.760400000
84,15.963500000,0.554200000
85,17.026600000,0.490100000
86,19.599400000,3.183800000
87,14.245300000,0.803600000
88,17.040200000,0.411400000
89,15.758300000,0.387000000
90,17.303600000,0.817200000
91,15.876100000,0.470900000
92,16.703100000,0.390600000
93,17.030200000,0.535500000
94,18.235400000,1.328700000
95,14.562500000,0.275600000
96,16.851600000,0.465700000
97,17.413000000,0.882300000
98,17.263000000,1.684300000
99,15.789600000,0.331200000
100,15.943200000,0.414600000
101,17.948000000,1.538100000
102,15.727600000,0.388600000
103,16.662500000,0.338000000
104,17.647400000,1.237500000
105,16.548400000,0.998900000
106,16.913500000,1.488000000
107,15.933900000,0.464600000
108,17.474500000,0.670300000
109,16.377100000,0.921900000
110,16.830700000,1.424000000
111,15.870800000,0.398400000
112,17.143800000,0.681300000
113,15.825500000,0.423500000
114,17.687000000,1.206300000
115,15.955700000,0.609900000
116,17.414600000,0.995800000
117,15.901500000,0.486900000
118,17.225000000,0.894800000
119,16.771900000,1.318800000
120,17.224500000,1.165100000
121,14.802600000,0.365100000
122,19.544300000,2.460400000
123,13.782800000,0.426600000
124,18.185900000,1.711500000
125,16.013000000,0.636900000
126,15.893800000,0.363000000
127,16.996900000,0.588100000
128,16.728600000,0.356800000
129,17.034400000,0.645300000
130,16.122400000,0.549000000
131,16.884400000,0.437000000
132,19.691100000,1.047900000
133,13.925000000,0.487000000
134,16.746900000,0.352100000
135,16.597400000,0.381300000
136,18.065600000,1.562000000
137,14.751600000,0.363600000
138,17.950000000,1.116700000
139,15.939000000,0.503600000
140,15.620900000,0.301000000
141,17.822400000,0.407200000
142,16.079600000,0.528200000
143,18.866700000,2.347400000
144,14.759900000,0.382800000
145,16.848400000,0.438500000
146,15.865100000,0.468200000
147,17.236500000,0.791600000
148,17.907300000,1.476100000
149,14.728100000,0.377000000
150,20.382800000,3.900000000
151,13.878200000,0.458900000
152,15.861900000,0.418200000
153,18.240700000,1.298000000
154,15.969200000,0.644800000
155,15.682800000,0.355800000
156,16.808900000,0.340100000
157,17.062000000,0.646900000
158,16.673400000,0.338500000
159,17.167200000,0.491200000
160,19.178100000,1.512000000
161,13.677100000,0.345300000
162,16.683300000,0.350000000
163,17.910500000,0.954700000
164,17.627000000,2.258300000
165,15.069800000,0.445800000
166,15.778700000,0.367700000
167,16.659900000,0.319300000
168,16.894200000,0.456700000
169,16.936000000,0.420300000
170,17.375500000,0.945300000
171,16.564100000,1.044200000
172,15.836900000,0.447900000
173,17.634400000,0.998400000
174,16.036000000,0.492200000
175,16.587500000,0.486000000
176,16.699400000,0.361400000
177,16.893300000,0.440700000
178,16.820300000,0.696400000
179,15.880200000,0.420800000
180,16.907300000,0.531300000
181,16.776000000,0.446800000
182,17.555200000,1.163600000
183,15.971400000,0.391700000
184,16.964600000,1.317700000
185,16.277100000,0.773400000
186,15.890100000,0.496900000
187,16.985400000,0.515100000
188,16.925500000,0.493700000
189,16.825500000,0.386900000
190,17.297900000,0.828100000
191,16.459900000,0.938600000
192,16.505800000,1.146900000
193,16.126500000,0.765100000
194,18.654700000,1.134900000
195,14.840100000,0.372900000
196,17.011500000,0.478600000
197,15.764600000,0.364000000
198,16.888500000,0.454200000
199,17.090100000,0.641200000
200,17.417700000,1.041700000
201,15.982300000,0.400000000
202,16.032300000,0.487500000
203,17.107300000,0.443800000
204,17.148400000,0.451500000
205,15.726600000,0.360400000
206,17.126500000,0.622900000
207,16.978700000,0.348500000
208,15.958800000,0.497900000
209,16.805800000,0.415700000
210,17.102100000,0.637500000
211,17.710400000,1.268300000
212,16.044200000,0.897400000
213,16.100000000,0.710900000
214,16.861500000,0.434900000
215,16.168200000,0.423400000
216,17.039100000,0.408900000
217,16.662500000,0.349500000
218,18.010900000,1.426500000
219,15.190100000,0.754200000
220,17.643300000,1.154100000
221,15.884900000,0.434900000
222,18.261900000,1.833300000
223,14.720900000,0.347900000
224,16.649500000,0.316700000
225,17.065600000,0.413500000
226,15.979100000,0.450500000
227,17.124500000,0.685400000
228,16.951100000,0.457900000
229,16.194800000,0.560400000
230,16.754600000,0.393700000
231,17.277100000,0.914000000
232,18.737000000,1.005700000
233,13.905200000,0.467700000
234,17.246400000,0.823900000
235,16.040600000,0.413600000
236,17.815100000,1.213000000
237,15.846400000,0.539100000
238,17.078600000,0.502600000
239,16.240100000,0.725000000
240,18.620300000,1.970300000
241,15.074500000,0.681800000
242,15.560900000,0.270900000
243,17.464100000,0.592100000
244,16.815600000,0.397400000
245,15.812000000,0.402100000
246,16.822400000,0.426600000
247,16.896300000,0.450000000
248,17.932900000,1.341200000
249,16.092700000,0.557800000
250,15.888000000,0.436000000
251,16.882800000,0.450600000
252,17.053600000,0.534400000
253,15.884400000,0.522400000
254,16.983400000,0.525500000
255,17.545300000,1.051500000
256,15.707800000,0.375000000
257,16.631200000,0.333800000
258,17.207800000,0.597400000
259,16.167800000,0.698400000
260,16.718200000,0.367200000
261,17.057300000,0.647400000
262,16.290600000,0.752600000
263,16.705200000,0.330700000
264,16.747900000,0.388500000
265,17.039100000,0.504700000
266,18.543700000,2.349400000
267,14.599500000,0.645300000
268,16.769300000,0.382300000
269,16.351000000,0.555200000
270,17.169300000,0.681300000
271,16.346900000,0.858900000
272,16.605700000,0.303600000
273,16.906300000,0.442700000
274,16.094700000,0.402600000
275,16.790100000,0.395800000
276,17.675600000,0.726100000
277,17.294200000,0.615100000
278,14.884900000,0.475500000
279,16.747400000,0.388000000
280,17.173500000,0.620800000
281,15.810900000,0.442700000
282,16.890600000,0.515100000
283,17.644800000,1.043200000
284,15.706800000,0.362500000
285,17.084900000,0.665100000
286,16.993700000,0.539100000
287,15.855200000,0.403100000
288,16.996900000,0.507300000
289,17.180800000,0.495800000
290,16.868700000,0.965100000
291,16.975000000,1.402100000
292,16.009900000,0.488600000
293,16.133300000,0.684400000
294,16.820900000,0.401500000
295,17.052600000,0.595800000
296,15.791600000,0.386900000
297,17.288600000,0.849400000
298,17.643200000,0.538600000
299,15.817200000,0.424000000
300,17.518200000,1.108300000
301,15.890600000,0.495900000
302,16.171900000,0.583300000
303,17.610400000,0.542200000
304,15.987000000,0.584400000
305,16.670300000,0.352000000
306,16.767200000,0.402600000
307,17.385400000,0.426000000
308,15.803700000,0.415700000
309,16.829100000,0.398900000
310,16.827100000,0.430700000
311,15.945300000,0.599500000
312,16.887500000,0.434300000
313,16.767200000,0.394800000
314,17.633400000,1.152100000
315,16.226500000,0.524500000
316,16.278100000,0.457300000
317,17.342800000,0.881800000
318,16.643700000,1.084900000
319,15.717200000,0.353600000
320,17.569800000,1.209900000
321,15.878600000,0.456700000
322,16.856300000,0.406300000
323,16.798900000,0.381800000
324,16.842700000,0.438000000
325,16.017800000,0.533400000
326,16.893700000,0.466100000
327,18.087000000,0.667700000
328,15.453100000,0.561500000
329,17.167200000,0.790600000
330,16.235400000,0.762500000
331,16.717700000,0.739600000
332,17.655800000,1.383300000
333,15.314500000,0.785900000
334,16.927600000,0.412500000
335,17.086500000,0.617700000
336,16.019800000,0.415600000
337,17.034900000,0.629700000
338,16.027100000,0.575000000
339,17.204100000,0.772400000
340,16.681300000,1.186000000
341,15.927100000,0.412000000
342,17.254100000,0.513000000
343,16.842700000,0.463000000
344,16.577600000,1.181200000
345,17.197400000,0.426500000
346,16.855300000,1.136400000
347,15.621300000,0.309900000
348,17.029200000,0.407800000
349,16.979700000,0.500500000
350,15.878100000,0.466600000
351,17.389600000,0.405700000
352,15.815100000,0.385400000
353,19.021300000,0.604700000
354,15.763000000,0.419700000
355,16.171400000,0.721900000
356,15.684400000,0.394800000
357,17.308300000,0.396300000
358,16.734400000,0.956300000
359,15.953100000,0.397900000
360,18.308900000,1.891700000
361,15.226500000,0.791100000
362,16.932300000,0.368800000
363,17.187000000,0.428100000
364,16.771900000,1.179600000
365,15.741100000,0.403100000
366,18.812000000,2.431300000
367,15.406200000,0.939000000
368,16.238600000,0.732300000
369,16.949500000,0.437000000
370,16.030700000,0.555300000
371,16.844300000,0.433900000
372,16.896300000,0.468200000
373,15.718800000,0.388100000
374,16.876000000,0.556800000
375,17.272400000,0.900000000
376,16.814600000,0.403700000
377,16.195800000,0.746400000
378,17.008900000,0.543300000
379,17.840600000,1.581800000
380,14.735900000,0.368800000
381,17.902600000,0.760400000
382,16.214600000,0.510400000
383,17.174000000,0.652100000
384,16.055200000,0.619800000
385,17.172400000,0.437500000
386,15.889600000,0.394300000
387,17.278100000,0.828200000
388,16.473400000,0.984400000
389,17.287500000,0.892700000
390,16.764600000,1.371300000
391,15.814100000,0.396400000
392,18.008800000,1.720900000
393,14.633900000,0.319800000
394,17.000000000,0.506800000
395,19.709900000,0.959900000
396,13.789600000,0.392700000
397,17.246300000,0.481200000
398,16.013600000,0.433800000
399,18.775500000,0.375500000
400,15.537500000,1.073400000
401,15.784900000,0.316700000
402,18.498900000,1.885400000
403,15.246400000,0.786000000
404,15.857800000,0.428700000
405,17.196900000,0.596300000
406,18.274500000,0.491600000
407,15.019200000,0.639600000
408,16.998500000,0.611000000
409,16.406700000,1.022900000
410,16.708400000,0.368800000
411,16.963500000,0.522400000
412,16.072400000,0.545300000
413,16.911000000,0.463500000
414,16.763500000,0.373900000
415,16.923400000,0.509400000
416,15.942200000,0.560900000
417,17.177100000,0.828600000
418,18.939100000,2.527600000
419,13.945300000,0.513500000
420,16.951500000,0.450000000
421,16.837000000,0.333800000
422,17.813600000,1.452600000
423,15.658300000,1.222400000
424,16.010400000,0.488000000
425,16.638600000,0.316700000
426,16.824400000,0.354100000
427,16.984400000,0.503700000
428,17.326000000,0.891100000
429,16.375600000,0.804100000
430,16.055700000,0.566600000
431,17.234400000,0.743800000
432,17.290600000,1.191200000
433,15.842200000,0.444800000
434,15.572900000,0.261400000
435,18.390600000,1.066200000
436,16.068300000,0.532300000
437,18.830200000,0.820900000
438,13.875000000,0.477600000
439,17.599400000,0.487500000
440,15.653200000,0.360400000
441,16.894200000,0.560900000
442,16.732300000,0.331200000
443,16.762500000,0.381200000
444,16.973500000,0.612500000
445,16.738000000,1.217700000
446,16.267700000,0.865600000
447,16.672400000,0.308800000
448,16.683800000,0.352600000
449,16.786500000,0.391100000
450,16.892700000,0.450500000
451,19.922900000,2.179700000
452,12.858900000,0.436500000
453,17.694300000,1.284300000
454,16.127600000,0.695300000
455,16.151500000,0.391100000
456,16.740100000,0.392700000
457,16.704200000,0.334900000
458,16.878600000,0.567800000
459,16.782300000,0.382800000
460,16.758900000,0.416100000
461,16.448900000,1.051000000
462,16.673500000,0.331300000
463,17.119800000,0.519200000
464,16.244200000,0.452000000
465,17.170400000,0.668200000
466,16.363000000,0.513600000
467,15.759400000,0.325600000
468,16.775500000,0.381300000
469,17.028600000,0.525000000
470,16.956800000,0.525000000
471,17.100000000,0.488600000
472,16.268700000,0.876500000
473,17.063100000,0.726600000
474,15.772400000,0.379200000
475,16.925500000,0.465200000
476,18.339000000,1.796900000
477,15.107900000,0.481700000
478,16.968700000,0.504200000
479,17.358900000,1.647400000
480,16.255700000,0.850000000
481,15.826000000,0.431700000
482,16.756300000,0.466200000
483,17.534900000,1.036000000
484,15.880200000,0.451600000
485,18.588000000,1.516600000
486,16.039600000,1.593200000
487,15.458300000,0.525000000
488,17.445900000,0.999500000
489,15.920300000,0.494200000
490,16.923400000,0.562500000
491,16.303100000,0.769200000
492,16.906800000,0.501500000
493,16.284900000,0.790100000
494,16.986500000,0.413500000
495,17.035900000,0.557800000
496,17.053100000,0.462000000
497,15.806300000,0.421800000
498,16.740600000,0.416700000
499,16.943200000,0.476500000
500,16.030200000,0.631800000
501,18.120300000,0.471800000
502,15.092700000,0.544800000
503,18.691700000,1.400000000
504,14.970800000,0.474500000
505,16.813600000,0.442700000
506,18.640600000,2.151600000
507,15.498500000,1.029100000
508,16.596300000,0.974500000
509,16.781800000,1.254200000
510,16.040100000,0.406800000
511,16.127600000,0.594800000
512,16.606200000,0.301600000
513,16.953200000,0.500500000
514,17.014500000,0.637500000
515,15.950000000,0.508800000
516,17.711500000,0.776100000
517,16.020800000,0.404700000
518,19.119300000,1.015100000
519,14.248400000,0.504700000
520,16.665700000,0.316700000
521,19.978600000,1.726000000
522,12.913000000,0.523000000
523,17.004700000,0.450500000
524,16.872900000,0.450000000
525,16.839100000,0.409900000
526,15.695800000,0.344200000
527,16.889600000,0.454700000
528,17.256800000,0.764100000
529,16.033800000,0.585900000
530,16.843800000,0.442700000
531,17.712500000,1.069300000
532,16.107300000,0.693200000
533,16.433800000,0.982300000
534,16.736500000,0.365100000
535,17.331200000,0.815600000
536,17.276600000,1.793200000
537,17.391700000,1.345400000
538,14.984400000,0.479200000
539,17.730700000,2.302600000
540,14.923400000,0.366700000
541,17.201600000,0.399000000
542,17.190600000,1.145300000
543,18.517200000,0.453700000
544,15.377600000,0.384400000
545,16.739600000,2.370900000
546,14.838000000,0.427600000
547,17.357300000,0.931300000
548,15.973400000,0.485400000
549,17.382300000,0.468700000
550,15.845900000,0.396800000
551,17.317100000,0.820300000
552,16.895900000,0.371900000
553,15.930200000,0.508400000
554,17.068200000,0.489100000
555,19.021400000,1.772400000
556,14.214600000,0.690600000
557,16.796800000,0.402100000
558,16.692700000,0.392700000
559,17.263600000,0.764100000
560,16.112000000,0.654700000
561,19.195800000,0.610400000
562,13.958800000,0.393200000
563,18.231800000,1.777600000
564,15.025500000,0.341700000
565,16.817200000,0.459900000
566,17.513000000,0.853100000
567,16.770400000,1.120300000
568,16.003600000,0.423400000
569,16.289100000,0.966700000
570,17.354700000,0.779600000
571,16.510900000,1.098500000
572,15.674500000,0.343300000
573,17.167200000,0.791700000
574,16.998900000,0.663000000
575,15.950500000,0.470300000
576,16.959900000,0.439600000
577,17.247900000,0.841100000
578,16.340200000,0.946400000
579,16.963500000,0.475600000
580,16.494800000,0.517700000
581,15.741700000,0.381700000
582,16.763500000,0.389100000
583,16.578100000,0.283300000
584,16.990100000,0.526000000
585,18.008900000,1.477100000
586,16.148900000,0.525500000
587,19.990100000,4.317200000
588,12.944800000,0.479700000
589,17.158400000,0.453700000
590,15.846300000,0.474000000
591,17.699000000,1.303700000
592,17.103600000,0.899500000
593,14.727600000,0.346300000
594,16.713000000,0.341700000
595,16.783900000,0.418200000
596,16.827600000,0.418200000
597,18.097900000,1.672900000
598,16.207800000,0.743200000
599,17.334900000,0.474000000
600,14.719800000,0.357300000
601,17.905800000,1.546800000
602,15.931700000,0.491600000
603,17.308900000,0.771300000
604,15.910900000,0.481200000
605,18.426100000,1.990100000
606,14.838000000,0.408400000
607,16.769800000,0.363100000
608,16.851500000,0.418700000
609,16.647400000,0.342200000
610,16.614100000,0.312000000
611,16.928600000,0.503600000
612,16.909900000,0.577100000
613,15.997400000,0.541700000
614,16.997900000,0.534300000
615,17.181800000,0.701600000
616,15.633300000,0.289600000
617,16.986500000,0.517700000
618,16.663500000,0.328700000
619,17.168300000,0.766700000
620,15.982800000,0.499500000
621,17.034900000,0.517200000
622,17.365100000,0.792700000
623,15.891100000,0.441100000
624,16.756800000,0.370900000
625,16.899000000,0.482300000
626,16.104700000,0.671900000
627,18.068200000,0.825000000
628,15.609900000,0.308300000
629,16.769800000,0.395300000
630,16.920800000,0.439100000
631,17.620300000,2.233800000
632,14.813000000,0.394800000
633,19.021900000,1.710900000
634,14.742200000,0.368200000
635,16.778100000,0.399500000
636,16.598500000,0.290600000
637,16.967100000,0.494300000
638,15.837500000,0.458400000
639,16.945900000,0.524000000
640,17.244800000,0.591100000
641,15.703600000,0.371900000
642,16.934400000,0.430200000
643,17.022400000,0.423000000
644,17.389600000,0.815600000
645,15.892700000,0.349500000
646,16.699500000,0.351600000
647,20.983800000,0.680200000
648,12.100000000,0.507800000
649,16.786500000,0.433400000
650,16.775000000,0.404700000
651,16.854100000,0.416100000
652,16.643800000,0.314000000
653,17.375000000,0.983900000
654,17.673900000,2.320300000
655,14.973500000,0.511000000
656,17.332800000,0.921400000
657,16.612500000,1.166200000
658,15.651000000,0.325500000
659,16.952600000,0.452600000
660,16.958400000,0.458400000
661,16.050000000,0.727100000
662,16.931700000,0.520800000
663,17.765700000,1.342700000
664,15.593700000,0.300500000
665,17.546400000,1.129100000
666,15.887000000,0.422400000
667,17.071300000,0.624000000
668,16.110900000,0.653600000
669,16.859400000,0.391100000
670,17.014600000,0.515100000
671,15.890600000,0.465100000
672,16.614100000,0.300500000
673,16.804200000,0.438000000
674,16.882800000,0.421900000
675,16.957300000,0.558400000
676,15.733800000,0.388500000
677,17.907800000,1.242700000
678,15.948500000,0.505200000
679,16.892200000,0.437000000
680,17.318700000,0.928100000
681,15.807300000,0.445300000
682,16.848400000,0.457800000
683,16.765100000,0.395800000
684,16.766700000,0.380700000
685,15.830200000,0.433300000
686,16.794800000,0.406300000
687,17.054200000,0.605200000
688,16.692200000,0.330200000
689,18.515600000,1.917200000
690,14.944800000,0.566700000
691,16.771900000,0.391100000
692,17.285900000,0.863600000
693,15.921300000,0.495300000
694,16.557300000,0.263600000
695,17.364600000,0.860400000
696,16.162500000,0.682300000
697,16.990600000,0.518200000
698,15.783400000,0.361500000
699,17.389600000,0.837500000
700,15.846300000,0.317700000
701,17.229700000,0.393200000
702,16.779700000,0.326000000
703,18.579700000,1.385500000
704,15.379100000,0.928100000
705,16.259900000,0.370800000
706,15.807900000,0.353600000
707,16.796300000,0.364100000
708,16.758300000,0.324400000
709,16.786000000,0.326100000
710,18.878100000,0.516100000
711,15.273400000,0.345800000
712,15.658400000,0.281300000
713,16.858300000,0.459900000
714,17.199500000,0.701100000
715,15.782800000,0.386500000
716,16.787500000,0.395800000
717,30.631200000,3.197900000
718,7.530800000,4.804200000
719,11.628600000,0.310400000
720,16.689600000,0.353100000
721,16.882800000,0.463000000
722,16.879200000,0.462000000
723,17.659400000,1.276500000
724,19.878100000,3.557800000
725,12.705700000,0.359900000
726,16.670300000,0.366600000
727,16.857800000,0.463100000
728,15.832300000,0.522900000
729,16.741700000,0.411000000
730,16.952100000,0.438100000
731,17.471900000,1.051000000
732,16.110900000,0.667700000
733,16.827600000,0.432300000
734,15.697900000,0.343200000
735,16.653100000,0.339500000
736,16.583900000,0.300000000
737,16.843700000,0.330700000
738,18.127100000,0.997400000
739,16.061000000,0.543200000
740,15.875500000,0.447400000
741,16.738500000,0.374500000
742,16.913600000,0.517700000
743,16.951500000,0.452600000
744,16.761500000,0.380800000
745,17.773900000,1.327100000
746,15.023500000,0.515600000
747,17.230700000,0.394800000
748,16.682300000,0.355200000
749,17.572900000,0.525000000
750,16.016200000,0.543300000
751,16.043200000,0.547900000
752,18.568200000,1.608300000
753,15.102100000,0.626000000
754,16.739600000,0.382300000
755,17.246300000,0.735500000
756,16.086000000,0.608300000
757,16.942700000,0.528100000
758,15.860900000,0.381200000
759,16.764600000,0.496900000
760,16.765100000,0.377000000
761,16.987500000,0.564100000
762,16.813000000,0.413000000
763,16.666700000,0.365600000
764,15.884900000,0.394300000
765,16.753600000,0.456800000
766,16.914100000,0.550500000
767,16.863600000,0.466100000
768,16.900500000,0.471300000
769,15.913500000,0.459900000
770,17.180200000,0.589600000
771,16.899500000,0.414600000
772,15.924500000,0.443300000
773,18.473900000,1.936400000
774,15.286000000,0.519300000
775,17.062500000,0.618200000
776,15.774500000,0.403700000
777,16.640100000,0.320400000
778,16.770300000,0.340700000
779,16.857300000,0.370300000
780,16.829100000,0.524400000
781,16.680800000,0.321900000
782,16.730200000,0.349000000
783,17.345300000,0.540100000
784,15.748900000,0.389600000
785,16.771900000,0.405200000
786,16.820800000,0.406800000
787,16.793300000,0.498900000
788,16.572400000,0.304700000
789,16.610900000,0.270800000
790,16.685900000,0.385400000
791,16.491700000,0.253200000
792,16.523500000,0.285900000
793,16.814000000,0.457800000
794,16.846900000,0.534400000
795,16.558800000,0.250000000
796,16.583900000,0.305200000
797,16.942700000,0.464600000
798,16.895300000,0.470800000
799,15.695900000,0.333300000
800,16.747300000,0.390100000
801,16.863600000,0.551000000
802,16.749500000,0.392700000
803,16.775500000,0.377600000
804,16.879200000,0.492800000
805,17.027000000,0.512500000
806,15.844300000,0.415100000
807,16.903700000,0.453700000
808,17.005200000,0.605800000
809,17.133800000,0.733300000
810,16.154700000,0.499000000
811,16.935400000,0.484400000
812,15.750500000,0.380700000
813,16.924000000,0.472400000
814,17.054200000,0.443200000
815,18.166600000,1.629700000
816,15.002600000,0.565600000
817,16.790100000,0.405800000
818,17.257300000,0.867200000
819,16.646400000,1.159900000
820,15.851000000,0.319700000
821,17.030200000,0.495800000
822,17.153700000,0.691700000
823,16.016100000,0.427000000
824,17.553700000,0.767700000
825,17.390600000,1.601000000
826,14.747400000,0.382300000
827,16.786500000,0.391200000
828,16.822400000,0.460900000
829,17.244200000,0.772900000
830,16.130200000,0.478100000
831,16.596400000,0.290100000
832,16.914600000,0.483300000
833,15.814600000,0.394800000
834,16.845300000,0.417700000
835,17.838500000,1.327000000
836,17.193200000,1.340100000
837,15.508400000,1.184900000
838,16.697900000,0.367200000
839,16.714600000,0.368200000
840,16.854100000,0.463000000
841,15.961000000,0.548500000
842,16.743200000,0.382800000
843,18.028600000,1.567200000
844,16.903700000,1.308900000
845,14.665600000,0.306200000
846,16.902600000,0.513000000
847,17.497900000,0.540100000
848,17.093300000,1.578600000
849,15.922900000,0.487500000
850,17.130700000,0.692700000
851,15.837000000,0.414600000
852,17.457300000,1.025500000
853,15.956800000,0.474400000
854,16.643200000,0.310900000
855,17.241100000,0.381200000
856,19.912000000,0.421300000
857,13.278700000,0.735500000
858,16.815100000,0.399500000
859,16.324400000,0.519300000
860,18.988600000,1.162500000
861,15.128100000,1.010400000
862,15.769300000,0.385400000
863,16.714600000,0.378700000
864,16.911400000,0.554700000
865,16.994800000,0.484400000
866,15.930200000,0.552600000
867,17.242200000,0.502100000
868,16.949000000,0.799500000
869,15.852600000,0.403700000
870,16.766100000,0.413000000
871,17.038000000,0.567200000
872,17.276600000,1.682900000
873,15.850500000,0.525000000
874,16.825500000,0.409400000
875,16.440700000,0.446900000
876,16.815100000,0.458900000
877,17.427600000,0.505800000
878,16.754700000,1.229200000
879,15.758800000,0.351500000
880,17.317200000,0.519300000
881,15.965100000,0.408900000
882,16.863500000,0.437500000
883,16.854200000,0.526600000
884,16.424000000,0.862500000
885,17.250500000,0.645300000
886,15.791100000,0.409900000
887,16.721900000,0.377100000
888,16.620800000,0.313000000
889,16.739600000,0.398400000
890,16.768300000,0.381300000
891,17.063000000,0.398500000
892,16.732300000,0.660400000
893,16.152600000,0.432300000
894,16.803600000,0.393700000
895,16.776600000,0.396900000
896,15.790100000,0.405200000
897,17.875000000,1.140700000
898,16.155700000,0.438500000
899,17.247400000,0.867200000
900,15.779200000,0.379200000
901,17.123900000,0.404700000
902,15.652600000,0.341200000
903,16.926600000,0.535900000
904,17.921400000,0.450500000
905,16.158800000,0.602100000
906,17.401100000,1.482300000
907,16.022900000,0.666700000
908,17.864600000,2.489100000
909,16.170300000,1.082800000
910,15.982300000,0.594300000
911,15.866100000,0.552600000
912,17.890100000,1.106800000
913,16.401100000,0.904700000
914,16.296800000,0.816700000
915,17.150000000,0.549000000
916,16.896900000,1.488500000
917,16.865100000,1.375000000
918,17.499000000,1.258300000
919,15.232800000,0.751100000
920,16.034400000,0.507800000
921,17.386900000,0.870300000
922,16.606300000,1.088000000
923,16.430700000,0.609400000
924,16.480700000,0.437000000
925,17.625600000,0.881200000
926,15.848400000,0.450000000
927,18.508900000,1.342100000
928,15.606700000,0.425500000
929,15.778100000,0.344800000
930,17.008400000,0.481300000
931,16.039000000,0.614600000
932,16.914600000,0.411400000
933,17.819300000,1.376000000
934,20.257800000,2.378100000
935,11.829200000,0.449000000
936,16.727100000,0.354700000
937,17.001500000,0.554700000
938,16.019800000,0.432800000
939,17.256300000,0.858900000
940,16.388500000,0.646900000
941,17.053100000,0.662500000
942,15.782300000,0.412500000
943,16.817700000,0.420800000
944,17.105800000,0.708300000
945,16.971300000,0.464600000
946,16.432800000,0.671400000
947,16.640700000,0.340600000
948,16.954600000,0.574400000
949,15.723500000,0.353700000
950,16.857300000,0.444800000
951,17.528100000,1.137000000
952,15.940100000,0.621400000
953,16.767700000,0.400500000
954,16.851600000,0.434900000
955,18.929100000,2.192700000
956,13.894300000,0.437500000
957,17.212500000,0.844200000
958,16.999000000,0.601100000
959,16.414000000,0.961500000
960,17.016700000,1.519800000
961,16.890600000,0.934900000
962,15.928700000,0.572900000
963,17.248400000,0.656800000
964,18.409900000,1.925500000
965,13.625500000,0.315100000
966,16.971400000,0.524400000
967,17.071300000,0.572900000
968,17.412000000,1.015600000
969,16.434900000,0.908900000
970,15.892200000,0.452600000
971,16.865100000,0.452600000
972,17.423400000,0.910400000
973,15.925000000,0.528600000
974,16.789600000,0.447400000
975,16.654700000,0.310400000
976,17.047400000,0.647900000
977,16.754700000,0.643200000
978,15.784400000,0.386500000
979,17.344800000,0.856700000
980,15.874400000,0.436400000
981,19.888100000,1.851100000
982,14.345800000,0.981300000
983,17.300500000,1.715700000
984,15.911500000,0.514100000
985,17.306700000,1.813000000
986,15.816700000,0.420900000
987,17.132800000,0.693200000
988,16.645300000,1.073500000
989,15.730200000,0.376000000
990,17.225000000,0.899500000
991,15.662000000,0.337000000
992,16.693200000,0.367700000
993,16.748500000,0.374000000
994,16.841600000,0.429600000
995,16.940200000,0.468200000
996,16.857800000,0.458900000
997,17.788000000,1.335900000
998,15.732300000,0.372400000
999,16.854100000,0.508800000
1000,16.408400000,0.912500000
1001,16.734900000,0.385400000
1002,16.831200000,0.484900000
1003,15.727100000,0.415100000
1004,20.141200000,0.560900000
1005,13.956200000,0.599500000
1006,16.831800000,0.428100000
1007,15.777600000,0.385400000
1008,18.023900000,1.082300000
1009,15.882300000,0.464600000
1010,16.800000000,0.395800000
1011,17.139100000,0.686400000
1012,15.818700000,0.379100000
1013,16.716200000,0.371900000
1014,16.827600000,0.417700000
1015,17.040100000,0.478100000
1016,15.870800000,0.402100000
1017,16.931300000,0.522400000
1018,17.394800000,0.727000000
1019,15.822900000,0.402600000
1020,17.556800000,0.570400000
1021,15.601000000,0.301000000
1022,16.786500000,0.440700000
1023,17.358300000,0.517100000
1024,16.727100000,0.739500000
1025,17.128600000,1.397400000
1026,16.832800000,0.576600000
1027,16.231300000,0.591700000
1028,15.833800000,0.527700000
1029,16.763600000,0.425500000
1030,16.943200000,0.485400000
1031,18.193200000,1.730700000
1032,16.298500000,1.867100000
1033,14.665600000,0.320300000
1034,16.981800000,0.412000000
1035,17.007800000,0.573500000
1036,16.909900000,0.410900000
1037,16.700000000,0.361400000
1038,16.402100000,0.990600000
1039,16.934300000,0.587500000
1040,15.829200000,0.436500000
1041,17.029200000,0.643700000
1042,17.231200000,0.713100000
1043,15.920900000,0.442700000
1044,16.883300000,0.382300000
1045,17.014600000,0.514000000
1046,18.548900000,1.761000000
1047,16.638000000,1.851100000
1048,14.732900000,0.370300000
1049,18.869800000,2.288000000
1050,14.426000000,1.058300000
1051,16.952100000,0.481700000
1052,15.605700000,0.293700000
1053,17.401600000,0.965600000
1054,17.121300000,0.741600000
1055,15.870300000,0.443700000
1056,17.614600000,0.471900000
1057,16.130200000,0.409400000
1058,16.791700000,0.408900000
1059,16.699000000,0.316600000
1060,17.114000000,0.764600000
1061,15.918200000,0.411400000
1062,16.957300000,0.501100000
1063,17.061500000,0.564100000
1064,16.854200000,0.850000000
1065,16.083300000,0.628600000
1066,18.114600000,1.026100000
1067,15.205700000,0.741700000
1068,16.802600000,0.465100000
1069,15.979200000,0.508900000
1070,16.719800000,0.363600000
1071,17.594200000,1.153700000
1072,17.188600000,0.371900000
1073,15.783300000,0.436400000
1074,16.344800000,0.903600000
1075,16.575500000,0.276500000
1076,16.835400000,0.429700000
1077,16.827600000,0.381700000
1078,16.838600000,0.385400000
1079,16.154200000,0.474400000
1080,16.813500000,0.357800000
1081,19.083300000,2.712500000
1082,13.712000000,0.363000000
1083,17.029200000,0.575500000
1084,17.064000000,0.409400000
1085,17.121400000,0.702600000
1086,16.499500000,0.804600000
1087,16.431200000,0.678100000
1088,15.961500000,0.478100000
1089,17.577100000,0.943300000
1090,17.438000000,1.642200000
1091,14.929200000,0.538000000
1092,17.683300000,1.357800000
1093,15.687000000,0.356800000
1094,17.352600000,0.727600000
1095,17.168200000,0.709400000
1096,17.043700000,1.200000000
1097,16.757900000,1.368800000
1098,15.851500000,1.200000000
1099,17.171400000,1.741200000
1100,15.847900000,0.321300000
1101,17.109400000,0.552100000
1102,17.964000000,0.728100000
1103,15.894800000,1.305700000
1104,15.776600000,0.485400000
1105,16.650000000,0.323400000
1106,16.732300000,0.410400000
1107,17.033800000,0.477600000
1108,16.022900000,0.444800000
1109,17.798500000,1.061000000
1110,17.530700000,1.362500000
1111,14.875500000,0.447900000
1112,16.715100000,0.296900000
1113,16.864100000,0.444800000
1114,15.987500000,0.466100000
1115,16.895800000,0.447400000
1116,17.969300000,1.392700000
1117,15.930200000,0.458300000
1118,15.744300000,0.391700000
1119,16.935900000,0.525000000
1120,17.945900000,0.912500000
1121,15.642100000,0.330200000
1122,17.236500000,0.472900000
1123,15.837500000,0.515600000
1124,16.919800000,0.468200000
1125,16.803600000,0.396400000
1126,17.209900000,0.654100000
1127,15.968800000,0.494800000
1128,17.607300000,1.186500000
1129,15.978600000,0.445300000
1130,18.562500000,0.597400000
1131,14.821400000,0.420900000
1132,17.326500000,1.821800000
1133,18.934900000,0.453100000
1134,12.754200000,0.344300000
1135,16.712000000,0.310900000
1136,16.827600000,0.469300000
1137,17.507300000,1.067200000
1138,16.073400000,0.567700000
1139,16.896400000,0.442700000
1140,17.729100000,1.219200000
1141,15.879200000,0.363000000
1142,15.638500000,0.287500000
1143,16.658400000,0.338000000
1144,17.205200000,0.887000000
1145,16.866100000,0.484400000
1146,16.959900000,0.402600000
1147,15.675000000,0.351000000
1148,16.846400000,0.468300000
1149,17.911400000,1.157800000
1150,16.747400000,1.328600000
1151,16.118800000,0.686000000
1152,18.216700000,0.995800000
1153,21.371300000,6.956800000
1154,11.306800000,1.875000000
1155,18.694800000,3.270300000
1156,14.316100000,0.458900000
1157,15.808300000,0.427600000
1158,17.858400000,1.477600000
1159,15.993700000,0.354100000
1160,15.825600000,0.419200000
1161,17.057800000,0.667700000
1162,17.150000000,0.816200000
1163,15.636400000,0.273400000
1164,16.982300000,0.518200000
1165,16.764100000,0.391200000
1166,18.265100000,1.747400000
1167,15.147400000,0.704200000
1168,17.400500000,0.832800000
1169,15.635900000,0.324000000
1170,16.716200000,0.338500000
1171,17.296900000,0.834400000
1172,15.944700000,0.536000000
1173,17.066200000,0.684900000
1174,17.001000000,0.587500000
1175,15.847400000,0.402100000
1176,19.392700000,2.946900000
1177,14.067200000,0.623500000
1178,17.019800000,0.638500000
1179,16.795900000,0.367700000
1180,17.216600000,0.823900000
1181,15.856300000,0.470300000
1182,16.755200000,0.384900000
1183,16.750000000,0.368800000
1184,17.842200000,1.297400000
1185,14.843200000,0.438600000
1186,17.005200000,0.441200000
1187,16.705700000,0.355200000
1188,16.936000000,0.507800000
1189,16.973400000,0.514600000
1190,15.952600000,0.515600000
1191,17.585900000,0.852000000
1192,15.804200000,0.408800000
1193,16.906800000,0.311500000
1194,16.876000000,0.540600000
1195,17.047400000,0.462000000
1196,16.141700000,0.598000000
1197,19.819300000,0.479100000
1198,14.496800000,0.721900000
1199,16.484400000,1.127600000
1200,16.503100000,1.051000000
1201,15.813100000,0.469800000
1202,16.808300000,0.409900000
1203,17.147400000,0.557800000
1204,15.901500000,0.436400000
1205,17.625600000,1.164100000
1206,15.877100000,0.438500000
1207,16.928600000,0.500000000
1208,19.119300000,2.603600000
1209,14.027100000,0.586900000
1210,17.146800000,0.728100000
1211,15.574000000,0.273400000
1212,17.055700000,0.539100000
1213,17.452100000,0.429200000
1214,16.204700000,0.443800000
1215,16.861400000,0.403700000
1216,15.851600000,0.379200000
1217,16.845300000,0.432300000
1218,17.092700000,0.732800000
1219,16.798500000,0.430200000
1220,16.766600000,0.370300000
1221,16.099500000,0.728600000
1222,16.821400000,0.405700000
1223,16.763000000,0.346400000
1224,17.115600000,0.576000000
1225,16.440600000,0.576000000
1226,17.976600000,1.576500000
1227,15.650500000,0.906800000
1228,16.758400000,1.343200000
1229,16.313000000,0.681200000
1230,16.934300000,0.405200000
1231,15.816200000,0.415600000
1232,17.882300000,1.433800000
1233,15.704200000,0.364600000
1234,16.617100000,0.298000000
1235,16.766200000,0.378100000
1236,16.977100000,0.497900000
1237,16.111400000,0.510400000
1238,16.744800000,0.371300000
1239,17.377100000,0.855700000
1240,16.185900000,0.492200000
1241,17.822400000,1.206800000
1242,15.968300000,0.449500000
1243,15.910900000,0.369300000
1244,16.955200000,0.393700000
1245,17.019800000,0.549000000
1246,15.825500000,0.409400000
1247,16.724000000,0.329200000
1248,16.680700000,0.341700000
1249,16.897900000,0.569200000
1250,16.591200000,0.309400000
1251,17.216100000,0.584400000
1252,15.825000000,0.475000000
1253,16.919800000,0.538000000
1254,16.830700000,0.417800000
1255,16.770900000,0.308300000
1256,17.763000000,0.857300000
1257,15.665600000,0.332800000
1258,16.914100000,0.430800000
1259,16.441600000,1.002600000
1260,16.769800000,0.423400000
1261,17.182900000,0.714100000
1262,15.755700000,0.391200000
1263,17.168700000,0.760400000
1264,15.801600000,0.356200000
1265,17.866100000,1.508800000
1266,15.932300000,0.391600000
1267,16.790100000,0.432800000
1268,16.826100000,0.419300000
1269,17.283800000,0.863000000
1270,15.748500000,0.382800000
1271,17.078100000,0.481800000
1272,16.608300000,0.370300000
1273,16.780200000,0.380300000
1274,15.764600000,0.371900000
1275,16.667700000,0.365100000
1276,16.738000000,0.402600000
1277,17.074500000,0.381200000
1278,16.863600000,0.457800000
1279,16.856200000,0.459400000
1280,16.118200000,0.773500000
1281,17.300000000,0.394200000
1282,15.988100000,0.471900000
1283,16.816100000,0.427100000
1284,16.860400000,0.365700000
1285,16.708400000,0.389600000
1286,17.751500000,1.297400000
1287,16.239600000,0.660400000
1288,16.341700000,0.911500000
1289,15.816100000,0.404100000
1290,17.520900000,0.518700000
1291,16.131200000,0.468200000
1292,16.881300000,0.455300000
1293,20.760900000,1.996900000
1294,12.769300000,0.404200000
1295,15.869800000,0.473400000
1296,16.760400000,0.403700000
1297,18.930700000,1.134900000
1298,14.627100000,0.300500000
1299,16.641100000,0.354100000
1300,16.736000000,0.437000000
1301,16.717200000,0.352100000
1302,17.180200000,0.546900000
1303,16.607800000,0.477100000
1304,17.845800000,2.346900000
1305,14.613000000,0.303600000
1306,16.976100000,0.381800000
1307,16.654100000,0.317200000
1308,17.409400000,0.880800000
1309,15.763000000,0.378700000
1310,17.309900000,0.619300000
1311,15.849500000,0.411400000
1312,21.733900000,4.316700000
1313,12.114000000,0.306300000
1314,16.946900000,0.577100000
1315,15.607300000,0.293800000
1316,18.791700000,1.262000000
1317,14.921800000,0.459400000
1318,16.824500000,0.377100000
1319,17.163600000,0.411500000
1320,17.440600000,0.920400000
1321,15.909900000,0.412000000
1322,15.731700000,0.336000000
1323,16.809400000,0.407300000
1324,16.899500000,0.436500000
1325,16.881300000,0.383800000
1326,17.140600000,0.611000000
1327,15.842200000,0.477600000
1328,16.789000000,0.410400000
1329,16.964600000,0.536500000
1330,17.132300000,0.682300000
1331,16.394800000,0.992200000
1332,17.466100000,1.003100000
1333,15.970900000,0.354700000
1334,16.270300000,0.808900000
1335,16.895800000,0.476600000
1336,16.868800000,0.434900000
1337,16.104700000,0.758900000
1338,16.608300000,0.309400000
1339,16.902100000,0.455200000
1340,18.594200000,1.967200000
1341,15.188600000,0.464100000
1342,15.976000000,0.501600000
1343,16.615700000,0.309400000
1344,16.834800000,0.424500000
1345,16.938600000,0.428200000
1346,17.320300000,0.864600000
1347,16.790600000,1.288100000
1348,16.609900000,1.168200000
1349,16.596900000,1.128700000
1350,15.869800000,0.420900000
1351,16.844800000,0.439600000
1352,16.807300000,0.427600000
1353,15.750000000,0.388600000
1354,16.785900000,0.376000000
1355,16.854200000,0.400500000
1356,16.915100000,0.469800000
1357,16.863000000,0.449000000
1358,16.675000000,0.312000000
1359,16.795800000,0.339600000
1360,17.041200000,0.439600000
1361,15.942200000,0.469300000
1362,16.808300000,0.412000000
1363,16.934400000,0.495900000
1364,16.314000000,0.780700000
1365,16.840700000,0.471400000
1366,17.469800000,1.089100000
1367,15.741600000,0.385400000
1368,17.086500000,0.414100000
1369,15.710400000,0.350500000
1370,16.809400000,0.437000000
1371,16.885400000,0.487500000
1372,17.068200000,0.585400000
1373,17.751100000,0.454200000
1374,14.688000000,0.361000000
1375,16.846300000,0.451500000
1376,16.854200000,0.456800000
1377,16.752100000,0.409400000
1378,16.685400000,0.341600000
1379,16.707300000,0.367200000
1380,16.852100000,0.413500000
1381,16.704100000,0.358900000
1382,16.719800000,0.384300000
1383,16.802100000,0.374400000
1384,18.387500000,1.947900000
1385,14.903100000,0.442200000
1386,16.780800000,0.383800000
1387,15.816600000,0.428100000
1388,16.695400000,0.353600000
1389,16.746300000,0.379200000
1390,16.773400000,0.392100000
1391,17.229700000,0.460400000
1392,17.061000000,0.534400000
1393,16.063000000,0.542100000
1394,16.819800000,0.428100000
1395,16.663500000,0.308800000
1396,16.604200000,0.285400000
1397,17.208300000,0.818200000
1398,15.910400000,0.458300000
1399,16.951600000,0.457800000
1400,17.429200000,1.094300000
1401,15.961400000,0.446900000
1402,17.888000000,1.426000000
1403,15.110500000,0.465100000
1404,17.086900000,0.515600000
1405,16.736000000,0.846900000
1406,15.630700000,0.315600000
1407,16.591200000,0.299000000
1408,16.976500000,0.459400000
1409,16.752100000,0.387500000
1410,16.999000000,0.558300000
1411,16.852000000,0.438000000
1412,17.554700000,0.893700000
1413,15.952600000,0.440600000
1414,16.249000000,0.658900000
1415,16.981800000,0.392700000
1416,15.875000000,0.411500000
1417,16.898400000,0.457800000
1418,16.913500000,0.455200000
1419,17.181800000,0.504100000
1420,15.839600000,0.329200000
1421,17.315100000,1.002100000
1422,15.743200000,0.370300000
1423,17.661000000,1.225600000
1424,16.593200000,1.114100000
1425,16.401600000,0.504700000
1426,16.744800000,0.387000000
1427,16.697900000,0.361000000
1428,16.919200000,0.552600000
1429,16.217700000,0.702100000
1430,16.812000000,0.397900000
1431,16.975500000,0.480700000
1432,16.066700000,0.488500000
1433,16.773500000,0.381800000
1434,16.763000000,0.379200000
1435,16.676000000,0.338000000
1436,16.654200000,0.332300000
1437,16.760900000,0.388000000
1438,17.999500000,0.452600000
1439,14.852600000,0.426000000
1440,17.185900000,0.687500000
1441,16.849000000,0.421900000
1442,15.550000000,0.278100000
1443,17.893200000,0.456700000
1444,16.479700000,0.735400000
1445,17.140100000,0.772400000
1446,15.816200000,0.401100000
1447,16.816100000,0.384900000
1448,16.797900000,0.389500000
1449,17.131800000,0.595400000
1450,16.170800000,0.487000000
1451,16.806800000,0.403600000
1452,16.857800000,0.463000000
1453,15.695800000,0.333400000
1454,16.615200000,0.314100000
1455,17.345800000,0.931700000
1456,16.854700000,0.376500000
1457,15.811400000,0.387000000
1458,17.183900000,0.811500000
1459,16.602600000,0.301000000
1460,16.884900000,0.465100000
1461,16.906800000,0.414600000
1462,15.960400000,0.430200000
1463,17.284300000,0.689000000
1464,16.854200000,0.426600000
1465,16.602100000,1.104700000
1466,16.389100000,0.335400000
1467,16.744200000,0.356700000
1468,17.032800000,0.422400000
1469,15.908900000,0.467700000
1470,17.025000000,0.558900000
1471,17.364600000,0.480300000
1472,15.831800000,0.435400000
1473,17.229100000,0.537000000
1474,16.385400000,0.979200000
1475,16.474000000,0.508300000
1476,16.855200000,0.438600000
1477,16.354700000,0.514000000
1478,16.797900000,0.417200000
1479,17.150500000,0.515100000
1480,16.556300000,0.397900000
1481,15.734400000,0.373900000
1482,16.834800000,0.458800000
1483,16.931300000,0.467200000
1484,16.829200000,0.370900000
1485,17.246300000,0.340700000
1486,15.818200000,0.464000000
1487,16.587000000,0.289100000
1488,16.969800000,0.598400000
1489,16.825000000,0.357300000
1490,17.320300000,0.888000000
1491,16.008900000,0.640100000
1492,16.924500000,0.443200000
1493,15.975000000,0.527600000
1494,17.538000000,1.095400000
1495,16.150000000,0.740600000
1496,17.877600000,1.484400000
1497,14.995300000,0.491700000
1498,17.030700000,0.569800000
1499,17.675000000,1.234900000
1500,15.965100000,0.475600000
1501,15.939100000,0.397900000
1502,16.889100000,0.517700000
1503,16.898400000,0.501000000
1504,16.900500000,0.468200000
1505,15.892200000,0.431800000
1506,16.933900000,0.479100000
1507,18.044200000,1.456300000
1508,15.734900000,0.379100000
1509,15.932800000,0.423400000
1510,17.974000000,1.432800000
1511,15.795300000,0.402100000
1512,16.743800000,0.401600000
1513,16.925500000,0.463600000
1514,19.166600000,2.105200000
1515,13.902700000,0.478600000
1516,16.728600000,0.325000000
1517,16.746900000,0.402100000
1518,16.981700000,0.483400000
1519,23.910500000,0.414600000
1520,18.238000000,5.192700000
1521,8.191600000,0.525500000
1522,15.657300000,0.327600000
1523,16.690700000,0.352600000
1524,16.739500000,0.346800000
1525,16.882300000,0.453100000
1526,17.636500000,1.208900000
1527,15.990600000,0.478100000
1528,15.908400000,0.431700000
1529,16.782200000,0.356800000
1530,16.833900000,0.377100000
1531,17.081800000,0.794800000
1532,15.538500000,0.264000000
1533,17.239600000,0.818800000
1534,17.159400000,0.424000000
1535,15.993700000,0.582800000
1536,17.378100000,0.702000000
1537,16.526100000,1.105200000
1538,17.554200000,1.096900000
1539,16.005200000,0.421300000
1540,16.594200000,0.811900000
1541,16.498000000,0.425000000
1542,16.826500000,0.416200000
1543,15.888600000,0.432300000
1544,17.042700000,0.611000000
1545,17.820300000,0.844300000
1546,16.603600000,0.954100000
1547,15.751600000,0.393200000
1548,17.984900000,1.523900000
1549,14.751500000,0.389000000
1550,16.948500000,0.504700000
1551,17.228100000,0.372900000
1552,15.784400000,0.396400000
1553,16.700000000,0.356800000
1554,16.916600000,0.490600000
1555,16.913100000,0.478700000
1556,17.686400000,1.054100000
1557,17.699500000,1.088500000
1558,15.096400000,0.497400000
1559,15.982800000,0.576100000
1560,19.262500000,0.406800000
1561,13.641100000,0.350500000
1562,16.959400000,0.500500000
1563,17.183800000,0.346400000
1564,16.679200000,0.336400000
1565,17.185400000,0.795300000
1566,15.753200000,0.390700000
1567,16.698900000,0.355700000
1568,17.798500000,1.231700000
1569,17.607800000,0.625000000
1570,15.216100000,0.749000000
1571,15.797400000,0.413000000
1572,17.850500000,0.783300000
1573,16.536500000,0.468300000
1574,15.972900000,0.460500000
1575,17.866100000,0.586500000
1576,21.141700000,0.455200000
1577,10.797400000,0.373900000
1578,16.907800000,0.368200000
1579,17.465600000,0.382300000
1580,15.855800000,0.505200000
1581,16.985900000,0.413500000
1582,16.886500000,1.393300000
1583,15.828600000,0.424400000
1584,16.854700000,0.447400000
1585,16.884400000,0.438600000
1586,17.435400000,0.726600000
1587,16.279200000,0.782300000
1588,15.715100000,0.329200000
1589,17.170300000,0.758900000
1590,17.340100000,0.965100000
1591,15.830200000,0.440100000
1592,16.823400000,0.425500000
1593,17.099500000,0.538000000
1594,15.954700000,0.386500000
1595,16.720300000,0.350500000
1596,17.824000000,0.469200000
1597,15.938500000,0.529700000
1598,17.534900000,1.022400000
1599,16.634900000,0.428100000
1600,16.976000000,1.370300000
1601,15.099500000,0.605700000
1602,16.904200000,0.471300000
1603,16.800500000,0.400500000
1604,17.469800000,1.001000000
1605,21.051000000,0.545800000
1606,10.851100000,0.285400000
1607,18.255700000,1.397900000
1608,22.702600000,7.150500000
1609,16.946900000,1.645300000
1610,10.030700000,0.912500000
1611,16.677600000,0.328100000
1612,15.681800000,0.346800000
1613,16.745300000,0.368700000
1614,16.769300000,0.417200000
1615,17.459900000,1.064600000
1616,17.053100000,1.466200000
1617,16.454200000,0.503100000
1618,18.626000000,1.360400000
1619,15.289600000,0.409400000
1620,14.784400000,0.404700000
1621,18.747900000,2.393200000
1622,15.053600000,0.638000000
1623,16.855800000,0.440700000
1624,15.999400000,0.483400000
1625,16.963600000,0.428600000
1626,17.106200000,0.656800000
1627,16.213100000,0.501500000
1628,18.196300000,0.578100000
1629,15.958900000,1.171900000
1630,16.151000000,0.599000000
1631,15.892200000,0.442700000
1632,16.765600000,0.367200000
1633,17.015100000,0.432300000
1634,16.808900000,0.401100000
1635,18.747900000,1.904700000
1636,14.980200000,0.595300000
1637,15.738500000,0.376600000
1638,16.754200000,0.392700000
1639,17.098400000,0.702600000
1640,17.857900000,1.089000000
1641,16.012500000,0.485400000
1642,15.759300000,0.400500000
1643,17.694300000,1.370800000
1644,16.182800000,0.756800000
1645,15.777600000,0.381800000
1646,18.000500000,1.507800000
1647,17.245400000,1.011900000
1648,14.879600000,0.425000000
1649,17.230800000,0.469700000
1650,17.220800000,0.742700000
1651,16.238000000,0.737000000
1652,18.228700000,0.489000000
1653,15.177600000,0.482200000
1654,15.787000000,0.438100000
1655,16.874400000,0.486500000
1656,17.657800000,0.989600000
1657,16.145400000,0.713500000
1658,17.276000000,0.893300000
1659,15.991700000,0.459900000
1660,17.581700000,1.190600000
1661,16.055800000,0.458800000
1662,17.046300000,0.816200000
1663,16.551100000,1.181800000
1664,16.056700000,0.606700000
1665,17.715100000,0.461400000
1666,15.977600000,0.571800000
1667,15.954200000,0.494800000
1668,17.116200000,0.570300000
1669,16.751000000,0.370300000
1670,17.368700000,0.895800000
1671,16.361500000,0.972900000
1672,15.773400000,0.365700000
1673,16.665100000,0.316700000
1674,16.991200000,0.453700000
1675,17.087000000,0.687500000
1676,15.808300000,0.315100000
1677,16.996400000,0.402100000
1678,18.289000000,1.565100000
1679,14.656800000,0.308300000
1680,16.751600000,0.442700000
1681,16.846300000,0.441700000
1682,17.041700000,0.525000000
1683,17.172900000,0.477600000
1684,16.124500000,0.460500000
1685,17.735900000,1.264600000
1686,15.591700000,0.283300000
1687,16.717700000,0.371400000
1688,17.746900000,0.954200000
1689,15.964000000,0.495300000
1690,18.815100000,3.036000000
1691,13.750000000,0.331700000
1692,16.847900000,0.503700000
1693,17.958900000,1.491600000
1694,16.288000000,0.864100000
1695,15.867200000,0.471400000
1696,16.732800000,0.345300000
1697,16.655200000,0.318200000
1698,17.771400000,1.371900000
1699,17.106700000,1.663500000
1700,14.833900000,0.403100000
1701,17.550500000,0.481800000
1702,15.796400000,0.396900000
1703,16.847900000,0.459400000
1704,16.647400000,0.321900000
1705,18.400000000,0.928700000
1706,15.166700000,0.723400000
1707,17.078600000,0.423400000
1708,15.988500000,0.492100000
1709,16.979700000,0.331700000
1710,16.897900000,0.408800000
1711,16.928200000,0.838500000
1712,15.835900000,0.431300000
1713,17.584400000,1.188500000
1714,15.825000000,0.428700000
1715,16.729200000,0.368200000
1716,16.821300000,0.427600000
1717,17.160400000,0.707800000
1718,15.982800000,0.466700000
1719,16.995900000,0.474400000
1720,15.975500000,0.529700000
1721,17.026000000,0.496300000
1722,17.301100000,0.790100000
1723,15.924500000,0.469800000
1724,16.949400000,0.468700000
1725,17.213600000,0.512500000
1726,15.990600000,0.447400000
1727,17.461500000,1.084900000
1728,15.806200000,0.479700000
1729,16.874500000,0.470300000
1730,18.633300000,0.498400000
1731,15.142700000,0.417700000
1732,15.742200000,0.436900000
1733,16.824500000,0.428100000
1734,17.229700000,0.853100000
1735,16.106800000,0.457800000
1736,16.815100000,0.428700000
1737,16.673400000,0.324400000
1738,16.770800000,0.388000000
1739,17.576100000,0.934400000
1740,15.832300000,0.435400000
1741,16.870300000,0.508800000
1742,15.733300000,0.385400000
1743,17.594300000,0.871900000
1744,16.256700000,0.516600000
1745,17.286500000,0.838000000
1746,15.721900000,0.366200000
1747,16.992700000,0.457800000
1748,16.896300000,0.523900000
1749,16.704700000,0.332200000
1750,15.782300000,0.410900000
1751,16.921400000,0.464100000
1752,16.680200000,0.331800000
1753,17.001000000,0.520300000
1754,16.902100000,0.447400000
1755,17.322400000,0.933400000
1756,15.722400000,0.350000000
1757,18.327100000,1.130700000
1758,14.802600000,0.418200000
1759,16.949500000,0.510500000
1760,17.351500000,0.953700000
1761,16.365100000,0.339600000
1762,16.358400000,0.766600000
1763,16.868200000,0.424000000
1764,15.799000000,0.380300000
1765,17.151500000,0.470800000
1766,16.912500000,0.454700000
1767,17.013000000,0.406200000
1768,15.794300000,0.356200000
1769,16.937000000,0.546400000
1770,16.579200000,0.275500000
1771,16.926500000,0.495800000
1772,16.702100000,0.357800000
1773,17.129200000,0.401100000
1774,16.001000000,0.494200000
1775,17.696900000,0.871900000
1776,16.041100000,0.648900000
1777,16.045300000,0.422400000
1778,16.808400000,0.418800000
1779,17.106700000,0.401500000
1780,16.124000000,0.513600000
1781,17.032300000,0.453700000
1782,16.810400000,0.428100000
1783,17.303100000,0.905200000
1784,15.873000000,0.382900000
1785,17.302000000,0.427000000
1786,15.891700000,0.456800000
1787,18.296900000,0.788100000
1788,15.163000000,0.717200000
1789,16.851600000,0.430200000
1790,17.457800000,1.080800000
1791,16.022400000,0.459400000
1792,17.117200000,0.423500000
1793,16.671800000,1.091200000
1794,15.891200000,0.439600000
1795,17.020800000,0.528700000
1796,15.606800000,0.294800000
1797,17.847900000,0.754700000
1798,15.925500000,0.456800000
1799,17.744800000,1.243200000
1800,15.725000000,0.366600000
1801,16.844300000,0.390700000
1802,18.461400000,1.044800000
1803,15.627100000,0.411500000
1804,16.036000000,0.669300000
1805,18.641100000,2.253200000
1806,14.729700000,0.362500000
1807,16.151600000,0.777600000
1808,16.838000000,0.424500000
1809,17.593700000,0.397900000
1810,15.969800000,0.429700000
1811,17.482800000,2.033300000
1812,15.773000000,0.405200000
1813,17.276500000,0.823400000
1814,16.781300000,1.378100000
1815,17.808300000,0.844300000
1816,14.763500000,0.411900000
1817,16.780200000,0.321400000
1818,16.880300000,0.605200000
1819,16.066600000,0.642200000
1820,16.854700000,0.446300000
1821,17.374500000,0.797400000
1822,15.835900000,0.372400000
1823,17.421400000,0.578700000
1824,15.629700000,0.302100000
1825,17.138500000,0.807300000
1826,16.929700000,0.475500000
1827,17.014600000,0.475500000
1828,16.012000000,0.479700000
1829,21.100500000,0.622900000
1830,11.911400000,0.441700000
1831,17.572400000,1.229700000
1832,17.184900000,1.683900000
1833,17.166200000,0.805700000
1834,14.812000000,0.404200000
1835,17.213500000,0.794300000
1836,15.703100000,0.325600000
1837,19.624500000,2.938600000
1838,13.923400000,0.458800000
1839,17.578200000,1.203200000
1840,15.892700000,0.450500000
1841,17.020300000,0.393700000
1842,16.882300000,0.443300000
1843,17.055700000,0.368200000
1844,15.680700000,0.352600000
1845,16.623000000,0.308900000
1846,17.131200000,0.693800000
1847,18.036500000,1.618700000
1848,14.824400000,0.373900000
1849,17.152100000,0.713000000
1850,16.867700000,0.439000000
1851,18.361000000,1.894700000
1852,14.830700000,0.456300000
1853,17.694300000,1.309900000
1854,15.710400000,0.344800000
1855,16.737000000,0.330800000
1856,15.889000000,0.455200000
1857,17.029700000,0.468700000
1858,16.694800000,0.353100000
1859,17.939600000,1.340700000
1860,15.842200000,0.523000000
1861,16.067200000,0.665600000
1862,17.069200000,0.401000000
1863,22.087000000,0.737000000
1864,11.253100000,0.396800000
1865,18.704700000,0.714500000
1866,15.880800000,0.423500000
1867,17.338500000,1.900500000
1868,14.749000000,0.358900000
1869,17.633300000,0.342700000
1870,15.747400000,0.424000000
1871,17.115600000,0.654200000
1872,16.150500000,0.740100000
1873,16.822900000,0.438500000
1874,15.964600000,0.591100000
1875,17.634400000,1.249400000
1876,15.873400000,0.413100000
1877,17.456800000,1.078600000
1878,16.388600000,0.883900000
1879,15.800000000,0.391200000
1880,16.958800000,0.430200000
1881,18.181800000,1.724500000
1882,16.658800000,0.798900000
1883,17.281800000,1.882300000
1884,14.882800000,0.576500000
1885,16.855200000,0.409900000
1886,17.425500000,0.892200000
1887,15.936500000,0.455200000
1888,17.132800000,1.681800000
1889,15.830700000,0.435900000
1890,16.707900000,0.366700000
1891,17.484900000,0.964600000
1892,16.948900000,1.133300000
1893,16.457800000,0.695300000
1894,16.100000000,0.459400000
1895,16.932300000,1.181200000
1896,15.699000000,0.354700000
1897,16.945300000,0.447900000
1898,16.827100000,0.433400000
1899,16.990600000,0.488000000
1900,17.334900000,1.813100000
1901,19.488000000,0.794800000
1902,13.024500000,0.651100000
1903,17.379700000,0.773500000
1904,15.958300000,0.380700000
1905,17.689600000,0.935400000
1906,15.611500000,0.303700000
1907,18.024400000,1.549500000
1908,15.707300000,1.312500000
1909,19.733900000,0.890700000
1910,12.944300000,0.397900000
1911,17.842700000,0.397900000
1912,16.114000000,0.422900000
1913,16.129200000,0.665100000
1914,16.716100000,0.394200000
1915,17.409900000,0.867700000
1916,16.054700000,0.609400000
1917,17.422900000,0.953600000
1918,15.885500000,0.434900000
1919,19.459300000,1.727600000
1920,14.257300000,0.734900000
1921,15.892700000,0.544800000
1922,18.394800000,0.594300000
1923,16.425000000,0.977600000
1924,15.672400000,0.383800000
1925,17.257800000,0.702600000
1926,16.001100000,0.414100000
1927,16.731700000,0.366100000
1928,17.217700000,0.829100000
1929,15.932900000,0.532300000
1930,17.027000000,0.688500000
1931,15.851600000,0.464600000
1932,16.983300000,0.467200000
1933,17.284400000,0.879700000
1934,15.948500000,0.510400000
1935,18.548400000,2.058900000
1936,14.764600000,0.410400000
1937,18.056700000,1.635900000
1938,16.281800000,0.857800000
1939,15.786500000,0.387500000
1940,16.925500000,0.471300000
1941,17.446900000,0.963500000
1942,16.082300000,0.606800000
1943,16.508300000,1.057800000
1944,16.969300000,0.565100000
1945,16.649400000,1.183900000
1946,15.894800000,0.458800000
1947,16.957300000,0.520800000
1948,16.800500000,0.414000000
1949,17.391200000,0.781700000
1950,15.868700000,0.408300000
1951,17.727100000,1.114100000
1952,16.480800000,0.820800000
1953,16.223900000,0.422900000
1954,15.884900000,0.343700000
1955,16.747900000,0.388000000
1956,16.695300000,0.344800000
1957,16.844300000,0.431700000
1958,17.590600000,1.207800000
1959,16.413600000,0.955700000
1960,16.044800000,0.529100000
1961,17.175500000,0.692700000
1962,15.739600000,0.379700000
1963,17.100000000,0.539000000
1964,17.385900000,0.923500000
1965,17.003100000,1.557800000
1966,16.300000000,0.661000000
1967,18.589100000,3.129200000
1968,13.807300000,0.386500000
1969,17.701000000,1.292200000
1970,17.104700000,1.309800000
1971,14.932800000,0.424500000
1972,18.143800000,1.507300000
1973,16.344800000,0.832800000
1974,16.553600000,0.606200000
1975,16.054200000,0.689600000
1976,16.701500000,0.365100000
1977,17.030300000,0.512000000
1978,15.894200000,0.419200000
1979,17.097400000,0.654700000
1980,16.767200000,0.462000000
1981,17.092200000,0.560900000
1982,15.697900000,0.361400000
1983,16.885400000,0.487500000
1984,17.016200000,0.484900000
1985,17.434900000,0.991100000
1986,16.084900000,0.424500000
1987,15.855700000,0.449500000
1988,17.018200000,0.613500000
1989,17.227100000,0.953600000
1990,15.828700000,0.386400000
1991,16.789500000,0.374500000
1992,16.819800000,0.403100000
1993,17.125500000,0.586000000
1994,16.174000000,0.808400000
1995,17.138500000,0.791100000
1996,16.068300000,0.453200000
1997,16.795800000,0.415100000
1998,16.840100000,0.428100000
1999,18.049500000,1.209900000
2000,15.488500000,1.088500000
2001,16.698500000,0.387500000
2002,15.794200000,0.434900000
2003,16.801600000,0.406700000
2004,17.148400000,0.781800000
2005,16.893300000,0.441700000
2006,17.346800000,0.925000000
2007,17.721400000,1.827100000
2008,14.723400000,0.356800000
2009,16.840700000,0.424000000
2010,16.734900000,0.374500000
2011,15.838500000,0.413000000
2012,16.906800000,0.434400000
2013,16.706700000,0.354700000
2014,17.181300000,0.654700000
2015,17.343700000,0.929200000
2016,15.763600000,0.380200000
2017,17.023900000,0.522900000
2018,16.008400000,0.554200000
2019,16.825500000,0.393200000
2020,16.603600000,0.314100000
2021,17.098000000,0.689100000
2022,16.700000000,0.348400000
2023,15.978600000,0.572400000
2024,17.175000000,0.800500000
2025,16.924000000,0.464000000
2026,16.329700000,0.449500000
2027,16.794700000,0.383800000
2028,16.847400000,0.547400000
2029,16.138600000,0.712500000
2030,17.009900000,0.552100000
2031,16.800000000,0.396400000
2032,16.013000000,0.453700000
2033,17.245800000,0.700500000
2034,16.712000000,0.332800000
2035,17.017200000,0.578200000
2036,15.695300000,0.359900000
2037,17.127100000,0.600500000
2038,17.912500000,1.453100000
2039,15.025000000,0.606200000
2040,16.883300000,0.350000000
2041,16.802100000,0.411500000
2042,16.190100000,0.527100000
2043,16.913000000,0.515600000
2044,16.770900000,0.444800000
2045,16.769800000,0.376000000
2046,16.920300000,0.452600000
2047,16.382800000,0.415100000
2048,18.323900000,1.782300000
2049,14.823500000,0.530700000
2050,16.735400000,0.378100000
2051,16.979700000,0.450000000
2052,16.934900000,0.437000000
2053,15.885900000,0.440100000
2054,16.859400000,0.444300000
2055,16.985400000,0.431200000
2056,17.019300000,0.661500000
2057,16.209900000,0.630700000
2058,16.740100000,0.358900000
2059,16.715100000,0.352600000
2060,16.656200000,0.332800000
2061,16.639100000,0.292700000
2062,16.737000000,0.370300000
2063,17.539000000,1.164600000
2064,16.087000000,0.441100000
2065,16.144300000,0.394800000
2066,16.708800000,0.354600000
2067,17.124000000,0.571400000
2068,15.982800000,0.416100000
2069,16.807800000,0.389000000
2070,16.940100000,0.596800000
2071,17.068300000,0.538600000
2072,16.048900000,0.573500000
2073,16.931300000,0.590700000
2074,15.828100000,0.364100000
2075,16.774000000,0.388000000
2076,16.780200000,0.400000000
2077,18.461900000,1.982300000
2078,14.930200000,0.412500000
2079,17.059900000,0.700000000
2080,16.659400000,0.318700000
2081,17.149500000,0.699500000
2082,15.709400000,0.418200000
2083,16.946300000,0.423400000
2084,17.529700000,1.110900000
2085,16.559900000,0.725500000
2086,15.846400000,0.414100000
2087,16.853100000,0.438000000
2088,16.877600000,0.540100000
2089,16.829200000,0.421900000
2090,15.802600000,0.400000000
2091,17.304100000,0.856200000
2092,17.473500000,0.969200000
2093,15.813500000,0.417700000
2094,17.080700000,0.775600000
2095,15.979200000,0.497400000
2096,16.752100000,0.389600000
2097,16.728600000,0.304200000
2098,17.387000000,1.026600000
2099,15.790600000,0.392200000
2100,16.750600000,0.371800000
2101,16.825500000,0.420300000
2102,16.729700000,0.359400000
2103,17.022400000,0.495300000
2104,16.626000000,0.442700000
2105,16.461500000,0.947900000
2106,16.300000000,0.469300000
2107,17.031200000,0.515100000
2108,16.133900000,0.480200000
2109,21.779100000,0.803600000
2110,11.512000000,0.250600000
2111,16.808300000,0.356200000
2112,17.226600000,0.844800000
2113,15.788600000,0.404600000
2114,16.847300000,0.414500000
2115,16.904700000,0.471900000
2116,18.188600000,0.403700000
2117,14.905200000,0.439600000
2118,17.158300000,0.527100000
2119,18.625000000,2.187500000
2120,15.342200000,0.856300000
2121,15.854700000,0.446300000
2122,16.608800000,0.314600000
2123,17.365200000,0.965100000
2124,15.735400000,0.356300000
2125,16.934300000,0.414100000
2126,17.817800000,1.218800000
2127,16.148400000,0.490700000
2128,15.709900000,0.351000000
2129,16.805700000,0.448900000
2130,16.846400000,0.371400000
2131,17.221300000,0.593700000
2132,16.038600000,0.549500000
2133,16.813500000,0.512500000
2134,16.813000000,0.401000000
2135,17.188000000,0.752600000
2136,15.852700000,0.468700000
2137,17.157200000,0.670800000
2138,19.352600000,2.980700000
2139,13.930800000,0.357800000
2140,15.932800000,0.497400000
2141,16.776000000,0.409900000
2142,16.844300000,0.413500000
2143,16.927600000,0.422900000
2144,17.394300000,0.966700000
2145,15.794800000,0.400000000
2146,16.741100000,0.377100000
2147,17.971900000,1.363500000
2148,14.930200000,0.494800000
2149,16.808900000,0.398500000
2150,16.771300000,0.389100000
2151,17.004700000,0.481800000
2152,17.270800000,0.454200000
2153,16.614100000,1.062500000
2154,15.983300000,0.605700000
2155,16.832300000,0.425000000
2156,15.867700000,0.377600000
2157,16.584900000,0.280700000
2158,16.765100000,0.342100000
2159,16.977600000,0.591700000
2160,17.238600000,0.864600000
2161,16.188000000,0.762500000
2162,16.888000000,0.434900000
2163,18.973400000,1.350000000
2164,13.677100000,0.312000000
2165,17.304700000,0.476600000
2166,16.819300000,0.400000000
2167,16.744300000,0.779200000
2168,15.921800000,0.556800000
2169,16.924500000,0.569800000
2170,16.775500000,0.406800000
2171,17.481300000,1.040700000
2172,15.963000000,0.478700000
2173,16.838500000,0.502600000
2174,17.263100000,0.804600000
2175,16.518200000,1.088100000
2176,15.704200000,0.333400000
2177,16.839000000,0.459900000
2178,16.746900000,0.365100000
2179,16.575500000,0.273400000
2180,16.972900000,0.422900000
2181,16.819300000,0.322900000
2182,16.044800000,0.726500000
2183,16.668800000,0.317200000
2184,16.932200000,0.493200000
2185,16.981800000,0.552100000
2186,15.746400000,0.395900000
2187,17.106700000,0.596900000
2188,16.986500000,0.427600000
2189,17.207300000,1.018800000
2190,15.735400000,0.369200000
2191,16.781800000,0.335400000
2192,16.728100000,0.392700000
2193,17.241700000,0.502100000
2194,16.130200000,0.584900000
2195,17.622400000,0.764600000
2196,16.731700000,1.336900000
2197,15.832300000,0.420300000
2198,16.789600000,0.413000000
2199,17.186000000,0.524000000
2200,17.003600000,0.947900000
2201,15.831300000,0.415100000
2202,15.691100000,0.344800000
2203,17.533300000,1.003600000
2204,17.369300000,0.903100000
2205,16.536500000,0.610900000
2206,16.215600000,0.434400000
2207,16.366700000,0.782800000
2208,16.744700000,0.386900000
2209,16.948500000,0.565700000
2210,17.102600000,1.619800000
2211,16.348900000,0.509400000
2212,16.367200000,0.875500000
2213,17.156800000,0.726000000
2214,15.880700000,0.370800000
2215,16.746400000,0.402100000
2216,20.131200000,1.131200000
2217,15.180800000,2.373400000
2218,15.857800000,1.344800000
2219,16.102100000,0.711900000
2220,16.513000000,0.561500000
2221,16.238000000,0.724500000
2222,16.934400000,0.447400000
2223,16.711400000,0.357300000
2224,15.976600000,0.630200000
2225,16.851600000,0.473500000
2226,17.057800000,0.503600000
2227,16.767200000,0.415700000
2228,16.407800000,0.960900000
2229,17.128100000,0.469800000
2230,15.926600000,0.479700000
2231,17.021300000,0.618700000
2232,18.188000000,0.578100000
2233,15.750600000,0.857800000
2234,15.731200000,0.382300000
2235,16.913000000,0.587000000
2236,17.251600000,0.381200000
2237,16.393700000,0.520800000
2238,17.100600000,1.335400000
2239,15.900500000,0.542700000
2240,17.512500000,0.905700000
2241,16.316100000,0.867700000
2242,15.903200000,0.408800000
2243,17.128100000,0.616200000
2244,16.710900000,0.364100000
2245,19.172900000,2.044800000
2246,13.617700000,0.308400000
2247,17.275600000,0.282300000
2248,15.953600000,0.602600000
2249,16.712500000,0.373900000
2250,16.935900000,0.565600000
2251,16.940100000,0.589000000
2252,17.665700000,1.339600000
2253,16.147900000,0.764600000
2254,16.394800000,0.941100000
2255,15.789600000,0.405200000
2256,17.570800000,1.073400000
2257,15.621900000,0.320300000
2258,16.788000000,0.402600000
2259,17.676000000,0.929700000
2260,16.840100000,0.976000000
2261,15.848500000,0.389100000
2262,16.941600000,0.397900000
2263,16.768300000,0.392700000
2264,17.395800000,0.957300000
2265,15.910900000,0.429200000
2266,17.384400000,1.027100000
2267,16.446400000,0.983400000
2268,15.775000000,0.380800000
2269,17.171300000,0.789600000
2270,15.934900000,0.457800000
2271,17.243300000,0.646300000
2272,16.884800000,0.515100000
2273,16.204200000,0.756200000
2274,16.954700000,0.534400000
2275,17.083300000,0.583800000
2276,17.000000000,1.447400000
2277,16.120300000,0.526600000
2278,16.338600000,0.656200000
2279,17.129700000,0.691200000
2280,16.436400000,0.924500000
2281,16.513600000,1.088600000
2282,18.296300000,1.553100000
2283,15.701100000,0.513600000
2284,16.021800000,0.586900000
2285,16.694300000,0.342700000
2286,16.974000000,0.463600000
2287,16.544200000,1.089000000
2288,15.644800000,0.336900000
2289,17.738600000,1.352100000
2290,15.816100000,0.385400000
2291,16.795300000,0.400600000
2292,16.938100000,0.479700000
2293,17.491600000,0.454700000
2294,15.848500000,0.524500000
2295,16.971800000,0.429700000
2296,15.905800000,0.441700000
2297,16.832800000,0.420800000
2298,17.579100000,1.146300000
2299,16.203200000,0.756700000
2300,16.524500000,0.240600000
2301,17.671300000,0.700500000
2302,15.904700000,0.446900000
2303,17.298400000,0.844800000
2304,15.921900000,0.465100000
2305,18.110900000,1.376100000
2306,16.591700000,0.405700000
2307,15.358900000,0.954100000
2308,17.196300000,0.610900000
2309,15.778700000,0.464600000
2310,17.294200000,0.927600000
2311,16.131300000,0.648000000
2312,17.785900000,1.239600000
2313,16.054200000,0.554700000
2314,16.457800000,0.929700000
2315,17.514100000,1.030700000
2316,16.051500000,0.534900000
2317,16.521900000,0.485400000
2318,15.799000000,0.398000000
2319,16.572900000,0.287000000
2320,16.866100000,0.454700000
2321,16.946900000,0.454200000
2322,17.750500000,1.246400000
2323,15.957300000,0.622900000
2324,17.339600000,0.949500000
2325,16.234900000,0.445300000
2326,15.876600000,0.396300000
2327,17.020300000,0.690600000
2328,17.562500000,0.838100000
2329,16.519200000,1.113600000
2330,15.783400000,0.437000000
2331,17.465600000,0.930200000
2332,15.805700000,0.395300000
2333,16.931300000,0.458900000
2334,17.320300000,0.898400000
2335,15.952100000,0.489600000
2336,16.757800000,0.462000000
2337,18.288500000,0.833300000
2338,15.245900000,0.468800000
2339,15.895800000,0.444800000
2340,17.389600000,0.491700000
2341,17.061400000,0.353200000
2342,15.846900000,0.426500000
2343,17.093200000,0.719800000
2344,16.480800000,0.860400000
2345,16.903100000,0.427100000
2346,16.353100000,0.475500000
2347,17.732800000,1.292200000
2348,16.826100000,0.391700000
2349,16.084300000,0.678100000
2350,16.074000000,0.708300000
2351,16.892200000,0.291100000
2352,15.963000000,0.519300000
2353,17.371400000,0.674500000
2354,16.193700000,0.369800000
2355,16.831800000,0.464600000
2356,16.806200000,0.352600000
2357,17.889600000,1.458900000
2358,15.382800000,0.660900000
2359,17.251600000,0.866200000
2360,16.037000000,0.662500000
2361,17.235900000,0.843200000
2362,16.924000000,1.188600000
2363,15.860900000,0.421400000
2364,17.572900000,0.725500000
2365,15.821400000,0.425000000
2366,17.414600000,1.009900000
2367,16.074400000,0.643700000
2368,17.854200000,1.091100000
2369,18.107800000,0.636500000
2370,13.907300000,0.493800000
2371,18.268200000,1.886000000
2372,14.896400000,0.586900000
2373,16.833300000,0.479700000
2374,16.708400000,0.389500000
2375,17.206200000,0.672900000
2376,16.220300000,0.415600000
2377,17.158900000,0.728700000
2378,15.971900000,0.585400000
2379,16.956700000,0.567200000
2380,16.249000000,0.374000000
2381,16.705200000,0.352100000
2382,16.934900000,0.495800000
2383,16.861400000,0.431200000
2384,15.793300000,0.388600000
2385,17.334900000,0.904700000
2386,16.960900000,0.523400000
2387,15.783900000,0.384900000
2388,16.814500000,0.406200000
2389,16.900600000,0.490600000
2390,19.316100000,0.471400000
2391,15.674000000,1.385400000
2392,16.664600000,0.564500000
2393,14.927000000,0.499500000
2394,17.758400000,1.192200000
2395,16.070300000,0.557300000
2396,18.634900000,0.593300000
2397,13.841100000,0.436500000
2398,17.296900000,0.472400000
2399,17.945300000,1.601100000
2400,15.182300000,0.621400000
2401,16.931300000,0.464100000
2402,18.704100000,0.419800000
2403,13.720900000,0.355700000
2404,17.270300000,0.396300000
2405,16.869200000,0.439100000
2406,16.987500000,0.643200000
2407,15.706800000,0.360900000
2408,16.815100000,0.395300000
2409,17.018800000,0.588000000
2410,17.088500000,0.662500000
2411,15.968800000,0.397400000
2412,16.969200000,0.518800000
2413,17.492200000,1.087000000
2414,18.526600000,0.400000000
2415,13.535400000,0.233800000
2416,19.945800000,0.406200000
2417,13.782800000,0.401000000
2418,16.586000000,0.263000000
2419,16.667700000,0.333300000
2420,17.752600000,1.353700000
2421,15.983800000,0.456800000
2422,19.545400000,1.153600000
2423,13.789500000,0.427600000
2424,15.679200000,0.369800000
2425,16.825500000,0.439600000
2426,16.967200000,0.466700000
2427,17.059900000,0.779700000
2428,16.819300000,0.433400000
2429,15.815100000,0.418300000
2430,17.148400000,0.475500000
2431,17.013600000,0.545800000
2432,19.172900000,0.421400000
2433,14.062000000,0.443800000
2434,17.508800000,1.138000000
2435,15.824500000,0.366700000
2436,17.614600000,1.202600000
2437,15.850500000,0.485900000
2438,15.792200000,0.465600000
2439,16.782800000,0.402600000
2440,18.525500000,1.779200000
2441,15.075000000,0.658300000
2442,16.915100000,0.351000000
2443,16.991200000,0.456200000
2444,16.341600000,0.363000000
2445,16.790700000,0.403700000
2446,16.772900000,0.384300000
2447,15.793200000,0.395800000
2448,18.612000000,1.029700000
2449,15.299500000,0.469800000
2450,16.728100000,0.382300000
2451,16.878600000,0.405200000
2452,16.044800000,0.600000000
2453,17.195900000,0.562500000
2454,17.270800000,0.503700000
2455,16.506800000,1.009400000
2456,16.278100000,0.636000000
2457,17.494300000,0.976600000
2458,17.157800000,0.392200000
2459,14.744800000,0.368300000
2460,17.238500000,0.590100000
2461,16.859400000,0.471900000
2462,15.984400000,0.606800000
2463,20.197900000,0.579700000
2464,18.709900000,6.376100000
2465,13.191100000,1.164100000
2466,15.121900000,0.334900000
2467,16.218200000,0.463500000
2468,18.815100000,0.943800000
2469,15.295900000,0.837500000
2470,15.988000000,0.391700000
2471,16.755700000,0.385900000
2472,16.994300000,0.590100000
2473,15.953100000,0.604700000
2474,20.420300000,0.426000000
2475,12.726600000,0.361000000
2476,18.602100000,1.711500000
2477,15.231200000,0.734900000
2478,17.043800000,0.608900000
2479,15.732200000,0.419700000
2480,17.118300000,0.534400000
2481,17.412500000,0.567700000
2482,17.716600000,2.259900000
2483,15.100000000,0.676500000
2484,16.758900000,0.365600000
2485,18.418200000,0.496400000
2486,14.805200000,0.354100000
2487,16.885500000,0.435900000
2488,16.267700000,0.960500000
2489,16.768200000,0.402100000
2490,17.028600000,0.625500000
2491,16.781800000,0.415600000
2492,16.281300000,0.862500000
2493,17.205200000,0.602100000
2494,16.283300000,0.432800000
2495,16.622900000,0.313500000
2496,17.384400000,0.505200000
2497,16.225000000,0.796800000
2498,16.245800000,0.883300000
2499,17.528700000,0.767700000
2500,18.019800000,2.011500000
2501,15.257800000,0.838500000
2502,16.669800000,0.515600000
2503,17.044200000,1.595300000
2504,18.200000000,2.524500000
2505,14.042700000,0.621900000
2506,17.241700000,0.694800000
2507,15.816700000,0.427100000
2508,18.098900000,0.666100000
2509,14.967700000,0.450000000
2510,17.186500000,0.912000000
2511,17.177600000,0.721900000
2512,16.382300000,0.945400000
2513,16.515600000,0.977600000
2514,16.923500000,0.426500000
2515,16.285900000,0.888000000
2516,17.897900000,1.371900000
2517,15.647400000,1.143700000
2518,16.629200000,1.303200000
2519,16.666100000,0.332800000
2520,17.980800000,1.557800000
2521,15.093700000,0.500500000
2522,17.832800000,0.378100000
2523,15.758900000,0.368300000
2524,18.232300000,0.800500000
2525,15.069200000,0.663500000
2526,17.008400000,0.553700000
2527,15.879100000,0.446900000
2528,16.813600000,0.453700000
2529,17.211400000,0.484400000
2530,15.851100000,0.417100000
2531,16.955200000,0.586500000
2532,17.375000000,0.898500000
2533,15.789000000,0.397400000
2534,17.001100000,0.539600000
2535,18.473900000,1.010400000
2536,15.343800000,0.977100000
2537,15.741100000,0.343200000
2538,16.620400000,0.308900000
2539,18.455200000,2.137000000
2540,15.170300000,0.668700000
2541,18.705700000,0.494300000
2542,17.599000000,2.990100000
2543,13.629100000,0.254200000
2544,16.894300000,0.380700000
2545,16.727600000,0.367700000
2546,19.539100000,2.869800000
2547,15.331700000,1.664100000
2548,15.607800000,1.212500000
2549,15.658900000,0.274400000
2550,16.993200000,0.513000000
2551,17.056800000,0.545900000
2552,16.303600000,0.898900000
2553,17.614600000,1.089600000
2554,16.322400000,0.913000000
2555,15.607300000,0.282300000
2556,17.019800000,0.559400000
2557,17.716200000,0.834400000
2558,17.507200000,1.891100000
2559,15.097400000,0.434900000
2560,17.681800000,0.643800000
2561,21.283900000,0.980200000
2562,10.678600000,0.331200000
2563,16.749000000,0.400000000
2564,16.831200000,0.503600000
2565,17.214100000,0.462500000
2566,15.770300000,0.409400000
2567,17.700500000,1.157300000
2568,16.094800000,0.704200000
2569,17.008900000,0.517700000
2570,15.736900000,0.354700000
2571,17.350000000,0.459900000
2572,15.945900000,0.490200000
2573,16.543700000,0.261500000
2574,17.189600000,0.695800000
2575,16.874000000,0.495900000
2576,17.671300000,1.230200000
2577,16.044800000,0.518200000
2578,16.511000000,1.052600000
2579,15.718700000,0.366100000
2580,16.600000000,0.287500000
2581,17.251600000,0.835400000
2582,17.626000000,1.117800000
2583,16.547400000,0.927600000
2584,16.017200000,0.599500000
2585,17.590600000,1.131800000
2586,15.672900000,0.329700000
2587,16.929700000,0.472400000
2588,16.269300000,0.777600000
2589,17.160400000,0.705200000
2590,15.752600000,0.334300000
2591,16.548400000,0.270800000
2592,16.962500000,0.497400000
2593,17.019800000,0.447900000
2594,19.462500000,2.821800000
2595,14.285500000,0.879700000
2596,16.582800000,0.382800000
2597,15.765600000,0.390100000
2598,17.785900000,1.087000000
2599,15.686500000,0.349500000
2600,17.998400000,1.650500000
2601,15.795300000,0.466700000
2602,17.934900000,1.540600000
2603,14.932800000,0.517100000
2604,16.926100000,0.470300000
2605,16.773400000,0.341600000
2606,16.750000000,0.376000000
2607,17.101600000,0.398500000
2608,16.225000000,0.374000000
2609,17.358800000,0.984400000
2610,15.945900000,0.489100000
2611,16.904700000,0.469800000
2612,17.811400000,2.430700000
2613,14.764600000,0.388000000
2614,17.915600000,1.421800000
2615,15.764600000,0.347900000
2616,17.128700000,0.746800000
2617,15.807300000,0.396300000
2618,16.926000000,0.494800000
2619,17.004700000,0.526000000
2620,16.780200000,0.407300000
2621,16.788500000,0.398400000
2622,15.928200000,0.509900000
2623,17.641100000,0.735400000
2624,15.859400000,0.397400000
2625,16.851000000,0.451600000
2626,17.017700000,0.541200000
2627,17.172900000,0.760900000
2628,15.805800000,0.420900000
2629,17.420800000,0.953100000
2630,16.271900000,0.832300000
2631,16.863000000,0.378100000
2632,16.065100000,0.552600000
2633,16.971900000,0.436000000
2634,17.021300000,0.484400000
2635,15.846400000,0.422900000
2636,16.897400000,0.450500000
2637,17.251000000,0.877100000
2638,15.875500000,0.413000000
2639,17.045900000,0.491200000
2640,16.901000000,0.474500000
2641,15.972900000,0.420800000
2642,16.646900000,0.327600000
2643,17.246400000,0.439000000
2644,17.260400000,0.799400000
2645,16.867700000,0.437000000
2646,15.767200000,0.394300000
2647,16.741600000,0.429200000
2648,16.616200000,0.324500000
2649,17.043200000,0.515100000
2650,15.888600000,0.452100000
2651,17.051000000,0.700000000
2652,17.099000000,0.585400000
2653,15.895300000,0.436500000
2654,29.903600000,8.991700000
2655,5.214100000,1.471900000
2656,15.127600000,0.438500000
2657,16.958300000,0.573900000
2658,15.897900000,0.457800000
2659,16.862500000,0.411400000
2660,16.611000000,0.293200000
2661,17.193200000,0.488500000
2662,16.972400000,0.488000000
2663,15.895300000,0.443200000
2664,16.883300000,0.458800000
2665,17.128700000,0.632800000
2666,15.884400000,0.458400000
2667,16.930700000,0.547900000
2668,16.788500000,0.348400000
2669,16.729200000,0.381800000
2670,16.830200000,0.439100000
2671,16.983900000,0.545300000
2672,15.957300000,0.580800000
2673,16.998900000,0.563600000
2674,16.812000000,0.401600000
2675,15.780700000,0.364000000
2676,16.709400000,0.333300000
2677,16.834900000,0.439100000
2678,16.827100000,0.310400000
2679,17.090100000,0.723400000
2680,17.355200000,0.883400000
2681,16.053600000,0.560400000
2682,15.882300000,0.454700000
2683,16.920900000,0.489100000
2684,16.782300000,0.425600000
2685,17.052600000,0.693300000
2686,16.149400000,0.689000000
2687,16.758900000,0.380700000
2688,16.895800000,0.467200000
2689,16.813000000,0.393200000
2690,17.635500000,1.033800000
2691,16.743700000,0.546900000
2692,15.460400000,0.473400000
2693,16.783900000,0.502600000
2694,16.863000000,0.412500000
2695,15.714100000,0.386500000
2696,16.734300000,0.364600000
2697,18.399000000,0.433300000
2698,15.924000000,0.487000000
2699,16.061900000,0.556200000
2700,17.029200000,0.647900000
2701,16.956800000,0.475500000
2702,15.814600000,0.398500000
2703,17.060900000,0.506300000
2704,16.792700000,0.395300000
2705,17.190600000,0.704700000
2706,15.950600000,0.467700000
2707,17.496300000,0.768700000
2708,15.884900000,0.470800000
2709,16.908900000,0.420800000
2710,15.926500000,0.445800000
2711,16.884900000,0.467700000
2712,17.145300000,0.606800000
2713,16.913600000,0.465100000
2714,16.238000000,0.732200000
2715,17.925500000,0.719300000
2716,15.005200000,0.395800000
2717,16.868800000,0.401100000
2718,17.543700000,1.039600000
2719,15.699000000,0.342700000
2720,16.742700000,0.368700000
2721,17.813500000,1.253100000
2722,16.281800000,0.795900000
2723,15.700500000,0.350000000
2724,16.891700000,0.449500000
2725,16.756200000,0.386500000
2726,17.640100000,1.076000000
2727,16.318800000,0.481300000
2728,17.255200000,0.697900000
2729,15.999500000,0.613100000
2730,15.726500000,0.377600000
2731,16.814100000,0.418800000
2732,16.825000000,0.395300000
2733,16.867700000,0.467700000
2734,17.014100000,0.476500000
2735,16.272400000,0.740100000
2736,16.887500000,0.442100000
2737,18.806700000,1.455200000
2738,14.248500000,0.409400000
2739,16.790600000,0.392700000
2740,16.666100000,0.343800000
2741,16.882900000,0.388000000
2742,16.481700000,0.687500000
2743,17.095900000,0.476600000
2744,15.850000000,0.360500000
2745,17.093700000,0.443200000
2746,16.942200000,0.471400000
2747,15.789600000,0.343800000
2748,16.760900000,0.371300000
2749,17.174000000,0.759400000
2750,17.159400000,0.786400000
2751,16.018700000,0.574000000
2752,16.689100000,0.340100000
2753,17.203600000,0.427600000
2754,15.983300000,0.550500000
2755,16.913600000,0.447400000
2756,17.622900000,1.152100000
2757,16.131300000,0.551000000
2758,17.064500000,1.323900000
2759,15.741200000,0.388000000
2760,16.694800000,0.361500000
2761,16.793200000,0.387000000
2762,17.788500000,1.381700000
2763,15.476600000,0.834400000
2764,16.880700000,0.475000000
2765,16.001600000,0.375500000
2766,17.008900000,0.699000000
2767,16.999400000,0.426000000
2768,19.532800000,2.955200000
2769,14.346900000,0.335400000
2770,22.565600000,5.685400000
2771,10.086000000,0.767200000
2772,16.513500000,0.252100000
2773,16.855200000,0.298000000
2774,16.665700000,0.310400000
2775,16.716600000,0.357300000
2776,15.969300000,0.434900000
2777,17.065600000,0.642200000
2778,19.439600000,3.037000000
2779,14.250000000,0.592200000
2780,16.234400000,0.685400000
2781,16.840100000,0.456200000
2782,16.716700000,0.392200000
2783,16.617700000,0.300000000
2784,17.073400000,0.674000000
2785,16.105200000,0.667200000
2786,16.840100000,0.423400000
2787,17.100000000,0.439600000
2788,15.926100000,0.474500000
2789,16.622300000,0.315700000
2790,17.368800000,0.914100000
2791,15.977600000,0.529200000
2792,16.863500000,0.396900000
2793,17.029200000,0.450500000
2794,15.751100000,0.355800000
2795,16.903600000,0.378100000
2796,16.827100000,0.322900000
2797,16.795300000,0.410400000
2798,17.691100000,1.262000000
2799,15.997400000,0.579200000
2800,16.368300000,0.524500000
2801,18.070300000,1.360500000
2802,14.917200000,0.509400000
2803,17.189500000,0.438000000
2804,16.721900000,0.361900000
2805,16.827600000,0.478200000
2806,15.764600000,0.411400000
2807,18.146900000,1.666100000
2808,15.617700000,0.310900000
2809,16.833300000,0.422900000
2810,17.708900000,1.144800000
2811,15.876500000,0.397400000
2812,16.401600000,0.826000000
2813,18.090600000,1.564600000
2814,14.904700000,0.475000000
2815,16.941700000,0.549000000
2816,16.747400000,0.358300000
2817,17.276500000,0.480200000
2818,16.331800000,0.981200000
2819,15.883300000,0.524400000
2820,17.248500000,0.887500000
2821,16.930700000,0.478100000
2822,15.948500000,0.501000000
2823,17.347900000,0.479600000
2824,16.802600000,0.894800000
2825,15.885400000,0.466700000
2826,17.283300000,0.872900000
2827,16.076600000,0.678100000
2828,16.939600000,0.480200000
2829,16.963000000,0.427600000
2830,15.985900000,0.406800000
2831,16.801600000,0.471400000
2832,16.858800000,0.432800000
2833,17.102600000,0.521400000
2834,15.678200000,0.345800000
2835,17.397900000,0.800000000
2836,17.352600000,0.875600000
2837,15.890600000,0.446900000
2838,16.790100000,0.397400000
2839,17.091700000,0.401600000
2840,17.167700000,1.592800000
2841,16.488000000,0.976000000
2842,15.812000000,0.343200000
2843,16.801000000,0.403100000
2844,17.185500000,0.456800000
2845,15.952600000,0.396400000
2846,16.799400000,0.413500000
2847,18.093800000,1.235400000
2848,15.525000000,1.146400000
2849,15.688000000,0.357300000
2850,17.231800000,0.559400000
2851,16.713500000,0.381800000
2852,19.817700000,0.473900000
2853,14.090100000,0.340700000
2854,16.074000000,0.537000000
2855,17.281200000,0.900500000
2856,16.235500000,0.333400000
2857,16.832300000,0.419700000
2858,15.817700000,0.414500000
2859,17.559900000,1.181300000
2860,17.080200000,0.772900000
2861,16.522900000,0.965600000
2862,15.800000000,0.432300000
2863,16.750500000,0.374500000
2864,16.849500000,0.415100000
2865,16.928100000,0.421900000
2866,15.951600000,0.454100000
2867,17.027100000,0.591600000
2868,17.217700000,0.773400000
2869,16.171300000,0.699500000
2870,17.483900000,0.835900000
2871,16.845800000,0.801600000
2872,15.996900000,0.527100000
2873,16.261400000,0.403700000
2874,16.888600000,0.567200000
2875,17.144800000,0.743800000
2876,17.391600000,1.726000000
2877,15.154700000,0.683300000
2878,16.745900000,0.311500000
2879,16.954100000,0.482800000
2880,15.801600000,0.475000000
2881,17.131200000,0.535400000
2882,17.507800000,1.027600000
2883,16.636000000,1.059400000
2884,17.068200000,1.374000000
2885,16.228100000,0.431800000
2886,17.127600000,1.728600000
2887,15.675000000,0.339100000
2888,16.765700000,0.414100000
2889,17.559300000,0.897400000
2890,16.249500000,0.779700000
2891,16.116700000,0.611500000
2892,16.643200000,0.257800000
2893,16.669800000,0.326500000
2894,16.665100000,0.390100000
2895,16.883300000,0.294800000
2896,16.195400000,0.710400000
2897,19.505200000,0.966200000
2898,14.594200000,0.978100000
2899,15.679700000,0.322900000
2900,19.296900000,2.071900000
2901,15.403100000,1.029700000
2902,16.580200000,0.487500000
2903,16.658900000,1.332300000
2904,16.094300000,0.550000000
2905,16.684900000,1.230700000
2906,15.839000000,0.419800000
2907,16.717200000,0.360400000
2908,17.144800000,0.691200000
2909,16.783300000,0.405700000
2910,17.485400000,1.086900000
2911,15.915700000,0.449000000
2912,17.221800000,1.765600000
2913,16.119300000,0.546400000
2914,15.844800000,0.376600000
2915,16.762500000,0.381200000
2916,17.104700000,0.720900000
2917,16.776600000,0.480300000
2918,17.236400000,0.809400000
2919,18.477100000,1.350000000
2920,15.995800000,2.473900000
2921,15.056300000,0.390100000
2922,17.065600000,0.605700000
2923,16.082800000,0.446300000
2924,16.815600000,0.517100000
2925,16.994300000,0.398400000
2926,15.937000000,0.459400000
2927,17.006200000,0.452000000
2928,16.705300000,0.383900000
2929,16.815600000,0.407800000
2930,15.676500000,0.348000000
2931,17.659400000,0.847400000
2932,16.113600000,0.514600000
2933,18.923900000,2.434900000
2934,16.578700000,1.418200000
2935,15.497900000,1.137000000
2936,17.041600000,1.542200000
2937,16.595900000,0.534400000
2938,16.648900000,0.690600000
2939,15.813600000,0.416100000
2940,17.506200000,0.671900000
2941,16.217700000,0.745800000
2942,15.808900000,0.410900000
2943,17.409900000,0.859400000
2944,16.906200000,1.270300000
2945,16.154700000,0.628600000
2946,17.378200000,0.467700000
2947,16.026000000,0.576100000
2948,17.319300000,0.737500000
2949,15.876000000,0.394200000
2950,17.306300000,0.895900000
2951,15.920800000,0.524000000
2952,17.453600000,1.136000000
2953,16.009900000,0.516700000
2954,17.460400000,0.969300000
2955,16.027700000,0.461900000
2956,16.009800000,0.477600000
2957,16.754700000,0.383900000
2958,17.483400000,1.078100000
2959,16.207800000,0.769300000
2960,17.308800000,0.990700000
2961,15.975600000,0.561000000
2962,17.827000000,0.603200000
2963,18.437000000,0.434400000
2964,14.128700000,0.641100000
2965,15.674400000,0.333900000
2966,17.454700000,0.727600000
2967,17.099000000,0.616200000
2968,15.826600000,0.417100000
2969,16.728100000,0.338600000
2970,17.744200000,1.300000000
2971,15.939600000,0.612500000
2972,16.726600000,0.456200000
2973,16.174000000,0.781700000
2974,16.977000000,0.449000000
2975,17.138600000,0.666200000
2976,15.687500000,0.334400000
2977,16.819800000,0.473500000
2978,17.168700000,0.861900000
2979,16.957300000,0.586900000
2980,16.272900000,0.820300000
2981,17.302600000,0.850000000
2982,15.872400000,0.449500000
2983,17.072900000,0.396800000
2984,15.942200000,0.269300000
2985,16.845300000,0.461900000
2986,16.814600000,0.414600000
2987,17.807800000,1.325500000
2988,15.939600000,0.471900000
2989,15.786500000,0.404200000
2990,17.054700000,0.601000000
2991,16.959300000,0.464000000
2992,17.246400000,0.516600000
2993,15.807300000,0.389600000
2994,17.368700000,0.890100000
2995,16.449000000,0.984900000
2996,15.883900000,0.450000000
2997,16.673900000,0.325000000
2998,16.587500000,0.303100000
2999,16.809900000,0.424500000
3000,16.978700000,0.534300000
3001,17.754600000,1.026500000
3002,16.993800000,1.535400000
3003,15.447900000,1.123400000
3004,16.593800000,0.301100000
3005,16.691100000,0.362000000
3006,16.751600000,0.421400000
3007,16.851500000,0.420800000
3008,16.286000000,0.854600000
3009,16.929100000,0.447400000
3010,16.232300000,0.744300000
3011,16.990100000,0.503600000
3012,17.332300000,0.885400000
3013,16.143800000,0.405800000
3014,15.731200000,0.365100000
3015,18.207800000,1.219200000
3016,15.611000000,0.303700000
3017,16.633800000,0.300000000
3018,16.637500000,0.315100000
3019,16.886000000,0.439100000
3020,17.848400000,0.965700000
3021,16.965100000,1.503100000
3022,15.444800000,0.861900000
3023,15.806200000,0.412500000
3024,16.994800000,0.350000000
3025,17.089600000,0.695300000
3026,16.665100000,0.360400000
3027,16.853700000,0.431700000
3028,15.975000000,0.453100000
3029,17.014000000,0.615600000
3030,16.774500000,0.409400000
3031,19.352100000,0.440700000
3032,13.867200000,0.395800000
3033,17.772900000,1.243800000
3034,15.764100000,0.447400000
3035,18.516100000,2.117700000
3036,15.435900000,1.026000000
3037,16.075000000,0.539600000
3038,16.163100000,0.683400000
3039,17.190100000,0.800000000
3040,19.933300000,0.455700000
3041,12.713500000,0.378700000
3042,16.812500000,0.441600000
3043,16.872400000,0.565600000
3044,17.024500000,0.525500000
3045,17.112500000,0.821400000
3046,15.743200000,0.407800000
3047,16.935500000,0.381300000
3048,17.083800000,0.533900000
3049,16.208900000,0.640700000
3050,19.266100000,2.835400000
3051,14.363000000,0.987000000
3052,16.099500000,0.593700000
3053,16.728700000,0.364600000
3054,16.641600000,0.309300000
3055,17.416700000,0.780800000
3056,15.954200000,0.473000000
3057,16.995300000,0.643800000
3058,16.984900000,0.467700000
3059,16.066100000,0.436500000
3060,17.431800000,0.804200000
3061,16.335900000,0.961400000
3062,16.542700000,1.128600000
3063,16.779700000,0.389500000
3064,15.866200000,0.561000000
3065,17.101500000,0.553600000
3066,16.387000000,0.664600000
3067,16.927100000,0.475000000
3068,16.874500000,0.434900000
3069,18.899500000,0.461400000
3070,13.675500000,0.348400000
3071,17.316600000,0.690100000
3072,17.008900000,0.530700000
3073,16.335900000,0.655700000
3074,16.786000000,0.389600000
3075,17.592700000,1.030300000
3076,15.747900000,0.305200000
3077,17.038000000,0.627600000
3078,16.450000000,1.039600000
3079,15.986500000,0.517200000
3080,16.833300000,0.421900000
3081,16.773400000,0.410900000
3082,17.631300000,1.211400000
3083,16.379700000,0.906800000
3084,15.887500000,0.453700000
3085,17.741600000,1.313500000
3086,15.933400000,0.470400000
3087,17.226500000,0.820300000
3088,15.661500000,0.315100000
3089,17.076600000,0.448400000
3090,16.832800000,0.417700000
3091,16.231200000,0.831200000
3092,17.661000000,1.189500000
3093,16.581200000,0.832800000
3094,16.028700000,0.426600000
3095,17.170800000,0.771400000
3096,15.718200000,0.420300000
3097,16.930800000,0.426500000
3098,16.777000000,0.396900000
3099,17.727100000,0.721900000
3100,16.032800000,0.486000000
3101,16.353700000,0.438600000
3102,16.580700000,0.291100000
3103,16.674000000,0.347900000
3104,16.651000000,0.338000000
3105,17.032800000,0.613500000
3106,16.233900000,0.838600000
3107,17.346300000,0.894300000
3108,16.169800000,0.602100000
3109,17.913000000,0.788500000
3110,14.780800000,0.457300000
3111,17.008800000,0.476000000
3112,16.965100000,0.493700000
3113,17.698500000,1.188000000
3114,16.056200000,0.488600000
3115,16.258900000,0.757800000
3116,17.251000000,0.854200000
3117,16.287500000,0.664100000
3118,16.174000000,0.404200000
3119,16.841600000,0.426000000
3120,16.777600000,0.466100000
3121,17.846900000,0.366100000
3122,14.774500000,0.418200000
3123,17.970800000,1.601500000
3124,15.753200000,0.380200000
3125,18.478100000,1.509900000
3126,15.842200000,1.418200000
3127,16.244200000,0.586900000
3128,15.903200000,0.429700000
3129,25.272400000,7.971300000
3130,8.581200000,0.484400000
3131,16.769300000,0.325000000
3132,17.062000000,1.034400000
3133,16.030200000,0.370400000
3134,18.327600000,1.944300000
3135,16.021800000,0.860900000
3136,15.734400000,0.388000000
3137,17.096900000,0.693800000
3138,16.200000000,0.730800000
3139,16.766700000,0.408900000
3140,17.257800000,0.705200000
3141,16.441100000,0.785900000
3142,15.689100000,0.338000000
3143,19.683300000,0.947400000
3144,13.551600000,0.268800000
3145,17.585900000,1.250500000
3146,19.252100000,1.313000000
3147,15.067200000,1.131700000
3148,14.995300000,0.580700000
3149,17.530700000,1.119800000
3150,15.833900000,0.405800000
3151,17.162500000,0.794800000
3152,15.720800000,0.342700000
3153,17.811500000,1.067100000
3154,16.007300000,0.416700000
3155,18.175000000,1.759400000
3156,14.704700000,0.333400000
3157,16.766100000,0.372900000
3158,16.970800000,0.536500000
3159,17.538100000,0.902100000
3160,15.986400000,0.636500000
3161,17.889100000,1.308800000
3162,17.077600000,1.438000000
3163,15.952600000,1.554200000
3164,16.065600000,0.666700000
3165,17.589600000,0.513000000
3166,15.760900000,0.380200000
3167,15.721900000,0.398400000
3168,16.703100000,0.351000000
3169,17.412000000,0.998500000
3170,17.415600000,0.945300000
3171,16.634400000,1.217700000
3172,16.096400000,0.569800000
3173,18.665600000,2.914600000
3174,14.003600000,0.582800000
3175,16.951600000,0.605700000
3176,16.998400000,0.575500000
3177,16.870900000,0.374000000
3178,15.894200000,0.484900000
3179,17.003700000,0.592200000
3180,17.442700000,1.070800000
3181,17.246300000,1.819300000
3182,15.042800000,0.521300000
3183,17.397300000,0.944800000
3184,15.681300000,0.308300000
3185,16.682300000,0.334400000
3186,17.035400000,0.579700000
3187,17.234900000,0.820400000
3188,15.791100000,0.376500000
3189,19.346900000,2.754200000
3190,15.482300000,1.015100000
3191,16.614600000,0.834900000
3192,15.868700000,0.386500000
3193,17.258900000,0.551600000
3194,15.885400000,0.510400000
3195,17.129700000,0.511000000
3196,16.028100000,0.492700000
3197,19.250000000,1.197400000
3198,14.100600000,0.452600000
3199,17.501500000,0.908300000
3200,15.966200000,0.506200000
3201,17.637500000,0.378100000
3202,18.779100000,3.380200000
3203,14.355200000,1.015100000
3204,15.536000000,0.248400000
3205,16.784300000,0.400600000
3206,16.806300000,0.402600000
3207,17.072400000,0.551600000
3208,16.613500000,0.759900000
3209,19.348000000,3.005800000
3210,13.564500000,0.277100000
3211,16.661000000,0.333300000
3212,16.645800000,0.334400000
3213,16.975000000,0.537000000
3214,16.843800000,0.424500000
3215,16.274400000,0.877600000
3216,17.425600000,1.015200000
3217,15.814500000,0.402600000
3218,16.779700000,0.403600000
3219,16.778700000,0.419800000
3220,16.725500000,0.377600000
3221,17.354700000,0.946400000
3222,15.530200000,0.249500000
3223,17.359400000,0.647900000
3224,16.264500000,0.494200000
3225,16.702100000,0.395800000
3226,16.706800000,0.360900000
3227,16.974000000,0.601100000
3228,15.736900000,0.413100000
3229,16.686500000,0.390100000
3230,16.946900000,0.404700000
3231,17.100500000,0.714600000
3232,17.050000000,0.524000000
3233,16.412000000,1.028100000
3234,16.601500000,0.296900000
3235,16.824500000,0.400500000
3236,16.018800000,0.685900000
3237,18.457300000,2.039100000
3238,14.720800000,0.363000000
3239,16.593200000,0.293200000
3240,16.607300000,0.303600000
3241,16.823400000,0.433800000
3242,16.962500000,0.496300000
3243,17.130300000,0.737500000
3244,15.867700000,0.426600000
3245,17.105700000,0.553100000
3246,16.860900000,0.437000000
3247,16.786000000,0.386000000
3248,16.987500000,0.629700000
3249,15.847400000,0.535400000
3250,16.947400000,0.575000000
3251,18.785400000,2.240700000
3252,15.118700000,0.483800000
3253,16.076100000,0.491700000
3254,16.710400000,0.328100000
3255,17.133800000,0.627100000
3256,16.715100000,1.146300000
3257,16.105300000,0.642700000
3258,16.731200000,0.360900000
3259,17.503600000,1.073400000
3260,15.965700000,0.527000000
3261,17.251500000,0.926500000
3262,15.667200000,0.291100000
3263,16.858400000,0.433800000
3264,16.910900000,0.423900000
3265,17.542200000,0.911400000
3266,16.667200000,0.966600000
3267,19.886900000,1.078100000
3268,12.223000000,0.455700000
3269,16.870300000,0.435500000
3270,16.834400000,0.443200000
3271,17.266600000,0.831200000
3272,15.696900000,0.352100000
3273,16.802600000,0.448900000
3274,16.809900000,0.404700000
3275,18.565600000,2.137000000
3276,14.784900000,0.393200000
3277,16.999000000,0.543700000
3278,15.899500000,0.461400000
3279,16.640600000,0.348900000
3280,16.880200000,0.508900000
3281,18.037000000,1.175000000
3282,14.967700000,0.475500000
3283,16.812500000,0.408900000
3284,17.003600000,0.516700000
3285,18.166700000,1.580200000
3286,14.677100000,0.318800000
3287,16.760900000,0.329200000
3288,16.606800000,0.315600000
3289,16.853600000,0.434400000
3290,16.966700000,0.537500000
3291,17.271300000,0.609400000
3292,15.771900000,0.373900000
3293,18.445900000,1.746300000
3294,14.921300000,0.474500000
3295,16.833900000,0.419800000
3296,17.551500000,1.138500000
3297,15.624500000,0.321900000
3298,16.798400000,0.480800000
3299,16.963100000,0.508900000
3300,15.845800000,0.327100000
3301,16.854200000,0.400500000
3302,16.913000000,0.467800000
3303,16.688000000,0.371900000
3304,16.600500000,0.298900000
3305,16.772900000,0.412000000
3306,16.807300000,0.426000000
3307,17.206800000,0.542700000
3308,15.767700000,0.384900000
3309,16.746900000,0.398400000
3310,16.575500000,0.267100000
3311,16.703100000,0.401000000
3312,16.747900000,0.379100000
3313,17.098000000,0.667700000
3314,15.940100000,0.461400000
3315,21.169800000,0.827100000
3316,12.550000000,0.265100000
3317,17.396800000,0.992200000
3318,15.830200000,0.409900000
3319,16.946400000,0.491200000
3320,18.188500000,0.425000000
3321,15.072400000,0.718200000
3322,16.535500000,0.256300000
3323,16.717700000,0.359900000
3324,16.892700000,0.445800000
3325,17.008300000,0.534900000
3326,16.884900000,1.144800000
3327,15.769800000,0.375000000
3328,16.605200000,0.309400000
3329,16.839600000,0.342700000
3330,17.031800000,0.604600000
3331,18.932200000,2.077000000
3332,15.065100000,1.656700000
3333,16.102700000,0.541700000
3334,16.127600000,0.476500000
3335,16.940100000,0.509900000
3336,17.343700000,0.483900000
3337,15.777600000,0.396900000
3338,16.787000000,0.419300000
3339,16.992200000,0.497400000
3340,15.993700000,0.477100000
3341,16.849500000,0.409400000
3342,16.837500000,0.415100000
3343,17.117700000,0.684400000
3344,15.864600000,0.394300000
3345,17.512000000,0.591600000
3346,16.405700000,0.905800000
3347,15.858300000,0.446900000
3348,16.692800000,0.395900000
3349,16.680200000,0.330800000
3350,16.811400000,0.444300000
3351,17.287000000,0.511500000
3352,15.939600000,0.418800000
3353,17.062500000,0.602600000
3354,16.892700000,0.442700000
3355,17.326000000,0.919300000
3356,15.970300000,0.546900000
3357,16.936000000,0.485500000
3358,19.303100000,3.695800000
3359,15.133300000,1.703600000
3360,14.909900000,0.470800000
3361,17.046400000,0.563600000
3362,17.268700000,0.872900000
3363,15.960500000,0.448500000
3364,16.567100000,0.279700000
3365,16.702600000,0.355700000
3366,16.804700000,0.392200000
3367,17.419300000,0.825000000
3368,16.461500000,0.770900000
3369,16.434300000,0.483800000
3370,15.669800000,0.296800000
3371,16.591200000,0.294800000
3372,16.928100000,0.433400000
3373,17.348400000,0.592700000
3374,15.938100000,0.494200000
3375,16.583300000,0.270300000
3376,16.883800000,0.404600000
3377,18.680800000,1.969800000
3378,14.912500000,0.451100000
3379,16.813000000,0.423400000
3380,17.749500000,0.643700000
3381,15.927100000,0.475000000
3382,15.873900000,0.523400000
3383,16.759400000,0.365100000
3384,16.781800000,0.408400000
3385,16.978600000,0.523500000
3386,17.197400000,0.775000000
3387,15.929700000,0.513600000
3388,16.809400000,0.401600000
3389,16.729700000,0.377700000
3390,16.788500000,0.404700000
3391,15.940100000,0.500500000
3392,21.796400000,5.235900000
3393,11.876000000,0.470900000
3394,17.004700000,0.439500000
3395,15.788000000,0.353600000
3396,16.694300000,0.364600000
3397,16.660400000,0.329700000
3398,17.228600000,0.389600000
3399,17.046400000,0.510400000
3400,16.007300000,0.370300000
3401,16.949500000,0.507900000
3402,16.701500000,0.384400000
3403,16.802600000,0.448400000
3404,18.020300000,1.245300000
3405,15.734400000,1.298400000
3406,16.005200000,0.454700000
3407,16.599000000,0.289000000
3408,16.673900000,0.345900000
3409,16.924000000,0.495800000
3410,19.640100000,3.074500000
3411,13.874500000,0.528600000
3412,15.635400000,0.335400000
3413,16.668800000,0.305200000
3414,16.732200000,0.353100000
3415,17.679700000,0.572400000
3416,16.203700000,0.728200000
3417,17.108800000,0.423400000
3418,16.140100000,0.659900000
3419,16.607800000,0.303700000
3420,16.786000000,0.413000000
3421,16.977600000,0.534900000
3422,17.297900000,0.840700000
3423,16.466200000,1.120900000
3424,15.634800000,0.320900000
3425,16.867800000,0.463000000
3426,16.771800000,0.381200000
3427,18.744300000,1.370300000
3428,14.645800000,0.281800000
3429,16.689600000,0.389000000
3430,16.636500000,0.329200000
3431,16.713000000,0.352100000
3432,16.887500000,0.452100000
3433,16.902600000,0.466700000
3434,16.424500000,0.633900000
3435,16.898400000,0.454700000
3436,16.306800000,0.416700000
3437,16.853100000,0.444800000
3438,16.724500000,0.418700000
3439,15.695300000,0.376500000
3440,18.416200000,1.608300000
3441,15.674400000,0.306700000
3442,16.546400000,0.264000000
3443,16.568700000,0.286000000
3444,17.644800000,1.262500000
3445,16.009400000,0.537000000
3446,19.990100000,0.571400000
3447,13.294800000,0.409400000
3448,16.701000000,0.347400000
3449,16.725000000,0.331700000
3450,20.018300000,3.613000000
3451,12.942700000,0.424500000
3452,16.879700000,0.387500000
3453,21.623900000,0.600000000
3454,11.991200000,0.387500000
3455,16.231200000,0.818700000
3456,16.749000000,0.340700000
3457,16.689000000,0.341700000
3458,16.536000000,0.258800000
3459,17.213000000,0.555200000
3460,16.152600000,0.459400000
3461,17.943200000,0.440100000
3462,15.972400000,0.351500000
3463,15.859900000,0.529100000
3464,16.645900000,0.339100000
3465,17.296300000,0.828100000
3466,16.387000000,0.450500000
3467,16.809900000,0.409900000
3468,17.519300000,1.062000000
3469,15.978100000,0.635400000
3470,15.691600000,0.361400000
3471,16.884400000,0.589000000
3472,16.870900000,0.428200000
3473,17.856200000,0.804200000
3474,16.187000000,0.638000000
3475,16.002600000,0.535500000
3476,16.935900000,0.436400000
3477,17.049000000,0.408400000
3478,15.786400000,0.326600000
3479,16.742800000,0.442200000
3480,16.652600000,0.345900000
3481,16.597900000,0.301100000
3482,18.638000000,0.346900000
3483,14.895800000,0.469300000
3484,16.874000000,0.412000000
3485,16.620300000,0.297900000
3486,16.810400000,0.405200000
3487,17.293800000,0.848900000
3488,15.839500000,0.393700000
3489,17.014600000,0.505700000
3490,17.014600000,0.603100000
3491,16.913600000,1.308800000
3492,15.635400000,0.306800000
3493,16.816100000,0.408300000
3494,16.825000000,0.408900000
3495,17.022400000,0.539600000
3496,16.539100000,0.510900000
3497,17.367700000,1.127600000
3498,15.789600000,0.348500000
3499,16.830700000,0.419800000
3500,15.991100000,0.523400000
3501,16.882300000,0.510400000
3502,16.741200000,0.381300000
3503,18.901000000,2.426000000
3504,14.814100000,0.393200000
3505,16.207800000,0.781800000
3506,16.790600000,0.388500000
3507,19.643800000,2.300000000
3508,13.804700000,0.390700000
3509,16.837500000,0.462500000
3510,16.024400000,0.642700000
3511,17.081300000,0.426100000
3512,16.667700000,0.316200000
3513,16.755700000,0.377600000
3514,16.794300000,0.402600000
3515,15.831800000,0.447900000
3516,16.812500000,0.365600000
3517,16.849400000,0.526000000
3518,17.532900000,0.626600000
3519,15.937500000,0.387000000
3520,20.721800000,0.397400000
3521,12.905200000,0.507800000
3522,16.034400000,0.347900000
3523,16.958400000,0.428600000
3524,17.097900000,0.377600000
3525,16.158800000,0.658800000
3526,16.868800000,0.443300000
3527,16.857300000,0.427600000
3528,16.773400000,0.451000000
3529,16.649500000,0.529700000
3530,16.126000000,0.678100000
3531,16.997400000,0.545300000
3532,17.349000000,0.913600000
3533,15.945800000,0.484900000
3534,16.776100000,0.393200000
3535,16.936900000,0.501600000
3536,17.064100000,1.374500000
3537,16.107300000,0.780200000
3538,17.286400000,0.883300000
3539,15.751100000,0.408300000
3540,17.008300000,0.529700000
3541,15.749000000,0.317200000
3542,16.872900000,0.428100000
3543,17.362500000,0.637500000
3544,16.043200000,0.551600000
3545,20.962500000,0.487500000
3546,12.927100000,0.456200000
3547,17.087000000,0.481800000
3548,15.666100000,0.334800000
3549,17.111000000,0.568800000
3550,16.650000000,0.328700000
3551,17.465600000,1.027100000
3552,16.317200000,0.469800000
3553,16.865600000,1.356800000
3554,15.816200000,0.376000000
3555,17.306200000,0.398400000
3556,16.154700000,0.445800000
3557,16.853600000,0.415200000
3558,16.887500000,0.438000000
3559,16.178700000,0.715600000
3560,16.797400000,0.376600000
3561,16.966600000,0.428700000
3562,16.740700000,0.573000000
3563,15.897900000,0.493700000
3564,17.202600000,0.385400000
3565,16.741700000,0.317200000
3566,17.354600000,0.877600000
3567,16.115700000,0.429200000
3568,16.359900000,0.669800000
3569,16.670300000,0.344300000
3570,16.802100000,0.395300000
3571,16.771300000,0.419800000
3572,16.581800000,1.165100000
3573,17.055700000,0.690600000
3574,15.627600000,0.321900000
3575,17.574000000,1.235400000
3576,16.732300000,0.444800000
3577,16.478100000,0.515600000
3578,16.042700000,0.606200000
3579,17.412500000,0.951100000
3580,15.882300000,0.403700000
3581,18.140600000,1.663000000
3582,15.880700000,0.396800000
3583,16.228200000,0.551000000
3584,16.847400000,0.418800000
3585,16.740100000,0.343800000
3586,16.688000000,0.363500000
3587,16.739100000,0.375000000
3588,15.737500000,0.376500000
3589,16.920300000,0.509900000
3590,16.811400000,0.399000000
3591,17.459900000,0.450500000
3592,15.813600000,0.403100000
3593,16.821300000,0.409400000
3594,16.816200000,0.428200000
3595,17.615600000,1.149500000
3596,15.803100000,0.388600000
3597,17.535900000,0.495300000
3598,15.764600000,0.373400000
3599,17.446400000,1.022400000
3600,16.004700000,0.380200000
3601,16.729700000,0.381300000
